AccountID,TradeDate,StartBalance,EndBalance,HighWaterMark,DrawdownFloor
1001,2025-01-03,50000.0,49674.5,50000.0,48000.0
1001,2025-01-06,49674.5,49644.5,50000.0,48000.0
1002,2025-01-06,150000.0,149944.0,150000.0,145500.0
1001,2025-01-07,49644.5,48667.0,50000.0,48000.0
1002,2025-01-07,149944.0,149256.0,150000.0,145500.0
1003,2025-01-07,50000.0,49017.5,50000.0,48000.0
1001,2025-01-08,48667.0,48957.0,50000.0,48000.0
1002,2025-01-08,149256.0,149823.0,150000.0,145500.0
1003,2025-01-08,49017.5,49307.5,50000.0,48000.0
1001,2025-01-09,48957.0,50292.0,50292.0,48292.0
1002,2025-01-09,149823.0,151172.0,151172.0,146672.0
1003,2025-01-09,49307.5,50162.5,50162.5,48162.5
1001,2025-01-10,50292.0,50959.0,50959.0,48959.0
1002,2025-01-10,151172.0,151276.0,151276.0,146776.0
1003,2025-01-10,50162.5,50799.5,50799.5,48799.5
1004,2025-01-10,50000.0,50661.0,50661.0,48661.0
1001,2025-01-13,50959.0,51097.0,51097.0,49097.0
1002,2025-01-13,151276.0,151138.0,151276.0,146776.0
1003,2025-01-13,50799.5,50928.5,50928.5,48928.5
1004,2025-01-13,50661.0,50778.0,50778.0,48778.0
1001,2025-01-14,51097.0,51230.5,51230.5,49230.5
1002,2025-01-14,151138.0,151376.0,151376.0,146876.0
1003,2025-01-14,50928.5,51061.0,51061.0,49061.0
1004,2025-01-14,50778.0,50886.5,50886.5,48886.5
1005,2025-01-14,150000.0,150283.0,150283.0,145783.0
1001,2025-01-15,51230.5,50990.5,51230.5,49230.5
1002,2025-01-15,151376.0,149974.0,151376.0,146876.0
1003,2025-01-15,51061.0,50815.0,51061.0,49061.0
1004,2025-01-15,50886.5,50341.5,50886.5,48886.5
1005,2025-01-15,150283.0,148871.0,150283.0,145783.0
1001,2025-01-16,50990.5,50735.5,51230.5,49230.5
1002,2025-01-16,149974.0,150712.0,151376.0,146876.0
1003,2025-01-16,50815.0,51540.0,51540.0,49540.0
1004,2025-01-16,50341.5,50706.5,50886.5,48886.5
1005,2025-01-16,148871.0,149649.0,150283.0,145783.0
1001,2025-01-17,50735.5,50890.5,51230.5,49230.5
1002,2025-01-17,150712.0,151020.0,151376.0,146876.0
1003,2025-01-17,51540.0,51685.0,51685.0,49685.0
1004,2025-01-17,50706.5,50846.5,50886.5,48886.5
1005,2025-01-17,149649.0,150641.0,150641.0,146141.0
1006,2025-01-17,50000.0,50145.0,50145.0,48145.0
1001,2025-01-20,50890.5,50890.5,51230.5,49230.5
1002,2025-01-20,151020.0,151020.0,151376.0,146876.0
1003,2025-01-20,51685.0,51685.0,51685.0,49685.0
1004,2025-01-20,50846.5,50846.5,50886.5,48886.5
1005,2025-01-20,150641.0,150641.0,150641.0,146141.0
1006,2025-01-20,50145.0,50145.0,50145.0,48145.0
1001,2025-01-21,50890.5,50277.5,51230.5,49230.5
1002,2025-01-21,151020.0,149368.0,151376.0,146876.0
1003,2025-01-21,51685.0,51400.0,51685.0,49685.0
1004,2025-01-21,50846.5,50513.5,50886.5,48886.5
1005,2025-01-21,150641.0,148959.0,150641.0,146141.0
1006,2025-01-21,50145.0,49521.0,50145.0,48145.0
1001,2025-01-22,50277.5,50432.5,51230.5,49230.5
1002,2025-01-22,149368.0,149686.0,151376.0,146876.0
1003,2025-01-22,51400.0,51540.0,51685.0,49685.0
1004,2025-01-22,50513.5,50668.5,50886.5,48886.5
1005,2025-01-22,148959.0,149267.0,150641.0,146141.0
1006,2025-01-22,49521.0,49665.0,50145.0,48145.0
1001,2025-01-23,50432.5,49562.5,51230.5,49230.5
1002,2025-01-23,149686.0,148194.0,151376.0,146876.0
1003,2025-01-23,51540.0,50660.0,51685.0,49685.0
1004,2025-01-23,50668.5,49790.5,50886.5,48886.5
1005,2025-01-23,149267.0,147197.0,150641.0,146141.0
1006,2025-01-23,49665.0,48785.0,50145.0,48145.0
1001,2025-01-24,49562.5,49991.5,51230.5,49230.5
1002,2025-01-24,148194.0,149060.0,151376.0,146876.0
1003,2025-01-24,50660.0,51086.0,51685.0,49685.0
1004,2025-01-24,49790.5,50211.5,50886.5,48886.5
1005,2025-01-24,147197.0,148063.0,150641.0,146141.0
1006,2025-01-24,48785.0,49210.0,50145.0,48145.0
1001,2025-01-27,49991.5,50286.5,51230.5,49230.5
1002,2025-01-27,149060.0,149664.0,151376.0,146876.0
1003,2025-01-27,51086.0,51361.0,51685.0,49685.0
1004,2025-01-27,50211.5,50506.5,50886.5,48886.5
1005,2025-01-27,148063.0,148677.0,150641.0,146141.0
1006,2025-01-27,49210.0,49495.0,50145.0,48145.0
1001,2025-01-28,50286.5,50254.0,51230.5,49230.5
1002,2025-01-28,149664.0,149629.0,151376.0,146876.0
1003,2025-01-28,51361.0,51323.5,51685.0,49685.0
1004,2025-01-28,50506.5,50469.0,50886.5,48886.5
1005,2025-01-28,148677.0,148617.0,150641.0,146141.0
1006,2025-01-28,49495.0,49462.5,50145.0,48145.0
1001,2025-01-29,50254.0,49994.0,51230.5,49230.5
1002,2025-01-29,149629.0,149081.0,151376.0,146876.0
1003,2025-01-29,51323.5,51053.5,51685.0,49685.0
1004,2025-01-29,50469.0,50209.0,50886.5,48886.5
1005,2025-01-29,148617.0,148089.0,150641.0,146141.0
1006,2025-01-29,49462.5,49202.5,50145.0,48145.0
1001,2025-01-30,49994.0,49384.0,51230.5,49230.5
1002,2025-01-30,149081.0,147525.0,151376.0,146876.0
1003,2025-01-30,51053.5,50432.5,51685.0,49685.0
1004,2025-01-30,50209.0,49589.0,50886.5,48886.5
1005,2025-01-30,148089.0,146493.0,150641.0,146141.0
1006,2025-01-30,49202.5,48587.5,50145.0,48145.0
1001,2025-01-31,49384.0,50384.0,51230.5,49230.5
1002,2025-01-31,147525.0,149549.0,151376.0,146876.0
1003,2025-01-31,50432.5,51432.5,51685.0,49685.0
1004,2025-01-31,49589.0,50589.0,50886.5,48886.5
1005,2025-01-31,146493.0,148457.0,150641.0,146141.0
1006,2025-01-31,48587.5,49582.5,50145.0,48145.0
1001,2025-02-03,50384.0,50054.0,51230.5,49230.5
1002,2025-02-03,149549.0,151373.0,151376.0,146876.0
1003,2025-02-03,51432.5,51843.5,51843.5,49843.5
1004,2025-02-03,50589.0,50989.0,50989.0,48989.0
1005,2025-02-03,148457.0,150281.0,150641.0,146141.0
1006,2025-02-03,49582.5,49993.5,50145.0,48145.0
1001,2025-02-04,50054.0,50864.0,51230.5,49230.5
1002,2025-02-04,151373.0,152997.0,152997.0,148497.0
1003,2025-02-04,51843.5,52643.5,52643.5,50643.5
1004,2025-02-04,50989.0,51339.0,51339.0,49339.0
1005,2025-02-04,150281.0,151925.0,151925.0,147425.0
1006,2025-02-04,49993.5,50773.5,50773.5,48773.5
1001,2025-02-05,50864.0,50244.0,51230.5,49230.5
1002,2025-02-05,152997.0,151755.0,152997.0,148497.0
1003,2025-02-05,52643.5,52023.5,52643.5,50643.5
1004,2025-02-05,51339.0,50704.0,51339.0,49339.0
1005,2025-02-05,151925.0,150693.0,151925.0,147425.0
1006,2025-02-05,50773.5,50153.5,50773.5,48773.5
1001,2025-02-06,50244.0,50044.0,51230.5,49230.5
1002,2025-02-06,151755.0,151360.0,152997.0,148497.0
1003,2025-02-06,52023.5,51806.0,52643.5,50643.5
1004,2025-02-06,50704.0,50499.0,51339.0,49339.0
1005,2025-02-06,150693.0,150298.0,151925.0,147425.0
1006,2025-02-06,50153.5,49908.5,50773.5,48773.5
1001,2025-02-07,50044.0,50040.0,51230.5,49230.5
1002,2025-02-07,151360.0,151764.0,152997.0,148497.0
1003,2025-02-07,51806.0,52109.0,52643.5,50643.5
1004,2025-02-07,50499.0,50499.0,51339.0,49339.0
1005,2025-02-07,150298.0,150662.0,151925.0,147425.0
1006,2025-02-07,49908.5,49884.5,50773.5,48773.5
1001,2025-02-10,50040.0,49943.0,51230.5,49230.5
1002,2025-02-10,151764.0,151144.0,152997.0,148497.0
1003,2025-02-10,52109.0,52002.0,52643.5,50643.5
1004,2025-02-10,50499.0,50714.0,51339.0,49339.0
1005,2025-02-10,150662.0,150072.0,151925.0,147425.0
1006,2025-02-10,49884.5,49304.5,50773.5,48773.5
1001,2025-02-11,49943.0,49358.0,51230.5,49230.5
1002,2025-02-11,151144.0,150878.0,152997.0,148497.0
1003,2025-02-11,52002.0,51846.0,52643.5,50643.5
1004,2025-02-11,50714.0,50569.0,51339.0,49339.0
1005,2025-02-11,150072.0,149756.0,151925.0,147425.0
1006,2025-02-11,49304.5,49149.5,50773.5,48773.5
1001,2025-02-12,49358.0,49415.5,51230.5,49230.5
1002,2025-02-12,150878.0,150989.0,152997.0,148497.0
1003,2025-02-12,51846.0,51878.5,52643.5,50643.5
1004,2025-02-12,50569.0,50616.5,51339.0,49339.0
1005,2025-02-12,149756.0,149842.0,151925.0,147425.0
1006,2025-02-12,49149.5,49152.0,50773.5,48773.5
1001,2025-02-13,49415.5,49265.5,51230.5,49230.5
1002,2025-02-13,150989.0,150663.0,152997.0,148497.0
1003,2025-02-13,51878.5,52083.5,52643.5,50643.5
1004,2025-02-13,50616.5,50461.5,51339.0,49339.0
1005,2025-02-13,149842.0,148580.0,151925.0,147425.0
1006,2025-02-13,49152.0,48512.0,50773.5,48773.5
1001,2025-02-14,49265.5,48985.5,51230.5,49230.5
1002,2025-02-14,150663.0,150068.0,152997.0,148497.0
1003,2025-02-14,52083.5,51791.0,52643.5,50643.5
1004,2025-02-14,50461.5,50159.0,51339.0,49339.0
1005,2025-02-14,148580.0,147980.0,151925.0,147425.0
1006,2025-02-14,50000.0,50080.0,50080.0,48080.0
1002,2025-02-17,150068.0,149584.0,152997.0,148497.0
1003,2025-02-17,51791.0,51546.0,52643.5,50643.5
1004,2025-02-17,50159.0,49914.0,51339.0,49339.0
1005,2025-02-17,147980.0,147496.0,151925.0,147425.0
1006,2025-02-17,50080.0,49835.0,50080.0,48080.0
1007,2025-02-17,50000.0,49745.0,50000.0,48000.0
1002,2025-02-18,149584.0,150054.0,152997.0,148497.0
1003,2025-02-18,51546.0,51445.0,52643.5,50643.5
1004,2025-02-18,49914.0,49818.0,51339.0,49339.0
1005,2025-02-18,147496.0,148454.0,151925.0,147425.0
1006,2025-02-18,49835.0,49709.0,50080.0,48080.0
1007,2025-02-18,49745.0,49649.0,50000.0,48000.0
1002,2025-02-19,150054.0,150390.0,152997.0,148497.0
1003,2025-02-19,51445.0,51811.0,52643.5,50643.5
1004,2025-02-19,49818.0,50168.0,51339.0,49339.0
1005,2025-02-19,148454.0,148238.0,151925.0,147425.0
1006,2025-02-19,49709.0,49825.0,50080.0,48080.0
1007,2025-02-19,49649.0,49785.0,50000.0,48000.0
1002,2025-02-20,150390.0,150314.0,152997.0,148497.0
1003,2025-02-20,51811.0,51761.0,52643.5,50643.5
1004,2025-02-20,50168.0,50118.0,51339.0,49339.0
1005,2025-02-20,148238.0,148162.0,151925.0,147425.0
1006,2025-02-20,49825.0,49775.0,50080.0,48080.0
1007,2025-02-20,49785.0,49715.0,50000.0,48000.0
1002,2025-02-21,150314.0,150162.0,152997.0,148497.0
1003,2025-02-21,51761.0,51878.0,52643.5,50643.5
1004,2025-02-21,50118.0,50235.0,51339.0,49339.0
1005,2025-02-21,148162.0,149058.0,151925.0,147425.0
1006,2025-02-21,49775.0,49457.0,50080.0,48080.0
1007,2025-02-21,49715.0,49397.0,50000.0,48000.0
1002,2025-02-24,150162.0,150578.0,152997.0,148497.0
1003,2025-02-24,51878.0,51734.0,52643.5,50643.5
1004,2025-02-24,50235.0,50357.0,51339.0,49339.0
1005,2025-02-24,149058.0,149434.0,151925.0,147425.0
1006,2025-02-24,49457.0,49579.0,50080.0,48080.0
1007,2025-02-24,49397.0,49259.0,50000.0,48000.0
1002,2025-02-25,150578.0,151439.0,152997.0,148497.0
1003,2025-02-25,51734.0,51831.5,52643.5,50643.5
1004,2025-02-25,50357.0,50459.0,51339.0,49339.0
1005,2025-02-25,149434.0,150285.0,151925.0,147425.0
1006,2025-02-25,49579.0,49699.5,50080.0,48080.0
1007,2025-02-25,49259.0,49356.0,50000.0,48000.0
1002,2025-02-26,151439.0,149903.0,152997.0,148497.0
1003,2025-02-26,51831.5,51217.5,52643.5,50643.5
1004,2025-02-26,50459.0,49852.0,51339.0,49339.0
1005,2025-02-26,150285.0,148729.0,151925.0,147425.0
1006,2025-02-26,49699.5,49092.5,50080.0,48080.0
1007,2025-02-26,49356.0,48752.0,50000.0,48000.0
1002,2025-02-27,149903.0,153369.0,153369.0,148869.0
1003,2025-02-27,51217.5,52520.5,52643.5,50643.5
1004,2025-02-27,49852.0,51147.0,51339.0,49339.0
1005,2025-02-27,148729.0,152175.0,152175.0,147675.0
1006,2025-02-27,49092.5,50375.5,50375.5,48375.5
1007,2025-02-27,48752.0,50042.0,50042.0,48042.0
1002,2025-02-28,153369.0,153513.0,153513.0,149013.0
1003,2025-02-28,52520.5,52899.5,52899.5,50899.5
1004,2025-02-28,51147.0,51537.0,51537.0,49537.0
1005,2025-02-28,152175.0,150893.0,152175.0,147675.0
1006,2025-02-28,50375.5,50425.5,50425.5,48425.5
1007,2025-02-28,50042.0,50102.0,50102.0,48102.0
1002,2025-03-03,153513.0,153437.0,153513.0,149013.0
1003,2025-03-03,52899.5,52849.5,52899.5,50899.5
1004,2025-03-03,51537.0,51454.5,51537.0,49537.0
1005,2025-03-03,150893.0,150792.0,152175.0,147675.0
1006,2025-03-03,50425.5,50375.5,50425.5,48425.5
1007,2025-03-03,50102.0,50027.0,50102.0,48102.0
1002,2025-03-04,153437.0,153437.0,153513.0,149013.0
1003,2025-03-04,52849.5,52849.5,52899.5,50899.5
1004,2025-03-04,51454.5,51454.5,51537.0,49537.0
1005,2025-03-04,150792.0,150792.0,152175.0,147675.0
1006,2025-03-04,50375.5,50375.5,50425.5,48425.5
1007,2025-03-04,50027.0,50027.0,50102.0,48102.0
1002,2025-03-05,153437.0,154254.0,154254.0,149754.0
1003,2025-03-05,52849.5,53274.5,53274.5,51274.5
1004,2025-03-05,51454.5,52283.0,52283.0,50283.0
1005,2025-03-05,150792.0,152440.0,152440.0,147940.0
1006,2025-03-05,50375.5,50778.0,50778.0,48778.0
1007,2025-03-05,50027.0,50849.5,50849.5,48849.5
1002,2025-03-06,154254.0,151915.0,154254.0,149754.0
1004,2025-03-06,52283.0,51471.5,52283.0,50283.0
1005,2025-03-06,152440.0,150081.0,152440.0,147940.0
1006,2025-03-06,50778.0,49966.5,50778.0,48778.0
1007,2025-03-06,50849.5,50029.0,50849.5,48849.5
1008,2025-03-06,50000.0,49163.5,50000.0,48000.0
1009,2025-03-06,50000.0,49170.0,50000.0,48000.0
1002,2025-03-07,151915.0,153743.0,154254.0,149754.0
1004,2025-03-07,51471.5,52156.5,52283.0,50283.0
1005,2025-03-07,150081.0,150837.0,152440.0,147940.0
1006,2025-03-07,49966.5,50662.5,50778.0,48778.0
1007,2025-03-07,50029.0,50714.0,50849.5,48849.5
1008,2025-03-07,49163.5,49858.5,50000.0,48000.0
1009,2025-03-07,49170.0,49855.0,50000.0,48000.0
1002,2025-03-10,153743.0,152556.0,154254.0,149754.0
1004,2025-03-10,52156.5,51851.5,52283.0,50283.0
1005,2025-03-10,150837.0,150213.0,152440.0,147940.0
1006,2025-03-10,50662.5,50047.5,50778.0,48778.0
1007,2025-03-10,50714.0,50086.5,50849.5,48849.5
1008,2025-03-10,49858.5,49256.0,50000.0,48000.0
1009,2025-03-10,49855.0,49252.5,50000.0,48000.0
1002,2025-03-11,152556.0,151832.0,154254.0,149754.0
1004,2025-03-11,51851.5,51446.5,52283.0,50283.0
1005,2025-03-11,150213.0,150022.0,152440.0,147940.0
1006,2025-03-11,50047.5,49657.5,50778.0,48778.0
1007,2025-03-11,50086.5,49674.0,50849.5,48849.5
1008,2025-03-11,49256.0,48863.5,50000.0,48000.0
1009,2025-03-11,49252.5,48847.5,50000.0,48000.0
1002,2025-03-12,151832.0,150928.0,154254.0,149754.0
1004,2025-03-12,51446.5,51393.5,52283.0,50283.0
1005,2025-03-12,150022.0,149098.0,152440.0,147940.0
1006,2025-03-12,49657.5,49587.5,50778.0,48778.0
1007,2025-03-12,49674.0,49889.0,50849.5,48849.5
1008,2025-03-12,48863.5,49155.5,50000.0,48000.0
1009,2025-03-12,48847.5,48797.5,50000.0,48000.0
1002,2025-03-13,150928.0,150343.0,154254.0,149754.0
1004,2025-03-13,51393.5,51086.0,52283.0,50283.0
1005,2025-03-13,149098.0,148513.0,152440.0,147940.0
1006,2025-03-13,49587.5,49281.0,50778.0,48778.0
1007,2025-03-13,49889.0,49924.0,50849.5,48849.5
1008,2025-03-13,49155.5,48833.0,50000.0,48000.0
1009,2025-03-13,48797.5,48827.5,50000.0,48000.0
1002,2025-03-14,150343.0,149574.0,154254.0,149754.0
1004,2025-03-14,51086.0,50683.5,52283.0,50283.0
1005,2025-03-14,148513.0,147744.0,152440.0,147940.0
1006,2025-03-14,49281.0,48878.5,50778.0,48778.0
1007,2025-03-14,49924.0,49781.5,50849.5,48849.5
1008,2025-03-14,48833.0,48410.5,50000.0,48000.0
1009,2025-03-14,48827.5,48395.0,50000.0,48000.0
1004,2025-03-17,50683.5,50348.5,52283.0,50283.0
1006,2025-03-17,48878.5,48543.5,50778.0,48778.0
1007,2025-03-17,49781.5,49436.5,50849.5,48849.5
1008,2025-03-17,48410.5,48070.5,50000.0,48000.0
1009,2025-03-17,48395.0,48060.0,50000.0,48000.0
1010,2025-03-17,50000.0,50000.0,50000.0,48000.0
1004,2025-03-18,50348.5,50033.5,52283.0,50283.0
1006,2025-03-18,50000.0,49685.0,50000.0,48000.0
1007,2025-03-18,49436.5,49118.5,50849.5,48849.5
1008,2025-03-18,48070.5,47755.5,50000.0,48000.0
1009,2025-03-18,48060.0,47742.0,50000.0,48000.0
1010,2025-03-18,50000.0,50000.0,50000.0,48000.0
1011,2025-03-18,50000.0,49679.0,50000.0,48000.0
1006,2025-03-19,49685.0,49562.0,50000.0,48000.0
1007,2025-03-19,49118.5,48975.5,50849.5,48849.5
1010,2025-03-19,50000.0,49866.0,50000.0,48000.0
1011,2025-03-19,49679.0,49556.0,50000.0,48000.0
1006,2025-03-20,49562.0,49562.0,50000.0,48000.0
1007,2025-03-20,48975.5,49228.0,50849.5,48849.5
1010,2025-03-20,49866.0,50093.5,50093.5,48093.5
1011,2025-03-20,49556.0,49808.5,50000.0,48000.0
1012,2025-03-20,50000.0,50252.5,50252.5,48252.5
1006,2025-03-21,49562.0,49414.0,50000.0,48000.0
1007,2025-03-21,49228.0,49080.0,50849.5,48849.5
1010,2025-03-21,50093.5,49919.5,50093.5,48093.5
1011,2025-03-21,49808.5,49990.5,50000.0,48000.0
1012,2025-03-21,50252.5,49644.5,50252.5,48252.5
1013,2025-03-21,50000.0,49852.0,50000.0,48000.0
1006,2025-03-24,49414.0,49164.0,50000.0,48000.0
1007,2025-03-24,49080.0,49145.0,50849.5,48849.5
1010,2025-03-24,49919.5,49649.5,50093.5,48093.5
1011,2025-03-24,49990.5,49320.5,50000.0,48000.0
1012,2025-03-24,49644.5,49394.5,50252.5,48252.5
1013,2025-03-24,49852.0,49602.0,50000.0,48000.0
1006,2025-03-25,49164.0,48854.0,50000.0,48000.0
1007,2025-03-25,49145.0,48835.0,50849.5,48849.5
1010,2025-03-25,49649.5,49334.5,50093.5,48093.5
1011,2025-03-25,49320.5,49010.5,50000.0,48000.0
1012,2025-03-25,49394.5,49084.5,50252.5,48252.5
1013,2025-03-25,49602.0,49602.0,50000.0,48000.0
1006,2025-03-26,48854.0,48554.0,50000.0,48000.0
1007,2025-03-26,50000.0,49700.0,50000.0,48000.0
1010,2025-03-26,49334.5,49034.5,50093.5,48093.5
1011,2025-03-26,49010.5,48700.5,50000.0,48000.0
1012,2025-03-26,49084.5,48784.5,50252.5,48252.5
1013,2025-03-26,49602.0,49302.0,50000.0,48000.0
1006,2025-03-27,48554.0,48654.0,50000.0,48000.0
1007,2025-03-27,49700.0,49445.0,50000.0,48000.0
1010,2025-03-27,49034.5,48824.5,50093.5,48093.5
1011,2025-03-27,48700.5,48485.5,50000.0,48000.0
1012,2025-03-27,48784.5,48554.5,50252.5,48252.5
1013,2025-03-27,49302.0,49062.0,50000.0,48000.0
1006,2025-03-28,48654.0,49185.0,50000.0,48000.0
1007,2025-03-28,49445.0,49976.0,50000.0,48000.0
1010,2025-03-28,48824.5,48824.5,50093.5,48093.5
1011,2025-03-28,48485.5,49015.5,50000.0,48000.0
1012,2025-03-28,48554.5,49085.5,50252.5,48252.5
1013,2025-03-28,49062.0,49593.0,50000.0,48000.0
1006,2025-03-31,49185.0,50206.5,50206.5,48206.5
1007,2025-03-31,49976.0,50171.0,50171.0,48171.0
1010,2025-03-31,48824.5,50128.0,50128.0,48128.0
1011,2025-03-31,49015.5,50037.0,50037.0,48037.0
1012,2025-03-31,49085.5,50108.0,50252.5,48252.5
1013,2025-03-31,49593.0,50610.5,50610.5,48610.5
1006,2025-04-01,50206.5,49830.5,50206.5,48206.5
1007,2025-04-01,50171.0,49497.0,50171.0,48171.0
1010,2025-04-01,50128.0,49452.0,50128.0,48128.0
1011,2025-04-01,50037.0,49592.0,50037.0,48037.0
1012,2025-04-01,50108.0,49726.0,50252.5,48252.5
1013,2025-04-01,50610.5,50281.5,50610.5,48610.5
1006,2025-04-02,49830.5,49830.5,50206.5,48206.5
1007,2025-04-02,49497.0,49917.0,50171.0,48171.0
1010,2025-04-02,49452.0,49872.0,50128.0,48128.0
1011,2025-04-02,49592.0,50002.0,50037.0,48037.0
1012,2025-04-02,49726.0,50146.0,50252.5,48252.5
1013,2025-04-02,50281.5,50701.5,50701.5,48701.5
1006,2025-04-03,49830.5,49129.5,50206.5,48206.5
1007,2025-04-03,49917.0,50181.0,50181.0,48181.0
1010,2025-04-03,49872.0,49753.0,50128.0,48128.0
1011,2025-04-03,50002.0,50266.0,50266.0,48266.0
1012,2025-04-03,50146.0,50025.0,50252.5,48252.5
1013,2025-04-03,50701.5,50585.5,50701.5,48701.5
1006,2025-04-04,49129.5,49992.5,50206.5,48206.5
1007,2025-04-04,50181.0,50741.0,50741.0,48741.0
1010,2025-04-04,49753.0,49720.0,50128.0,48128.0
1011,2025-04-04,50266.0,50530.0,50530.0,48530.0
1012,2025-04-04,50025.0,50582.0,50582.0,48582.0
1013,2025-04-04,50585.5,51145.5,51145.5,49145.5
1006,2025-04-07,49992.5,50202.5,50206.5,48206.5
1007,2025-04-07,50741.0,50926.0,50926.0,48926.0
1010,2025-04-07,49720.0,49930.0,50128.0,48128.0
1011,2025-04-07,50530.0,50740.0,50740.0,48740.0
1012,2025-04-07,50582.0,50777.0,50777.0,48777.0
1013,2025-04-07,51145.5,51340.5,51340.5,49340.5
1006,2025-04-08,50202.5,50327.5,50327.5,48327.5
1007,2025-04-08,50926.0,51041.0,51041.0,49041.0
1010,2025-04-08,49930.0,50040.0,50128.0,48128.0
1011,2025-04-08,50740.0,50860.0,50860.0,48860.0
1012,2025-04-08,50777.0,50892.0,50892.0,48892.0
1013,2025-04-08,51340.5,51455.5,51455.5,49455.5
1006,2025-04-09,50327.5,49365.5,50327.5,48327.5
1007,2025-04-09,51041.0,50326.5,51041.0,49041.0
1010,2025-04-09,50040.0,49078.0,50128.0,48128.0
1011,2025-04-09,50860.0,49867.0,50860.0,48860.0
1012,2025-04-09,50892.0,49914.0,50892.0,48892.0
1013,2025-04-09,51455.5,50493.5,51455.5,49455.5
1006,2025-04-10,49365.5,49463.0,50327.5,48327.5
1007,2025-04-10,50326.5,50413.0,51041.0,49041.0
1010,2025-04-10,49078.0,49165.5,50128.0,48128.0
1011,2025-04-10,49867.0,49494.5,50860.0,48860.0
1012,2025-04-10,49914.0,49986.5,50892.0,48892.0
1013,2025-04-10,50493.5,50591.0,51455.5,49455.5
1006,2025-04-11,49463.0,50708.0,50708.0,48708.0
1007,2025-04-11,50413.0,51625.5,51625.5,49625.5
1010,2025-04-11,49165.5,50395.5,50395.5,48395.5
1011,2025-04-11,49494.5,50734.5,50860.0,48860.0
1012,2025-04-11,49986.5,50831.5,50892.0,48892.0
1013,2025-04-11,50591.0,51836.0,51836.0,49836.0
1006,2025-04-14,50708.0,50858.0,50858.0,48858.0
1007,2025-04-14,51625.5,51775.5,51775.5,49775.5
1010,2025-04-14,50395.5,50815.5,50815.5,48815.5
1011,2025-04-14,50734.5,50874.5,50874.5,48874.5
1012,2025-04-14,50831.5,50551.5,50892.0,48892.0
1013,2025-04-14,51836.0,51956.0,51956.0,49956.0
1006,2025-04-15,50858.0,51242.0,51242.0,49242.0
1007,2025-04-15,51775.5,52160.5,52160.5,50160.5
1010,2025-04-15,50815.5,51195.5,51195.5,49195.5
1011,2025-04-15,50874.5,51238.5,51238.5,49238.5
1012,2025-04-15,50551.5,50935.5,50935.5,48935.5
1013,2025-04-15,51956.0,52330.0,52330.0,50330.0
1006,2025-04-16,51242.0,51219.5,51242.0,49242.0
1007,2025-04-16,52160.5,52138.0,52160.5,50160.5
1010,2025-04-16,51195.5,51160.5,51195.5,49195.5
1011,2025-04-16,51238.5,51186.0,51238.5,49238.5
1012,2025-04-16,50935.5,50895.5,50935.5,48935.5
1013,2025-04-16,52330.0,52295.0,52330.0,50330.0
1006,2025-04-17,51219.5,51179.0,51242.0,49242.0
1007,2025-04-17,52138.0,52337.5,52337.5,50337.5
1010,2025-04-17,51160.5,51110.0,51195.5,49195.5
1011,2025-04-17,51186.0,51418.5,51418.5,49418.5
1012,2025-04-17,50895.5,50855.0,50935.5,48935.5
1013,2025-04-17,52295.0,52249.5,52330.0,50330.0
1006,2025-04-18,51179.0,51179.0,51242.0,49242.0
1007,2025-04-18,52337.5,52337.5,52337.5,50337.5
1010,2025-04-18,51110.0,51110.0,51195.5,49195.5
1011,2025-04-18,51418.5,51418.5,51418.5,49418.5
1012,2025-04-18,50855.0,50855.0,50935.5,48935.5
1013,2025-04-18,52249.5,52249.5,52330.0,50330.0
1006,2025-04-21,51179.0,51859.0,51859.0,49859.0
1007,2025-04-21,52337.5,53017.5,53017.5,51017.5
1010,2025-04-21,51110.0,51790.0,51790.0,49790.0
1011,2025-04-21,51418.5,52082.5,52082.5,50082.5
1012,2025-04-21,50855.0,51517.5,51517.5,49517.5
1013,2025-04-21,52249.5,52923.5,52923.5,50923.5
1006,2025-04-22,51859.0,52654.5,52654.5,50654.5
1010,2025-04-22,51790.0,52540.5,52540.5,50540.5
1011,2025-04-22,52082.5,52843.0,52843.0,50843.0
1012,2025-04-22,51517.5,52307.0,52307.0,50307.0
1013,2025-04-22,52923.5,53719.0,53719.0,51719.0
1014,2025-04-22,50000.0,50100.0,50100.0,48100.0
1006,2025-04-23,52654.5,54030.5,54030.5,52030.5
1010,2025-04-23,52540.5,53470.5,53470.5,51470.5
1011,2025-04-23,52843.0,54219.0,54219.0,52219.0
1012,2025-04-23,52307.0,53673.0,53673.0,51673.0
1014,2025-04-23,50100.0,51453.0,51453.0,49453.0
1015,2025-04-23,50000.0,51373.0,51373.0,49373.0
1016,2025-04-23,50000.0,51376.0,51376.0,49376.0
1014,2025-04-24,51453.0,51680.5,51680.5,49680.5
1015,2025-04-24,51373.0,51588.0,51588.0,49588.0
1016,2025-04-24,51376.0,51603.5,51603.5,49603.5
1017,2025-04-24,50000.0,50227.5,50227.5,48227.5
1018,2025-04-24,50000.0,50227.5,50227.5,48227.5
1019,2025-04-24,50000.0,50202.5,50202.5,48202.5
1020,2025-04-24,50000.0,50227.5,50227.5,48227.5
1014,2025-04-25,51680.5,52360.5,52360.5,50000.0
1015,2025-04-25,51588.0,52047.0,52047.0,50000.0
1016,2025-04-25,51603.5,52265.0,52265.0,50265.0
1017,2025-04-25,50227.5,50901.5,50901.5,48901.5
1018,2025-04-25,50227.5,50907.5,50907.5,48907.5
1019,2025-04-25,50202.5,50882.5,50882.5,48882.5
1020,2025-04-25,50227.5,50907.5,50907.5,48907.5
1014,2025-04-28,52360.5,52045.5,52360.5,50000.0
1015,2025-04-28,52047.0,52877.0,52877.0,50000.0
1016,2025-04-28,52265.0,52749.0,52749.0,50749.0
1017,2025-04-28,50901.5,51406.5,51406.5,49406.5
1018,2025-04-28,50907.5,51412.5,51412.5,49412.5
1019,2025-04-28,50882.5,51397.5,51397.5,49397.5
1020,2025-04-28,50907.5,51392.5,51392.5,49392.5
1014,2025-04-29,52045.5,51796.0,52360.5,50000.0
1015,2025-04-29,52877.0,53179.5,53179.5,50000.0
1016,2025-04-29,52749.0,52194.0,52749.0,50749.0
1017,2025-04-29,51406.5,51426.5,51426.5,49426.5
1018,2025-04-29,51412.5,51157.0,51412.5,49412.5
1019,2025-04-29,51397.5,51145.0,51397.5,49397.5
1020,2025-04-29,51392.5,51110.0,51392.5,49392.5
1014,2025-04-30,51796.0,50997.0,52360.5,50000.0
1015,2025-04-30,53179.5,52375.5,53179.5,50000.0
1016,2025-04-30,52194.0,51395.0,52749.0,50749.0
1017,2025-04-30,51426.5,50621.5,51426.5,49426.5
1018,2025-04-30,51157.0,50625.0,51412.5,49412.5
1019,2025-04-30,51145.0,50336.0,51397.5,49397.5
1020,2025-04-30,51110.0,50296.0,51392.5,49392.5
1014,2025-05-01,50997.0,50834.0,52360.5,50000.0
1015,2025-05-01,52375.5,52201.5,53179.5,50000.0
1016,2025-05-01,51395.0,51547.0,52749.0,50749.0
1017,2025-05-01,50621.5,50448.5,51426.5,49426.5
1018,2025-05-01,50625.0,50462.0,51412.5,49412.5
1019,2025-05-01,50336.0,50411.0,51397.5,49397.5
1020,2025-05-01,50296.0,50122.0,51392.5,49392.5
1021,2025-05-01,50000.0,49837.0,50000.0,48000.0
1014,2025-05-02,50834.0,51742.0,52360.5,50000.0
1015,2025-05-02,51101.5,52506.5,53179.5,50000.0
1016,2025-05-02,51547.0,53225.0,53225.0,51225.0
1017,2025-05-02,50448.5,51344.0,51426.5,49426.5
1018,2025-05-02,50462.0,51862.5,51862.5,49862.5
1019,2025-05-02,50411.0,51823.0,51823.0,49823.0
1020,2025-05-02,50122.0,51499.0,51499.0,49499.0
1021,2025-05-02,49837.0,50862.0,50862.0,48862.0
1014,2025-05-05,50942.0,51145.0,52360.5,50000.0
1015,2025-05-05,52506.5,52703.5,53179.5,50000.0
1016,2025-05-05,53225.0,53420.0,53420.0,51420.0
1017,2025-05-05,50744.0,50939.0,51426.5,49426.5
1018,2025-05-05,50962.5,51160.5,51862.5,49862.5
1019,2025-05-05,50923.0,51126.0,51823.0,49823.0
1020,2025-05-05,50799.0,50992.0,51499.0,49499.0
1021,2025-05-05,50862.0,51062.0,51062.0,49062.0
1022,2025-05-05,50000.0,50203.0,50203.0,48203.0
1014,2025-05-06,51145.0,52178.0,52360.5,50000.0
1015,2025-05-06,52703.5,53733.5,53733.5,50000.0
1017,2025-05-06,50939.0,51489.0,51489.0,49489.0
1018,2025-05-06,51160.5,51643.5,51862.5,49862.5
1019,2025-05-06,51126.0,52159.0,52159.0,50000.0
1020,2025-05-06,50992.0,51532.0,51532.0,49532.0
1021,2025-05-06,51062.0,52095.0,52095.0,50095.0
1022,2025-05-06,50203.0,51233.0,51233.0,49233.0
1023,2025-05-06,50000.0,51030.0,51030.0,49030.0
1014,2025-05-07,52178.0,51273.0,52360.5,50000.0
1015,2025-05-07,53733.5,53123.5,53733.5,50000.0
1017,2025-05-07,51489.0,50579.0,51489.0,49489.0
1018,2025-05-07,51643.5,50728.5,51862.5,49862.5
1019,2025-05-07,52159.0,51234.0,52159.0,50000.0
1020,2025-05-07,51532.0,50612.0,51532.0,49532.0
1021,2025-05-07,52095.0,51180.0,52095.0,50095.0
1022,2025-05-07,51233.0,50318.0,51233.0,49233.0
1023,2025-05-07,51030.0,50125.0,51030.0,49030.0
1024,2025-05-07,50000.0,49075.0,50000.0,48000.0
1014,2025-05-08,51273.0,51743.0,52360.5,50000.0
1015,2025-05-08,53123.5,53593.5,53733.5,50000.0
1017,2025-05-08,50579.0,51039.0,51489.0,49489.0
1018,2025-05-08,50728.5,51183.5,51862.5,49862.5
1019,2025-05-08,51234.0,51684.0,52159.0,50000.0
1020,2025-05-08,50612.0,51082.0,51532.0,49532.0
1021,2025-05-08,51180.0,51085.0,52095.0,50095.0
1022,2025-05-08,50318.0,50773.0,51233.0,49233.0
1023,2025-05-08,50125.0,50575.0,51030.0,49030.0
1024,2025-05-08,49075.0,49535.0,50000.0,48000.0
1025,2025-05-08,50000.0,50465.0,50465.0,48465.0
1014,2025-05-09,51743.0,51748.0,52360.5,50000.0
1015,2025-05-09,53593.5,53598.5,53733.5,50000.0
1017,2025-05-09,51039.0,50791.5,51489.0,49489.0
1018,2025-05-09,51183.5,51163.5,51862.5,49862.5
1019,2025-05-09,51684.0,51676.5,52159.0,50000.0
1020,2025-05-09,51082.0,51062.0,51532.0,49532.0
1021,2025-05-09,51085.0,51090.0,52095.0,50095.0
1022,2025-05-09,50773.0,50778.0,51233.0,49233.0
1023,2025-05-09,50575.0,50542.5,51030.0,49030.0
1024,2025-05-09,49535.0,49515.0,50000.0,48000.0
1025,2025-05-09,50465.0,50457.5,50465.0,48465.0
1026,2025-05-09,50000.0,50252.5,50252.5,48252.5
1014,2025-05-12,51748.0,51769.0,52360.5,50000.0
1015,2025-05-12,53598.5,53300.5,53733.5,50000.0
1017,2025-05-12,50791.5,50496.5,51489.0,49489.0
1018,2025-05-12,51163.5,50874.5,51862.5,49862.5
1019,2025-05-12,50876.5,50891.5,52159.0,50000.0
1020,2025-05-12,50562.0,50273.0,51532.0,49532.0
1021,2025-05-12,51090.0,50795.0,52095.0,50095.0
1022,2025-05-12,50778.0,50483.0,51233.0,49233.0
1023,2025-05-12,50542.5,50227.5,51030.0,49030.0
1024,2025-05-12,49515.0,49213.0,50000.0,48000.0
1025,2025-05-12,50457.5,50168.5,50465.0,48465.0
1026,2025-05-12,50252.5,49960.5,50252.5,48252.5
1014,2025-05-13,51769.0,51136.5,52360.5,50000.0
1015,2025-05-13,51700.5,51055.5,53733.5,50000.0
1017,2025-05-13,50496.5,49814.0,51489.0,49489.0
1018,2025-05-13,50874.5,50217.0,51862.5,49862.5
1019,2025-05-13,50891.5,50234.0,52159.0,50000.0
1020,2025-05-13,50273.0,49640.5,51532.0,49532.0
1021,2025-05-13,50795.0,50422.5,52095.0,50095.0
1022,2025-05-13,50483.0,49850.5,51233.0,49233.0
1023,2025-05-13,50227.5,49582.5,51030.0,49030.0
1024,2025-05-13,49213.0,48568.0,50000.0,48000.0
1025,2025-05-13,50168.5,49536.0,50465.0,48465.0
1026,2025-05-13,49960.5,49328.0,50252.5,48252.5
1027,2025-05-13,50000.0,49342.5,50000.0,48000.0
1014,2025-05-14,50636.5,50429.5,52360.5,50000.0
1015,2025-05-14,51055.5,50845.5,53733.5,50000.0
1017,2025-05-14,49814.0,49608.0,51489.0,49489.0
1018,2025-05-14,50217.0,49997.0,51862.5,49862.5
1019,2025-05-14,50234.0,50021.0,52159.0,50000.0
1020,2025-05-14,49640.5,49424.5,51532.0,49532.0
1021,2025-05-14,50422.5,50212.5,52095.0,50095.0
1022,2025-05-14,49850.5,49639.5,51233.0,49233.0
1023,2025-05-14,49582.5,49376.5,51030.0,49030.0
1024,2025-05-14,48568.0,48348.0,50000.0,48000.0
1025,2025-05-14,49536.0,49314.0,50465.0,48465.0
1026,2025-05-14,49328.0,49111.0,50252.5,48252.5
1027,2025-05-14,49342.5,49411.5,50000.0,48000.0
1014,2025-05-15,50429.5,49849.5,52360.5,50000.0
1015,2025-05-15,50845.5,50253.0,53733.5,50000.0
1017,2025-05-15,49608.0,48345.5,51489.0,49489.0
1018,2025-05-15,49997.0,48709.5,51862.5,49862.5
1019,2025-05-15,50021.0,48698.5,52159.0,50000.0
1021,2025-05-15,50212.5,48895.0,52095.0,50095.0
1022,2025-05-15,49639.5,48352.0,51233.0,49233.0
1023,2025-05-15,49376.5,48744.0,51030.0,49030.0
1024,2025-05-15,48348.0,47383.0,50000.0,48000.0
1025,2025-05-15,49314.0,48349.0,50465.0,48465.0
1026,2025-05-15,49111.0,48136.0,50252.5,48252.5
1027,2025-05-15,49411.5,48124.0,50000.0,48000.0
1015,2025-05-16,50253.0,49914.0,53733.5,50000.0
1022,2025-05-16,50000.0,49658.0,50000.0,48000.0
1025,2025-05-16,50000.0,49655.0,50000.0,48000.0
1026,2025-05-16,50000.0,49661.0,50000.0,48000.0
1027,2025-05-16,48124.0,47785.0,50000.0,48000.0
1022,2025-05-19,49658.0,49955.5,50000.0,48000.0
1025,2025-05-19,49655.0,49935.0,50000.0,48000.0
1026,2025-05-19,49661.0,49946.0,50000.0,48000.0
1027,2025-05-19,50000.0,50277.5,50277.5,48277.5
1028,2025-05-19,50000.0,50287.5,50287.5,48287.5
1022,2025-05-20,49955.5,49300.5,50000.0,48000.0
1025,2025-05-20,49935.0,49265.0,50000.0,48000.0
1026,2025-05-20,49946.0,49946.0,50000.0,48000.0
1027,2025-05-20,50277.5,49622.5,50277.5,48277.5
1028,2025-05-20,50287.5,49627.5,50287.5,48287.5
1022,2025-05-21,49300.5,48400.5,50000.0,48000.0
1025,2025-05-21,49265.0,48672.5,50000.0,48000.0
1026,2025-05-21,49946.0,49358.5,50000.0,48000.0
1027,2025-05-21,49622.5,49040.0,50277.5,48277.5
1028,2025-05-21,49627.5,49020.0,50287.5,48287.5
1029,2025-05-21,50000.0,49375.0,50000.0,48000.0
1022,2025-05-22,48400.5,48480.5,50000.0,48000.0
1025,2025-05-22,48672.5,48752.5,50000.0,48000.0
1026,2025-05-22,49358.5,49438.5,50000.0,48000.0
1027,2025-05-22,49040.0,49120.0,50277.5,48277.5
1028,2025-05-22,49020.0,49400.0,50287.5,48287.5
1029,2025-05-22,49375.0,49425.0,50000.0,48000.0
1022,2025-05-23,48480.5,48625.5,50000.0,48000.0
1025,2025-05-23,48752.5,48402.5,50000.0,48000.0
1026,2025-05-23,49438.5,49580.5,50000.0,48000.0
1027,2025-05-23,49120.0,49612.0,50277.5,48277.5
1028,2025-05-23,49400.0,49539.0,50287.5,48287.5
1029,2025-05-23,49425.0,49564.0,50000.0,48000.0
1022,2025-05-26,48625.5,48372.0,50000.0,48000.0
1025,2025-05-26,48402.5,48120.0,50000.0,48000.0
1026,2025-05-26,49580.5,49307.0,50000.0,48000.0
1027,2025-05-26,49612.0,49658.5,50277.5,48277.5
1028,2025-05-26,49539.0,49273.0,50287.5,48287.5
1029,2025-05-26,49564.0,49283.0,50000.0,48000.0
1022,2025-05-27,48372.0,49407.0,50000.0,48000.0
1025,2025-05-27,48120.0,48999.0,50000.0,48000.0
1026,2025-05-27,49307.0,50732.0,50732.0,48732.0
1027,2025-05-27,49658.5,51088.5,51088.5,49088.5
1028,2025-05-27,49273.0,50213.0,50287.5,48287.5
1029,2025-05-27,49283.0,50708.0,50708.0,48708.0
1022,2025-05-28,49407.0,48759.5,50000.0,48000.0
1025,2025-05-28,48999.0,48314.0,50000.0,48000.0
1026,2025-05-28,50732.0,50084.5,50732.0,48732.0
1027,2025-05-28,51088.5,50076.0,51088.5,49088.5
1028,2025-05-28,50213.0,49565.5,50287.5,48287.5
1029,2025-05-28,50708.0,50035.5,50708.0,48708.0
1022,2025-05-29,48759.5,48168.5,50000.0,48000.0
1025,2025-05-29,48314.0,47723.0,50000.0,48000.0
1026,2025-05-29,50084.5,49796.0,50732.0,48732.0
1027,2025-05-29,50076.0,49787.5,51088.5,49088.5
1028,2025-05-29,49565.5,49267.0,50287.5,48287.5
1029,2025-05-29,50035.5,49744.0,50708.0,48708.0
1022,2025-05-30,48168.5,48421.0,50000.0,48000.0
1025,2025-05-30,50000.0,50240.0,50240.0,48240.0
1026,2025-05-30,49796.0,49796.0,50732.0,48732.0
1027,2025-05-30,49787.5,50040.0,51088.5,49088.5
1028,2025-05-30,49267.0,49519.5,50287.5,48287.5
1029,2025-05-30,49744.0,49996.5,50708.0,48708.0
1022,2025-06-02,48421.0,48421.0,50000.0,48000.0
1025,2025-06-02,50240.0,50240.0,50240.0,48240.0
1026,2025-06-02,49796.0,49796.0,50732.0,48732.0
1027,2025-06-02,50040.0,50040.0,51088.5,49088.5
1028,2025-06-02,49519.5,49519.5,50287.5,48287.5
1029,2025-06-02,49996.5,49996.5,50708.0,48708.0
1022,2025-06-03,48421.0,49031.0,50000.0,48000.0
1025,2025-06-03,50240.0,50817.5,50817.5,48817.5
1026,2025-06-03,49796.0,50396.0,50732.0,48732.0
1027,2025-06-03,50040.0,50947.5,51088.5,49088.5
1028,2025-06-03,49519.5,49712.0,50287.5,48287.5
1029,2025-06-03,49996.5,49686.5,50708.0,48708.0
1022,2025-06-04,49031.0,49691.0,50000.0,48000.0
1025,2025-06-04,50817.5,51474.5,51474.5,49474.5
1026,2025-06-04,50396.0,51056.0,51056.0,49056.0
1027,2025-06-04,50947.5,51607.5,51607.5,49607.5
1028,2025-06-04,49712.0,50366.0,50366.0,48366.0
1029,2025-06-04,49686.5,50340.5,50708.0,48708.0
1022,2025-06-05,49691.0,49409.0,50000.0,48000.0
1025,2025-06-05,51474.5,51189.5,51474.5,49474.5
1026,2025-06-05,51056.0,50774.0,51056.0,49056.0
1027,2025-06-05,51607.5,51322.5,51607.5,49607.5
1028,2025-06-05,50366.0,50081.0,50366.0,48366.0
1029,2025-06-05,50340.5,50058.5,50708.0,48708.0
1022,2025-06-06,49409.0,48929.0,50000.0,48000.0
1025,2025-06-06,51189.5,50456.5,51474.5,49474.5
1026,2025-06-06,50774.0,50239.0,51056.0,49056.0
1027,2025-06-06,51322.5,50842.5,51607.5,49607.5
1028,2025-06-06,50081.0,49575.5,50366.0,48366.0
1029,2025-06-06,50058.5,49355.5,50708.0,48708.0
1022,2025-06-09,48929.0,48848.0,50000.0,48000.0
1025,2025-06-09,50456.5,50369.5,51474.5,49474.5
1026,2025-06-09,50239.0,50158.0,51056.0,49056.0
1027,2025-06-09,50842.5,50758.5,51607.5,49607.5
1028,2025-06-09,49575.5,49494.5,50366.0,48366.0
1029,2025-06-09,49355.5,49264.5,50708.0,48708.0
1022,2025-06-10,48848.0,48914.0,50000.0,48000.0
1025,2025-06-10,50369.5,50414.5,51474.5,49474.5
1026,2025-06-10,50158.0,50200.5,51056.0,49056.0
1027,2025-06-10,50758.5,50801.0,51607.5,49607.5
1028,2025-06-10,49494.5,49532.0,50366.0,48366.0
1029,2025-06-10,49264.5,49659.5,50708.0,48708.0
1022,2025-06-11,48914.0,49129.0,50000.0,48000.0
1025,2025-06-11,50414.5,50311.5,51474.5,49474.5
1026,2025-06-11,50200.5,50072.5,51056.0,49056.0
1027,2025-06-11,50801.0,50673.0,51607.5,49607.5
1028,2025-06-11,49532.0,49426.0,50366.0,48366.0
1029,2025-06-11,49659.5,49553.5,50708.0,48708.0
1022,2025-06-12,49129.0,48244.0,50000.0,48000.0
1025,2025-06-12,50311.5,49389.0,51474.5,49474.5
1026,2025-06-12,50072.5,49162.5,51056.0,49056.0
1027,2025-06-12,50673.0,49753.0,51607.5,49607.5
1028,2025-06-12,49426.0,48508.5,50366.0,48366.0
1029,2025-06-12,49553.5,48658.5,50708.0,48708.0
1022,2025-06-13,48244.0,48319.0,50000.0,48000.0
1026,2025-06-13,49162.5,49562.5,51056.0,49056.0
1027,2025-06-13,49753.0,49408.0,51607.5,49607.5
1028,2025-06-13,48508.5,48583.5,50366.0,48366.0
1030,2025-06-13,50000.0,49655.0,50000.0,48000.0
1022,2025-06-16,48319.0,47809.0,50000.0,48000.0
1026,2025-06-16,49562.5,48807.5,51056.0,49056.0
1028,2025-06-16,48583.5,47833.5,50366.0,48366.0
1030,2025-06-16,49655.0,49145.0,50000.0,48000.0
1031,2025-06-16,50000.0,49255.0,50000.0,48000.0
1028,2025-06-17,50000.0,49620.0,50000.0,48000.0
1030,2025-06-17,49145.0,48730.0,50000.0,48000.0
1031,2025-06-17,49255.0,48810.0,50000.0,48000.0
1032,2025-06-17,50000.0,49905.0,50000.0,48000.0
1028,2025-06-18,49620.0,49060.0,50000.0,48000.0
1030,2025-06-18,48730.0,47855.0,50000.0,48000.0
1031,2025-06-18,48810.0,47900.0,50000.0,48000.0
1032,2025-06-18,49905.0,49280.0,50000.0,48000.0
1033,2025-06-18,150000.0,148196.0,150000.0,145500.0
1028,2025-06-19,49060.0,49405.0,50000.0,48000.0
1031,2025-06-19,50000.0,49655.0,50000.0,48000.0
1032,2025-06-19,49280.0,49624.0,50000.0,48000.0
1033,2025-06-19,148196.0,148898.0,150000.0,145500.0
1034,2025-06-19,50000.0,50341.0,50341.0,48341.0
1028,2025-06-20,49405.0,50105.0,50105.0,48105.0
1031,2025-06-20,49655.0,50032.0,50032.0,48032.0
1032,2025-06-20,49624.0,50256.0,50256.0,48256.0
1033,2025-06-20,148898.0,148344.0,150000.0,145500.0
1034,2025-06-20,50341.0,50723.0,50723.0,48723.0
1028,2025-06-23,50105.0,49537.5,50105.0,48105.0
1031,2025-06-23,50032.0,50252.0,50252.0,48252.0
1032,2025-06-23,50256.0,50141.0,50256.0,48256.0
1033,2025-06-23,148344.0,147163.0,150000.0,145500.0
1034,2025-06-23,50723.0,50625.5,50723.0,48723.0
1035,2025-06-23,50000.0,49902.5,50000.0,48000.0
1028,2025-06-24,49537.5,48877.5,50105.0,48105.0
1031,2025-06-24,50252.0,49572.0,50252.0,48252.0
1032,2025-06-24,50141.0,49461.0,50256.0,48256.0
1033,2025-06-24,147163.0,146495.0,150000.0,145500.0
1034,2025-06-24,50625.5,49955.5,50723.0,48723.0
1035,2025-06-24,49902.5,49242.5,50000.0,48000.0
1028,2025-06-25,48877.5,48850.0,50105.0,48105.0
1031,2025-06-25,49572.0,49519.5,50252.0,48252.0
1032,2025-06-25,49461.0,49433.5,50256.0,48256.0
1033,2025-06-25,146495.0,146458.0,150000.0,145500.0
1034,2025-06-25,49955.5,49923.0,50723.0,48723.0
1035,2025-06-25,49242.5,49202.5,50000.0,48000.0
1028,2025-06-26,48850.0,48180.0,50105.0,48105.0
1031,2025-06-26,49519.5,48839.5,50252.0,48252.0
1032,2025-06-26,49433.5,48763.5,50256.0,48256.0
1033,2025-06-26,146458.0,145132.0,150000.0,145500.0
1034,2025-06-26,49923.0,49253.0,50723.0,48723.0
1035,2025-06-26,49202.5,48532.5,50000.0,48000.0
1028,2025-06-27,48180.0,47612.5,50105.0,48105.0
1031,2025-06-27,48839.5,48272.0,50252.0,48252.0
1032,2025-06-27,48763.5,48178.5,50256.0,48256.0
1033,2025-06-27,150000.0,148823.0,150000.0,145500.0
1034,2025-06-27,49253.0,48660.5,50723.0,48723.0
1035,2025-06-27,48532.5,47960.0,50000.0,48000.0
1031,2025-06-30,48272.0,47917.0,50252.0,48252.0
1033,2025-06-30,148823.0,148119.0,150000.0,145500.0
1034,2025-06-30,50000.0,49645.0,50000.0,48000.0
1036,2025-06-30,50000.0,49645.0,50000.0,48000.0
1033,2025-07-01,148119.0,150071.0,150071.0,145571.0
1034,2025-07-01,49645.0,49645.0,50000.0,48000.0
1036,2025-07-01,49645.0,50221.0,50221.0,48221.0
1037,2025-07-01,50000.0,50576.0,50576.0,48576.0
1033,2025-07-02,150071.0,152300.0,152300.0,147800.0
1034,2025-07-02,49645.0,50747.5,50747.5,48747.5
1036,2025-07-02,50221.0,51323.5,51323.5,49323.5
1037,2025-07-02,50576.0,51666.0,51666.0,49666.0
1038,2025-07-02,50000.0,51102.5,51102.5,49102.5
1033,2025-07-03,152300.0,151802.0,152300.0,147800.0
1034,2025-07-03,50747.5,50487.5,50747.5,48747.5
1036,2025-07-03,51323.5,51068.5,51323.5,49323.5
1037,2025-07-03,51666.0,51401.0,51666.0,49666.0
1038,2025-07-03,51102.5,50847.5,51102.5,49102.5
1033,2025-07-04,151802.0,152151.0,152300.0,147800.0
1034,2025-07-04,50487.5,50650.0,50747.5,48747.5
1036,2025-07-04,51068.5,51211.0,51323.5,49323.5
1037,2025-07-04,51401.0,51531.0,51666.0,49666.0
1038,2025-07-04,50847.5,50997.5,51102.5,49102.5
1033,2025-07-07,152151.0,151542.0,152300.0,147800.0
1034,2025-07-07,50650.0,50282.5,50747.5,48747.5
1036,2025-07-07,51211.0,50888.5,51323.5,49323.5
1037,2025-07-07,51531.0,51186.0,51666.0,49666.0
1038,2025-07-07,50997.5,50665.0,51102.5,49102.5
1033,2025-07-08,151542.0,152328.0,152328.0,147828.0
1034,2025-07-08,50282.5,50672.5,50747.5,48747.5
1036,2025-07-08,50888.5,51274.5,51323.5,49323.5
1037,2025-07-08,51186.0,51575.0,51666.0,49666.0
1038,2025-07-08,50665.0,50665.0,51102.5,49102.5
1039,2025-07-08,50000.0,50389.0,50389.0,48389.0
1033,2025-07-09,152328.0,152348.0,152348.0,147848.0
1034,2025-07-09,50672.5,50571.5,50747.5,48747.5
1036,2025-07-09,51274.5,51170.5,51323.5,49323.5
1037,2025-07-09,51575.0,51726.0,51726.0,49726.0
1038,2025-07-09,50665.0,50559.0,51102.5,49102.5
1039,2025-07-09,50389.0,50272.0,50389.0,48389.0
1033,2025-07-10,152348.0,152581.0,152581.0,148081.0
1034,2025-07-10,50571.5,50679.0,50747.5,48747.5
1036,2025-07-10,51170.5,51243.0,51323.5,49323.5
1037,2025-07-10,51726.0,51802.5,51802.5,49802.5
1038,2025-07-10,50559.0,50666.5,51102.5,49102.5
1039,2025-07-10,50272.0,50368.5,50389.0,48389.0
1033,2025-07-11,152581.0,152227.0,152581.0,148081.0
1034,2025-07-11,50679.0,50789.0,50789.0,48789.0
1036,2025-07-11,51243.0,51043.0,51323.5,49323.5
1037,2025-07-11,51802.5,51597.5,51802.5,49802.5
1038,2025-07-11,50666.5,50451.5,51102.5,49102.5
1039,2025-07-11,50368.5,50158.5,50389.0,48389.0
1033,2025-07-14,152227.0,149750.0,152581.0,148081.0
1034,2025-07-14,50789.0,49491.5,50789.0,48789.0
1036,2025-07-14,51043.0,49745.5,51323.5,49323.5
1037,2025-07-14,51597.5,50335.0,51802.5,49802.5
1038,2025-07-14,50451.5,49189.0,51102.5,49102.5
1039,2025-07-14,50158.5,48871.0,50389.0,48389.0
1033,2025-07-15,149750.0,149366.0,152581.0,148081.0
1034,2025-07-15,49491.5,49898.5,50789.0,48789.0
1036,2025-07-15,49745.5,50162.5,51323.5,49323.5
1037,2025-07-15,50335.0,50257.0,51802.5,49802.5
1038,2025-07-15,49189.0,49606.0,51102.5,49102.5
1039,2025-07-15,48871.0,49553.0,50389.0,48389.0
1033,2025-07-16,149366.0,147736.0,152581.0,148081.0
1034,2025-07-16,49898.5,49056.0,50789.0,48789.0
1036,2025-07-16,50162.5,49307.5,51323.5,49323.5
1037,2025-07-16,50257.0,49427.0,51802.5,49802.5
1038,2025-07-16,49606.0,48758.5,51102.5,49102.5
1039,2025-07-16,49553.0,48718.0,50389.0,48389.0
1034,2025-07-17,49056.0,49786.0,50789.0,48789.0
1038,2025-07-17,50000.0,50710.0,50710.0,48710.0
1039,2025-07-17,48718.0,49448.0,50389.0,48389.0
1040,2025-07-17,50000.0,50725.0,50725.0,48725.0
1034,2025-07-18,49786.0,50326.0,50789.0,48789.0
1038,2025-07-18,50710.0,51250.0,51250.0,49250.0
1039,2025-07-18,49448.0,49988.0,50389.0,48389.0
1040,2025-07-18,50725.0,51265.0,51265.0,49265.0
1041,2025-07-18,50000.0,50540.0,50540.0,48540.0
1034,2025-07-21,50326.0,50021.0,50789.0,48789.0
1038,2025-07-21,51250.0,50935.0,51250.0,49250.0
1039,2025-07-21,49988.0,49683.0,50389.0,48389.0
1040,2025-07-21,51265.0,50960.0,51265.0,49265.0
1041,2025-07-21,50540.0,50225.0,50540.0,48540.0
1034,2025-07-22,50021.0,50171.0,50789.0,48789.0
1038,2025-07-22,50935.0,51075.0,51250.0,49250.0
1039,2025-07-22,49683.0,49823.0,50389.0,48389.0
1040,2025-07-22,50960.0,51100.0,51265.0,49265.0
1041,2025-07-22,50225.0,50375.0,50540.0,48540.0
1042,2025-07-22,50000.0,50150.0,50150.0,48150.0
1034,2025-07-23,50171.0,49871.0,50789.0,48789.0
1038,2025-07-23,51075.0,50775.0,51250.0,49250.0
1039,2025-07-23,49823.0,49523.0,50389.0,48389.0
1040,2025-07-23,51100.0,50800.0,51265.0,49265.0
1041,2025-07-23,50375.0,50375.0,50540.0,48540.0
1042,2025-07-23,50150.0,49850.0,50150.0,48150.0
1034,2025-07-24,49871.0,49623.5,50789.0,48789.0
1038,2025-07-24,50775.0,50515.0,51250.0,49250.0
1039,2025-07-24,49523.0,49275.5,50389.0,48389.0
1040,2025-07-24,50800.0,50552.5,51265.0,49265.0
1041,2025-07-24,50375.0,50127.5,50540.0,48540.0
1042,2025-07-24,49850.0,49590.0,50150.0,48150.0
1034,2025-07-25,49623.5,49627.5,50789.0,48789.0
1038,2025-07-25,50515.0,50510.0,51250.0,49250.0
1039,2025-07-25,49275.5,49276.5,50389.0,48389.0
1040,2025-07-25,50552.5,50556.5,51265.0,49265.0
1041,2025-07-25,50127.5,50132.5,50540.0,48540.0
1042,2025-07-25,49590.0,49594.0,50150.0,48150.0
1034,2025-07-28,49627.5,49895.0,50789.0,48789.0
1038,2025-07-28,50510.0,50767.5,51250.0,49250.0
1039,2025-07-28,49276.5,49524.0,50389.0,48389.0
1040,2025-07-28,50556.5,50784.0,51265.0,49265.0
1041,2025-07-28,50132.5,50380.0,50540.0,48540.0
1042,2025-07-28,49594.0,49664.0,50150.0,48150.0
1034,2025-07-29,49895.0,49334.5,50789.0,48789.0
1038,2025-07-29,50767.5,50201.0,51250.0,49250.0
1039,2025-07-29,49524.0,48935.5,50389.0,48389.0
1040,2025-07-29,50784.0,50192.5,51265.0,49265.0
1041,2025-07-29,50380.0,49816.5,50540.0,48540.0
1042,2025-07-29,49664.0,49103.5,50150.0,48150.0
1034,2025-07-30,49334.5,50615.5,50789.0,48789.0
1038,2025-07-30,50201.0,51479.0,51479.0,49479.0
1039,2025-07-30,48935.5,50191.5,50389.0,48389.0
1040,2025-07-30,50192.5,51467.5,51467.5,49467.5
1041,2025-07-30,49816.5,51072.5,51072.5,49072.5
1042,2025-07-30,49103.5,50384.5,50384.5,48384.5
1034,2025-07-31,50615.5,50651.5,50789.0,48789.0
1038,2025-07-31,51479.0,51504.0,51504.0,49504.0
1039,2025-07-31,50191.5,50221.5,50389.0,48389.0
1040,2025-07-31,51467.5,51807.5,51807.5,49807.5
1041,2025-07-31,51072.5,51092.5,51092.5,49092.5
1042,2025-07-31,50384.5,50079.5,50384.5,48384.5
1034,2025-08-01,50651.5,49851.5,50789.0,48789.0
1038,2025-08-01,51504.0,51005.0,51504.0,49504.0
1039,2025-08-01,50221.5,49972.5,50389.0,48389.0
1040,2025-08-01,51807.5,51305.5,51807.5,49807.5
1041,2025-08-01,51092.5,50287.5,51092.5,49092.5
1042,2025-08-01,50079.5,49824.5,50384.5,48384.5
1034,2025-08-04,49851.5,49485.5,50789.0,48789.0
1038,2025-08-04,51005.0,50639.0,51504.0,49504.0
1039,2025-08-04,49972.5,49603.5,50389.0,48389.0
1040,2025-08-04,51305.5,50939.5,51807.5,49807.5
1041,2025-08-04,50287.5,49918.5,51092.5,49092.5
1042,2025-08-04,49824.5,49458.5,50384.5,48384.5
1034,2025-08-05,49485.5,49485.5,50789.0,48789.0
1038,2025-08-05,50639.0,51026.0,51504.0,49504.0
1039,2025-08-05,49603.5,49990.5,50389.0,48389.0
1040,2025-08-05,50939.5,51323.5,51807.5,49807.5
1041,2025-08-05,49918.5,50305.5,51092.5,49092.5
1042,2025-08-05,49458.5,49839.5,50384.5,48384.5
1034,2025-08-06,49485.5,49933.5,50789.0,48789.0
1038,2025-08-06,51026.0,51458.0,51504.0,49504.0
1039,2025-08-06,49990.5,50438.5,50438.5,48438.5
1040,2025-08-06,51323.5,51771.5,51807.5,49807.5
1041,2025-08-06,50305.5,50753.5,51092.5,49092.5
1042,2025-08-06,49839.5,50287.5,50384.5,48384.5
1034,2025-08-07,49933.5,50361.0,50789.0,48789.0
1038,2025-08-07,51458.0,51874.0,51874.0,49874.0
1039,2025-08-07,50438.5,50571.0,50571.0,48571.0
1040,2025-08-07,51771.5,52187.5,52187.5,50187.5
1041,2025-08-07,50753.5,51428.5,51428.5,49428.5
1042,2025-08-07,50287.5,50710.0,50710.0,48710.0
1034,2025-08-08,50361.0,50081.0,50789.0,48789.0
1038,2025-08-08,51874.0,51584.0,51874.0,49874.0
1039,2025-08-08,50571.0,50291.0,50571.0,48571.0
1040,2025-08-08,52187.5,51907.5,52187.5,50187.5
1041,2025-08-08,51428.5,51148.5,51428.5,49428.5
1042,2025-08-08,50710.0,50430.0,50710.0,48710.0
1034,2025-08-11,50081.0,49413.5,50789.0,48789.0
1038,2025-08-11,51584.0,50916.5,51874.0,49874.0
1039,2025-08-11,50291.0,49623.5,50571.0,48571.0
1040,2025-08-11,51907.5,51215.0,52187.5,50187.5
1041,2025-08-11,51148.5,50481.0,51428.5,49428.5
1042,2025-08-11,50430.0,49762.5,50710.0,48710.0
1034,2025-08-12,49413.5,48781.0,50789.0,48789.0
1038,2025-08-12,50916.5,50581.5,51874.0,49874.0
1039,2025-08-12,49623.5,48953.5,50571.0,48571.0
1040,2025-08-12,51215.0,50582.5,52187.5,50187.5
1041,2025-08-12,50481.0,49848.5,51428.5,49428.5
1042,2025-08-12,49762.5,49105.0,50710.0,48710.0
1038,2025-08-13,50581.5,50581.5,51874.0,49874.0
1039,2025-08-13,48953.5,48953.5,50571.0,48571.0
1040,2025-08-13,50582.5,50582.5,52187.5,50187.5
1041,2025-08-13,49848.5,49848.5,51428.5,49428.5
1042,2025-08-13,49105.0,49105.0,50710.0,48710.0
1038,2025-08-14,50581.5,49991.5,51874.0,49874.0
1039,2025-08-14,48953.5,48360.5,50571.0,48571.0
1040,2025-08-14,50582.5,49976.5,52187.5,50187.5
1041,2025-08-14,49848.5,49248.5,51428.5,49428.5
1042,2025-08-14,49105.0,48510.0,50710.0,48710.0
1038,2025-08-15,49991.5,51491.5,51874.0,49874.0
1039,2025-08-15,50000.0,51500.0,51500.0,49500.0
1042,2025-08-15,50000.0,50920.0,50920.0,48920.0
1043,2025-08-15,50000.0,51487.5,51487.5,49487.5
1038,2025-08-18,51491.5,51696.5,51874.0,49874.0
1039,2025-08-18,51500.0,51705.0,51705.0,49705.0
1042,2025-08-18,50920.0,51112.5,51112.5,49112.5
1043,2025-08-18,51487.5,52027.5,52027.5,50027.5
1044,2025-08-18,50000.0,50192.5,50192.5,48192.5
1038,2025-08-19,51696.5,51164.0,51874.0,49874.0
1039,2025-08-19,51705.0,51432.5,51705.0,49705.0
1042,2025-08-19,51112.5,50825.0,51112.5,49112.5
1043,2025-08-19,52027.5,52022.5,52027.5,50027.5
1044,2025-08-19,50192.5,50192.5,50192.5,48192.5
1045,2025-08-19,50000.0,49697.5,50000.0,48000.0
1038,2025-08-20,51164.0,51172.0,51874.0,49874.0
1039,2025-08-20,51432.5,51434.5,51705.0,49705.0
1042,2025-08-20,50825.0,50455.0,51112.5,49112.5
1043,2025-08-20,52022.5,51642.5,52027.5,50027.5
1044,2025-08-20,50192.5,50190.5,50192.5,48192.5
1045,2025-08-20,49697.5,49695.5,50000.0,48000.0
1038,2025-08-21,51172.0,50653.0,51874.0,49874.0
1039,2025-08-21,51434.5,50903.5,51705.0,49705.0
1042,2025-08-21,50455.0,49927.0,51112.5,49112.5
1043,2025-08-21,51642.5,51354.5,52027.5,50027.5
1044,2025-08-21,50190.5,49662.5,50192.5,48192.5
1045,2025-08-21,49695.5,49176.5,50000.0,48000.0
1038,2025-08-22,50653.0,50320.5,51874.0,49874.0
1039,2025-08-22,50903.5,50571.0,51705.0,49705.0
1042,2025-08-22,49927.0,49539.5,51112.5,49112.5
1043,2025-08-22,51354.5,51022.0,52027.5,50027.5
1044,2025-08-22,49662.5,49320.0,50192.5,48192.5
1045,2025-08-22,49176.5,48814.0,50000.0,48000.0
1038,2025-08-25,50320.5,49705.5,51874.0,49874.0
1039,2025-08-25,50571.0,49936.0,51705.0,49705.0
1042,2025-08-25,49539.5,48924.5,51112.5,49112.5
1043,2025-08-25,51022.0,50672.0,52027.5,50027.5
1044,2025-08-25,49320.0,48705.0,50192.5,48192.5
1045,2025-08-25,48814.0,48186.5,50000.0,48000.0
1039,2025-08-26,49936.0,49072.0,51705.0,49705.0
1042,2025-08-26,50000.0,49360.0,50000.0,48000.0
1043,2025-08-26,50672.0,49779.5,52027.5,50027.5
1044,2025-08-26,48705.0,48158.0,50192.5,48192.5
1045,2025-08-26,48186.5,47627.0,50000.0,48000.0
1039,2025-08-27,50000.0,51060.0,51060.0,49060.0
1042,2025-08-27,49360.0,50410.0,50410.0,48410.0
1046,2025-08-27,50000.0,51040.0,51040.0,49040.0
1039,2025-08-28,51060.0,51490.0,51490.0,49490.0
1042,2025-08-28,50410.0,50839.0,50839.0,48839.0
1046,2025-08-28,51040.0,51469.0,51469.0,49469.0
1047,2025-08-28,50000.0,50426.0,50426.0,48426.0
1039,2025-08-29,51490.0,51646.0,51646.0,49646.0
1042,2025-08-29,50839.0,50659.0,50839.0,48839.0
1046,2025-08-29,51469.0,51275.0,51469.0,49469.0
1047,2025-08-29,50426.0,50236.0,50426.0,48426.0
1039,2025-09-01,51646.0,51725.0,51725.0,49725.0
1042,2025-09-01,50659.0,50408.0,50839.0,48839.0
1046,2025-09-01,51275.0,51019.0,51469.0,49469.0
1047,2025-09-01,50236.0,49972.0,50426.0,48426.0
1048,2025-09-01,50000.0,49755.0,50000.0,48000.0
1039,2025-09-02,51725.0,51560.0,51725.0,49725.0
1042,2025-09-02,50408.0,50028.0,50839.0,48839.0
1046,2025-09-02,51019.0,50839.0,51469.0,49469.0
1047,2025-09-02,49972.0,49787.0,50426.0,48426.0
1048,2025-09-02,49755.0,49590.0,50000.0,48000.0
1039,2025-09-03,51560.0,51385.0,51725.0,49725.0
1042,2025-09-03,50028.0,49838.0,50839.0,48839.0
1046,2025-09-03,50839.0,50644.0,51469.0,49469.0
1047,2025-09-03,49787.0,49602.0,50426.0,48426.0
1048,2025-09-03,49590.0,49415.0,50000.0,48000.0
1039,2025-09-04,51385.0,51293.0,51725.0,49725.0
1042,2025-09-04,49838.0,49746.0,50839.0,48839.0
1046,2025-09-04,50644.0,50532.0,51469.0,49469.0
1047,2025-09-04,49602.0,49510.0,50426.0,48426.0
1048,2025-09-04,49415.0,49282.0,50000.0,48000.0
1039,2025-09-05,51293.0,51651.0,51725.0,49725.0
1042,2025-09-05,49746.0,50398.0,50839.0,48839.0
1046,2025-09-05,50532.0,50594.0,51469.0,49469.0
1047,2025-09-05,49510.0,49832.0,50426.0,48426.0
1048,2025-09-05,49282.0,49924.0,50000.0,48000.0
1049,2025-09-05,50000.0,50342.0,50342.0,48342.0
1039,2025-09-08,51651.0,51611.0,51725.0,49725.0
1042,2025-09-08,50398.0,50348.0,50839.0,48839.0
1046,2025-09-08,50594.0,50294.0,51469.0,49469.0
1047,2025-09-08,49832.0,49767.0,50426.0,48426.0
1048,2025-09-08,49924.0,49884.0,50000.0,48000.0
1049,2025-09-08,50342.0,50302.0,50342.0,48342.0
1039,2025-09-09,51611.0,50768.5,51725.0,49725.0
1042,2025-09-09,50348.0,49485.5,50839.0,48839.0
1046,2025-09-09,50294.0,49421.5,51469.0,49469.0
1047,2025-09-09,49767.0,48912.0,50426.0,48426.0
1048,2025-09-09,49884.0,49021.5,50000.0,48000.0
1049,2025-09-09,50302.0,49449.5,50342.0,48342.0
1039,2025-09-10,50768.5,50413.5,51725.0,49725.0
1042,2025-09-10,49485.5,49130.5,50839.0,48839.0
1047,2025-09-10,48912.0,48554.0,50426.0,48426.0
1048,2025-09-10,49021.5,48656.5,50000.0,48000.0
1049,2025-09-10,49449.5,48839.5,50342.0,48342.0
1050,2025-09-10,50000.0,49400.0,50000.0,48000.0
1039,2025-09-11,50413.5,49803.5,51725.0,49725.0
1042,2025-09-11,49130.5,48520.5,50839.0,48839.0
1047,2025-09-11,48554.0,47944.0,50426.0,48426.0
1048,2025-09-11,48656.5,48041.5,50000.0,48000.0
1049,2025-09-11,48839.5,48219.5,50342.0,48342.0
1050,2025-09-11,49400.0,48775.0,50000.0,48000.0
1039,2025-09-12,49803.5,49928.5,51725.0,49725.0
1047,2025-09-12,50000.0,50115.0,50115.0,48115.0
1048,2025-09-12,48041.5,48146.5,50000.0,48000.0
1049,2025-09-12,50000.0,49690.0,50000.0,48000.0
1050,2025-09-12,48775.0,48880.0,50000.0,48000.0
1051,2025-09-12,50000.0,50095.0,50095.0,48095.0
1039,2025-09-15,49928.5,50358.5,51725.0,49725.0
1047,2025-09-15,50115.0,50535.0,50535.0,48535.0
1048,2025-09-15,48146.5,48546.5,50000.0,48000.0
1049,2025-09-15,49690.0,50107.5,50107.5,48107.5
1050,2025-09-15,48880.0,49300.0,50000.0,48000.0
1051,2025-09-15,50095.0,50502.5,50502.5,48502.5
1039,2025-09-16,50358.5,49988.5,51725.0,49725.0
1047,2025-09-16,50535.0,50165.0,50535.0,48535.0
1048,2025-09-16,48546.5,48166.5,50000.0,48000.0
1049,2025-09-16,50107.5,49737.5,50107.5,48107.5
1050,2025-09-16,49300.0,48930.0,50000.0,48000.0
1051,2025-09-16,50502.5,50122.5,50502.5,48502.5
1039,2025-09-17,49988.5,49928.5,51725.0,49725.0
1047,2025-09-17,50165.0,50085.0,50535.0,48535.0
1048,2025-09-17,48166.5,48096.5,50000.0,48000.0
1049,2025-09-17,49737.5,49667.5,50107.5,48107.5
1050,2025-09-17,48930.0,48865.0,50000.0,48000.0
1051,2025-09-17,50122.5,50052.5,50502.5,48502.5
1039,2025-09-18,49928.5,49928.5,51725.0,49725.0
1047,2025-09-18,50085.0,50605.0,50605.0,48605.0
1048,2025-09-18,48096.5,48616.5,50000.0,48000.0
1049,2025-09-18,49667.5,50187.5,50187.5,48187.5
1050,2025-09-18,48865.0,49385.0,50000.0,48000.0
1051,2025-09-18,50052.5,50562.5,50562.5,48562.5
1039,2025-09-19,49928.5,50609.5,51725.0,49725.0
1047,2025-09-19,50605.0,51270.0,51270.0,49270.0
1048,2025-09-19,48616.5,49286.5,50000.0,48000.0
1049,2025-09-19,50187.5,50407.5,50407.5,48407.5
1050,2025-09-19,49385.0,50065.0,50065.0,48065.0
1051,2025-09-19,50562.5,51227.5,51227.5,49227.5
1039,2025-09-22,50609.5,51419.5,51725.0,49725.0
1047,2025-09-22,51270.0,52080.0,52080.0,50080.0
1048,2025-09-22,49286.5,50096.5,50096.5,48096.5
1049,2025-09-22,50407.5,51211.5,51211.5,49211.5
1050,2025-09-22,50065.0,50875.0,50875.0,48875.0
1051,2025-09-22,51227.5,52027.5,52027.5,50027.5
1039,2025-09-23,51419.5,51352.5,51725.0,49725.0
1047,2025-09-23,52080.0,51686.0,52080.0,50080.0
1048,2025-09-23,50096.5,49690.0,50096.5,48096.5
1049,2025-09-23,51211.5,50814.5,51211.5,49211.5
1050,2025-09-23,50875.0,50481.0,50875.0,48875.0
1051,2025-09-23,52027.5,51605.5,52027.5,50027.5
1039,2025-09-24,51352.5,51413.5,51725.0,49725.0
1047,2025-09-24,51686.0,51741.0,52080.0,50080.0
1048,2025-09-24,49690.0,49745.0,50096.5,48096.5
1049,2025-09-24,50814.5,50875.5,51211.5,49211.5
1050,2025-09-24,50481.0,50532.0,50875.0,48875.0
1051,2025-09-24,51605.5,51658.5,52027.5,50027.5
1039,2025-09-25,51413.5,51123.5,51725.0,49725.0
1047,2025-09-25,51741.0,51451.0,52080.0,50080.0
1048,2025-09-25,49745.0,49445.0,50096.5,48096.5
1049,2025-09-25,50875.5,50585.5,51211.5,49211.5
1050,2025-09-25,50532.0,50242.0,50875.0,48875.0
1051,2025-09-25,51658.5,51363.5,52027.5,50027.5
1039,2025-09-26,51123.5,51953.5,51953.5,49953.5
1047,2025-09-26,51451.0,52276.0,52276.0,50276.0
1048,2025-09-26,49445.0,50265.0,50265.0,48265.0
1049,2025-09-26,50585.5,51415.5,51415.5,49415.5
1050,2025-09-26,50242.0,50622.0,50875.0,48875.0
1051,2025-09-26,51363.5,52172.5,52172.5,50172.5
1039,2025-09-29,51953.5,51629.5,51953.5,49953.5
1047,2025-09-29,52276.0,51952.0,52276.0,50276.0
1048,2025-09-29,50265.0,49941.0,50265.0,48265.0
1049,2025-09-29,51415.5,51091.5,51415.5,49415.5
1050,2025-09-29,50622.0,50292.0,50875.0,48875.0
1051,2025-09-29,52172.5,51842.5,52172.5,50172.5
1039,2025-09-30,51629.5,51721.5,51953.5,49953.5
1047,2025-09-30,51952.0,52018.0,52276.0,50276.0
1048,2025-09-30,49941.0,50027.0,50265.0,48265.0
1049,2025-09-30,51091.5,51183.5,51415.5,49415.5
1050,2025-09-30,50292.0,49867.0,50875.0,48875.0
1051,2025-09-30,51842.5,51921.5,52172.5,50172.5
1039,2025-10-01,51721.5,52204.5,52204.5,50204.5
1047,2025-10-01,52018.0,52495.0,52495.0,50495.0
1048,2025-10-01,50027.0,50510.0,50510.0,48510.0
1049,2025-10-01,51183.5,51660.5,51660.5,49660.5
1050,2025-10-01,49867.0,50344.0,50875.0,48875.0
1051,2025-10-01,51921.5,52404.5,52404.5,50404.5
1039,2025-10-02,52204.5,52714.5,52714.5,50714.5
1047,2025-10-02,52495.0,53005.0,53005.0,51005.0
1048,2025-10-02,50510.0,51010.0,51010.0,49010.0
1049,2025-10-02,51660.5,51660.5,51660.5,49660.5
1050,2025-10-02,50344.0,50844.0,50875.0,48875.0
1051,2025-10-02,52404.5,52914.5,52914.5,50914.5
1039,2025-10-03,52714.5,53206.0,53206.0,51206.0
1048,2025-10-03,51010.0,51498.5,51498.5,49498.5
1049,2025-10-03,51660.5,51639.5,51660.5,49660.5
1050,2025-10-03,50844.0,51335.5,51335.5,49335.5
1051,2025-10-03,52914.5,53400.0,53400.0,51400.0
1052,2025-10-03,50000.0,50491.5,50491.5,48491.5
1053,2025-10-03,50000.0,50481.5,50481.5,48481.5
1048,2025-10-06,51498.5,52148.5,52148.5,50148.5
1049,2025-10-06,51639.5,52289.5,52289.5,50289.5
1050,2025-10-06,51335.5,51980.5,51980.5,49980.5
1052,2025-10-06,50491.5,50766.5,50766.5,48766.5
1053,2025-10-06,50481.5,50751.5,50751.5,48751.5
1054,2025-10-06,50000.0,50650.0,50650.0,48650.0
1055,2025-10-06,50000.0,50640.0,50640.0,48640.0
1056,2025-10-06,50000.0,50650.0,50650.0,48650.0
1048,2025-10-07,52148.5,52563.5,52563.5,50563.5
1049,2025-10-07,52289.5,52699.5,52699.5,50699.5
1050,2025-10-07,51980.5,52395.5,52395.5,50395.5
1052,2025-10-07,50766.5,51171.5,51171.5,49171.5
1053,2025-10-07,50751.5,51146.5,51146.5,49146.5
1054,2025-10-07,50650.0,50830.0,50830.0,48830.0
1055,2025-10-07,50640.0,51315.0,51315.0,49315.0
1056,2025-10-07,50650.0,51065.0,51065.0,49065.0
1048,2025-10-08,52563.5,53073.5,53073.5,51073.5
1049,2025-10-08,52699.5,53209.5,53209.5,51209.5
1050,2025-10-08,52395.5,52905.5,52905.5,50905.5
1052,2025-10-08,51171.5,51681.5,51681.5,49681.5
1053,2025-10-08,51146.5,51656.5,51656.5,49656.5
1054,2025-10-08,50830.0,51340.0,51340.0,49340.0
1055,2025-10-08,51315.0,51825.0,51825.0,49825.0
1056,2025-10-08,51065.0,51565.0,51565.0,49565.0
1050,2025-10-09,52905.5,53093.0,53093.0,51093.0
1052,2025-10-09,51681.5,51609.0,51681.5,49681.5
1053,2025-10-09,51656.5,51124.0,51656.5,49656.5
1054,2025-10-09,51340.0,51257.5,51340.0,49340.0
1055,2025-10-09,51825.0,51742.5,51825.0,49825.0
1056,2025-10-09,51565.0,51467.5,51565.0,49565.0
1057,2025-10-09,50000.0,49882.5,50000.0,48000.0
1058,2025-10-09,50000.0,49927.5,50000.0,48000.0
1052,2025-10-10,50809.0,50509.0,51681.5,49681.5
1053,2025-10-10,51124.0,51015.5,51656.5,49656.5
1054,2025-10-10,51257.5,51104.0,51340.0,49340.0
1055,2025-10-10,51742.5,51628.0,51825.0,49825.0
1056,2025-10-10,51467.5,51336.0,51565.0,49565.0
1057,2025-10-10,49882.5,50043.0,50043.0,48043.0
1058,2025-10-10,49927.5,49320.0,50000.0,48000.0
1059,2025-10-10,50000.0,49885.5,50000.0,48000.0
1052,2025-10-13,50509.0,50234.0,51681.5,49681.5
1053,2025-10-13,51015.5,50400.5,51656.5,49656.5
1054,2025-10-13,51104.0,50824.0,51340.0,49340.0
1055,2025-10-13,50828.0,50218.0,51825.0,49825.0
1056,2025-10-13,51336.0,51061.0,51565.0,49565.0
1057,2025-10-13,50043.0,49428.0,50043.0,48043.0
1058,2025-10-13,49320.0,48700.0,50000.0,48000.0
1059,2025-10-13,49885.5,49265.5,50000.0,48000.0
1060,2025-10-13,150000.0,148798.0,150000.0,145500.0
1052,2025-10-14,50234.0,49722.5,51681.5,49681.5
1053,2025-10-14,50400.5,49856.5,51656.5,49656.5
1054,2025-10-14,50824.0,50289.5,51340.0,49340.0
1055,2025-10-14,50218.0,49706.5,51825.0,49825.0
1056,2025-10-14,51061.0,50297.0,51565.0,49565.0
1057,2025-10-14,49428.0,48675.5,50043.0,48043.0
1058,2025-10-14,48700.0,48143.5,50000.0,48000.0
1059,2025-10-14,49265.5,48738.0,50000.0,48000.0
1060,2025-10-14,148798.0,147328.0,150000.0,145500.0
1061,2025-10-14,50000.0,49473.5,50000.0,48000.0
1052,2025-10-15,49722.5,49044.5,51681.5,49681.5
1053,2025-10-15,49856.5,49526.5,51656.5,49656.5
1054,2025-10-15,50289.5,49603.5,51340.0,49340.0
1056,2025-10-15,50297.0,49949.0,51565.0,49565.0
1057,2025-10-15,48675.5,47992.5,50043.0,48043.0
1058,2025-10-15,48143.5,47813.5,50000.0,48000.0
1059,2025-10-15,48738.0,48060.0,50000.0,48000.0
1060,2025-10-15,147328.0,145532.0,150000.0,145500.0
1061,2025-10-15,49473.5,48782.5,50000.0,48000.0
1062,2025-10-15,50000.0,49312.0,50000.0,48000.0
1054,2025-10-16,49603.5,49491.0,51340.0,49340.0
1056,2025-10-16,49949.0,50129.0,51565.0,49565.0
1059,2025-10-16,48060.0,48245.0,50000.0,48000.0
1060,2025-10-16,145532.0,145318.0,150000.0,145500.0
1061,2025-10-16,48782.5,48640.0,50000.0,48000.0
1062,2025-10-16,49312.0,49177.0,50000.0,48000.0
1063,2025-10-16,50000.0,49887.5,50000.0,48000.0
1054,2025-10-17,49491.0,49421.0,51340.0,49340.0
1056,2025-10-17,50129.0,50059.0,51565.0,49565.0
1059,2025-10-17,48245.0,48169.0,50000.0,48000.0
1061,2025-10-17,48640.0,48564.0,50000.0,48000.0
1062,2025-10-17,49177.0,49097.0,50000.0,48000.0
1063,2025-10-17,49887.5,49817.5,50000.0,48000.0
1064,2025-10-17,150000.0,151378.0,151378.0,146878.0
1054,2025-10-20,49421.0,48806.0,51340.0,49340.0
1056,2025-10-20,50059.0,49416.0,51565.0,49565.0
1059,2025-10-20,48169.0,47809.0,50000.0,48000.0
1061,2025-10-20,48564.0,47949.0,50000.0,48000.0
1062,2025-10-20,49097.0,48482.0,50000.0,48000.0
1063,2025-10-20,49817.5,49202.5,50000.0,48000.0
1064,2025-10-20,151378.0,150530.0,151378.0,146878.0
1056,2025-10-21,50000.0,50342.5,50342.5,48342.5
1062,2025-10-21,48482.0,48824.5,50000.0,48000.0
1063,2025-10-21,49202.5,49545.0,50000.0,48000.0
1064,2025-10-21,150530.0,151214.0,151378.0,146878.0
1056,2025-10-22,50342.5,49470.0,50342.5,48342.5
1062,2025-10-22,48824.5,48492.0,50000.0,48000.0
1063,2025-10-22,49545.0,49192.5,50000.0,48000.0
1064,2025-10-22,151214.0,151115.0,151378.0,146878.0
1065,2025-10-22,50000.0,49652.5,50000.0,48000.0
1056,2025-10-23,49470.0,49630.0,50342.5,48342.5
1062,2025-10-23,48492.0,48652.0,50000.0,48000.0
1063,2025-10-23,49192.5,49342.5,50000.0,48000.0
1064,2025-10-23,151115.0,151423.0,151423.0,146923.0
1065,2025-10-23,49652.5,49807.5,50000.0,48000.0
1056,2025-10-24,49630.0,49340.0,50342.5,48342.5
1062,2025-10-24,48652.0,48866.0,50000.0,48000.0
1063,2025-10-24,49342.5,49553.5,50000.0,48000.0
1064,2025-10-24,151423.0,152487.0,152487.0,147987.0
1065,2025-10-24,49807.5,50021.5,50021.5,48021.5
1066,2025-10-24,50000.0,50214.0,50214.0,48214.0
1056,2025-10-27,49340.0,49661.5,50342.5,48342.5
1062,2025-10-27,48866.0,49177.5,50000.0,48000.0
1063,2025-10-27,49553.5,49875.0,50000.0,48000.0
1064,2025-10-27,152487.0,152698.0,152698.0,148198.0
1065,2025-10-27,50021.5,50326.5,50326.5,48326.5
1066,2025-10-27,50214.0,50525.5,50525.5,48525.5
1056,2025-10-28,49661.5,49332.5,50342.5,48342.5
1062,2025-10-28,49177.5,48593.5,50000.0,48000.0
1063,2025-10-28,49875.0,49555.0,50000.0,48000.0
1064,2025-10-28,152698.0,150826.0,152698.0,148198.0
1065,2025-10-28,50326.5,49745.5,50326.5,48326.5
1066,2025-10-28,50525.5,50179.5,50525.5,48525.5
1056,2025-10-29,49332.5,49558.5,50342.5,48342.5
1062,2025-10-29,48593.5,48803.5,50000.0,48000.0
1063,2025-10-29,49555.0,49781.0,50000.0,48000.0
1064,2025-10-29,150826.0,150884.0,152698.0,148198.0
1065,2025-10-29,49745.5,49958.5,50326.5,48326.5
1066,2025-10-29,50179.5,50715.5,50715.5,48715.5
1056,2025-10-30,49558.5,49528.5,50342.5,48342.5
1062,2025-10-30,48803.5,48803.5,50000.0,48000.0
1063,2025-10-30,49781.0,49751.0,50000.0,48000.0
1064,2025-10-30,150884.0,150828.0,152698.0,148198.0
1065,2025-10-30,49958.5,49893.5,50326.5,48326.5
1066,2025-10-30,50715.5,50685.5,50715.5,48715.5
1056,2025-10-31,49528.5,49183.5,50342.5,48342.5
1062,2025-10-31,48803.5,48458.5,50000.0,48000.0
1063,2025-10-31,49751.0,49396.0,50000.0,48000.0
1064,2025-10-31,150828.0,150130.0,152698.0,148198.0
1065,2025-10-31,49893.5,49548.5,50326.5,48326.5
1066,2025-10-31,50685.5,50340.5,50715.5,48715.5
1056,2025-11-03,49183.5,48541.5,50342.5,48342.5
1062,2025-11-03,48458.5,48176.5,50000.0,48000.0
1063,2025-11-03,49396.0,48433.0,50000.0,48000.0
1064,2025-11-03,150130.0,147366.0,152698.0,148198.0
1065,2025-11-03,49548.5,48575.5,50326.5,48326.5
1066,2025-11-03,50340.5,49367.5,50715.5,48715.5
1056,2025-11-04,48541.5,48307.5,50342.5,48342.5
1062,2025-11-04,48176.5,47932.5,50000.0,48000.0
1063,2025-11-04,48433.0,48173.0,50000.0,48000.0
1065,2025-11-04,48575.5,48321.5,50326.5,48326.5
1066,2025-11-04,49367.5,49113.5,50715.5,48715.5
1063,2025-11-05,48173.0,48144.0,50000.0,48000.0
1066,2025-11-05,49113.5,49076.5,50715.5,48715.5
1067,2025-11-05,50000.0,49971.0,50000.0,48000.0
1063,2025-11-06,48144.0,48734.0,50000.0,48000.0
1066,2025-11-06,49076.5,49666.5,50715.5,48715.5
1067,2025-11-06,49971.0,50556.0,50556.0,48556.0
1063,2025-11-07,48734.0,49518.5,50000.0,48000.0
1066,2025-11-07,49666.5,50443.0,50715.5,48715.5
1067,2025-11-07,50556.0,51310.5,51310.5,49310.5
1068,2025-11-07,50000.0,50147.5,50147.5,48147.5
1063,2025-11-10,49518.5,49228.5,50000.0,48000.0
1066,2025-11-10,50443.0,50153.0,50715.5,48715.5
1067,2025-11-10,51310.5,51000.5,51310.5,49310.5
1068,2025-11-10,50147.5,49847.5,50147.5,48147.5
1069,2025-11-10,150000.0,149412.0,150000.0,145500.0
1063,2025-11-11,49228.5,48883.5,50000.0,48000.0
1066,2025-11-11,50153.0,49798.0,50715.5,48715.5
1067,2025-11-11,51000.5,50630.5,51310.5,49310.5
1068,2025-11-11,49847.5,49242.5,50147.5,48147.5
1069,2025-11-11,149412.0,148758.0,150000.0,145500.0
1070,2025-11-11,50000.0,49630.0,50000.0,48000.0
1063,2025-11-12,48883.5,48286.5,50000.0,48000.0
1066,2025-11-12,49798.0,49201.0,50715.5,48715.5
1067,2025-11-12,50630.5,50033.5,51310.5,49310.5
1068,2025-11-12,49242.5,48645.5,50147.5,48147.5
1069,2025-11-12,148758.0,147162.0,150000.0,145500.0
1070,2025-11-12,49630.0,49008.0,50000.0,48000.0
1063,2025-11-13,48286.5,48571.5,50000.0,48000.0
1066,2025-11-13,49201.0,49728.5,50715.5,48715.5
1067,2025-11-13,50033.5,50543.5,51310.5,49310.5
1068,2025-11-13,48645.5,49145.5,50147.5,48147.5
1069,2025-11-13,147162.0,147051.0,150000.0,145500.0
1070,2025-11-13,49008.0,48910.5,50000.0,48000.0
1063,2025-11-14,48571.5,47982.0,50000.0,48000.0
1066,2025-11-14,49728.5,49139.0,50715.5,48715.5
1067,2025-11-14,50543.5,49951.0,51310.5,49310.5
1068,2025-11-14,49145.5,48553.0,50147.5,48147.5
1069,2025-11-14,147051.0,145923.0,150000.0,145500.0
1070,2025-11-14,48910.5,48296.0,50000.0,48000.0
1066,2025-11-17,49139.0,49254.0,50715.5,48715.5
1067,2025-11-17,49951.0,50056.0,51310.5,49310.5
1068,2025-11-17,48553.0,48973.0,50147.5,48147.5
1069,2025-11-17,145923.0,145737.0,150000.0,145500.0
1070,2025-11-17,48296.0,48411.0,50000.0,48000.0
1066,2025-11-18,49254.0,49341.5,50715.5,48715.5
1067,2025-11-18,50056.0,50131.0,51310.5,49310.5
1068,2025-11-18,48973.0,48638.0,50147.5,48147.5
1069,2025-11-18,145737.0,145886.0,150000.0,145500.0
1070,2025-11-18,48411.0,48498.5,50000.0,48000.0
1071,2025-11-18,50000.0,50087.5,50087.5,48087.5
1066,2025-11-19,49341.5,49341.5,50715.5,48715.5
1067,2025-11-19,50131.0,50131.0,51310.5,49310.5
1068,2025-11-19,48638.0,48638.0,50147.5,48147.5
1069,2025-11-19,145886.0,145886.0,150000.0,145500.0
1070,2025-11-19,48498.5,48498.5,50000.0,48000.0
1071,2025-11-19,50087.5,50087.5,50087.5,48087.5
1066,2025-11-20,49341.5,49179.0,50715.5,48715.5
1067,2025-11-20,50131.0,49943.5,51310.5,49310.5
1068,2025-11-20,48638.0,48455.5,50147.5,48147.5
1069,2025-11-20,145886.0,145546.0,150000.0,145500.0
1070,2025-11-20,48498.5,48316.0,50000.0,48000.0
1071,2025-11-20,50087.5,49915.0,50087.5,48087.5
1066,2025-11-21,49179.0,48899.0,50715.5,48715.5
1067,2025-11-21,49943.5,49663.5,51310.5,49310.5
1068,2025-11-21,48455.5,48455.5,50147.5,48147.5
1069,2025-11-21,145546.0,144998.0,150000.0,145500.0
1070,2025-11-21,48316.0,48036.0,50000.0,48000.0
1071,2025-11-21,49915.0,49635.0,50087.5,48087.5
1066,2025-11-24,48899.0,49064.0,50715.5,48715.5
1067,2025-11-24,49663.5,49813.5,51310.5,49310.5
1068,2025-11-24,48455.5,48595.5,50147.5,48147.5
1070,2025-11-24,48036.0,48201.0,50000.0,48000.0
1071,2025-11-24,49635.0,50095.0,50095.0,48095.0
1072,2025-11-24,50000.0,50145.0,50145.0,48145.0
1066,2025-11-25,49064.0,49159.0,50715.5,48715.5
1067,2025-11-25,49813.5,49908.5,51310.5,49310.5
1068,2025-11-25,48595.5,48670.5,50147.5,48147.5
1070,2025-11-25,48201.0,48296.0,50000.0,48000.0
1071,2025-11-25,50095.0,50190.0,50190.0,48190.0
1072,2025-11-25,50145.0,50227.5,50227.5,48227.5
1066,2025-11-26,49159.0,50259.0,50715.5,48715.5
1067,2025-11-26,49908.5,50986.0,51310.5,49310.5
1068,2025-11-26,48670.5,49758.0,50147.5,48147.5
1070,2025-11-26,48296.0,49118.5,50000.0,48000.0
1071,2025-11-26,50190.0,51229.0,51229.0,49229.0
1072,2025-11-26,50227.5,51310.0,51310.0,49310.0
1066,2025-11-27,50259.0,49724.0,50715.5,48715.5
1067,2025-11-27,50986.0,50451.0,51310.5,49310.5
1068,2025-11-27,49758.0,49223.0,50147.5,48147.5
1070,2025-11-27,49118.5,48583.5,50000.0,48000.0
1071,2025-11-27,51229.0,50674.0,51229.0,49229.0
1072,2025-11-27,51310.0,50775.0,51310.0,49310.0
1066,2025-11-28,49724.0,49096.5,50715.5,48715.5
1067,2025-11-28,50451.0,49798.5,51310.5,49310.5
1068,2025-11-28,49223.0,48925.5,50147.5,48147.5
1070,2025-11-28,48583.5,47956.0,50000.0,48000.0
1071,2025-11-28,50674.0,50036.5,51229.0,49229.0
1072,2025-11-28,50775.0,50415.0,51310.0,49310.0
1066,2025-12-01,49096.5,49166.5,50715.5,48715.5
1067,2025-12-01,49798.5,49868.5,51310.5,49310.5
1068,2025-12-01,48925.5,48605.5,50147.5,48147.5
1071,2025-12-01,50036.5,50096.5,51229.0,49229.0
1072,2025-12-01,50415.0,50485.0,51310.0,49310.0
1073,2025-12-01,50000.0,50030.0,50030.0,48030.0
1066,2025-12-02,49166.5,49326.5,50715.5,48715.5
1067,2025-12-02,49868.5,50003.5,51310.5,49310.5
1068,2025-12-02,48605.5,48760.5,50147.5,48147.5
1071,2025-12-02,50096.5,50256.5,51229.0,49229.0
1072,2025-12-02,50485.0,50645.0,51310.0,49310.0
1073,2025-12-02,50030.0,50185.0,50185.0,48185.0
1066,2025-12-03,49326.5,49189.0,50715.5,48715.5
1067,2025-12-03,50003.5,50166.0,51310.5,49310.5
1068,2025-12-03,48760.5,48610.5,50147.5,48147.5
1071,2025-12-03,50256.5,50093.0,51229.0,49229.0
1072,2025-12-03,50645.0,50855.0,51310.0,49310.0
1073,2025-12-03,50185.0,50044.5,50185.0,48185.0
1066,2025-12-04,49189.0,48889.0,50715.5,48715.5
1067,2025-12-04,50166.0,49846.0,51310.5,49310.5
1068,2025-12-04,48610.5,48290.5,50147.5,48147.5
1071,2025-12-04,50093.0,49783.0,51229.0,49229.0
1072,2025-12-04,50855.0,50555.0,51310.0,49310.0
1073,2025-12-04,50044.5,49744.5,50185.0,48185.0
1066,2025-12-05,48889.0,49224.0,50715.5,48715.5
1067,2025-12-05,49846.0,50146.0,51310.5,49310.5
1068,2025-12-05,48290.5,48600.5,50147.5,48147.5
1071,2025-12-05,49783.0,50093.0,51229.0,49229.0
1072,2025-12-05,50555.0,50855.0,51310.0,49310.0
1073,2025-12-05,49744.5,50029.5,50185.0,48185.0
1066,2025-12-08,49224.0,48882.0,50715.5,48715.5
1067,2025-12-08,50146.0,49798.0,51310.5,49310.5
1068,2025-12-08,48600.5,48255.5,50147.5,48147.5
1071,2025-12-08,50093.0,49751.0,51229.0,49229.0
1072,2025-12-08,50855.0,50513.0,51310.0,49310.0
1073,2025-12-08,50029.5,50029.5,50185.0,48185.0
1066,2025-12-09,48882.0,48577.0,50715.5,48715.5
1067,2025-12-09,49798.0,49483.0,51310.5,49310.5
1068,2025-12-09,48255.5,47940.5,50147.5,48147.5
1071,2025-12-09,49751.0,49751.0,51229.0,49229.0
1072,2025-12-09,50513.0,50208.0,51310.0,49310.0
1073,2025-12-09,50029.5,49714.5,50185.0,48185.0
1067,2025-12-10,49483.0,49198.0,51310.5,49310.5
1068,2025-12-10,50000.0,49942.5,50000.0,48000.0
1071,2025-12-10,49751.0,49651.0,51229.0,49229.0
1072,2025-12-10,50208.0,50163.0,51310.0,49310.0
1073,2025-12-10,49714.5,49657.0,50185.0,48185.0
1074,2025-12-10,150000.0,149466.0,150000.0,145500.0
1067,2025-12-11,50000.0,51145.0,51145.0,49145.0
1068,2025-12-11,49942.5,51087.5,51087.5,49087.5
1071,2025-12-11,49651.0,50787.0,51229.0,49229.0
1072,2025-12-11,50163.0,50838.0,51310.0,49310.0
1073,2025-12-11,49657.0,50126.0,50185.0,48185.0
1074,2025-12-11,149466.0,151754.0,151754.0,147254.0
1067,2025-12-12,51145.0,51293.0,51293.0,49293.0
1068,2025-12-12,51087.5,51215.5,51215.5,49215.5
1071,2025-12-12,50787.0,50912.0,51229.0,49229.0
1072,2025-12-12,50838.0,50973.0,51310.0,49310.0
1073,2025-12-12,50126.0,50274.0,50274.0,48274.0
1074,2025-12-12,151754.0,151688.0,151754.0,147254.0
1067,2025-12-15,51293.0,50983.0,51293.0,49293.0
1068,2025-12-15,51215.5,50905.5,51215.5,49215.5
1071,2025-12-15,50912.0,50592.0,51229.0,49229.0
1072,2025-12-15,50973.0,50973.0,51310.0,49310.0
1073,2025-12-15,50274.0,49954.0,50274.0,48274.0
1074,2025-12-15,151688.0,151064.0,151754.0,147254.0
1067,2025-12-16,50983.0,51373.0,51373.0,49373.0
1068,2025-12-16,50905.5,51723.5,51723.5,49723.5
1071,2025-12-16,50592.0,51420.0,51420.0,49420.0
1072,2025-12-16,50973.0,51801.0,51801.0,49801.0
1073,2025-12-16,49954.0,50772.0,50772.0,48772.0
1074,2025-12-16,151064.0,153328.0,153328.0,148828.0
1067,2025-12-17,51373.0,51025.5,51373.0,49373.0
1068,2025-12-17,51723.5,51363.5,51723.5,49723.5
1071,2025-12-17,51420.0,51072.5,51420.0,49420.0
1072,2025-12-17,51801.0,51428.5,51801.0,49801.0
1073,2025-12-17,50772.0,50424.5,50772.0,48772.0
1074,2025-12-17,153328.0,152620.0,153328.0,148828.0
1067,2025-12-18,51025.5,51217.5,51373.0,49373.0
1068,2025-12-18,51363.5,51555.5,51723.5,49723.5
1071,2025-12-18,51072.5,51238.5,51420.0,49420.0
1072,2025-12-18,51428.5,51617.5,51801.0,49801.0
1073,2025-12-18,50424.5,50084.5,50772.0,48772.0
1074,2025-12-18,152620.0,153724.0,153724.0,149224.0
1067,2025-12-19,51217.5,51422.5,51422.5,49422.5
1068,2025-12-19,51555.5,51750.5,51750.5,49750.5
1071,2025-12-19,51238.5,51438.5,51438.5,49438.5
1072,2025-12-19,51617.5,51812.5,51812.5,49812.5
1073,2025-12-19,50084.5,50289.5,50772.0,48772.0
1074,2025-12-19,153724.0,153116.0,153724.0,149224.0
1067,2025-12-22,51422.5,50564.5,51422.5,49422.5
1068,2025-12-22,51750.5,50882.5,51750.5,49750.5
1071,2025-12-22,51438.5,50572.5,51438.5,49438.5
1072,2025-12-22,51812.5,51557.5,51812.5,49812.5
1073,2025-12-22,50289.5,49673.5,50772.0,48772.0
1074,2025-12-22,153116.0,151780.0,153724.0,149224.0
1067,2025-12-23,50564.5,50284.5,51422.5,49422.5
1068,2025-12-23,50882.5,50597.5,51750.5,49750.5
1071,2025-12-23,50572.5,50292.5,51438.5,49438.5
1072,2025-12-23,51557.5,51277.5,51812.5,49812.5
1073,2025-12-23,49673.5,49393.5,50772.0,48772.0
1074,2025-12-23,151780.0,151216.0,153724.0,149224.0
1067,2025-12-24,50284.5,49378.5,51422.5,49422.5
1068,2025-12-24,50597.5,49685.5,51750.5,49750.5
1071,2025-12-24,50292.5,49363.5,51438.5,49438.5
1072,2025-12-24,51277.5,50362.5,51812.5,49812.5
1073,2025-12-24,49393.5,48478.5,50772.0,48772.0
1074,2025-12-24,151216.0,148602.0,153724.0,149224.0
1068,2025-12-25,50000.0,49035.0,50000.0,48000.0
1072,2025-12-25,50362.5,49397.5,51812.5,49812.5
1073,2025-12-25,50000.0,49030.0,50000.0,48000.0
1075,2025-12-25,50000.0,49340.0,50000.0,48000.0
1068,2025-12-26,49035.0,48663.0,50000.0,48000.0
1073,2025-12-26,49030.0,48633.0,50000.0,48000.0
1075,2025-12-26,49340.0,48968.0,50000.0,48000.0
1068,2025-12-29,48663.0,48083.0,50000.0,48000.0
1073,2025-12-29,48633.0,48053.0,50000.0,48000.0
1075,2025-12-29,48968.0,48368.0,50000.0,48000.0
1068,2025-12-30,48083.0,48483.0,50000.0,48000.0
1073,2025-12-30,48053.0,48433.0,50000.0,48000.0
1075,2025-12-30,48368.0,48768.0,50000.0,48000.0
1076,2025-12-30,50000.0,50390.0,50390.0,48390.0
1068,2025-12-31,48483.0,49828.0,50000.0,48000.0
1073,2025-12-31,48433.0,49498.0,50000.0,48000.0
1075,2025-12-31,48768.0,49815.5,50000.0,48000.0
1076,2025-12-31,50390.0,51475.0,51475.0,49475.0
1077,2025-12-31,50000.0,51075.0,51075.0,49075.0
1068,2026-01-01,49828.0,50473.0,50473.0,48473.0
1073,2026-01-01,49498.0,50143.0,50143.0,48143.0
1075,2026-01-01,49815.5,50430.5,50430.5,48430.5
1076,2026-01-01,51475.0,52097.5,52097.5,50097.5
1077,2026-01-01,51075.0,51720.0,51720.0,49720.0
1078,2026-01-01,50000.0,50639.0,50639.0,48639.0
1068,2026-01-02,50473.0,49439.5,50473.0,48473.0
1073,2026-01-02,50143.0,49074.5,50143.0,48143.0
1075,2026-01-02,50430.5,49351.5,50430.5,48430.5
1076,2026-01-02,52097.5,51750.0,52097.5,50097.5
1077,2026-01-02,51720.0,50669.0,51720.0,49720.0
1078,2026-01-02,50639.0,49589.5,50639.0,48639.0
1068,2026-01-05,49439.5,49142.0,50473.0,48473.0
1073,2026-01-05,49074.5,48752.0,50143.0,48143.0
1075,2026-01-05,49351.5,49054.0,50430.5,48430.5
1076,2026-01-05,51750.0,51440.0,52097.5,50097.5
1077,2026-01-05,50669.0,50346.5,51720.0,49720.0
1078,2026-01-05,49589.5,49292.0,50639.0,48639.0
1068,2026-01-06,49142.0,49142.0,50473.0,48473.0
1073,2026-01-06,48752.0,48752.0,50143.0,48143.0
1075,2026-01-06,49054.0,49054.0,50430.5,48430.5
1076,2026-01-06,51440.0,51440.0,52097.5,50097.5
1077,2026-01-06,50346.5,50346.5,51720.0,49720.0
1078,2026-01-06,49292.0,49292.0,50639.0,48639.0
1068,2026-01-07,49142.0,48572.0,50473.0,48473.0
1073,2026-01-07,48752.0,48182.0,50143.0,48143.0
1075,2026-01-07,49054.0,48459.0,50430.5,48430.5
1076,2026-01-07,51440.0,50840.0,52097.5,50097.5
1077,2026-01-07,50346.5,50111.5,51720.0,49720.0
1078,2026-01-07,49292.0,48712.0,50639.0,48639.0
1068,2026-01-08,48572.0,48013.0,50473.0,48473.0
1073,2026-01-08,48182.0,47623.0,50143.0,48143.0
1075,2026-01-08,48459.0,48195.0,50430.5,48430.5
1076,2026-01-08,50840.0,50271.0,52097.5,50097.5
1077,2026-01-08,50111.5,49549.5,51720.0,49720.0
1078,2026-01-08,48712.0,48153.0,50639.0,48639.0
1076,2026-01-09,50271.0,49608.0,52097.5,50097.5
1077,2026-01-09,50000.0,49337.0,50000.0,48000.0
1076,2026-01-12,50000.0,50000.0,50000.0,48000.0
1077,2026-01-12,49337.0,49702.0,50000.0,48000.0
1076,2026-01-13,50000.0,49736.0,50000.0,48000.0
1077,2026-01-13,49702.0,49735.0,50000.0,48000.0
1079,2026-01-13,50000.0,50031.0,50031.0,48031.0
1076,2026-01-14,49736.0,49421.0,50000.0,48000.0
1077,2026-01-14,49735.0,49394.5,50000.0,48000.0
1079,2026-01-14,50031.0,49111.0,50031.0,48031.0
1080,2026-01-14,50000.0,49679.0,50000.0,48000.0
1076,2026-01-15,49421.0,49849.5,50000.0,48000.0
1077,2026-01-15,49394.5,49338.0,50000.0,48000.0
1079,2026-01-15,49111.0,49836.0,50031.0,48031.0
1080,2026-01-15,49679.0,50074.5,50074.5,48074.5
1076,2026-01-16,49849.5,49527.0,50000.0,48000.0
1077,2026-01-16,49338.0,48754.0,50000.0,48000.0
1079,2026-01-16,49836.0,49252.0,50031.0,48031.0
1080,2026-01-16,50074.5,49752.0,50074.5,48074.5
1081,2026-01-16,50000.0,49428.5,50000.0,48000.0
1076,2026-01-19,49527.0,48817.0,50000.0,48000.0
1077,2026-01-19,48754.0,48044.0,50000.0,48000.0
1079,2026-01-19,49252.0,48542.0,50031.0,48031.0
1080,2026-01-19,49752.0,49037.0,50074.5,48074.5
1081,2026-01-19,49428.5,48713.5,50000.0,48000.0
1082,2026-01-19,50000.0,49260.0,50000.0,48000.0
1076,2026-01-20,48817.0,49437.0,50000.0,48000.0
1077,2026-01-20,48044.0,48414.0,50000.0,48000.0
1079,2026-01-20,48542.0,49533.0,50031.0,48031.0
1080,2026-01-20,49037.0,50017.0,50074.5,48074.5
1081,2026-01-20,48713.5,49693.5,50000.0,48000.0
1082,2026-01-20,49260.0,49980.0,50000.0,48000.0
1076,2026-01-21,49437.0,49152.0,50000.0,48000.0
1077,2026-01-21,48414.0,48129.0,50000.0,48000.0
1079,2026-01-21,49533.0,49878.0,50031.0,48031.0
1080,2026-01-21,50017.0,50352.0,50352.0,48352.0
1081,2026-01-21,49693.5,50028.5,50028.5,48028.5
1082,2026-01-21,49980.0,50600.0,50600.0,48600.0
1076,2026-01-22,49152.0,49207.0,50000.0,48000.0
1077,2026-01-22,48129.0,47819.0,50000.0,48000.0
1079,2026-01-22,49878.0,49568.0,50031.0,48031.0
1080,2026-01-22,50352.0,50394.5,50394.5,48394.5
1081,2026-01-22,50028.5,50073.5,50073.5,48073.5
1082,2026-01-22,50600.0,50630.0,50630.0,48630.0
1076,2026-01-23,49207.0,49709.5,50000.0,48000.0
1077,2026-01-23,50000.0,50502.5,50502.5,48502.5
1079,2026-01-23,49568.0,50070.5,50070.5,48070.5
1080,2026-01-23,50394.5,50394.5,50394.5,48394.5
1081,2026-01-23,50073.5,50576.0,50576.0,48576.0
1082,2026-01-23,50630.0,51132.5,51132.5,49132.5
1076,2026-01-26,49709.5,49916.5,50000.0,48000.0
1077,2026-01-26,50502.5,50696.5,50696.5,48696.5
1079,2026-01-26,50070.5,50277.5,50277.5,48277.5
1080,2026-01-26,50394.5,50591.5,50591.5,48591.5
1081,2026-01-26,50576.0,50783.0,50783.0,48783.0
1082,2026-01-26,51132.5,51319.5,51319.5,49319.5
1076,2026-01-27,49916.5,50257.5,50257.5,48257.5
1077,2026-01-27,50696.5,50592.5,50696.5,48696.5
1079,2026-01-27,50277.5,50142.5,50277.5,48277.5
1080,2026-01-27,50591.5,50927.5,50927.5,48927.5
1081,2026-01-27,50783.0,51101.5,51101.5,49101.5
1082,2026-01-27,51319.5,51650.5,51650.5,49650.5
1076,2026-01-28,50257.5,49727.5,50257.5,48257.5
1077,2026-01-28,50592.5,50312.5,50696.5,48696.5
1079,2026-01-28,50142.5,49602.5,50277.5,48277.5
1080,2026-01-28,50927.5,50397.5,50927.5,48927.5
1081,2026-01-28,51101.5,50571.5,51101.5,49101.5
1082,2026-01-28,51650.5,51115.5,51650.5,49650.5
1076,2026-01-29,49727.5,49768.0,50257.5,48257.5
1077,2026-01-29,50312.5,50353.0,50696.5,48696.5
1079,2026-01-29,49602.5,49600.5,50277.5,48277.5
1080,2026-01-29,50397.5,50760.5,50927.5,48927.5
1081,2026-01-29,50571.5,50922.0,51101.5,49101.5
1082,2026-01-29,51115.5,51131.0,51650.5,49650.5
1076,2026-01-30,49768.0,49418.0,50257.5,48257.5
1077,2026-01-30,50353.0,50353.0,50696.5,48696.5
1079,2026-01-30,49600.5,49250.5,50277.5,48277.5
1080,2026-01-30,50760.5,50410.5,50927.5,48927.5
1081,2026-01-30,50922.0,50572.0,51101.5,49101.5
1082,2026-01-30,51131.0,50781.0,51650.5,49650.5
1076,2026-02-02,49418.0,49653.0,50257.5,48257.5
1077,2026-02-02,50353.0,50582.0,50696.5,48696.5
1079,2026-02-02,49250.5,49472.5,50277.5,48277.5
1080,2026-02-02,50410.5,50635.5,50927.5,48927.5
1081,2026-02-02,50572.0,50807.0,51101.5,49101.5
1082,2026-02-02,50781.0,51016.0,51650.5,49650.5
1076,2026-02-03,49653.0,49063.0,50257.5,48257.5
1077,2026-02-03,50582.0,49672.0,50696.5,48696.5
1079,2026-02-03,49472.5,48530.0,50277.5,48277.5
1080,2026-02-03,50635.5,49725.5,50927.5,48927.5
1081,2026-02-03,50807.0,49862.0,51101.5,49101.5
1082,2026-02-03,51016.0,50366.0,51650.5,49650.5
1076,2026-02-04,49063.0,48656.5,50257.5,48257.5
1077,2026-02-04,49672.0,49055.0,50696.5,48696.5
1079,2026-02-04,48530.0,48668.5,50277.5,48277.5
1080,2026-02-04,49725.5,49839.0,50927.5,48927.5
1081,2026-02-04,49862.0,50307.5,51101.5,49101.5
1082,2026-02-04,50366.0,50501.5,51650.5,49650.5
1076,2026-02-05,48656.5,48311.5,50257.5,48257.5
1077,2026-02-05,49055.0,48710.0,50696.5,48696.5
1079,2026-02-05,48668.5,48318.5,50277.5,48277.5
1080,2026-02-05,49839.0,49494.0,50927.5,48927.5
1081,2026-02-05,50307.5,49952.5,51101.5,49101.5
1082,2026-02-05,50501.5,50156.5,51650.5,49650.5
1076,2026-02-06,48311.5,47976.5,50257.5,48257.5
1077,2026-02-06,48710.0,48710.0,50696.5,48696.5
1079,2026-02-06,48318.5,48318.5,50277.5,48277.5
1080,2026-02-06,49494.0,49149.0,50927.5,48927.5
1081,2026-02-06,49952.5,49612.5,51101.5,49101.5
1082,2026-02-06,50156.5,49816.5,51650.5,49650.5
1077,2026-02-09,48710.0,49081.0,50696.5,48696.5
1079,2026-02-09,48318.5,48979.5,50277.5,48277.5
1080,2026-02-09,49149.0,49209.0,50927.5,48927.5
1081,2026-02-09,49612.5,49971.5,51101.5,49101.5
1082,2026-02-09,49816.5,50481.5,51650.5,49650.5
1077,2026-02-10,49081.0,49991.0,50696.5,48696.5
1079,2026-02-10,48979.5,50200.5,50277.5,48277.5
1080,2026-02-10,49209.0,50085.0,50927.5,48927.5
1081,2026-02-10,49971.5,50869.0,51101.5,49101.5
1082,2026-02-10,50481.5,51392.5,51650.5,49650.5
1077,2026-02-11,49991.0,50171.0,50696.5,48696.5
1079,2026-02-11,50200.5,50147.5,50277.5,48277.5
1080,2026-02-11,50085.0,50029.0,50927.5,48927.5
1081,2026-02-11,50869.0,50809.0,51101.5,49101.5
1082,2026-02-11,51392.5,51339.5,51650.5,49650.5
1077,2026-02-12,50171.0,49831.0,50696.5,48696.5
1079,2026-02-12,50147.5,49557.5,50277.5,48277.5
1080,2026-02-12,50029.0,49444.0,50927.5,48927.5
1081,2026-02-12,50809.0,50214.0,51101.5,49101.5
1082,2026-02-12,51339.5,50754.5,51650.5,49650.5
1083,2026-02-12,50000.0,49405.0,50000.0,48000.0
1077,2026-02-13,49831.0,50838.5,50838.5,48838.5
1079,2026-02-13,49557.5,50564.0,50564.0,48564.0
1080,2026-02-13,49444.0,50439.0,50927.5,48927.5
1081,2026-02-13,50214.0,51211.5,51211.5,49211.5
1082,2026-02-13,50754.5,51737.0,51737.0,49737.0
1083,2026-02-13,49405.0,50387.5,50387.5,48387.5
1077,2026-02-16,50838.5,50163.5,50838.5,48838.5
1079,2026-02-16,50564.0,49864.0,50564.0,48564.0
1080,2026-02-16,50439.0,49754.0,50927.5,48927.5
1081,2026-02-16,51211.5,50526.5,51211.5,49211.5
1082,2026-02-16,51737.0,51032.0,51737.0,49737.0
1083,2026-02-16,50387.5,49952.5,50387.5,48387.5
1077,2026-02-17,50163.5,50693.5,50838.5,48838.5
1079,2026-02-17,49864.0,50394.0,50564.0,48564.0
1080,2026-02-17,49754.0,50284.0,50927.5,48927.5
1081,2026-02-17,50526.5,51046.5,51211.5,49211.5
1082,2026-02-17,51032.0,51562.0,51737.0,49737.0
1083,2026-02-17,49952.5,50482.5,50482.5,48482.5
1077,2026-02-18,50693.5,50793.5,50838.5,48838.5
1079,2026-02-18,50394.0,51125.0,51125.0,49125.0
1080,2026-02-18,50284.0,51022.0,51022.0,49022.0
1081,2026-02-18,51046.5,51771.5,51771.5,49771.5
1082,2026-02-18,51562.0,52313.0,52313.0,50313.0
1083,2026-02-18,50482.5,51212.5,51212.5,49212.5
1077,2026-02-19,50793.5,49848.5,50838.5,48838.5
1079,2026-02-19,51125.0,50180.0,51125.0,49125.0
1080,2026-02-19,51022.0,50067.0,51022.0,49022.0
1081,2026-02-19,51771.5,50806.5,51771.5,49771.5
1082,2026-02-19,52313.0,51368.0,52313.0,50313.0
1083,2026-02-19,51212.5,50267.5,51212.5,49212.5
1077,2026-02-20,49848.5,50234.5,50838.5,48838.5
1079,2026-02-20,50180.0,50565.0,51125.0,49125.0
1080,2026-02-20,50067.0,50453.0,51022.0,49022.0
1081,2026-02-20,50806.5,51191.5,51771.5,49771.5
1082,2026-02-20,51368.0,51368.0,52313.0,50313.0
1083,2026-02-20,50267.5,50652.5,51212.5,49212.5
1077,2026-02-23,50234.5,49244.5,50838.5,48838.5
1079,2026-02-23,50565.0,49540.0,51125.0,49125.0
1080,2026-02-23,50453.0,49463.0,51022.0,49022.0
1081,2026-02-23,51191.5,50811.5,51771.5,49771.5
1082,2026-02-23,51368.0,50333.0,52313.0,50313.0
1083,2026-02-23,50652.5,49662.5,51212.5,49212.5
1077,2026-02-24,49244.5,49172.0,50838.5,48838.5
1079,2026-02-24,49540.0,50076.5,51125.0,49125.0
1080,2026-02-24,49463.0,50353.0,51022.0,49022.0
1081,2026-02-24,50811.5,51345.0,51771.5,49771.5
1082,2026-02-24,50333.0,50947.0,52313.0,50313.0
1083,2026-02-24,49662.5,49590.0,51212.5,49212.5
1077,2026-02-25,49172.0,49102.0,50838.5,48838.5
1079,2026-02-25,50076.5,50006.5,51125.0,49125.0
1080,2026-02-25,50353.0,50233.0,51022.0,49022.0
1081,2026-02-25,51345.0,51275.0,51771.5,49771.5
1082,2026-02-25,50947.0,50877.0,52313.0,50313.0
1083,2026-02-25,49590.0,49292.5,51212.5,49212.5
1077,2026-02-26,49102.0,48882.5,50838.5,48838.5
1079,2026-02-26,50006.5,49781.0,51125.0,49125.0
1080,2026-02-26,50233.0,49642.5,51022.0,49022.0
1081,2026-02-26,51275.0,51292.5,51771.5,49771.5
1082,2026-02-26,50877.0,50657.5,52313.0,50313.0
1083,2026-02-26,49292.5,49073.0,51212.5,49212.5
1077,2026-02-27,48882.5,49452.5,50838.5,48838.5
1079,2026-02-27,49781.0,50351.0,51125.0,49125.0
1080,2026-02-27,49642.5,50212.5,51022.0,49022.0
1081,2026-02-27,51292.5,51862.5,51862.5,49862.5
1082,2026-02-27,50657.5,51222.5,52313.0,50313.0
1083,2026-02-27,50000.0,50570.0,50570.0,48570.0
1077,2026-03-02,49452.5,49507.5,50838.5,48838.5
1079,2026-03-02,50351.0,50666.0,51125.0,49125.0
1080,2026-03-02,50212.5,50267.5,51022.0,49022.0
1081,2026-03-02,51862.5,51917.5,51917.5,49917.5
1082,2026-03-02,51222.5,51272.5,52313.0,50313.0
1083,2026-03-02,50570.0,50620.0,50620.0,48620.0
1077,2026-03-03,49507.5,49134.5,50838.5,48838.5
1079,2026-03-03,50666.0,50290.0,51125.0,49125.0
1080,2026-03-03,50267.5,49886.5,51022.0,49022.0
1081,2026-03-03,51917.5,51807.5,51917.5,49917.5
1082,2026-03-03,51272.5,50893.5,52313.0,50313.0
1083,2026-03-03,50620.0,50241.0,50620.0,48620.0
1077,2026-03-04,49134.5,48548.5,50838.5,48838.5
1079,2026-03-04,50290.0,49694.0,51125.0,49125.0
1080,2026-03-04,49886.5,49290.5,51022.0,49022.0
1081,2026-03-04,51807.5,51221.5,51917.5,49917.5
1082,2026-03-04,50893.5,50287.5,52313.0,50313.0
1083,2026-03-04,50241.0,49629.0,50620.0,48620.0
1079,2026-03-05,49694.0,48771.0,51125.0,49125.0
1080,2026-03-05,49290.5,48364.5,51022.0,49022.0
1081,2026-03-05,51221.5,50273.5,51917.5,49917.5
1082,2026-03-05,50000.0,49042.0,50000.0,48000.0
1083,2026-03-05,49629.0,48700.0,50620.0,48620.0
1080,2026-03-06,50000.0,49871.5,50000.0,48000.0
1081,2026-03-06,50273.5,50111.0,51917.5,49917.5
1082,2026-03-06,49042.0,48914.5,50000.0,48000.0
1083,2026-03-06,48700.0,48559.0,50620.0,48620.0
1080,2026-03-09,49871.5,50681.5,50681.5,48681.5
1081,2026-03-09,50111.0,50886.0,51917.5,49917.5
1082,2026-03-09,48914.5,49689.5,50000.0,48000.0
1084,2026-03-09,50000.0,50800.0,50800.0,48800.0
1080,2026-03-10,50681.5,50505.5,50681.5,48681.5
1081,2026-03-10,50886.0,50704.0,51917.5,49917.5
1082,2026-03-10,49689.5,49510.5,50000.0,48000.0
1084,2026-03-10,50800.0,50890.5,50890.5,48890.5
1080,2026-03-11,50505.5,51109.5,51109.5,49109.5
1081,2026-03-11,50704.0,51628.0,51917.5,49917.5
1082,2026-03-11,49510.5,50107.5,50107.5,48107.5
1084,2026-03-11,50890.5,51491.5,51491.5,49491.5
1080,2026-03-12,51109.5,50905.0,51109.5,49109.5
1081,2026-03-12,51628.0,51401.0,51917.5,49917.5
1082,2026-03-12,50107.5,49877.5,50107.5,48107.5
1084,2026-03-12,51491.5,51262.0,51491.5,49491.5
1085,2026-03-12,50000.0,49773.0,50000.0,48000.0
1080,2026-03-13,50905.0,50675.0,51109.5,49109.5
1081,2026-03-13,51401.0,51166.0,51917.5,49917.5
1082,2026-03-13,49877.5,49637.5,50107.5,48107.5
1084,2026-03-13,51262.0,50997.0,51491.5,49491.5
1085,2026-03-13,49773.0,49533.0,50000.0,48000.0
1080,2026-03-16,50675.0,50295.0,51109.5,49109.5
1081,2026-03-16,51166.0,50766.0,51917.5,49917.5
1082,2026-03-16,49637.5,49257.5,50107.5,48107.5
1084,2026-03-16,50997.0,50947.0,51491.5,49491.5
1085,2026-03-16,49533.0,49143.0,50000.0,48000.0
1080,2026-03-17,50295.0,50165.0,51109.5,49109.5
1081,2026-03-17,50766.0,50603.5,51917.5,49917.5
1082,2026-03-17,49257.5,49092.5,50107.5,48107.5
1084,2026-03-17,50947.0,50817.0,51491.5,49491.5
1085,2026-03-17,49143.0,49000.5,50000.0,48000.0
1086,2026-03-17,50000.0,49850.0,50000.0,48000.0
1080,2026-03-18,50165.0,50165.0,51109.5,49109.5
1081,2026-03-18,50603.5,50603.5,51917.5,49917.5
1082,2026-03-18,49092.5,49092.5,50107.5,48107.5
1084,2026-03-18,50817.0,50817.0,51491.5,49491.5
1085,2026-03-18,49000.5,49000.5,50000.0,48000.0
1086,2026-03-18,49850.0,49850.0,50000.0,48000.0
1080,2026-03-19,50165.0,50490.0,51109.5,49109.5
1081,2026-03-19,50603.5,50338.5,51917.5,49917.5
1082,2026-03-19,49092.5,49412.5,50107.5,48107.5
1084,2026-03-19,50817.0,51127.0,51491.5,49491.5
1085,2026-03-19,49000.5,48735.5,50000.0,48000.0
1086,2026-03-19,49850.0,50175.0,50175.0,48175.0
1080,2026-03-20,50490.0,50952.5,51109.5,49109.5
1081,2026-03-20,50338.5,50321.0,51917.5,49917.5
1082,2026-03-20,49412.5,50120.0,50120.0,48120.0
1084,2026-03-20,51127.0,52107.0,52107.0,50107.0
1085,2026-03-20,48735.5,49198.0,50000.0,48000.0
1086,2026-03-20,50175.0,50615.0,50615.0,48615.0
1080,2026-03-23,50952.5,50572.5,51109.5,49109.5
1081,2026-03-23,50321.0,49926.0,51917.5,49917.5
1082,2026-03-23,50120.0,49735.0,50120.0,48120.0
1084,2026-03-23,52107.0,51722.0,52107.0,50107.0
1085,2026-03-23,49198.0,49168.0,50000.0,48000.0
1086,2026-03-23,50615.0,50235.0,50615.0,48615.0
1080,2026-03-24,50572.5,50927.5,51109.5,49109.5
1081,2026-03-24,49926.0,50276.0,51917.5,49917.5
1082,2026-03-24,49735.0,50080.0,50120.0,48120.0
1084,2026-03-24,51722.0,52077.0,52107.0,50107.0
1085,2026-03-24,49168.0,49523.0,50000.0,48000.0
1086,2026-03-24,50235.0,50585.0,50615.0,48615.0
1080,2026-03-25,50927.5,50910.5,51109.5,49109.5
1081,2026-03-25,50276.0,50236.0,51917.5,49917.5
1082,2026-03-25,50080.0,50338.0,50338.0,48338.0
1084,2026-03-25,52077.0,52050.0,52107.0,50107.0
1085,2026-03-25,49523.0,49506.0,50000.0,48000.0
1086,2026-03-25,50585.0,49995.0,50615.0,48615.0
1080,2026-03-26,50910.5,51565.5,51565.5,49565.5
1081,2026-03-26,50236.0,50891.0,51917.5,49917.5
1082,2026-03-26,50338.0,50988.0,50988.0,48988.0
1084,2026-03-26,52050.0,52685.0,52685.0,50685.0
1085,2026-03-26,49506.0,50151.0,50151.0,48151.0
1086,2026-03-26,49995.0,50640.0,50640.0,48640.0
1080,2026-03-27,51565.5,50875.5,51565.5,49565.5
1081,2026-03-27,50891.0,50201.0,51917.5,49917.5
1082,2026-03-27,50988.0,50278.0,50988.0,48988.0
1084,2026-03-27,52685.0,51979.0,52685.0,50685.0
1085,2026-03-27,50151.0,49448.0,50151.0,48151.0
1086,2026-03-27,50640.0,50310.0,50640.0,48640.0
1080,2026-03-30,50875.5,50875.5,51565.5,49565.5
1081,2026-03-30,50201.0,50201.0,51917.5,49917.5
1082,2026-03-30,50278.0,50278.0,50988.0,48988.0
1084,2026-03-30,51979.0,51979.0,52685.0,50685.0
1085,2026-03-30,49448.0,49448.0,50151.0,48151.0
1086,2026-03-30,50310.0,50310.0,50640.0,48640.0
1080,2026-03-31,50875.5,51400.5,51565.5,49565.5
1081,2026-03-31,50201.0,50721.0,51917.5,49917.5
1082,2026-03-31,50278.0,50803.0,50988.0,48988.0
1084,2026-03-31,51979.0,52504.0,52685.0,50685.0
1085,2026-03-31,49448.0,49968.0,50151.0,48151.0
1086,2026-03-31,50310.0,50835.0,50835.0,48835.0
1080,2026-04-01,51400.5,52115.5,52115.5,50115.5
1081,2026-04-01,50721.0,51222.0,51917.5,49917.5
1082,2026-04-01,50803.0,51494.0,51494.0,49494.0
1084,2026-04-01,52504.0,53195.0,53195.0,51195.0
1085,2026-04-01,49968.0,50678.0,50678.0,48678.0
1086,2026-04-01,50835.0,51050.0,51050.0,49050.0
1080,2026-04-02,52115.5,51244.5,52115.5,50115.5
1081,2026-04-02,51222.0,50335.0,51917.5,49917.5
1082,2026-04-02,51494.0,50607.0,51494.0,49494.0
1085,2026-04-02,50678.0,50084.0,50678.0,48678.0
1086,2026-04-02,51050.0,50169.0,51050.0,49050.0
1087,2026-04-02,50000.0,49126.0,50000.0,48000.0
1080,2026-04-03,51244.5,51469.5,52115.5,50115.5
1081,2026-04-03,50335.0,50237.5,51917.5,49917.5
1082,2026-04-03,50607.0,50951.5,51494.0,49494.0
1085,2026-04-03,50084.0,50421.0,50678.0,48678.0
1086,2026-04-03,50169.0,50518.5,51050.0,49050.0
1087,2026-04-03,49126.0,49439.5,50000.0,48000.0
1088,2026-04-03,50000.0,50346.5,50346.5,48346.5
1080,2026-04-06,51469.5,50945.5,52115.5,50115.5
1081,2026-04-06,50237.5,49713.5,51917.5,49917.5
1082,2026-04-06,50951.5,50412.0,51494.0,49494.0
1085,2026-04-06,50421.0,49897.0,50678.0,48678.0
1086,2026-04-06,50518.5,49969.5,51050.0,49050.0
1087,2026-04-06,49439.5,48912.5,50000.0,48000.0
1088,2026-04-06,50346.5,49794.5,50346.5,48346.5
1080,2026-04-07,50945.5,50350.0,52115.5,50115.5
1082,2026-04-07,50412.0,49784.0,51494.0,49494.0
1085,2026-04-07,49897.0,49276.5,50678.0,48678.0
1086,2026-04-07,49969.5,49329.0,51050.0,49050.0
1087,2026-04-07,48912.5,48297.0,50000.0,48000.0
1088,2026-04-07,49794.5,49531.0,50346.5,48346.5
1080,2026-04-08,50350.0,50581.0,52115.5,50115.5
1082,2026-04-08,49784.0,50015.0,51494.0,49494.0
1085,2026-04-08,49276.5,49846.5,50678.0,48678.0
1086,2026-04-08,49329.0,49550.0,51050.0,49050.0
1087,2026-04-08,48297.0,48529.0,50000.0,48000.0
1088,2026-04-08,49531.0,49762.0,50346.5,48346.5
1089,2026-04-08,50000.0,50222.0,50222.0,48222.0
1080,2026-04-09,50581.0,49606.0,52115.5,50115.5
1082,2026-04-09,50015.0,49370.0,51494.0,49494.0
1085,2026-04-09,49846.5,49211.5,50678.0,48678.0
1086,2026-04-09,49550.0,48570.0,51050.0,49050.0
1087,2026-04-09,48529.0,47879.0,50000.0,48000.0
1088,2026-04-09,49762.0,48782.0,50346.5,48346.5
1089,2026-04-09,50222.0,49587.0,50222.0,48222.0
1085,2026-04-10,49211.5,48888.5,50678.0,48678.0
1086,2026-04-10,50000.0,50049.0,50049.0,48049.0
1088,2026-04-10,48782.0,48048.0,50346.5,48346.5
1089,2026-04-10,49587.0,49254.0,50222.0,48222.0
1090,2026-04-10,50000.0,49677.0,50000.0,48000.0
1085,2026-04-13,48888.5,48003.5,50678.0,48678.0
1086,2026-04-13,50049.0,49774.0,50049.0,48049.0
1088,2026-04-13,50000.0,49115.0,50000.0,48000.0
1089,2026-04-13,49254.0,48351.5,50222.0,48222.0
1090,2026-04-13,49677.0,48787.0,50000.0,48000.0
1091,2026-04-13,150000.0,148260.0,150000.0,145500.0
1086,2026-04-14,49774.0,50486.5,50486.5,48486.5
1088,2026-04-14,49115.0,49827.5,50000.0,48000.0
1089,2026-04-14,48351.5,49044.0,50222.0,48222.0
1090,2026-04-14,48787.0,49777.0,50000.0,48000.0
1091,2026-04-14,148260.0,149635.0,150000.0,145500.0
1092,2026-04-14,50000.0,50702.5,50702.5,48702.5
1086,2026-04-15,50486.5,50619.5,50619.5,48619.5
1088,2026-04-15,49827.5,49960.5,50000.0,48000.0
1089,2026-04-15,49044.0,49157.0,50222.0,48222.0
1090,2026-04-15,49777.0,49910.0,50000.0,48000.0
1091,2026-04-15,149635.0,149479.0,150000.0,145500.0
1092,2026-04-15,50702.5,50835.5,50835.5,48835.5
1086,2026-04-16,50619.5,50753.5,50753.5,48753.5
1088,2026-04-16,49960.5,50095.5,50095.5,48095.5
1089,2026-04-16,49157.0,49288.0,50222.0,48222.0
1090,2026-04-16,49910.0,50040.0,50040.0,48040.0
1091,2026-04-16,149479.0,149751.0,150000.0,145500.0
1092,2026-04-16,50835.5,50965.5,50965.5,48965.5
1086,2026-04-17,50753.5,50418.5,50753.5,48753.5
1088,2026-04-17,50095.5,49755.5,50095.5,48095.5
1089,2026-04-17,49288.0,48948.0,50222.0,48222.0
1090,2026-04-17,50040.0,49700.0,50040.0,48040.0
1091,2026-04-17,149751.0,149093.0,150000.0,145500.0
1092,2026-04-17,50965.5,50630.5,50965.5,48965.5
1086,2026-04-20,50418.5,50721.0,50753.5,48753.5
1088,2026-04-20,49755.5,50033.0,50095.5,48095.5
1089,2026-04-20,48948.0,49540.5,50222.0,48222.0
1090,2026-04-20,49700.0,49565.0,50040.0,48040.0
1091,2026-04-20,149093.0,150352.0,150352.0,145852.0
1092,2026-04-20,50630.5,50918.0,50965.5,48965.5
1086,2026-04-21,50721.0,49871.0,50753.5,48753.5
1088,2026-04-21,50033.0,49168.0,50095.5,48095.5
1089,2026-04-21,49540.5,48680.5,50222.0,48222.0
1090,2026-04-21,49565.0,48710.0,50040.0,48040.0
1091,2026-04-21,150352.0,149854.0,150352.0,145852.0
1092,2026-04-21,50918.0,50063.0,50965.5,48965.5
1086,2026-04-22,49871.0,50206.0,50753.5,48753.5
1088,2026-04-22,49168.0,49478.0,50095.5,48095.5
1089,2026-04-22,48680.5,49015.5,50222.0,48222.0
1090,2026-04-22,48710.0,49045.0,50040.0,48040.0
1091,2026-04-22,149854.0,150548.0,150548.0,146048.0
1092,2026-04-22,50063.0,50663.0,50965.5,48965.5
1086,2026-04-23,50206.0,48983.5,50753.5,48753.5
1088,2026-04-23,49478.0,48247.5,50095.5,48095.5
1089,2026-04-23,49015.5,47785.0,50222.0,48222.0
1090,2026-04-23,49045.0,48422.5,50040.0,48040.0
1091,2026-04-23,150548.0,148222.0,150548.0,146048.0
1092,2026-04-23,50663.0,49424.5,50965.5,48965.5
1086,2026-04-24,48983.5,48833.5,50753.5,48753.5
1088,2026-04-24,48247.5,48097.5,50095.5,48095.5
1090,2026-04-24,48422.5,47940.0,50040.0,48040.0
1091,2026-04-24,148222.0,146628.0,150548.0,146048.0
1092,2026-04-24,49424.5,48942.0,50965.5,48965.5
1093,2026-04-24,50000.0,49775.0,50000.0,48000.0
1086,2026-04-27,48833.5,49211.0,50753.5,48753.5
1088,2026-04-27,48097.5,48127.5,50095.5,48095.5
1091,2026-04-27,146628.0,146769.0,150548.0,146048.0
1093,2026-04-27,49775.0,49782.5,50000.0,48000.0
1086,2026-04-28,49211.0,49503.5,50753.5,48753.5
1088,2026-04-28,48127.5,48400.0,50095.5,48095.5
1091,2026-04-28,146769.0,147333.0,150548.0,146048.0
1093,2026-04-28,49782.5,50055.0,50055.0,48055.0
1094,2026-04-28,50000.0,50590.0,50590.0,48590.0
1086,2026-04-29,49503.5,49377.5,50753.5,48753.5
1088,2026-04-29,48400.0,48269.0,50095.5,48095.5
1091,2026-04-29,147333.0,146673.0,150548.0,146048.0
1093,2026-04-29,50055.0,49928.0,50055.0,48055.0
1094,2026-04-29,50590.0,50450.0,50590.0,48590.0
1095,2026-04-29,50000.0,49864.0,50000.0,48000.0
1086,2026-04-30,49377.5,50337.5,50753.5,48753.5
1088,2026-04-30,48269.0,49229.0,50095.5,48095.5
1091,2026-04-30,146673.0,148615.0,150548.0,146048.0
1093,2026-04-30,49928.0,50843.0,50843.0,48843.0
1094,2026-04-30,50450.0,51405.0,51405.0,49405.0
1095,2026-04-30,49864.0,50809.0,50809.0,48809.0
1086,2026-05-01,50337.5,50017.5,50753.5,48753.5
1088,2026-05-01,49229.0,48909.0,50095.5,48095.5
1091,2026-05-01,148615.0,147947.0,150548.0,146048.0
1093,2026-05-01,50843.0,50523.0,50843.0,48843.0
1094,2026-05-01,51405.0,51085.0,51405.0,49405.0
1095,2026-05-01,50809.0,50489.0,50809.0,48809.0
1086,2026-05-04,50017.5,50111.5,50753.5,48753.5
1088,2026-05-04,48909.0,48997.0,50095.5,48095.5
1091,2026-05-04,147947.0,148625.0,150548.0,146048.0
1093,2026-05-04,50523.0,50611.0,50843.0,48843.0
1094,2026-05-04,51085.0,51454.0,51454.0,49454.0
1095,2026-05-04,50489.0,50573.0,50809.0,48809.0
1086,2026-05-05,50111.5,50631.5,50753.5,48753.5
1088,2026-05-05,48997.0,49517.0,50095.5,48095.5
1091,2026-05-05,148625.0,148939.0,150548.0,146048.0
1093,2026-05-05,50611.0,50746.0,50843.0,48843.0
1094,2026-05-05,51454.0,51599.0,51599.0,49599.0
1095,2026-05-05,50573.0,50708.0,50809.0,48809.0
1086,2026-05-06,50631.5,50661.5,50753.5,48753.5
1088,2026-05-06,49517.0,49517.0,50095.5,48095.5
1091,2026-05-06,148939.0,149631.0,150548.0,146048.0
1093,2026-05-06,50746.0,50756.0,50843.0,48843.0
1094,2026-05-06,51599.0,51609.0,51609.0,49609.0
1095,2026-05-06,50708.0,50718.0,50809.0,48809.0
1086,2026-05-07,50661.5,50364.0,50753.5,48753.5
1088,2026-05-07,49517.0,49197.0,50095.5,48095.5
1091,2026-05-07,149631.0,149590.0,150548.0,146048.0
1093,2026-05-07,50756.0,50438.5,50843.0,48843.0
1094,2026-05-07,51609.0,51301.5,51609.0,49609.0
1095,2026-05-07,50718.0,50410.5,50809.0,48809.0
1086,2026-05-08,50364.0,49390.5,50753.5,48753.5
1088,2026-05-08,49197.0,48207.5,50095.5,48095.5
1091,2026-05-08,149590.0,147383.0,150548.0,146048.0
1093,2026-05-08,50438.5,49450.0,50843.0,48843.0
1094,2026-05-08,51301.5,50290.0,51609.0,49609.0
1095,2026-05-08,50410.5,49437.0,50809.0,48809.0
1086,2026-05-11,49390.5,49925.5,50753.5,48753.5
1088,2026-05-11,48207.5,48722.5,50095.5,48095.5
1091,2026-05-11,147383.0,147411.0,150548.0,146048.0
1093,2026-05-11,49450.0,49965.0,50843.0,48843.0
1094,2026-05-11,50290.0,50820.0,51609.0,49609.0
1095,2026-05-11,49437.0,49972.0,50809.0,48809.0
1086,2026-05-12,49925.5,50230.0,50753.5,48753.5
1088,2026-05-12,48722.5,49008.5,50095.5,48095.5
1091,2026-05-12,147411.0,147672.0,150548.0,146048.0
1093,2026-05-12,49965.0,50023.5,50843.0,48843.0
1094,2026-05-12,50820.0,51112.0,51609.0,49609.0
1095,2026-05-12,49972.0,50276.5,50809.0,48809.0
1086,2026-05-13,50230.0,50987.5,50987.5,48987.5
1088,2026-05-13,49008.5,49456.0,50095.5,48095.5
1091,2026-05-13,147672.0,148563.0,150548.0,146048.0
1093,2026-05-13,50023.5,50193.5,50843.0,48843.0
1094,2026-05-13,51112.0,51524.5,51609.0,49609.0
1095,2026-05-13,50276.5,50699.0,50809.0,48809.0
1086,2026-05-14,50987.5,51357.5,51357.5,49357.5
1088,2026-05-14,49456.0,49495.0,50095.5,48095.5
1091,2026-05-14,148563.0,148677.0,150548.0,146048.0
1093,2026-05-14,50193.5,50540.0,50843.0,48843.0
1094,2026-05-14,51524.5,51879.5,51879.5,49879.5
1095,2026-05-14,50699.0,51056.5,51056.5,49056.5
1086,2026-05-15,51357.5,52492.5,52492.5,50492.5
1088,2026-05-15,49495.0,50615.0,50615.0,48615.0
1091,2026-05-15,148677.0,150949.0,150949.0,146449.0
1093,2026-05-15,50540.0,51305.0,51305.0,49305.0
1094,2026-05-15,51879.5,53004.5,53004.5,51004.5
1095,2026-05-15,51056.5,52166.5,52166.5,50166.5
1086,2026-05-18,52492.5,52268.5,52492.5,50492.5
1088,2026-05-18,50615.0,50380.0,50615.0,48615.0
1091,2026-05-18,150949.0,150585.0,150949.0,146449.0
1093,2026-05-18,51305.0,51070.0,51305.0,49305.0
1095,2026-05-18,52166.5,52226.5,52226.5,50226.5
1096,2026-05-18,50000.0,49767.0,50000.0,48000.0
1097,2026-05-18,150000.0,149656.0,150000.0,145500.0
1086,2026-05-19,52268.5,51711.0,52492.5,50492.5
1088,2026-05-19,50380.0,50145.0,50615.0,48615.0
1091,2026-05-19,150585.0,149419.0,150949.0,146449.0
1093,2026-05-19,51070.0,50475.0,51305.0,49305.0
1095,2026-05-19,52226.5,51644.0,52226.5,50226.5
1096,2026-05-19,49767.0,49767.0,50000.0,48000.0
1097,2026-05-19,149656.0,148565.0,150000.0,145500.0
1086,2026-05-20,51711.0,52161.0,52492.5,50492.5
1088,2026-05-20,50145.0,50575.0,50615.0,48615.0
1091,2026-05-20,149419.0,150291.0,150949.0,146449.0
1093,2026-05-20,50475.0,50925.0,51305.0,49305.0
1095,2026-05-20,51644.0,52074.0,52226.5,50226.5
1096,2026-05-20,49767.0,50217.0,50217.0,48217.0
1097,2026-05-20,148565.0,149457.0,150000.0,145500.0
1086,2026-05-21,52161.0,51626.0,52492.5,50492.5
1088,2026-05-21,50575.0,50020.0,50615.0,48615.0
1091,2026-05-21,150291.0,148845.0,150949.0,146449.0
1093,2026-05-21,50925.0,50387.0,51305.0,49305.0
1095,2026-05-21,52074.0,51539.0,52226.5,50226.5
1096,2026-05-21,50217.0,49957.0,50217.0,48217.0
1097,2026-05-21,149457.0,148021.0,150000.0,145500.0
1086,2026-05-22,51626.0,51356.0,52492.5,50492.5
1088,2026-05-22,50020.0,49750.0,50615.0,48615.0
1091,2026-05-22,148845.0,148301.0,150949.0,146449.0
1093,2026-05-22,50387.0,50387.0,51305.0,49305.0
1095,2026-05-22,51539.0,51269.0,52226.5,50226.5
1096,2026-05-22,49957.0,49687.0,50217.0,48217.0
1097,2026-05-22,148021.0,148021.0,150000.0,145500.0
1086,2026-05-25,51356.0,51356.0,52492.5,50492.5
1088,2026-05-25,49750.0,49750.0,50615.0,48615.0
1091,2026-05-25,148301.0,148301.0,150949.0,146449.0
1093,2026-05-25,50387.0,50387.0,51305.0,49305.0
1095,2026-05-25,51269.0,51269.0,52226.5,50226.5
1096,2026-05-25,49687.0,49687.0,50217.0,48217.0
1097,2026-05-25,148021.0,148021.0,150000.0,145500.0
1086,2026-05-26,51356.0,51260.0,52492.5,50492.5
1088,2026-05-26,49750.0,49654.0,50615.0,48615.0
1091,2026-05-26,148301.0,148717.0,150949.0,146449.0
1093,2026-05-26,50387.0,50265.0,51305.0,49305.0
1095,2026-05-26,51269.0,51157.0,52226.5,50226.5
1096,2026-05-26,49687.0,49578.5,50217.0,48217.0
1097,2026-05-26,148021.0,148417.0,150000.0,145500.0
1086,2026-05-27,51260.0,52051.0,52492.5,50492.5
1088,2026-05-27,49654.0,50016.5,50615.0,48615.0
1091,2026-05-27,148717.0,150269.0,150949.0,146449.0
1093,2026-05-27,50265.0,51023.5,51305.0,49305.0
1095,2026-05-27,51157.0,51947.0,52226.5,50226.5
1096,2026-05-27,49578.5,50348.5,50348.5,48348.5
1097,2026-05-27,148417.0,149277.0,150000.0,145500.0
1086,2026-05-28,52051.0,52878.5,52878.5,50878.5
1088,2026-05-28,50016.5,50844.0,50844.0,48844.0
1091,2026-05-28,150269.0,151181.0,151181.0,146681.0
1093,2026-05-28,51023.5,51401.0,51401.0,49401.0
1095,2026-05-28,51947.0,52774.5,52774.5,50774.5
1096,2026-05-28,50348.5,51176.0,51176.0,49176.0
1097,2026-05-28,149277.0,150931.0,150931.0,146431.0
1086,2026-05-29,52878.5,53203.5,53203.5,51203.5
1088,2026-05-29,50844.0,51470.0,51470.0,49470.0
1091,2026-05-29,151181.0,152459.0,152459.0,147959.0
1093,2026-05-29,51401.0,51712.0,51712.0,49712.0
1095,2026-05-29,52774.5,53410.5,53410.5,51410.5
1096,2026-05-29,50676.0,51307.0,51307.0,49307.0
1097,2026-05-29,150931.0,152209.0,152209.0,147709.0
1088,2026-06-01,51470.0,50937.5,51470.0,49470.0
1091,2026-06-01,152459.0,151362.0,152459.0,147959.0
1093,2026-06-01,51712.0,51179.5,51712.0,49712.0
1096,2026-06-01,51307.0,50752.0,51307.0,49307.0
1097,2026-06-01,152209.0,151676.0,152209.0,147709.0
1098,2026-06-01,50000.0,49442.5,50000.0,48000.0
1099,2026-06-01,50000.0,49730.0,50000.0,48000.0
1088,2026-06-02,50937.5,52047.5,52047.5,50047.5
1091,2026-06-02,151362.0,153554.0,153554.0,149054.0
1093,2026-06-02,51179.5,52248.5,52248.5,50248.5
1096,2026-06-02,50752.0,52111.0,52111.0,50000.0
1097,2026-06-02,151676.0,153918.0,153918.0,149418.0
1098,2026-06-02,49442.5,50551.5,50551.5,48551.5
1099,2026-06-02,49730.0,50535.0,50535.0,48535.0
1088,2026-06-03,52047.5,51667.5,52047.5,50047.5
1091,2026-06-03,153554.0,152806.0,153554.0,149054.0
1093,2026-06-03,52248.5,51868.5,52248.5,50248.5
1096,2026-06-03,52111.0,51731.0,52111.0,50000.0
1097,2026-06-03,153918.0,153170.0,153918.0,149418.0
1098,2026-06-03,50551.5,50151.5,50551.5,48551.5
1099,2026-06-03,50535.0,50155.0,50535.0,48535.0
1100,2026-06-03,50000.0,50000.0,50000.0,48000.0
1088,2026-06-04,51667.5,51895.5,52047.5,50047.5
1091,2026-06-04,152806.0,152890.0,153554.0,149054.0
1093,2026-06-04,51868.5,52091.5,52248.5,50248.5
1096,2026-06-04,51731.0,51954.0,52111.0,50000.0
1097,2026-06-04,153170.0,153254.0,153918.0,149418.0
1098,2026-06-04,50151.5,50368.5,50551.5,48551.5
1099,2026-06-04,50155.0,50383.0,50535.0,48535.0
1100,2026-06-04,50000.0,50222.0,50222.0,48222.0
1101,2026-06-04,50000.0,50228.0,50228.0,48228.0
1088,2026-06-05,51895.5,51635.5,52047.5,50047.5
1091,2026-06-05,152890.0,151599.0,153554.0,149054.0
1093,2026-06-05,52091.5,51434.0,52248.5,50248.5
1096,2026-06-05,51054.0,50656.5,52111.0,50000.0
1097,2026-06-05,153254.0,151988.0,153918.0,149418.0
1098,2026-06-05,50368.5,49686.0,50551.5,48551.5
1099,2026-06-05,50383.0,50110.5,50535.0,48535.0
1100,2026-06-05,50222.0,49837.0,50222.0,48222.0
1101,2026-06-05,50228.0,49570.5,50228.0,48228.0
1088,2026-06-08,51635.5,51340.5,52047.5,50047.5
1091,2026-06-08,151599.0,150995.0,153554.0,149054.0
1093,2026-06-08,51434.0,51434.0,52248.5,50248.5
1096,2026-06-08,50656.5,50351.5,52111.0,50000.0
1097,2026-06-08,151988.0,151394.0,153918.0,149418.0
1098,2026-06-08,49686.0,49381.0,50551.5,48551.5
1099,2026-06-08,50110.5,49815.5,50535.0,48535.0
1100,2026-06-08,49837.0,49532.0,50222.0,48222.0
1101,2026-06-08,49570.5,49265.5,50228.0,48228.0
1088,2026-06-09,51340.5,51930.5,52047.5,50047.5
1091,2026-06-09,150995.0,152191.0,153554.0,149054.0
1093,2026-06-09,51434.0,51994.0,52248.5,50248.5
1096,2026-06-09,50351.5,50406.5,52111.0,50000.0
1097,2026-06-09,151394.0,152610.0,153918.0,149418.0
1098,2026-06-09,49381.0,49966.0,50551.5,48551.5
1099,2026-06-09,49815.5,50390.5,50535.0,48535.0
1100,2026-06-09,49532.0,49587.0,50222.0,48222.0
1101,2026-06-09,49265.5,49845.5,50228.0,48228.0
1088,2026-06-10,51930.5,52793.0,52793.0,50793.0
1091,2026-06-10,152191.0,153939.0,153939.0,149439.0
1093,2026-06-10,51994.0,52516.5,52516.5,50516.5
1096,2026-06-10,50406.5,51240.0,52111.0,50000.0
1097,2026-06-10,152610.0,153931.0,153931.0,149431.0
1098,2026-06-10,49966.0,50793.5,50793.5,48793.5
1099,2026-06-10,50390.5,51238.0,51238.0,49238.0
1100,2026-06-10,49587.0,50194.5,50222.0,48222.0
1101,2026-06-10,49845.5,50703.0,50703.0,48703.0
1088,2026-06-11,52793.0,52793.0,52793.0,50793.0
1091,2026-06-11,153939.0,153939.0,153939.0,149439.0
1093,2026-06-11,52516.5,52516.5,52516.5,50516.5
1096,2026-06-11,51240.0,51240.0,52111.0,50000.0
1097,2026-06-11,153931.0,153931.0,153931.0,149431.0
1098,2026-06-11,50793.5,50793.5,50793.5,48793.5
1099,2026-06-11,50638.0,50638.0,51238.0,49238.0
1100,2026-06-11,50194.5,50194.5,50222.0,48222.0
1101,2026-06-11,50703.0,50703.0,50703.0,48703.0
1088,2026-06-12,52793.0,52533.0,52793.0,50793.0
1091,2026-06-12,153939.0,154831.0,154831.0,150331.0
1093,2026-06-12,52516.5,52686.5,52686.5,50686.5
1096,2026-06-12,51240.0,51395.0,52111.0,50000.0
1097,2026-06-12,153931.0,153373.0,153931.0,149431.0
1098,2026-06-12,50793.5,50961.0,50961.0,48961.0
1099,2026-06-12,50638.0,50798.0,51238.0,49238.0
1100,2026-06-12,50194.5,50634.5,50634.5,48634.5
1101,2026-06-12,50703.0,50850.5,50850.5,48850.5
1088,2026-06-15,52533.0,52238.0,52793.0,50793.0
1091,2026-06-15,154831.0,154247.0,154831.0,150331.0
1093,2026-06-15,52686.5,52391.5,52686.5,50686.5
1096,2026-06-15,50795.0,50500.0,52111.0,50000.0
1097,2026-06-15,153373.0,152769.0,153931.0,149431.0
1098,2026-06-15,50961.0,50666.0,50961.0,48961.0
1099,2026-06-15,50798.0,50498.0,51238.0,49238.0
1100,2026-06-15,50634.5,50329.5,50634.5,48634.5
1101,2026-06-15,50850.5,50555.5,50850.5,48850.5
1088,2026-06-16,52238.0,51928.0,52793.0,50793.0
1091,2026-06-16,154247.0,153639.0,154831.0,150331.0
1093,2026-06-16,52391.5,52081.5,52686.5,50686.5
1096,2026-06-16,50500.0,50190.0,52111.0,50000.0
1097,2026-06-16,152769.0,152161.0,153931.0,149431.0
1098,2026-06-16,50666.0,50351.0,50961.0,48961.0
1099,2026-06-16,50498.0,50188.0,51238.0,49238.0
1100,2026-06-16,50329.5,50019.5,50634.5,48634.5
1101,2026-06-16,50555.5,50245.5,50850.5,48850.5
1088,2026-06-17,51928.0,52160.0,52793.0,50793.0
1091,2026-06-17,153639.0,155215.0,155215.0,150715.0
1093,2026-06-17,52081.5,51501.5,52686.5,50686.5
1096,2026-06-17,50190.0,50422.0,52111.0,50000.0
1097,2026-06-17,152161.0,153717.0,153931.0,149431.0
1098,2026-06-17,50351.0,50578.0,50961.0,48961.0
1099,2026-06-17,50188.0,50400.0,51238.0,49238.0
1100,2026-06-17,50019.5,49444.5,50634.5,48634.5
1101,2026-06-17,50245.5,50462.5,50850.5,48850.5
1088,2026-06-18,52160.0,52669.0,52793.0,50793.0
1091,2026-06-18,155215.0,157519.0,157519.0,153019.0
1093,2026-06-18,51501.5,52010.5,52686.5,50686.5
1096,2026-06-18,50422.0,50925.0,52111.0,50000.0
1097,2026-06-18,153717.0,155427.0,155427.0,150927.0
1098,2026-06-18,50578.0,51074.0,51074.0,49074.0
1099,2026-06-18,50400.0,50909.0,51238.0,49238.0
1100,2026-06-18,49444.5,49948.5,50634.5,48634.5
1101,2026-06-18,50462.5,50447.5,50850.5,48850.5
1088,2026-06-19,52669.0,53392.0,53392.0,51392.0
1091,2026-06-19,157519.0,159931.0,159931.0,155431.0
1093,2026-06-19,52010.5,52010.5,52686.5,50686.5
1096,2026-06-19,50925.0,51648.0,52111.0,50000.0
1097,2026-06-19,155427.0,157849.0,157849.0,153349.0
1098,2026-06-19,50574.0,51297.0,51297.0,49297.0
1099,2026-06-19,50909.0,51626.0,51626.0,49626.0
1100,2026-06-19,49948.5,50671.5,50671.5,48671.5
1101,2026-06-19,50447.5,51170.5,51170.5,49170.5
1093,2026-06-22,52010.5,51785.5,52686.5,50686.5
1096,2026-06-22,50848.0,50878.0,52111.0,50000.0
1097,2026-06-22,157849.0,157395.0,157849.0,153349.0
1098,2026-06-22,51297.0,51072.0,51297.0,49297.0
1099,2026-06-22,50826.0,50576.0,51626.0,49626.0
1100,2026-06-22,50671.5,50431.5,50671.5,48671.5
1101,2026-06-22,51170.5,50935.5,51170.5,49170.5
1102,2026-06-22,50000.0,49755.0,50000.0,48000.0
1103,2026-06-22,150000.0,149546.0,150000.0,145500.0
1104,2026-06-22,50000.0,50030.0,50030.0,48030.0
1093,2026-06-23,51785.5,52427.5,52686.5,50686.5
1096,2026-06-23,50878.0,51520.0,52111.0,50000.0
1097,2026-06-23,157395.0,159537.0,159537.0,155037.0
1098,2026-06-23,51072.0,51708.0,51708.0,49708.0
1099,2026-06-23,50576.0,51215.0,51626.0,49626.0
1100,2026-06-23,50431.5,51067.5,51067.5,49067.5
1101,2026-06-23,50935.5,51574.5,51574.5,49574.5
1102,2026-06-23,49755.0,50397.0,50397.0,48397.0
1103,2026-06-23,149546.0,151678.0,151678.0,147178.0
1104,2026-06-23,50030.0,50030.0,50030.0,48030.0
1105,2026-06-23,50000.0,50642.0,50642.0,48642.0
1093,2026-06-24,52427.5,52318.5,52686.5,50686.5
1096,2026-06-24,51520.0,51398.5,52111.0,50000.0
1098,2026-06-24,51708.0,51599.0,51708.0,49708.0
1099,2026-06-24,51215.0,51087.5,51626.0,49626.0
1100,2026-06-24,51067.5,50958.5,51067.5,49067.5
1101,2026-06-24,51574.5,51440.5,51574.5,49574.5
1102,2026-06-24,50397.0,50285.0,50397.0,48397.0
1103,2026-06-24,151678.0,152095.0,152095.0,147595.0
1104,2026-06-24,50030.0,49703.0,50030.0,48030.0
1105,2026-06-24,50642.0,50533.0,50642.0,48642.0
1106,2026-06-24,150000.0,149374.0,150000.0,145500.0
1107,2026-06-24,50000.0,49866.0,50000.0,48000.0
1093,2026-06-25,52318.5,52711.0,52711.0,50711.0
1096,2026-06-25,51398.5,51778.5,52111.0,50000.0
1098,2026-06-25,51599.0,51921.5,51921.5,49921.5
1099,2026-06-25,51087.5,51805.0,51805.0,49805.0
1100,2026-06-25,50958.5,50873.5,51067.5,49067.5
1101,2026-06-25,51440.5,51833.0,51833.0,49833.0
1102,2026-06-25,50285.0,50632.5,50632.5,48632.5
1103,2026-06-25,152095.0,152891.0,152891.0,148391.0
1104,2026-06-25,49703.0,50058.0,50058.0,48058.0
1105,2026-06-25,50533.0,50913.0,50913.0,48913.0
1106,2026-06-25,149374.0,150175.0,150175.0,145675.0
1107,2026-06-25,49866.0,50223.5,50223.5,48223.5
1093,2026-06-26,52711.0,53416.0,53416.0,51416.0
1096,2026-06-26,51778.5,52483.5,52483.5,50000.0
1098,2026-06-26,51921.5,52626.5,52626.5,50000.0
1099,2026-06-26,51805.0,52500.0,52500.0,50000.0
1100,2026-06-26,50873.5,51578.5,51578.5,49578.5
1101,2026-06-26,51833.0,52533.0,52533.0,50533.0
1102,2026-06-26,50632.5,51327.5,51327.5,49327.5
1103,2026-06-26,152891.0,154305.0,154305.0,149805.0
1104,2026-06-26,50058.0,50763.0,50763.0,48763.0
1105,2026-06-26,50913.0,51303.0,51303.0,49303.0
1106,2026-06-26,150175.0,151569.0,151569.0,147069.0
1107,2026-06-26,50223.5,50928.5,50928.5,48928.5
1096,2026-06-29,52483.5,52948.5,52948.5,50000.0
1098,2026-06-29,52626.5,53071.5,53071.5,50000.0
1099,2026-06-29,51300.0,52135.0,52500.0,50000.0
1100,2026-06-29,51578.5,52043.5,52043.5,50043.5
1101,2026-06-29,52533.0,53073.0,53073.0,51073.0
1102,2026-06-29,50727.5,50622.5,51327.5,49327.5
1103,2026-06-29,152205.0,153151.0,154305.0,149805.0
1104,2026-06-29,50763.0,51213.0,51213.0,49213.0
1105,2026-06-29,51303.0,51738.0,51738.0,49738.0
1106,2026-06-29,151569.0,152525.0,152525.0,148025.0
1107,2026-06-29,50928.5,51758.5,51758.5,49758.5
1108,2026-06-29,50000.0,50435.0,50435.0,48435.0
1109,2026-06-29,150000.0,150926.0,150926.0,146426.0
1096,2026-06-30,52948.5,53741.0,53741.0,50000.0
1098,2026-06-30,51571.5,52344.0,53071.5,50000.0
1099,2026-06-30,52135.0,52905.0,52905.0,50000.0
1100,2026-06-30,52043.5,52816.0,52816.0,50816.0
1102,2026-06-30,50622.5,51415.0,51415.0,49415.0
1103,2026-06-30,153151.0,154710.0,154710.0,150000.0
1104,2026-06-30,51213.0,51993.0,51993.0,49993.0
1105,2026-06-30,51738.0,52530.5,52530.5,50530.5
1106,2026-06-30,152525.0,154084.0,154084.0,149584.0
1107,2026-06-30,51758.5,52551.0,52551.0,50551.0
1108,2026-06-30,50435.0,51202.5,51202.5,49202.5
1109,2026-06-30,150926.0,152465.0,152465.0,147965.0
1110,2026-06-30,50000.0,50792.5,50792.5,48792.5
1096,2026-07-01,53741.0,53746.0,53746.0,50000.0
1098,2026-07-01,52344.0,52099.0,53071.5,50000.0
1099,2026-07-01,52905.0,52910.0,52910.0,50000.0
1100,2026-07-01,52816.0,52541.0,52816.0,50816.0
1102,2026-07-01,51415.0,51155.0,51415.0,49415.0
1103,2026-07-01,154710.0,154276.0,154710.0,150000.0
1104,2026-07-01,51993.0,51738.0,51993.0,49993.0
1105,2026-07-01,52530.5,52285.5,52530.5,50530.5
1106,2026-07-01,154084.0,153650.0,154084.0,149584.0
1107,2026-07-01,52551.0,52296.0,52551.0,50551.0
1108,2026-07-01,51202.5,50962.5,51202.5,49202.5
1109,2026-07-01,152465.0,152031.0,152465.0,147965.0
1110,2026-07-01,50792.5,50537.5,50792.5,48792.5
1096,2026-07-02,53746.0,54236.0,54236.0,50000.0
1098,2026-07-02,52099.0,52226.5,53071.5,50000.0
1099,2026-07-02,52910.0,53375.0,53375.0,50000.0
1100,2026-07-02,52541.0,52681.0,52816.0,50816.0
1102,2026-07-02,51155.0,51295.0,51415.0,49415.0
1103,2026-07-02,154276.0,154530.0,154710.0,150000.0
1104,2026-07-02,51738.0,51878.0,51993.0,49993.0
1105,2026-07-02,52285.5,52413.0,52530.5,50530.5
1106,2026-07-02,153650.0,153914.0,154084.0,149584.0
1107,2026-07-02,52296.0,52416.0,52551.0,50551.0
1108,2026-07-02,50962.5,51092.5,51202.5,49202.5
1109,2026-07-02,152031.0,152335.0,152465.0,147965.0
1110,2026-07-02,50537.5,50652.5,50792.5,48792.5
1096,2026-07-03,54236.0,54473.0,54473.0,50000.0
1098,2026-07-03,52226.5,52447.5,53071.5,50000.0
1099,2026-07-03,53375.0,53609.0,53609.0,50000.0
1100,2026-07-03,52681.0,52908.0,52908.0,50908.0
1102,2026-07-03,51295.0,51522.0,51522.0,49522.0
1103,2026-07-03,154530.0,155426.0,155426.0,150000.0
1104,2026-07-03,51878.0,52105.0,52105.0,50105.0
1105,2026-07-03,52413.0,52645.0,52645.0,50645.0
1106,2026-07-03,153914.0,153788.0,154084.0,149584.0
1107,2026-07-03,52416.0,52643.0,52643.0,50643.0
1108,2026-07-03,51092.5,51309.5,51309.5,49309.5
1109,2026-07-03,152335.0,152189.0,152465.0,147965.0
1110,2026-07-03,50652.5,50889.5,50889.5,48889.5
1111,2026-07-03,50000.0,50231.0,50231.0,48231.0
1096,2026-07-06,52273.0,53197.0,54473.0,50000.0
1098,2026-07-06,52447.5,53721.5,53721.5,50000.0
1099,2026-07-06,51809.0,53073.0,53609.0,50000.0
1100,2026-07-06,52908.0,53817.0,53817.0,51817.0
1102,2026-07-06,50822.0,52091.0,52091.0,50000.0
1103,2026-07-06,152726.0,155190.0,155426.0,150000.0
1104,2026-07-06,52105.0,53016.0,53016.0,51016.0
1105,2026-07-06,52645.0,53554.0,53554.0,51554.0
1106,2026-07-06,153788.0,156936.0,156936.0,150000.0
1107,2026-07-06,52643.0,53559.0,53559.0,51559.0
1108,2026-07-06,50709.5,51623.5,51623.5,49623.5
1109,2026-07-06,152189.0,154653.0,154653.0,150153.0
1110,2026-07-06,50889.5,51808.5,51808.5,49808.5
1111,2026-07-06,50231.0,51500.0,51500.0,49500.0
1096,2026-07-07,53197.0,52987.0,54473.0,50000.0
1098,2026-07-07,53721.5,53796.5,53796.5,50000.0
1099,2026-07-07,53073.0,52848.0,53609.0,50000.0
1102,2026-07-07,52091.0,51862.0,52091.0,50000.0
1103,2026-07-07,155190.0,154754.0,155426.0,150000.0
1106,2026-07-07,156936.0,156500.0,156936.0,150000.0
1108,2026-07-07,51623.5,51392.5,51623.5,49623.5
1109,2026-07-07,154653.0,154247.0,154653.0,150153.0
1110,2026-07-07,51808.5,51597.5,51808.5,49808.5
1111,2026-07-07,51500.0,51574.0,51574.0,49574.0
1112,2026-07-07,50000.0,50079.0,50079.0,48079.0
1113,2026-07-07,50000.0,49781.0,50000.0,48000.0
1114,2026-07-07,50000.0,50140.0,50140.0,48140.0
1115,2026-07-07,50000.0,49775.0,50000.0,48000.0
1116,2026-07-07,50000.0,49780.0,50000.0,48000.0
1096,2026-07-08,52987.0,52442.0,54473.0,50000.0
1098,2026-07-08,53796.5,53531.5,53796.5,50000.0
1099,2026-07-08,52848.0,52303.0,53609.0,50000.0
1102,2026-07-08,51862.0,51297.0,52091.0,50000.0
1103,2026-07-08,154754.0,154220.0,155426.0,150000.0
1106,2026-07-08,153300.0,152222.0,156936.0,150000.0
1108,2026-07-08,51392.5,50842.5,51623.5,49623.5
1109,2026-07-08,154247.0,153159.0,154653.0,150153.0
1110,2026-07-08,51597.5,51037.5,51808.5,49808.5
1111,2026-07-08,51574.0,51019.0,51574.0,49574.0
1112,2026-07-08,50079.0,49524.0,50079.0,48079.0
1113,2026-07-08,49781.0,49221.0,50000.0,48000.0
1114,2026-07-08,50140.0,49585.0,50140.0,48140.0
1115,2026-07-08,49775.0,49215.0,50000.0,48000.0
1116,2026-07-08,49780.0,49230.0,50000.0,48000.0
1117,2026-07-08,50000.0,49445.0,50000.0,48000.0
1096,2026-07-09,52442.0,52570.0,54473.0,50000.0
1098,2026-07-09,51831.5,51939.5,53796.5,50000.0
1099,2026-07-09,52303.0,52431.0,53609.0,50000.0
1102,2026-07-09,51297.0,51425.0,52091.0,50000.0
1103,2026-07-09,154220.0,155064.0,155426.0,150000.0
1106,2026-07-09,152222.0,153086.0,156936.0,150000.0
1108,2026-07-09,50842.5,50967.5,51623.5,49623.5
1109,2026-07-09,153159.0,154013.0,154653.0,150153.0
1110,2026-07-09,50537.5,50227.5,51808.5,49808.5
1111,2026-07-09,51019.0,51124.0,51574.0,49574.0
1112,2026-07-09,49524.0,49646.0,50079.0,48079.0
1113,2026-07-09,49221.0,49346.0,50000.0,48000.0
1114,2026-07-09,49585.0,49700.0,50140.0,48140.0
1115,2026-07-09,49215.0,48895.0,50000.0,48000.0
1116,2026-07-09,49230.0,49338.0,50000.0,48000.0
1117,2026-07-09,49445.0,49573.0,50000.0,48000.0
1118,2026-07-09,50000.0,50108.0,50108.0,48108.0
1096,2026-07-10,52570.0,52985.0,54473.0,50000.0
1098,2026-07-10,51939.5,52867.5,53796.5,50000.0
1099,2026-07-10,52431.0,53359.0,53609.0,50000.0
1102,2026-07-10,51425.0,52328.0,52328.0,50000.0
1103,2026-07-10,155064.0,157628.0,157628.0,150000.0
1106,2026-07-10,153086.0,153903.0,156936.0,150000.0
1108,2026-07-10,50967.5,51889.5,51889.5,49889.5
1109,2026-07-10,154013.0,156527.0,156527.0,152027.0
1110,2026-07-10,50227.5,50740.5,51808.5,49808.5
1111,2026-07-10,51124.0,52039.5,52039.5,50039.5
1112,2026-07-10,49646.0,50574.0,50574.0,48574.0
1113,2026-07-10,49346.0,50261.5,50261.5,48261.5
1114,2026-07-10,49700.0,50628.0,50628.0,48628.0
1115,2026-07-10,48895.0,49823.0,50000.0,48000.0
1116,2026-07-10,49338.0,50260.0,50260.0,48260.0
1117,2026-07-10,49573.0,50501.0,50501.0,48501.0
1118,2026-07-10,50108.0,51036.0,51036.0,49036.0
1119,2026-07-10,50000.0,50928.0,50928.0,48928.0
1096,2026-07-13,51585.0,51305.0,54473.0,50000.0
1098,2026-07-13,52867.5,52587.5,53796.5,50000.0
1099,2026-07-13,51759.0,51479.0,53609.0,50000.0
1102,2026-07-13,51228.0,50948.0,52328.0,50000.0
1103,2026-07-13,157628.0,157054.0,157628.0,150000.0
1106,2026-07-13,153903.0,153329.0,156936.0,150000.0
1108,2026-07-13,51889.5,51609.5,51889.5,49889.5
1109,2026-07-13,156527.0,156527.0,156527.0,152027.0
1110,2026-07-13,50740.5,50460.5,51808.5,49808.5
1111,2026-07-13,52039.5,51749.5,52039.5,50039.5
1112,2026-07-13,50574.0,50289.0,50574.0,48574.0
1113,2026-07-13,50261.5,49981.5,50261.5,48261.5
1114,2026-07-13,50628.0,50348.0,50628.0,48628.0
1115,2026-07-13,49823.0,49543.0,50000.0,48000.0
1116,2026-07-13,50260.0,49980.0,50260.0,48260.0
1117,2026-07-13,50501.0,50211.0,50501.0,48501.0
1118,2026-07-13,51036.0,50756.0,51036.0,49036.0
1119,2026-07-13,50928.0,50648.0,50928.0,48928.0
1096,2026-07-14,51305.0,50993.0,54473.0,50000.0
1098,2026-07-14,52587.5,52275.5,53796.5,50000.0
1099,2026-07-14,51479.0,51167.0,53609.0,50000.0
1102,2026-07-14,50948.0,50636.0,52328.0,50000.0
1103,2026-07-14,157054.0,156006.0,157628.0,150000.0
1106,2026-07-14,153329.0,152281.0,156936.0,150000.0
1108,2026-07-14,51609.5,51297.5,51889.5,49889.5
1109,2026-07-14,156527.0,155489.0,156527.0,152027.0
1110,2026-07-14,50460.5,50142.5,51808.5,49808.5
1111,2026-07-14,51749.5,51437.5,52039.5,50039.5
1112,2026-07-14,50289.0,49977.0,50574.0,48574.0
1113,2026-07-14,49981.5,49669.5,50261.5,48261.5
1114,2026-07-14,50348.0,50036.0,50628.0,48628.0
1115,2026-07-14,49543.0,49543.0,50000.0,48000.0
1116,2026-07-14,49980.0,49662.0,50260.0,48260.0
1117,2026-07-14,50211.0,49899.0,50501.0,48501.0
1118,2026-07-14,50756.0,50438.0,51036.0,49036.0
1119,2026-07-14,50648.0,50336.0,50928.0,48928.0
1096,2026-07-15,50993.0,51383.0,54473.0,50000.0
1098,2026-07-15,52275.5,52320.5,53796.5,50000.0
1099,2026-07-15,51167.0,51207.0,53609.0,50000.0
1102,2026-07-15,50636.0,51001.0,52328.0,50000.0
1103,2026-07-15,156006.0,156064.0,157628.0,150000.0
1106,2026-07-15,151181.0,151973.0,156936.0,150000.0
1108,2026-07-15,51297.5,51337.5,51889.5,49889.5
1109,2026-07-15,155489.0,155547.0,156527.0,152027.0
1110,2026-07-15,50142.5,50182.5,51808.5,49808.5
1111,2026-07-15,51437.5,51452.5,52039.5,50039.5
1112,2026-07-15,49977.0,50017.0,50574.0,48574.0
1113,2026-07-15,49669.5,49714.5,50261.5,48261.5
1114,2026-07-15,50036.0,50063.5,50628.0,48628.0
1115,2026-07-15,49543.0,49553.0,50000.0,48000.0
1116,2026-07-15,49662.0,49707.0,50260.0,48260.0
1117,2026-07-15,49899.0,49919.0,50501.0,48501.0
1118,2026-07-15,50438.0,50478.0,51036.0,49036.0
1119,2026-07-15,50336.0,50368.5,50928.0,48928.0
1096,2026-07-16,51383.0,50986.0,54473.0,50000.0
1098,2026-07-16,52320.5,52211.0,53796.5,50000.0
1099,2026-07-16,51207.0,50575.0,53609.0,50000.0
1102,2026-07-16,51001.0,50604.0,52328.0,50000.0
1103,2026-07-16,156064.0,154810.0,157628.0,150000.0
1106,2026-07-16,151973.0,150769.0,156936.0,150000.0
1108,2026-07-16,51337.5,50914.5,51889.5,49889.5
1109,2026-07-16,155547.0,154353.0,156527.0,152027.0
1110,2026-07-16,50182.5,49760.5,51808.5,49808.5
1111,2026-07-16,51452.5,51030.5,52039.5,50039.5
1112,2026-07-16,50017.0,49607.0,50574.0,48574.0
1113,2026-07-16,49714.5,49604.5,50261.5,48261.5
1114,2026-07-16,50063.5,49666.5,50628.0,48628.0
1115,2026-07-16,49553.0,49153.0,50000.0,48000.0
1116,2026-07-16,49707.0,49304.0,50260.0,48260.0
1117,2026-07-16,49919.0,49519.0,50501.0,48501.0
1118,2026-07-16,50478.0,50058.0,51036.0,49036.0
1119,2026-07-16,50368.5,49756.5,50928.0,48928.0
1096,2026-07-17,50986.0,51305.0,54473.0,50000.0
1098,2026-07-17,52211.0,52211.0,53796.5,50000.0
1099,2026-07-17,50575.0,50895.0,53609.0,50000.0
1102,2026-07-17,50604.0,50918.0,52328.0,50000.0
1103,2026-07-17,154810.0,155456.0,157628.0,150000.0
1106,2026-07-17,150769.0,151405.0,156936.0,150000.0
1108,2026-07-17,50914.5,51233.5,51889.5,49889.5
1109,2026-07-17,154353.0,154999.0,156527.0,152027.0
1111,2026-07-17,51030.5,51344.5,52039.5,50039.5
1112,2026-07-17,49607.0,49926.0,50574.0,48574.0
1113,2026-07-17,49604.5,49914.5,50261.5,48261.5
1114,2026-07-17,49666.5,49986.5,50628.0,48628.0
1115,2026-07-17,49153.0,49463.0,50000.0,48000.0
1116,2026-07-17,49304.0,49618.0,50260.0,48260.0
1117,2026-07-17,49519.0,49839.0,50501.0,48501.0
1118,2026-07-17,50058.0,50369.0,51036.0,49036.0
1119,2026-07-17,49756.5,49756.5,50928.0,48928.0
1096,2026-07-20,50705.0,51195.0,54473.0,50000.0
1098,2026-07-20,52211.0,52701.0,53796.5,50000.0
1099,2026-07-20,50895.0,51375.0,53609.0,50000.0
1102,2026-07-20,50918.0,51398.0,52328.0,50000.0
1103,2026-07-20,152756.0,153738.0,157628.0,150000.0
1106,2026-07-20,151405.0,152387.0,156936.0,150000.0
1108,2026-07-20,50633.5,51123.5,51889.5,49889.5
1109,2026-07-20,154999.0,155971.0,156527.0,152027.0
1111,2026-07-20,51344.5,51834.5,52039.5,50039.5
1112,2026-07-20,49926.0,50416.0,50574.0,48574.0
1113,2026-07-20,49914.5,50394.5,50394.5,48394.5
1114,2026-07-20,49986.5,50476.5,50628.0,48628.0
1115,2026-07-20,49463.0,49953.0,50000.0,48000.0
1116,2026-07-20,49618.0,49618.0,50260.0,48260.0
1117,2026-07-20,49839.0,50329.0,50501.0,48501.0
1118,2026-07-20,50369.0,50854.0,51036.0,49036.0
1119,2026-07-20,49756.5,50246.5,50928.0,48928.0
1096,2026-07-21,51195.0,50853.0,54473.0,50000.0
1098,2026-07-21,51401.0,51049.0,53796.5,50000.0
1099,2026-07-21,50775.0,50430.0,53609.0,50000.0
1102,2026-07-21,50798.0,50446.0,52328.0,50000.0
1103,2026-07-21,153738.0,152678.0,157628.0,150000.0
1106,2026-07-21,152387.0,151357.0,156936.0,150000.0
1108,2026-07-21,51123.5,50781.5,51889.5,49889.5
1109,2026-07-21,155971.0,154419.0,156527.0,152027.0
1111,2026-07-21,51834.5,51492.5,52039.5,50039.5
1112,2026-07-21,50416.0,50074.0,50574.0,48574.0
1113,2026-07-21,50394.5,50334.5,50394.5,48394.5
1114,2026-07-21,50476.5,49881.5,50628.0,48628.0
1115,2026-07-21,49953.0,49611.0,50000.0,48000.0
1116,2026-07-21,49618.0,49266.0,50260.0,48260.0
1117,2026-07-21,50329.0,49981.0,50501.0,48501.0
1118,2026-07-21,50854.0,50566.0,51036.0,49036.0
1119,2026-07-21,50246.5,49904.5,50928.0,48928.0
1096,2026-07-22,50853.0,50479.5,54473.0,50000.0
1098,2026-07-22,51049.0,50657.0,53796.5,50000.0
1099,2026-07-22,50430.0,49776.0,53609.0,50000.0
1102,2026-07-22,50446.0,50056.5,52328.0,50000.0
1103,2026-07-22,152678.0,151483.0,157628.0,150000.0
1106,2026-07-22,150757.0,149547.0,156936.0,150000.0
1108,2026-07-22,50781.5,50383.0,51889.5,49889.5
1109,2026-07-22,154419.0,153199.0,156527.0,152027.0
1111,2026-07-22,51492.5,51106.5,52039.5,50039.5
1112,2026-07-22,50074.0,49695.5,50574.0,48574.0
1113,2026-07-22,50334.5,49951.0,50394.5,48394.5
1114,2026-07-22,49881.5,49508.0,50628.0,48628.0
1115,2026-07-22,49611.0,48955.0,50000.0,48000.0
1116,2026-07-22,49266.0,48882.5,50260.0,48260.0
1117,2026-07-22,49981.0,49601.5,50501.0,48501.0
1118,2026-07-22,50566.0,50192.5,51036.0,49036.0
1119,2026-07-22,49904.5,49518.5,50928.0,48928.0
1096,2026-07-23,50479.5,51175.5,54473.0,50000.0
1098,2026-07-23,50657.0,50717.0,53796.5,50000.0
1102,2026-07-23,50056.5,50752.5,52328.0,50000.0
1103,2026-07-23,151483.0,153703.0,157628.0,150000.0
1108,2026-07-23,50383.0,51073.0,51889.5,49889.5
1109,2026-07-23,153199.0,156003.0,156527.0,152027.0
1111,2026-07-23,51106.5,51796.5,52039.5,50039.5
1112,2026-07-23,49695.5,50391.5,50574.0,48574.0
1113,2026-07-23,49951.0,50634.0,50634.0,48634.0
1114,2026-07-23,49508.0,50204.0,50628.0,48628.0
1115,2026-07-23,48955.0,49641.0,50000.0,48000.0
1116,2026-07-23,48882.5,49575.5,50260.0,48260.0
1117,2026-07-23,49601.5,50564.5,50564.5,48564.5
1118,2026-07-23,50192.5,51157.5,51157.5,49157.5
1119,2026-07-23,49518.5,50214.5,50928.0,48928.0
1096,2026-07-24,51175.5,50670.0,54473.0,50000.0
1098,2026-07-24,50717.0,50180.5,53796.5,50000.0
1102,2026-07-24,50752.5,50228.5,52328.0,50000.0
1103,2026-07-24,153703.0,151494.0,157628.0,150000.0
1108,2026-07-24,51073.0,50549.0,51889.5,49889.5
1109,2026-07-24,156003.0,154620.0,156527.0,152027.0
1111,2026-07-24,51796.5,51937.5,52039.5,50039.5
1112,2026-07-24,50391.5,50207.5,50574.0,48574.0
1113,2026-07-24,50634.0,50099.5,50634.0,48634.0
1114,2026-07-24,50204.0,49270.0,50628.0,48628.0
1115,2026-07-24,49641.0,49097.0,50000.0,48000.0
1116,2026-07-24,49575.5,49008.0,50260.0,48260.0
1117,2026-07-24,50564.5,50031.0,50564.5,48564.5
1118,2026-07-24,51157.5,50613.5,51157.5,49157.5
1119,2026-07-24,50214.5,49697.0,50928.0,48928.0
1096,2026-07-27,50670.0,50562.5,54473.0,50000.0
1098,2026-07-27,50180.5,49780.5,53796.5,50000.0
1102,2026-07-27,50228.5,49823.5,52328.0,50000.0
1103,2026-07-27,150794.0,150628.0,157628.0,150000.0
1108,2026-07-27,50549.0,50149.0,51889.5,49889.5
1109,2026-07-27,154620.0,153831.0,156527.0,152027.0
1111,2026-07-27,51937.5,51525.0,52039.5,50039.5
1112,2026-07-27,50207.5,49770.0,50574.0,48574.0
1113,2026-07-27,50099.5,49677.0,50634.0,48634.0
1114,2026-07-27,49270.0,48667.5,50628.0,48628.0
1115,2026-07-27,49097.0,48709.5,50000.0,48000.0
1116,2026-07-27,49008.0,48595.5,50260.0,48260.0
1117,2026-07-27,50031.0,49621.0,50564.5,48564.5
1118,2026-07-27,50613.5,50493.5,51157.5,49157.5
1119,2026-07-27,49697.0,49299.5,50928.0,48928.0
1096,2026-07-28,50562.5,50902.5,54473.0,50000.0
1103,2026-07-28,150628.0,151860.0,157628.0,150000.0
1108,2026-07-28,50149.0,50759.0,51889.5,49889.5
1109,2026-07-28,153831.0,154495.0,156527.0,152027.0
1111,2026-07-28,51525.0,51845.0,52039.5,50039.5
1112,2026-07-28,49770.0,50380.0,50574.0,48574.0
1113,2026-07-28,49677.0,50007.0,50634.0,48634.0
1114,2026-07-28,48667.5,48967.5,50628.0,48628.0
1115,2026-07-28,48709.5,48439.5,50000.0,48000.0
1116,2026-07-28,48595.5,49185.5,50260.0,48260.0
1117,2026-07-28,49621.0,49961.0,50564.5,48564.5
1118,2026-07-28,50493.5,50813.5,51157.5,49157.5
1119,2026-07-28,49299.5,49639.5,50928.0,48928.0
1096,2026-07-29,50902.5,51522.5,54473.0,50000.0
1103,2026-07-29,151860.0,153092.0,157628.0,150000.0
1108,2026-07-29,50759.0,52093.0,52093.0,50000.0
1109,2026-07-29,154495.0,158139.0,158139.0,153639.0
1111,2026-07-29,51845.0,53169.0,53169.0,51169.0
1112,2026-07-29,50380.0,51708.0,51708.0,49708.0
1113,2026-07-29,50007.0,51321.0,51321.0,49321.0
1114,2026-07-29,48967.5,50281.5,50628.0,48628.0
1115,2026-07-29,48439.5,49773.5,50000.0,48000.0
1116,2026-07-29,49185.5,49185.5,50260.0,48260.0
1117,2026-07-29,49961.0,51285.0,51285.0,49285.0
1118,2026-07-29,50813.5,52147.5,52147.5,50147.5
1119,2026-07-29,49639.5,50967.5,50967.5,48967.5
1096,2026-07-30,50822.5,51832.5,54473.0,50000.0
1103,2026-07-30,153092.0,155136.0,157628.0,150000.0
1108,2026-07-30,51093.0,52093.0,52093.0,50000.0
1109,2026-07-30,158139.0,160183.0,160183.0,155683.0
1112,2026-07-30,50908.0,51898.0,51898.0,49898.0
1113,2026-07-30,50721.0,51271.0,51321.0,49321.0
1114,2026-07-30,50281.5,51291.5,51291.5,49291.5
1115,2026-07-30,49773.5,50763.5,50763.5,48763.5
1116,2026-07-30,49185.5,50175.5,50260.0,48260.0
1117,2026-07-30,51285.0,52275.0,52275.0,50275.0
1118,2026-07-30,52147.5,52697.5,52697.5,50697.5
1119,2026-07-30,50967.5,51977.5,51977.5,49977.5
1120,2026-07-30,50000.0,51010.0,51010.0,49010.0
1121,2026-07-30,50000.0,50970.0,50970.0,48970.0
1096,2026-07-31,51832.5,52952.5,54473.0,50000.0
1103,2026-07-31,155136.0,156450.0,157628.0,150000.0
1108,2026-07-31,52093.0,52833.0,52833.0,50000.0
1112,2026-07-31,51898.0,53018.0,53018.0,50000.0
1113,2026-07-31,51271.0,52391.0,52391.0,50000.0
1114,2026-07-31,50691.5,51791.5,51791.5,49791.5
1115,2026-07-31,50763.5,51848.5,51848.5,49848.5
1116,2026-07-31,50175.5,51290.5,51290.5,49290.5
1117,2026-07-31,52275.0,52915.0,52915.0,50915.0
1118,2026-07-31,52697.5,53797.5,53797.5,51797.5
1119,2026-07-31,51977.5,53087.5,53087.5,51087.5
1120,2026-07-31,51010.0,52110.0,52110.0,50000.0
1121,2026-07-31,50970.0,51600.0,51600.0,49600.0
1122,2026-07-31,150000.0,151524.0,151524.0,147024.0
1123,2026-07-31,50000.0,51105.0,51105.0,49105.0
1096,2026-08-03,52952.5,53429.5,54473.0,50000.0
1103,2026-08-03,153250.0,154842.0,157628.0,150000.0
1108,2026-08-03,52833.0,53310.0,53310.0,50000.0
1112,2026-08-03,53018.0,53492.0,53492.0,50000.0
1113,2026-08-03,52391.0,52862.0,52862.0,50000.0
1114,2026-08-03,51791.5,52265.5,52265.5,50000.0
1115,2026-08-03,50948.5,51425.5,51848.5,49848.5
1116,2026-08-03,51290.5,51767.5,51767.5,49767.5
1117,2026-08-03,52915.0,53386.0,53386.0,51386.0
1120,2026-08-03,52110.0,52581.0,52581.0,50000.0
1121,2026-08-03,51600.0,52077.0,52077.0,50077.0
1122,2026-08-03,151524.0,153106.0,153106.0,148606.0
1123,2026-08-03,51105.0,51582.0,51582.0,49582.0
1124,2026-08-03,50000.0,50477.0,50477.0,48477.0
1125,2026-08-03,50000.0,50477.0,50477.0,48477.0
1096,2026-08-04,53429.5,53728.5,54473.0,50000.0
1103,2026-08-04,154842.0,155076.0,157628.0,150000.0
1108,2026-08-04,53310.0,53603.0,53603.0,50000.0
1112,2026-08-04,53492.0,53771.0,53771.0,50000.0
1113,2026-08-04,52862.0,53151.0,53151.0,50000.0
1114,2026-08-04,52265.5,52564.5,52564.5,50000.0
1115,2026-08-04,51425.5,51714.5,51848.5,49848.5
1116,2026-08-04,51767.5,52066.5,52066.5,50066.5
1120,2026-08-04,52581.0,52864.0,52864.0,50000.0
1121,2026-08-04,52077.0,52356.0,52356.0,50356.0
1122,2026-08-04,153106.0,153320.0,153320.0,148820.0
1123,2026-08-04,51582.0,51881.0,51881.0,49881.0
1124,2026-08-04,50477.0,51067.0,51067.0,49067.0
1125,2026-08-04,50477.0,50766.0,50766.0,48766.0
1126,2026-08-04,50000.0,50299.0,50299.0,48299.0
1096,2026-08-05,53728.5,53446.5,54473.0,50000.0
1103,2026-08-05,155076.0,154106.0,157628.0,150000.0
1108,2026-08-05,53603.0,53306.0,53603.0,50000.0
1112,2026-08-05,53771.0,53489.0,53771.0,50000.0
1113,2026-08-05,53151.0,52869.0,53151.0,50000.0
1114,2026-08-05,52564.5,52276.5,52564.5,50000.0
1115,2026-08-05,51714.5,51417.5,51848.5,49848.5
1116,2026-08-05,52066.5,51784.5,52066.5,50066.5
1120,2026-08-05,52864.0,52582.0,52864.0,50000.0
1121,2026-08-05,52356.0,52064.0,52356.0,50356.0
1122,2026-08-05,153320.0,151848.0,153320.0,148820.0
1123,2026-08-05,51881.0,51579.0,51881.0,49881.0
1124,2026-08-05,51067.0,50780.0,51067.0,49067.0
1125,2026-08-05,50766.0,50484.0,50766.0,48766.0
1126,2026-08-05,50299.0,49759.0,50299.0,48299.0
1127,2026-08-05,50000.0,49718.0,50000.0,48000.0
1096,2026-08-06,51746.5,51474.0,54473.0,50000.0
1103,2026-08-06,154106.0,153548.0,157628.0,150000.0
1108,2026-08-06,51706.0,51433.5,53603.0,50000.0
1112,2026-08-06,51789.0,51516.5,53771.0,50000.0
1113,2026-08-06,52869.0,52596.5,53151.0,50000.0
1114,2026-08-06,52276.5,52004.0,52564.5,50000.0
1115,2026-08-06,51417.5,51145.0,51848.5,49848.5
1116,2026-08-06,51784.5,51512.0,52066.5,50066.5
1120,2026-08-06,51382.0,51084.5,52864.0,50000.0
1121,2026-08-06,52064.0,51791.5,52356.0,50356.0
1122,2026-08-06,151848.0,151315.0,153320.0,148820.0
1123,2026-08-06,51579.0,51281.5,51881.0,49881.0
1124,2026-08-06,50780.0,50482.5,51067.0,49067.0
1125,2026-08-06,50484.0,50186.5,50766.0,48766.0
1126,2026-08-06,49759.0,49486.5,50299.0,48299.0
1127,2026-08-06,49718.0,49445.5,50000.0,48000.0
1128,2026-08-06,50000.0,49702.5,50000.0,48000.0
1096,2026-08-07,51474.0,51528.0,54473.0,50000.0
1103,2026-08-07,153548.0,153066.0,157628.0,150000.0
1108,2026-08-07,51433.5,51769.5,53603.0,50000.0
1112,2026-08-07,51516.5,51523.0,53771.0,50000.0
1113,2026-08-07,52596.5,53004.0,53151.0,50000.0
1114,2026-08-07,51004.0,51027.0,52564.5,50000.0
1115,2026-08-07,51145.0,51189.0,51848.5,49848.5
1116,2026-08-07,51512.0,51527.5,52066.5,50066.5
1120,2026-08-07,51084.5,51779.5,52864.0,50000.0
1121,2026-08-07,51791.5,51813.0,52356.0,50356.0
1122,2026-08-07,150715.0,150358.0,153320.0,148820.0
1123,2026-08-07,51281.5,51303.0,51881.0,49881.0
1124,2026-08-07,50482.5,50533.5,51067.0,49067.0
1125,2026-08-07,50186.5,50209.5,50766.0,48766.0
1126,2026-08-07,49486.5,49487.0,50299.0,48299.0
1127,2026-08-07,49445.5,49479.5,50000.0,48000.0
1128,2026-08-07,49702.5,49204.0,50000.0,48000.0
1129,2026-08-07,50000.0,50034.0,50034.0,48034.0
1096,2026-08-10,51528.0,50639.0,54473.0,50000.0
1103,2026-08-10,151566.0,149426.0,157628.0,150000.0
1108,2026-08-10,51769.5,50872.5,53603.0,50000.0
1112,2026-08-10,51523.0,50634.0,53771.0,50000.0
1113,2026-08-10,51504.0,50605.0,53151.0,50000.0
1114,2026-08-10,51027.0,50133.0,52564.5,50000.0
1115,2026-08-10,50689.0,49790.0,51848.5,49848.5
1116,2026-08-10,51527.5,50628.5,52066.5,50066.5
1120,2026-08-10,51779.5,50890.5,52864.0,50000.0
1121,2026-08-10,51813.0,50914.0,52356.0,50356.0
1122,2026-08-10,150358.0,148198.0,153320.0,148820.0
1123,2026-08-10,51303.0,50393.0,51881.0,49881.0
1124,2026-08-10,50533.5,49914.5,51067.0,49067.0
1125,2026-08-10,50209.5,49320.5,50766.0,48766.0
1126,2026-08-10,49487.0,48598.0,50299.0,48299.0
1127,2026-08-10,49479.5,48915.5,50000.0,48000.0
1128,2026-08-10,49204.0,48599.0,50000.0,48000.0
1129,2026-08-10,50034.0,49439.0,50034.0,48034.0
1096,2026-08-11,50639.0,49764.0,54473.0,50000.0
1108,2026-08-11,50872.5,49701.5,53603.0,50000.0
1112,2026-08-11,50634.0,49453.0,53771.0,50000.0
1113,2026-08-11,50605.0,49713.0,53151.0,50000.0
1114,2026-08-11,50133.0,48967.0,52564.5,50000.0
1116,2026-08-11,50628.5,49726.5,52066.5,50066.5
1120,2026-08-11,50890.5,49739.5,52864.0,50000.0
1121,2026-08-11,50914.0,50008.0,52356.0,50356.0
1123,2026-08-11,50393.0,49212.0,51881.0,49881.0
1124,2026-08-11,49914.5,48757.5,51067.0,49067.0
1125,2026-08-11,49320.5,48153.5,50766.0,48766.0
1126,2026-08-11,48598.0,47721.0,50299.0,48299.0
1127,2026-08-11,48915.5,48041.5,50000.0,48000.0
1128,2026-08-11,48599.0,47714.0,50000.0,48000.0
1129,2026-08-11,49439.0,48288.0,50034.0,48034.0
1123,2026-08-12,50000.0,49745.0,50000.0,48000.0
1127,2026-08-12,48041.5,47776.5,50000.0,48000.0
1129,2026-08-12,48288.0,48033.0,50034.0,48034.0
1123,2026-08-13,49745.0,49080.0,50000.0,48000.0
1123,2026-08-14,49080.0,48500.0,50000.0,48000.0
1123,2026-08-17,48500.0,49255.0,50000.0,48000.0
1130,2026-08-17,50000.0,51415.0,51415.0,49415.0
1123,2026-08-18,49255.0,49332.0,50000.0,48000.0
1130,2026-08-18,51415.0,51729.0,51729.0,49729.0
1123,2026-08-19,49332.0,48582.0,50000.0,48000.0
1130,2026-08-19,51729.0,50974.0,51729.0,49729.0
1131,2026-08-19,50000.0,49245.0,50000.0,48000.0
1123,2026-08-20,48582.0,49042.0,50000.0,48000.0
1130,2026-08-20,50974.0,51424.0,51729.0,49729.0
1131,2026-08-20,49245.0,49245.0,50000.0,48000.0
1132,2026-08-20,50000.0,50440.0,50440.0,48440.0
1123,2026-08-21,49042.0,49822.0,50000.0,48000.0
1130,2026-08-21,51424.0,52204.0,52204.0,50204.0
1131,2026-08-21,49245.0,49994.0,50000.0,48000.0
1132,2026-08-21,50440.0,51220.0,51220.0,49220.0
1133,2026-08-21,50000.0,50755.0,50755.0,48755.0
1123,2026-08-24,49822.0,49487.0,50000.0,48000.0
1130,2026-08-24,52204.0,51869.0,52204.0,50204.0
1131,2026-08-24,49994.0,49634.0,50000.0,48000.0
1132,2026-08-24,51220.0,50872.5,51220.0,49220.0
1133,2026-08-24,50755.0,50420.0,50755.0,48755.0
1134,2026-08-24,50000.0,49665.0,50000.0,48000.0
1123,2026-08-25,49487.0,48940.0,50000.0,48000.0
1130,2026-08-25,51869.0,51322.0,52204.0,50204.0
1131,2026-08-25,49634.0,49074.0,50000.0,48000.0
1132,2026-08-25,50872.5,50315.5,51220.0,49220.0
1133,2026-08-25,50420.0,49873.0,50755.0,48755.0
1134,2026-08-25,49665.0,49375.0,50000.0,48000.0
1123,2026-08-26,48940.0,48715.0,50000.0,48000.0
1130,2026-08-26,51322.0,51097.0,52204.0,50204.0
1131,2026-08-26,49074.0,48844.0,50000.0,48000.0
1132,2026-08-26,50315.5,50090.5,51220.0,49220.0
1133,2026-08-26,49873.0,49648.0,50755.0,48755.0
1134,2026-08-26,49375.0,49140.0,50000.0,48000.0
1123,2026-08-27,48715.0,48751.0,50000.0,48000.0
1130,2026-08-27,51097.0,51460.0,52204.0,50204.0
1131,2026-08-27,48844.0,49204.0,50000.0,48000.0
1132,2026-08-27,50090.5,50453.5,51220.0,49220.0
1133,2026-08-27,49648.0,50011.0,50755.0,48755.0
1134,2026-08-27,49140.0,49170.0,50000.0,48000.0
1123,2026-08-28,48751.0,48751.0,50000.0,48000.0
1130,2026-08-28,51460.0,51460.0,52204.0,50204.0
1131,2026-08-28,49204.0,49204.0,50000.0,48000.0
1132,2026-08-28,50453.5,50453.5,51220.0,49220.0
1133,2026-08-28,50011.0,50011.0,50755.0,48755.0
1134,2026-08-28,49170.0,49170.0,50000.0,48000.0
1123,2026-08-31,48751.0,49006.0,50000.0,48000.0
1130,2026-08-31,51460.0,51112.5,52204.0,50204.0
1131,2026-08-31,49204.0,49439.0,50000.0,48000.0
1132,2026-08-31,50453.5,50683.5,51220.0,49220.0
1133,2026-08-31,50011.0,50246.0,50755.0,48755.0
1134,2026-08-31,49170.0,49415.0,50000.0,48000.0
