TradeID,LegNo,FillTime,Side,Quantity,Price,OrderType
1,1,2025-01-03 10:01:50,Sell,6,21722.0,Limit
1,2,2025-01-03 10:37:34,Buy,6,21744.25,Stop
2,1,2025-01-03 10:34:08,Buy,5,2624.8,Market
2,2,2025-01-03 11:08:09,Sell,5,2618.8,Stop
3,1,2025-01-03 03:29:37,Sell,10,73.6,Market
3,2,2025-01-03 04:09:15.500000,Buy,5,73.29,Limit
3,3,2025-01-03 04:48:54,Buy,5,72.89,Limit
4,1,2025-01-03 08:48:59,Sell,10,5849.0,Market
4,2,2025-01-03 09:11:02,Buy,10,5853.75,Stop
5,1,2025-01-06 10:01:06,Sell,10,42508.0,Market
5,2,2025-01-06 11:34:32,Buy,10,42558.0,Stop
6,1,2025-01-06 10:01:09,Sell,2,42507.0,Limit
6,2,2025-01-06 11:34:47,Buy,2,42558.0,Stop
7,1,2025-01-06 12:28:15,Sell,10,2341.5,Market
7,2,2025-01-06 12:38:11,Buy,5,2338.6,Limit
7,3,2025-01-06 12:48:07,Buy,5,2334.8,Limit
8,1,2025-01-06 12:28:18,Sell,2,2341.4,Limit
8,2,2025-01-06 12:37:59.500000,Buy,1,2338.6,Limit
8,3,2025-01-06 12:47:41,Buy,1,2334.8,Limit
9,1,2025-01-07 12:23:46,Buy,10,5869.5,Market
9,2,2025-01-07 12:40:37,Sell,10,5863.25,Stop
10,1,2025-01-07 12:23:47,Buy,10,5869.5,Market
10,2,2025-01-07 12:39:59,Sell,10,5863.25,Stop
11,1,2025-01-07 10:28:53,Buy,5,2633.4,Limit
11,2,2025-01-07 11:53:45,Sell,5,2627.4,Stop
12,1,2025-01-07 10:28:53,Buy,5,2633.5,Limit
12,2,2025-01-07 11:53:31,Sell,5,2627.4,Stop
13,1,2025-01-07 03:33:34,Sell,10,71.24,Limit
13,2,2025-01-07 03:51:55,Buy,10,71.58,Stop
14,1,2025-01-07 03:33:37,Sell,2,71.24,Limit
14,2,2025-01-07 03:52:13,Buy,2,71.58,Stop
15,1,2025-01-07 03:33:37,Sell,10,71.24,Limit
15,2,2025-01-07 03:52:06,Buy,10,71.58,Stop
16,1,2025-01-08 12:16:03,Buy,10,5880.5,Market
16,2,2025-01-08 12:20:54.500000,Sell,5,5884.0,Limit
16,3,2025-01-08 12:25:46,Sell,5,5889.0,Limit
17,1,2025-01-08 12:16:05,Buy,2,5880.75,Market
17,2,2025-01-08 12:21:03,Sell,1,5884.25,Limit
17,3,2025-01-08 12:26:01,Sell,1,5888.75,Limit
18,1,2025-01-08 12:16:04,Buy,10,5880.5,Market
18,2,2025-01-08 12:25:09,Sell,10,5886.5,Limit
19,1,2025-01-09 12:10:39,Sell,10,5962.25,Market
19,2,2025-01-09 12:20:17,Buy,5,5959.5,Limit
19,3,2025-01-09 12:29:55,Buy,5,5956.0,Limit
20,1,2025-01-09 12:10:39,Sell,2,5962.0,Market
20,2,2025-01-09 12:29:51,Buy,2,5957.75,Limit
21,1,2025-01-09 12:10:39,Sell,10,5962.25,Limit
21,2,2025-01-09 12:20:29,Buy,5,5959.5,Limit
21,3,2025-01-09 12:30:19,Buy,5,5956.0,Limit
22,1,2025-01-09 10:37:40,Sell,10,72.44,Market
22,2,2025-01-09 11:07:09.500000,Buy,5,72.05,Limit
22,3,2025-01-09 11:36:39,Buy,5,71.53,Limit
23,1,2025-01-09 10:37:43,Sell,10,72.44,Market
23,2,2025-01-09 11:06:49.500000,Buy,5,72.05,Limit
23,3,2025-01-09 11:35:56,Buy,5,71.53,Limit
24,1,2025-01-09 03:31:24,Sell,10,72.91,Market
24,2,2025-01-09 04:52:02,Buy,10,72.42,Limit
25,1,2025-01-09 03:31:26,Sell,2,72.9,Market
25,2,2025-01-09 04:52:03,Buy,2,72.43,Limit
26,1,2025-01-10 09:50:35,Sell,10,41762.0,Limit
26,2,2025-01-10 11:10:16,Buy,10,41825.0,Stop
27,1,2025-01-10 09:50:36,Sell,2,41762.0,Market
27,2,2025-01-10 11:10:03,Buy,2,41825.0,Stop
28,1,2025-01-10 09:50:35,Sell,10,41761.0,Limit
28,2,2025-01-10 11:10:03,Buy,10,41825.0,Stop
29,1,2025-01-10 09:50:38,Sell,10,41762.0,Limit
29,2,2025-01-10 11:10:37,Buy,10,41825.0,Stop
30,1,2025-01-10 12:13:03,Sell,10,5951.0,Limit
30,2,2025-01-10 12:20:17.500000,Buy,5,5946.5,Limit
30,3,2025-01-10 12:27:32,Buy,5,5940.5,Limit
31,1,2025-01-10 12:13:06,Sell,2,5951.0,Limit
31,2,2025-01-10 12:20:08.500000,Buy,1,5946.5,Limit
31,3,2025-01-10 12:27:11,Buy,1,5940.5,Limit
32,1,2025-01-10 12:13:04,Sell,10,5950.75,Market
32,2,2025-01-10 12:20:23,Buy,5,5946.5,Limit
32,3,2025-01-10 12:27:42,Buy,5,5941.0,Limit
33,1,2025-01-10 12:13:05,Sell,10,5951.0,Market
33,2,2025-01-10 12:20:06,Buy,5,5946.5,Limit
33,3,2025-01-10 12:27:07,Buy,5,5940.5,Limit
34,1,2025-01-10 10:33:12,Buy,6,20326.0,Limit
34,2,2025-01-10 11:12:19,Sell,3,20357.75,Limit
34,3,2025-01-10 11:51:26,Sell,3,20399.75,Limit
35,1,2025-01-10 10:33:15,Buy,6,20326.0,Market
35,2,2025-01-10 11:12:44.500000,Sell,3,20357.75,Limit
35,3,2025-01-10 11:52:14,Sell,3,20399.75,Limit
36,1,2025-01-10 10:33:13,Buy,6,20326.25,Market
36,2,2025-01-10 11:12:20.500000,Sell,3,20357.5,Limit
36,3,2025-01-10 11:51:28,Sell,3,20399.5,Limit
37,1,2025-01-13 10:03:18,Buy,10,42061.0,Limit
37,2,2025-01-13 10:45:35,Sell,10,42003.0,Stop
38,1,2025-01-13 10:03:18,Buy,2,42062.0,Market
38,2,2025-01-13 10:46:00,Sell,2,42002.0,Stop
39,1,2025-01-13 10:03:20,Buy,10,42062.0,Limit
39,2,2025-01-13 10:46:08,Sell,10,42003.0,Stop
40,1,2025-01-13 10:03:21,Buy,10,42062.0,Market
40,2,2025-01-13 10:45:38,Sell,10,42003.0,Stop
41,1,2025-01-13 12:26:15,Sell,10,2314.3,Limit
41,2,2025-01-13 12:42:14,Buy,10,2308.3,Limit
42,1,2025-01-13 12:26:15,Sell,2,2314.3,Limit
42,2,2025-01-13 12:34:02,Buy,1,2310.7,Limit
42,3,2025-01-13 12:41:49,Buy,1,2305.9,Limit
43,1,2025-01-13 12:26:16,Sell,10,2314.3,Market
43,2,2025-01-13 12:34:13.500000,Buy,5,2310.7,Limit
43,3,2025-01-13 12:42:11,Buy,5,2305.9,Limit
44,1,2025-01-13 12:26:16,Sell,10,2314.3,Limit
44,2,2025-01-13 12:41:45,Buy,10,2308.3,Limit
45,1,2025-01-13 10:32:38,Buy,6,20450.5,Market
45,2,2025-01-13 11:15:41,Sell,6,20425.0,Stop
46,1,2025-01-13 10:32:39,Buy,2,20450.75,Market
46,2,2025-01-13 11:16:07,Sell,2,20425.0,Stop
47,1,2025-01-13 10:32:41,Buy,6,20450.5,Market
47,2,2025-01-13 11:16:35,Sell,6,20425.0,Stop
48,1,2025-01-13 10:32:38,Buy,6,20450.75,Limit
48,2,2025-01-13 11:16:10,Sell,6,20424.75,Stop
49,1,2025-01-13 03:35:42,Sell,5,2656.2,Market
49,2,2025-01-13 03:55:33,Buy,5,2646.9,Limit
50,1,2025-01-13 03:35:44,Sell,1,2656.1,Market
50,2,2025-01-13 03:55:18,Buy,1,2646.9,Limit
51,1,2025-01-13 03:35:43,Sell,5,2656.1,Market
51,2,2025-01-13 03:45:35.500000,Buy,2,2650.6,Limit
51,3,2025-01-13 03:55:28,Buy,3,2644.4,Limit
52,1,2025-01-13 03:35:44,Sell,5,2656.1,Limit
52,2,2025-01-13 03:55:13,Buy,5,2647.0,Limit
53,1,2025-01-14 03:31:35,Buy,5,2660.1,Limit
53,2,2025-01-14 03:58:46.500000,Sell,2,2665.6,Limit
53,3,2025-01-14 04:25:58,Sell,3,2671.8,Limit
54,1,2025-01-14 03:31:37,Buy,1,2660.2,Market
54,2,2025-01-14 04:26:17,Sell,1,2669.2,Limit
55,1,2025-01-14 03:31:36,Buy,5,2660.1,Market
55,2,2025-01-14 04:26:32,Sell,5,2669.3,Limit
56,1,2025-01-14 03:31:35,Buy,5,2660.1,Market
56,2,2025-01-14 03:58:55,Sell,2,2665.6,Limit
56,3,2025-01-14 04:26:15,Sell,3,2671.8,Limit
57,1,2025-01-14 03:31:37,Buy,1,2660.1,Market
57,2,2025-01-14 04:25:55,Sell,1,2669.3,Limit
58,1,2025-01-14 08:49:47,Buy,10,5922.25,Limit
58,2,2025-01-14 09:01:16,Sell,10,5916.0,Stop
59,1,2025-01-14 08:49:49,Buy,2,5922.5,Market
59,2,2025-01-14 09:01:27,Sell,2,5916.0,Stop
60,1,2025-01-14 08:49:49,Buy,10,5922.25,Market
60,2,2025-01-14 09:01:43,Sell,10,5916.0,Stop
61,1,2025-01-14 08:49:47,Buy,10,5922.5,Limit
61,2,2025-01-14 09:01:34,Sell,10,5915.75,Stop
62,1,2025-01-14 08:49:49,Buy,2,5922.25,Market
62,2,2025-01-14 09:01:09,Sell,2,5916.0,Stop
63,1,2025-01-15 09:50:01,Sell,6,20189.25,Limit
63,2,2025-01-15 10:21:22,Buy,6,20208.75,Stop
64,1,2025-01-15 09:50:01,Sell,2,20189.0,Limit
64,2,2025-01-15 10:21:41,Buy,2,20208.75,Stop
65,1,2025-01-15 09:50:04,Sell,6,20189.0,Limit
65,2,2025-01-15 10:21:34,Buy,6,20209.0,Stop
66,1,2025-01-15 09:50:01,Sell,6,20189.25,Limit
66,2,2025-01-15 10:21:07,Buy,6,20208.75,Stop
67,1,2025-01-15 09:50:03,Sell,2,20189.0,Market
67,2,2025-01-15 10:21:47,Buy,2,20209.0,Stop
68,1,2025-01-15 03:22:54,Sell,1,2669.2,Market
68,2,2025-01-15 04:06:12,Buy,1,2675.2,Stop
69,1,2025-01-15 03:22:55,Sell,5,2669.2,Limit
69,2,2025-01-15 04:06:28,Buy,5,2675.2,Stop
70,1,2025-01-15 03:22:54,Sell,1,2669.2,Limit
70,2,2025-01-15 04:06:48,Buy,1,2675.2,Stop
71,1,2025-01-16 09:52:40,Sell,10,41458.0,Limit
71,2,2025-01-16 11:16:45,Buy,10,41523.0,Stop
72,1,2025-01-16 09:52:42,Sell,2,41457.0,Market
72,2,2025-01-16 11:16:52,Buy,2,41523.0,Stop
73,1,2025-01-16 09:52:42,Sell,10,41458.0,Limit
73,2,2025-01-16 11:17:33,Buy,10,41523.0,Stop
74,1,2025-01-16 09:52:40,Sell,10,41458.0,Limit
74,2,2025-01-16 11:17:00,Buy,10,41523.0,Stop
75,1,2025-01-16 09:52:42,Sell,2,41457.0,Market
75,2,2025-01-16 11:17:20,Buy,2,41524.0,Stop
76,1,2025-01-16 12:10:02,Buy,10,5973.5,Limit
76,2,2025-01-16 12:20:20,Sell,10,5966.5,Stop
77,1,2025-01-16 12:10:04,Buy,2,5973.75,Market
77,2,2025-01-16 12:21:00,Sell,2,5966.25,Stop
78,1,2025-01-16 12:10:02,Buy,10,5973.5,Limit
78,2,2025-01-16 12:20:39,Sell,10,5966.5,Stop
79,1,2025-01-16 12:10:02,Buy,2,5973.5,Limit
79,2,2025-01-16 12:20:32,Sell,2,5966.5,Stop
80,1,2025-01-16 10:20:03,Buy,2,74.58,Limit
80,2,2025-01-16 11:09:15,Sell,2,75.22,Limit
81,1,2025-01-16 10:20:06,Buy,10,74.58,Limit
81,2,2025-01-16 10:44:48,Sell,5,74.96,Limit
81,3,2025-01-16 11:09:30,Sell,5,75.48,Limit
82,1,2025-01-16 10:20:03,Buy,10,74.58,Limit
82,2,2025-01-16 10:44:55,Sell,5,74.96,Limit
82,3,2025-01-16 11:09:47,Sell,5,75.48,Limit
83,1,2025-01-16 10:20:04,Buy,2,74.58,Limit
83,2,2025-01-16 10:44:55.500000,Sell,1,74.96,Limit
83,3,2025-01-16 11:09:47,Sell,1,75.48,Limit
84,1,2025-01-16 03:28:12,Sell,10,73.45,Market
84,2,2025-01-16 03:42:28,Buy,10,73.0,Limit
85,1,2025-01-16 03:28:12,Sell,2,73.45,Market
85,2,2025-01-16 03:42:58,Buy,2,73.0,Limit
86,1,2025-01-16 03:28:12,Sell,10,73.44,Market
86,2,2025-01-16 03:35:20,Buy,5,73.18,Limit
86,3,2025-01-16 03:42:28,Buy,5,72.82,Limit
87,1,2025-01-16 03:28:15,Sell,10,73.44,Limit
87,2,2025-01-16 03:42:46,Buy,10,73.0,Limit
88,1,2025-01-16 03:28:13,Sell,2,73.45,Limit
88,2,2025-01-16 03:42:42,Buy,2,73.0,Limit
89,1,2025-01-17 10:39:56,Sell,5,2638.5,Limit
89,2,2025-01-17 12:12:22,Buy,5,2645.1,Stop
90,1,2025-01-17 10:39:58,Sell,1,2638.4,Limit
90,2,2025-01-17 12:12:39,Buy,1,2645.2,Stop
91,1,2025-01-17 10:39:59,Sell,5,2638.5,Limit
91,2,2025-01-17 12:12:09,Buy,5,2645.1,Stop
92,1,2025-01-17 10:39:59,Sell,5,2638.4,Limit
92,2,2025-01-17 12:12:32,Buy,5,2645.1,Stop
93,1,2025-01-17 10:39:58,Sell,5,2638.4,Market
93,2,2025-01-17 12:12:37,Buy,5,2645.2,Stop
94,1,2025-01-17 03:24:48,Sell,10,70.17,Limit
94,2,2025-01-17 03:51:20,Buy,10,69.67,Limit
95,1,2025-01-17 03:24:49,Sell,2,70.17,Market
95,2,2025-01-17 03:51:08,Buy,2,69.67,Limit
96,1,2025-01-17 03:24:48,Sell,10,70.16,Market
96,2,2025-01-17 03:38:00,Buy,5,69.87,Limit
96,3,2025-01-17 03:51:12,Buy,5,69.47,Limit
97,1,2025-01-17 03:24:50,Sell,10,70.16,Limit
97,2,2025-01-17 03:38:01,Buy,5,69.87,Limit
97,3,2025-01-17 03:51:12,Buy,5,69.47,Limit
98,1,2025-01-17 03:24:48,Sell,2,70.17,Market
98,2,2025-01-17 03:38:12,Buy,1,69.87,Limit
98,3,2025-01-17 03:51:36,Buy,1,69.47,Limit
99,1,2025-01-17 03:24:49,Sell,10,70.17,Limit
99,2,2025-01-17 03:37:50.500000,Buy,5,69.87,Limit
99,3,2025-01-17 03:50:52,Buy,5,69.47,Limit
100,1,2025-01-21 09:49:39,Buy,6,20040.0,Limit
100,2,2025-01-21 10:59:59,Sell,6,20012.75,Stop
101,1,2025-01-21 09:49:41,Buy,2,20040.0,Limit
101,2,2025-01-21 11:00:06,Sell,2,20012.75,Stop
102,1,2025-01-21 09:49:41,Buy,6,20040.0,Limit
102,2,2025-01-21 11:00:13,Sell,6,20012.75,Stop
103,1,2025-01-21 09:49:41,Buy,2,20040.25,Limit
103,2,2025-01-21 11:00:00,Sell,2,20012.75,Stop
104,1,2025-01-21 09:49:39,Buy,6,20040.25,Market
104,2,2025-01-21 11:00:01,Sell,6,20012.5,Stop
105,1,2025-01-21 10:35:47,Sell,5,2647.1,Limit
105,2,2025-01-21 10:47:13,Buy,5,2652.6,Stop
106,1,2025-01-21 10:35:48,Sell,1,2647.1,Limit
106,2,2025-01-21 10:47:26,Buy,1,2652.6,Stop
107,1,2025-01-21 10:35:49,Sell,5,2647.0,Market
107,2,2025-01-21 10:47:23,Buy,5,2652.6,Stop
108,1,2025-01-21 10:35:47,Sell,1,2647.0,Market
108,2,2025-01-21 10:47:16,Buy,1,2652.7,Stop
109,1,2025-01-21 10:35:48,Sell,5,2647.0,Limit
109,2,2025-01-21 10:47:33,Buy,5,2652.6,Stop
110,1,2025-01-22 09:49:25,Sell,10,41463.0,Market
110,2,2025-01-22 11:14:29,Buy,10,41519.0,Stop
111,1,2025-01-22 09:49:28,Sell,2,41463.0,Market
111,2,2025-01-22 11:15:22,Buy,2,41519.0,Stop
112,1,2025-01-22 09:49:27,Sell,10,41462.0,Limit
112,2,2025-01-22 11:15:03,Buy,10,41520.0,Stop
113,1,2025-01-22 09:49:25,Sell,10,41463.0,Market
113,2,2025-01-22 11:14:58,Buy,10,41519.0,Stop
114,1,2025-01-22 09:49:27,Sell,2,41462.0,Limit
114,2,2025-01-22 11:14:48,Buy,2,41519.0,Stop
115,1,2025-01-22 09:49:25,Sell,10,41463.0,Limit
115,2,2025-01-22 11:15:10,Buy,10,41519.0,Stop
116,1,2025-01-22 03:28:08,Buy,5,2681.8,Market
116,2,2025-01-22 04:12:25,Sell,5,2690.8,Limit
117,1,2025-01-22 03:28:10,Buy,1,2681.9,Limit
117,2,2025-01-22 04:12:56,Sell,1,2690.8,Limit
118,1,2025-01-22 03:28:08,Buy,5,2681.9,Market
118,2,2025-01-22 03:50:25,Sell,2,2687.2,Limit
118,3,2025-01-22 04:12:42,Sell,3,2693.2,Limit
119,1,2025-01-22 03:28:09,Buy,5,2681.8,Market
119,2,2025-01-22 03:50:34,Sell,2,2687.2,Limit
119,3,2025-01-22 04:12:59,Sell,3,2693.2,Limit
120,1,2025-01-22 03:28:09,Buy,1,2681.9,Market
120,2,2025-01-22 04:12:09,Sell,1,2690.8,Limit
121,1,2025-01-22 03:28:09,Buy,5,2681.9,Limit
121,2,2025-01-22 03:50:36,Sell,2,2687.2,Limit
121,3,2025-01-22 04:13:03,Sell,3,2693.0,Limit
122,1,2025-01-23 09:52:18,Sell,6,19515.75,Limit
122,2,2025-01-23 10:33:16,Buy,6,19536.5,Stop
123,1,2025-01-23 09:52:21,Sell,2,19515.5,Market
123,2,2025-01-23 10:32:32,Buy,2,19536.5,Stop
124,1,2025-01-23 09:52:21,Sell,6,19515.75,Market
124,2,2025-01-23 10:32:27,Buy,6,19536.5,Stop
125,1,2025-01-23 09:52:19,Sell,6,19515.5,Market
125,2,2025-01-23 10:32:38,Buy,6,19536.5,Stop
126,1,2025-01-23 09:52:18,Sell,2,19515.75,Limit
126,2,2025-01-23 10:32:38,Buy,2,19536.5,Stop
127,1,2025-01-23 09:52:20,Sell,6,19515.75,Market
127,2,2025-01-23 10:33:01,Buy,6,19536.5,Stop
128,1,2025-01-23 10:39:44,Sell,10,68.96,Market
128,2,2025-01-23 10:55:05,Buy,10,69.24,Stop
129,1,2025-01-23 10:39:46,Sell,10,68.96,Limit
129,2,2025-01-23 10:54:54,Buy,10,69.24,Stop
130,1,2025-01-23 10:39:44,Sell,10,68.96,Market
130,2,2025-01-23 10:54:55,Buy,10,69.24,Stop
131,1,2025-01-23 10:39:45,Sell,2,68.95,Market
131,2,2025-01-23 10:54:54,Buy,2,69.24,Stop
132,1,2025-01-23 10:39:47,Sell,10,68.96,Market
132,2,2025-01-23 10:54:47,Buy,10,69.24,Stop
133,1,2025-01-23 03:25:08,Buy,5,2651.8,Market
133,2,2025-01-23 04:12:14,Sell,5,2645.4,Stop
134,1,2025-01-23 03:25:11,Buy,1,2651.8,Limit
134,2,2025-01-23 04:12:15,Sell,1,2645.4,Stop
135,1,2025-01-23 03:25:08,Buy,5,2651.9,Limit
135,2,2025-01-23 04:12:59,Sell,5,2645.3,Stop
136,1,2025-01-23 03:25:09,Buy,5,2651.9,Limit
136,2,2025-01-23 04:12:49,Sell,5,2645.4,Stop
137,1,2025-01-23 03:25:11,Buy,1,2651.8,Limit
137,2,2025-01-23 04:12:16,Sell,1,2645.4,Stop
138,1,2025-01-23 03:25:10,Buy,5,2651.9,Market
138,2,2025-01-23 04:13:03,Sell,5,2645.3,Stop
139,1,2025-01-24 03:28:55,Buy,5,2612.5,Limit
139,2,2025-01-24 03:45:35,Sell,2,2617.7,Limit
139,3,2025-01-24 04:02:15,Sell,3,2623.5,Limit
140,1,2025-01-24 03:28:58,Buy,1,2612.5,Limit
140,2,2025-01-24 04:02:28,Sell,1,2621.2,Limit
141,1,2025-01-24 03:28:58,Buy,5,2612.6,Limit
141,2,2025-01-24 03:45:30,Sell,2,2617.8,Limit
141,3,2025-01-24 04:02:02,Sell,3,2623.5,Limit
142,1,2025-01-24 03:28:56,Buy,5,2612.6,Market
142,2,2025-01-24 03:45:53.500000,Sell,2,2617.7,Limit
142,3,2025-01-24 04:02:51,Sell,3,2623.4,Limit
143,1,2025-01-24 03:28:56,Buy,1,2612.5,Limit
143,2,2025-01-24 04:02:40,Sell,1,2621.2,Limit
144,1,2025-01-24 03:28:56,Buy,5,2612.6,Limit
144,2,2025-01-24 04:02:45,Sell,5,2621.2,Limit
145,1,2025-01-27 12:20:10,Sell,10,2289.3,Market
145,2,2025-01-27 12:45:41,Buy,10,2296.6,Stop
146,1,2025-01-27 12:20:11,Sell,2,2289.2,Limit
146,2,2025-01-27 12:45:27,Buy,2,2296.6,Stop
147,1,2025-01-27 12:20:11,Sell,10,2289.3,Market
147,2,2025-01-27 12:45:13,Buy,10,2296.6,Stop
148,1,2025-01-27 12:20:13,Sell,10,2289.3,Limit
148,2,2025-01-27 12:45:25,Buy,10,2296.6,Stop
149,1,2025-01-27 12:20:13,Sell,2,2289.3,Limit
149,2,2025-01-27 12:45:32,Buy,2,2296.6,Stop
150,1,2025-01-27 12:20:10,Sell,10,2289.2,Market
150,2,2025-01-27 12:45:29,Buy,10,2296.7,Stop
151,1,2025-01-27 10:25:07,Sell,10,67.84,Limit
151,2,2025-01-27 11:22:55,Buy,10,67.16,Limit
152,1,2025-01-27 10:25:07,Sell,2,67.84,Market
152,2,2025-01-27 10:54:01,Buy,1,67.43,Limit
152,3,2025-01-27 11:22:55,Buy,1,66.89,Limit
153,1,2025-01-27 10:25:10,Sell,10,67.83,Limit
153,2,2025-01-27 10:53:49,Buy,5,67.43,Limit
153,3,2025-01-27 11:22:28,Buy,5,66.91,Limit
154,1,2025-01-27 10:25:09,Sell,10,67.84,Market
154,2,2025-01-27 11:22:58,Buy,10,67.16,Limit
155,1,2025-01-27 10:25:08,Sell,2,67.84,Limit
155,2,2025-01-27 10:53:51,Buy,1,67.43,Limit
155,3,2025-01-27 11:22:34,Buy,1,66.89,Limit
156,1,2025-01-27 10:25:10,Sell,10,67.84,Limit
156,2,2025-01-27 10:53:53.500000,Buy,5,67.43,Limit
156,3,2025-01-27 11:22:37,Buy,5,66.89,Limit
157,1,2025-01-28 09:55:39,Buy,10,6074.25,Limit
157,2,2025-01-28 11:20:58,Sell,10,6085.5,Limit
158,1,2025-01-28 09:55:42,Buy,2,6074.25,Limit
158,2,2025-01-28 11:21:35,Sell,2,6085.5,Limit
159,1,2025-01-28 09:55:39,Buy,10,6074.25,Limit
159,2,2025-01-28 10:38:25,Sell,5,6081.0,Limit
159,3,2025-01-28 11:21:11,Sell,5,6090.0,Limit
160,1,2025-01-28 09:55:39,Buy,10,6074.25,Limit
160,2,2025-01-28 11:20:48,Sell,10,6085.5,Limit
161,1,2025-01-28 09:55:42,Buy,2,6074.5,Limit
161,2,2025-01-28 10:38:41,Sell,1,6081.0,Limit
161,3,2025-01-28 11:21:40,Sell,1,6090.0,Limit
162,1,2025-01-28 09:55:40,Buy,10,6074.25,Limit
162,2,2025-01-28 11:20:45,Sell,10,6085.5,Limit
163,1,2025-01-28 12:25:20,Buy,10,2229.3,Limit
163,2,2025-01-28 12:49:02,Sell,10,2223.2,Stop
164,1,2025-01-28 12:25:20,Buy,2,2229.3,Limit
164,2,2025-01-28 12:48:49,Sell,2,2223.2,Stop
165,1,2025-01-28 12:25:22,Buy,10,2229.3,Market
165,2,2025-01-28 12:49:16,Sell,10,2223.2,Stop
166,1,2025-01-28 12:25:21,Buy,10,2229.3,Limit
166,2,2025-01-28 12:48:40,Sell,10,2223.2,Stop
167,1,2025-01-28 12:25:22,Buy,2,2229.3,Limit
167,2,2025-01-28 12:49:00,Sell,2,2223.2,Stop
168,1,2025-01-28 12:25:22,Buy,10,2229.3,Limit
168,2,2025-01-28 12:48:58,Sell,10,2223.2,Stop
169,1,2025-01-28 03:32:59,Buy,5,2579.2,Market
169,2,2025-01-28 04:33:48,Sell,5,2573.9,Stop
170,1,2025-01-28 03:33:01,Buy,1,2579.2,Market
170,2,2025-01-28 04:33:17,Sell,1,2573.9,Stop
171,1,2025-01-28 03:32:59,Buy,5,2579.3,Market
171,2,2025-01-28 04:33:14,Sell,5,2573.9,Stop
172,1,2025-01-28 03:33:01,Buy,5,2579.3,Market
172,2,2025-01-28 04:33:17,Sell,5,2573.9,Stop
173,1,2025-01-28 03:32:59,Buy,1,2579.2,Limit
173,2,2025-01-28 04:33:03,Sell,1,2573.9,Stop
174,1,2025-01-28 03:33:02,Buy,5,2579.2,Market
174,2,2025-01-28 04:33:53,Sell,5,2573.9,Stop
175,1,2025-01-29 03:26:35,Sell,10,69.59,Market
175,2,2025-01-29 04:10:51,Buy,10,69.84,Stop
176,1,2025-01-29 03:26:35,Sell,2,69.58,Limit
176,2,2025-01-29 04:10:54,Buy,2,69.85,Stop
177,1,2025-01-29 03:26:36,Sell,10,69.58,Market
177,2,2025-01-29 04:11:26,Buy,10,69.84,Stop
178,1,2025-01-29 03:26:36,Sell,10,69.59,Limit
178,2,2025-01-29 04:11:24,Buy,10,69.84,Stop
179,1,2025-01-29 03:26:36,Sell,2,69.58,Limit
179,2,2025-01-29 04:10:48,Buy,2,69.84,Stop
180,1,2025-01-29 03:26:38,Sell,10,69.59,Limit
180,2,2025-01-29 04:10:55,Buy,10,69.84,Stop
181,1,2025-01-30 09:52:27,Sell,6,20450.5,Limit
181,2,2025-01-30 10:03:34,Buy,6,20472.5,Stop
182,1,2025-01-30 09:52:27,Sell,2,20450.5,Limit
182,2,2025-01-30 10:04:24,Buy,2,20472.5,Stop
183,1,2025-01-30 09:52:30,Sell,6,20450.25,Limit
183,2,2025-01-30 10:04:05,Buy,6,20472.75,Stop
184,1,2025-01-30 09:52:30,Sell,6,20450.5,Market
184,2,2025-01-30 10:04:23,Buy,6,20472.5,Stop
185,1,2025-01-30 09:52:29,Sell,2,20450.25,Limit
185,2,2025-01-30 10:04:05,Buy,2,20472.75,Stop
186,1,2025-01-30 09:52:27,Sell,6,20450.5,Market
186,2,2025-01-30 10:04:13,Buy,6,20472.5,Stop
187,1,2025-01-30 12:26:59,Sell,10,2187.7,Market
187,2,2025-01-30 12:48:23,Buy,10,2194.3,Stop
188,1,2025-01-30 12:27:02,Sell,2,2187.7,Market
188,2,2025-01-30 12:48:47,Buy,2,2194.3,Stop
189,1,2025-01-30 12:26:59,Sell,10,2187.6,Limit
189,2,2025-01-30 12:48:50,Buy,10,2194.3,Stop
190,1,2025-01-30 12:27:02,Sell,10,2187.6,Limit
190,2,2025-01-30 12:48:27,Buy,10,2194.4,Stop
191,1,2025-01-30 12:27:00,Sell,2,2187.6,Market
191,2,2025-01-30 12:48:41,Buy,2,2194.4,Stop
192,1,2025-01-30 12:27:01,Sell,10,2187.6,Limit
192,2,2025-01-30 12:48:22,Buy,10,2194.3,Stop
193,1,2025-01-31 12:16:20,Buy,10,2183.6,Market
193,2,2025-01-31 12:34:57,Sell,10,2189.2,Limit
194,1,2025-01-31 12:16:20,Buy,2,2183.6,Limit
194,2,2025-01-31 12:34:21,Sell,2,2189.2,Limit
195,1,2025-01-31 12:16:20,Buy,10,2183.6,Limit
195,2,2025-01-31 12:25:40,Sell,5,2187.0,Limit
195,3,2025-01-31 12:35:00,Sell,5,2191.4,Limit
196,1,2025-01-31 12:16:23,Buy,10,2183.6,Limit
196,2,2025-01-31 12:25:23.500000,Sell,5,2187.0,Limit
196,3,2025-01-31 12:34:24,Sell,5,2191.4,Limit
197,1,2025-01-31 12:16:20,Buy,2,2183.7,Limit
197,2,2025-01-31 12:34:22,Sell,2,2189.1,Limit
198,1,2025-01-31 12:16:21,Buy,10,2183.7,Market
198,2,2025-01-31 12:25:39,Sell,5,2187.0,Limit
198,3,2025-01-31 12:34:57,Sell,5,2191.4,Limit
199,1,2025-01-31 10:24:21,Sell,10,67.85,Limit
199,2,2025-01-31 11:00:25.500000,Buy,5,67.41,Limit
199,3,2025-01-31 11:36:30,Buy,5,66.81,Limit
200,1,2025-01-31 10:24:24,Sell,2,67.85,Market
200,2,2025-01-31 11:37:00,Buy,2,67.11,Limit
201,1,2025-01-31 10:24:24,Sell,10,67.85,Limit
201,2,2025-01-31 11:00:43,Buy,5,67.41,Limit
201,3,2025-01-31 11:37:02,Buy,5,66.81,Limit
202,1,2025-01-31 10:24:22,Sell,10,67.85,Market
202,2,2025-01-31 11:37:04,Buy,10,67.11,Limit
203,1,2025-01-31 10:24:22,Sell,2,67.84,Market
203,2,2025-01-31 11:00:34,Buy,1,67.41,Limit
203,3,2025-01-31 11:36:46,Buy,1,66.83,Limit
204,1,2025-01-31 10:24:21,Sell,10,67.85,Market
204,2,2025-01-31 11:36:26,Buy,10,67.11,Limit
205,1,2025-02-03 10:02:37,Buy,10,40414.0,Market
205,2,2025-02-03 11:23:59,Sell,10,40350.0,Stop
206,1,2025-02-03 10:02:39,Buy,2,40415.0,Market
206,2,2025-02-03 11:23:50,Sell,2,40350.0,Stop
207,1,2025-02-03 10:02:37,Buy,10,40414.0,Market
207,2,2025-02-03 11:23:54,Sell,10,40350.0,Stop
208,1,2025-02-03 10:02:37,Buy,10,40415.0,Limit
208,2,2025-02-03 11:24:18,Sell,10,40350.0,Stop
209,1,2025-02-03 10:02:39,Buy,2,40414.0,Limit
209,2,2025-02-03 11:24:17,Sell,2,40350.0,Stop
210,1,2025-02-03 10:02:40,Buy,10,40414.0,Market
210,2,2025-02-03 11:24:39,Sell,10,40350.0,Stop
211,1,2025-02-03 10:39:34,Buy,2,20447.75,Market
211,2,2025-02-03 10:53:39,Sell,2,20510.0,Limit
212,1,2025-02-03 10:39:35,Buy,6,20447.75,Limit
212,2,2025-02-03 10:54:12,Sell,6,20510.0,Limit
213,1,2025-02-03 10:39:37,Buy,6,20448.0,Market
213,2,2025-02-03 10:46:39,Sell,3,20485.0,Limit
213,3,2025-02-03 10:53:41,Sell,3,20534.5,Limit
214,1,2025-02-03 10:39:36,Buy,2,20448.0,Market
214,2,2025-02-03 10:46:48,Sell,1,20485.25,Limit
214,3,2025-02-03 10:54:00,Sell,1,20534.75,Limit
215,1,2025-02-03 10:39:37,Buy,6,20447.75,Market
215,2,2025-02-03 10:46:48.500000,Sell,3,20485.0,Limit
215,3,2025-02-03 10:54:00,Sell,3,20535.0,Limit
216,1,2025-02-04 09:57:25,Buy,10,39709.0,Market
216,2,2025-02-04 10:32:43.500000,Sell,5,39752.0,Limit
216,3,2025-02-04 11:08:02,Sell,5,39810.0,Limit
217,1,2025-02-04 09:57:27,Buy,2,39709.0,Market
217,2,2025-02-04 11:07:33,Sell,2,39781.0,Limit
218,1,2025-02-04 09:57:26,Buy,10,39710.0,Market
218,2,2025-02-04 10:32:29.500000,Sell,5,39752.0,Limit
218,3,2025-02-04 11:07:33,Sell,5,39808.0,Limit
219,1,2025-02-04 09:57:25,Buy,10,39709.0,Limit
219,2,2025-02-04 10:32:45.500000,Sell,5,39752.0,Limit
219,3,2025-02-04 11:08:06,Sell,5,39810.0,Limit
220,1,2025-02-04 09:57:28,Buy,2,39709.0,Market
220,2,2025-02-04 11:07:29,Sell,2,39781.0,Limit
221,1,2025-02-04 09:57:26,Buy,10,39710.0,Limit
221,2,2025-02-04 10:32:48,Sell,5,39752.0,Limit
221,3,2025-02-04 11:08:10,Sell,5,39808.0,Limit
222,1,2025-02-04 03:27:38,Buy,10,72.58,Market
222,2,2025-02-04 04:17:38,Sell,10,73.05,Limit
223,1,2025-02-04 03:27:38,Buy,2,72.59,Limit
223,2,2025-02-04 03:52:57,Sell,1,72.87,Limit
223,3,2025-02-04 04:18:16,Sell,1,73.23,Limit
224,1,2025-02-04 03:27:39,Buy,10,72.58,Market
224,2,2025-02-04 04:17:49,Sell,10,73.05,Limit
225,1,2025-02-04 03:27:40,Buy,2,72.58,Limit
225,2,2025-02-04 03:52:40,Sell,1,72.86,Limit
225,3,2025-02-04 04:17:40,Sell,1,73.24,Limit
226,1,2025-02-04 03:27:41,Buy,10,72.59,Market
226,2,2025-02-04 03:52:55,Sell,5,72.86,Limit
226,3,2025-02-04 04:18:09,Sell,5,73.22,Limit
227,1,2025-02-05 09:57:47,Sell,10,39697.0,Market
227,2,2025-02-05 10:30:58,Buy,10,39745.0,Stop
228,1,2025-02-05 09:57:50,Sell,2,39696.0,Market
228,2,2025-02-05 10:31:40,Buy,2,39746.0,Stop
229,1,2025-02-05 09:57:47,Sell,10,39697.0,Limit
229,2,2025-02-05 10:30:52,Buy,10,39745.0,Stop
230,1,2025-02-05 09:57:48,Sell,10,39696.0,Limit
230,2,2025-02-05 10:31:42,Buy,10,39745.0,Stop
231,1,2025-02-05 09:57:48,Sell,2,39697.0,Market
231,2,2025-02-05 10:31:21,Buy,2,39745.0,Stop
232,1,2025-02-05 09:57:50,Sell,10,39697.0,Limit
232,2,2025-02-05 10:31:35,Buy,10,39745.0,Stop
233,1,2025-02-05 10:31:45,Buy,5,2655.1,Market
233,2,2025-02-05 11:41:12,Sell,5,2647.8,Stop
234,1,2025-02-05 10:31:46,Buy,1,2655.1,Limit
234,2,2025-02-05 11:41:18,Sell,1,2647.8,Stop
235,1,2025-02-05 10:31:48,Buy,5,2655.1,Limit
235,2,2025-02-05 11:41:45,Sell,5,2647.8,Stop
236,1,2025-02-05 10:31:48,Buy,5,2655.2,Market
236,2,2025-02-05 11:41:21,Sell,5,2647.7,Stop
237,1,2025-02-05 10:31:46,Buy,1,2655.2,Market
237,2,2025-02-05 11:40:50,Sell,1,2647.8,Stop
238,1,2025-02-05 10:31:45,Buy,5,2655.1,Limit
238,2,2025-02-05 11:41:19,Sell,5,2647.8,Stop
239,1,2025-02-06 09:49:52,Buy,10,6300.75,Limit
239,2,2025-02-06 11:07:58,Sell,10,6309.25,Limit
240,1,2025-02-06 09:49:55,Buy,2,6301.0,Limit
240,2,2025-02-06 10:28:55.500000,Sell,1,6306.0,Limit
240,3,2025-02-06 11:07:56,Sell,1,6312.5,Limit
241,1,2025-02-06 09:49:54,Buy,10,6301.0,Market
241,2,2025-02-06 10:29:12,Sell,5,6306.0,Limit
241,3,2025-02-06 11:08:30,Sell,5,6312.5,Limit
242,1,2025-02-06 09:49:54,Buy,10,6300.75,Market
242,2,2025-02-06 11:08:16,Sell,10,6309.25,Limit
243,1,2025-02-06 09:49:53,Buy,2,6301.0,Limit
243,2,2025-02-06 11:08:39,Sell,2,6309.25,Limit
244,1,2025-02-06 09:49:55,Buy,10,6301.0,Limit
244,2,2025-02-06 10:29:05,Sell,5,6305.75,Limit
244,3,2025-02-06 11:08:15,Sell,5,6312.25,Limit
245,1,2025-02-06 12:13:00,Sell,10,2174.4,Market
245,2,2025-02-06 12:34:08,Buy,10,2180.2,Stop
246,1,2025-02-06 12:13:02,Sell,2,2174.4,Limit
246,2,2025-02-06 12:34:26,Buy,2,2180.2,Stop
247,1,2025-02-06 12:13:00,Sell,10,2174.4,Limit
247,2,2025-02-06 12:34:31,Buy,10,2180.2,Stop
248,1,2025-02-06 12:13:01,Sell,10,2174.3,Market
248,2,2025-02-06 12:34:49,Buy,10,2180.2,Stop
249,1,2025-02-06 12:13:03,Sell,2,2174.4,Market
249,2,2025-02-06 12:34:53,Buy,2,2180.2,Stop
250,1,2025-02-06 12:13:02,Sell,10,2174.3,Market
250,2,2025-02-06 12:34:04,Buy,10,2180.3,Stop
251,1,2025-02-06 10:29:36,Buy,5,2651.6,Market
251,2,2025-02-06 11:47:34,Sell,5,2645.4,Stop
252,1,2025-02-06 10:29:39,Buy,1,2651.6,Limit
252,2,2025-02-06 11:46:56,Sell,1,2645.4,Stop
253,1,2025-02-06 10:29:37,Buy,5,2651.7,Market
253,2,2025-02-06 11:47:22,Sell,5,2645.4,Stop
254,1,2025-02-06 10:29:39,Buy,5,2651.6,Market
254,2,2025-02-06 11:47:02,Sell,5,2645.4,Stop
255,1,2025-02-06 10:29:38,Buy,1,2651.6,Limit
255,2,2025-02-06 11:46:54,Sell,1,2645.4,Stop
256,1,2025-02-06 10:29:36,Buy,5,2651.7,Market
256,2,2025-02-06 11:46:46,Sell,5,2645.3,Stop
257,1,2025-02-07 10:29:58,Sell,10,66.1,Limit
257,2,2025-02-07 11:46:09,Buy,10,66.4,Stop
258,1,2025-02-07 10:30:01,Sell,2,66.1,Market
258,2,2025-02-07 11:46:29,Buy,2,66.4,Stop
259,1,2025-02-07 10:29:58,Sell,2,66.09,Limit
259,2,2025-02-07 11:46:11,Buy,2,66.41,Stop
260,1,2025-02-07 10:30:00,Sell,10,66.09,Market
260,2,2025-02-07 11:46:53,Buy,10,66.41,Stop
261,1,2025-02-07 08:53:52,Sell,6,20500.0,Market
261,2,2025-02-07 09:15:58,Buy,6,20474.0,Limit
262,1,2025-02-07 08:53:53,Sell,2,20499.75,Market
262,2,2025-02-07 09:05:13.500000,Buy,1,20484.5,Limit
262,3,2025-02-07 09:16:34,Buy,1,20464.0,Limit
263,1,2025-02-07 08:53:52,Sell,6,20499.75,Limit
263,2,2025-02-07 09:16:09,Buy,6,20474.0,Limit
264,1,2025-02-07 08:53:54,Sell,2,20499.75,Market
264,2,2025-02-07 09:04:56,Buy,1,20484.5,Limit
264,3,2025-02-07 09:15:58,Buy,1,20464.0,Limit
265,1,2025-02-07 08:53:54,Sell,6,20500.0,Limit
265,2,2025-02-07 09:16:34,Buy,6,20474.0,Limit
266,1,2025-02-10 09:46:11,Sell,10,39661.0,Limit
266,2,2025-02-10 11:03:58,Buy,10,39563.0,Limit
267,1,2025-02-10 09:46:11,Sell,2,39660.0,Market
267,2,2025-02-10 10:25:08,Buy,1,39602.0,Limit
267,3,2025-02-10 11:04:05,Buy,1,39526.0,Limit
268,1,2025-02-10 09:46:13,Sell,10,39660.0,Limit
268,2,2025-02-10 10:24:45.500000,Buy,5,39602.0,Limit
268,3,2025-02-10 11:03:18,Buy,5,39526.0,Limit
269,1,2025-02-10 09:46:12,Sell,10,39661.0,Limit
269,2,2025-02-10 10:25:02,Buy,5,39602.0,Limit
269,3,2025-02-10 11:03:52,Buy,5,39524.0,Limit
270,1,2025-02-10 09:46:13,Sell,2,39661.0,Limit
270,2,2025-02-10 10:25:10.500000,Buy,1,39602.0,Limit
270,3,2025-02-10 11:04:08,Buy,1,39524.0,Limit
271,1,2025-02-10 10:21:44,Sell,6,20461.0,Limit
271,2,2025-02-10 11:43:28,Buy,6,20486.5,Stop
272,1,2025-02-10 10:21:47,Sell,2,20460.75,Market
272,2,2025-02-10 11:43:03,Buy,2,20486.5,Stop
273,1,2025-02-10 10:21:44,Sell,6,20461.0,Limit
273,2,2025-02-10 11:43:09,Buy,6,20486.5,Stop
274,1,2025-02-10 10:21:46,Sell,2,20461.0,Market
274,2,2025-02-10 11:43:01,Buy,2,20486.5,Stop
275,1,2025-02-10 10:21:45,Sell,6,20460.75,Limit
275,2,2025-02-10 11:43:02,Buy,6,20486.5,Stop
276,1,2025-02-10 03:34:36,Buy,5,2721.3,Market
276,2,2025-02-10 04:23:31,Sell,5,2716.1,Stop
277,1,2025-02-10 03:34:39,Buy,1,2721.4,Market
277,2,2025-02-10 04:23:04,Sell,1,2716.1,Stop
278,1,2025-02-10 03:34:37,Buy,5,2721.3,Market
278,2,2025-02-10 04:23:26,Sell,5,2716.1,Stop
279,1,2025-02-10 03:34:36,Buy,5,2721.3,Market
279,2,2025-02-10 04:22:42,Sell,5,2716.1,Stop
280,1,2025-02-10 03:34:37,Buy,1,2721.4,Limit
280,2,2025-02-10 04:22:52,Sell,1,2716.1,Stop
281,1,2025-02-10 03:34:38,Buy,5,2721.3,Limit
281,2,2025-02-10 04:23:35,Sell,5,2716.1,Stop
282,1,2025-02-11 10:36:42,Sell,5,2722.5,Limit
282,2,2025-02-11 11:25:56,Buy,5,2728.4,Stop
283,1,2025-02-11 10:36:44,Sell,1,2722.5,Market
283,2,2025-02-11 11:26:32,Buy,1,2728.4,Stop
284,1,2025-02-11 10:36:43,Sell,5,2722.5,Market
284,2,2025-02-11 11:26:02,Buy,5,2728.4,Stop
285,1,2025-02-11 10:36:44,Sell,5,2722.5,Market
285,2,2025-02-11 11:26:06,Buy,5,2728.4,Stop
286,1,2025-02-11 10:36:42,Sell,1,2722.5,Limit
286,2,2025-02-11 11:26:16,Buy,1,2728.4,Stop
287,1,2025-02-11 10:36:45,Sell,5,2722.4,Market
287,2,2025-02-11 11:25:49,Buy,5,2728.4,Stop
288,1,2025-02-11 03:19:18,Sell,1,2709.6,Market
288,2,2025-02-11 04:31:46,Buy,1,2700.7,Limit
289,1,2025-02-11 03:19:19,Sell,5,2709.5,Market
289,2,2025-02-11 03:55:40.500000,Buy,2,2704.3,Limit
289,3,2025-02-11 04:32:02,Buy,3,2698.5,Limit
290,1,2025-02-11 03:19:20,Sell,5,2709.6,Limit
290,2,2025-02-11 04:32:10,Buy,5,2700.7,Limit
291,1,2025-02-11 03:19:20,Sell,1,2709.6,Limit
291,2,2025-02-11 04:31:55,Buy,1,2700.7,Limit
292,1,2025-02-11 03:19:19,Sell,5,2709.5,Market
292,2,2025-02-11 04:31:43,Buy,5,2700.7,Limit
293,1,2025-02-11 08:49:52,Sell,10,6203.75,Market
293,2,2025-02-11 08:56:40,Buy,10,6209.25,Stop
294,1,2025-02-11 08:49:53,Sell,2,6203.75,Market
294,2,2025-02-11 08:56:12,Buy,2,6209.25,Stop
295,1,2025-02-11 08:49:55,Sell,10,6203.75,Limit
295,2,2025-02-11 08:56:43,Buy,10,6209.25,Stop
296,1,2025-02-11 08:49:55,Sell,10,6203.75,Market
296,2,2025-02-11 08:56:54,Buy,10,6209.25,Stop
297,1,2025-02-11 08:49:54,Sell,2,6203.5,Limit
297,2,2025-02-11 08:56:04,Buy,2,6209.5,Stop
298,1,2025-02-11 08:49:55,Sell,10,6203.75,Market
298,2,2025-02-11 08:55:58,Buy,10,6209.25,Stop
299,1,2025-02-12 10:04:39,Sell,10,6150.0,Market
299,2,2025-02-12 10:49:03.500000,Buy,5,6142.25,Limit
299,3,2025-02-12 11:33:28,Buy,5,6132.25,Limit
300,1,2025-02-12 10:04:40,Sell,2,6150.0,Limit
300,2,2025-02-12 10:48:51,Buy,1,6142.25,Limit
300,3,2025-02-12 11:33:02,Buy,1,6132.25,Limit
301,1,2025-02-12 10:04:42,Sell,10,6149.75,Market
301,2,2025-02-12 10:49:04.500000,Buy,5,6142.5,Limit
301,3,2025-02-12 11:33:27,Buy,5,6132.5,Limit
302,1,2025-02-12 10:04:41,Sell,10,6150.0,Limit
302,2,2025-02-12 11:33:26,Buy,10,6137.25,Limit
303,1,2025-02-12 10:04:42,Sell,2,6149.75,Market
303,2,2025-02-12 10:48:53,Buy,1,6142.25,Limit
303,3,2025-02-12 11:33:04,Buy,1,6132.25,Limit
304,1,2025-02-12 10:04:39,Sell,10,6149.75,Market
304,2,2025-02-12 10:48:54,Buy,5,6142.5,Limit
304,3,2025-02-12 11:33:09,Buy,5,6132.5,Limit
305,1,2025-02-12 10:27:07,Sell,10,60.98,Market
305,2,2025-02-12 10:59:55,Buy,10,61.29,Stop
306,1,2025-02-12 10:27:08,Sell,2,60.98,Market
306,2,2025-02-12 10:59:30,Buy,2,61.29,Stop
307,1,2025-02-12 10:27:09,Sell,10,60.98,Market
307,2,2025-02-12 11:00:01,Buy,10,61.29,Stop
308,1,2025-02-12 10:27:09,Sell,10,60.97,Limit
308,2,2025-02-12 11:00:01,Buy,10,61.29,Stop
309,1,2025-02-12 10:27:07,Sell,2,60.98,Limit
309,2,2025-02-12 11:00:04,Buy,2,61.29,Stop
310,1,2025-02-12 10:27:10,Sell,10,60.97,Market
310,2,2025-02-12 10:59:10,Buy,10,61.3,Stop
311,1,2025-02-12 03:24:20,Sell,10,61.39,Limit
311,2,2025-02-12 04:00:52,Buy,10,61.63,Stop
312,1,2025-02-12 03:24:23,Sell,2,61.38,Limit
312,2,2025-02-12 04:01:18,Buy,2,61.64,Stop
313,1,2025-02-12 03:24:23,Sell,10,61.39,Limit
313,2,2025-02-12 04:01:19,Buy,10,61.63,Stop
314,1,2025-02-12 03:24:22,Sell,10,61.39,Market
314,2,2025-02-12 04:01:09,Buy,10,61.63,Stop
315,1,2025-02-12 03:24:20,Sell,2,61.38,Market
315,2,2025-02-12 04:00:57,Buy,2,61.64,Stop
316,1,2025-02-12 03:24:21,Sell,10,61.38,Market
316,2,2025-02-12 04:00:21,Buy,10,61.63,Stop
317,1,2025-02-13 12:21:25,Sell,10,2098.7,Market
317,2,2025-02-13 12:45:06,Buy,10,2105.6,Stop
318,1,2025-02-13 12:21:27,Sell,2,2098.6,Limit
318,2,2025-02-13 12:45:18,Buy,2,2105.7,Stop
319,1,2025-02-13 12:21:28,Sell,10,2098.7,Limit
319,2,2025-02-13 12:44:48,Buy,10,2105.6,Stop
320,1,2025-02-13 12:21:26,Sell,2,2098.7,Market
320,2,2025-02-13 12:45:11,Buy,2,2105.6,Stop
321,1,2025-02-13 12:21:26,Sell,10,2098.6,Market
321,2,2025-02-13 12:45:20,Buy,10,2105.6,Stop
322,1,2025-02-13 10:30:09,Buy,5,2691.4,Market
322,2,2025-02-13 11:06:11,Sell,2,2697.3,Limit
322,3,2025-02-13 11:42:13,Sell,3,2703.8,Limit
323,1,2025-02-13 10:30:09,Buy,1,2691.5,Limit
323,2,2025-02-13 11:42:28,Sell,1,2701.1,Limit
324,1,2025-02-13 10:30:11,Buy,5,2691.4,Market
324,2,2025-02-13 11:06:32.500000,Sell,2,2697.3,Limit
324,3,2025-02-13 11:42:54,Sell,3,2703.8,Limit
325,1,2025-02-13 10:30:12,Buy,5,2691.4,Market
325,2,2025-02-13 11:06:31,Sell,2,2697.3,Limit
325,3,2025-02-13 11:42:50,Sell,3,2703.8,Limit
326,1,2025-02-13 03:17:34,Buy,5,2688.1,Limit
326,2,2025-02-13 03:37:02,Sell,5,2682.6,Stop
327,1,2025-02-13 03:17:36,Buy,1,2688.2,Limit
327,2,2025-02-13 03:36:38,Sell,1,2682.6,Stop
328,1,2025-02-13 03:17:34,Buy,5,2688.1,Limit
328,2,2025-02-13 03:37:09,Sell,5,2682.6,Stop
329,1,2025-02-13 03:17:37,Buy,5,2688.2,Limit
329,2,2025-02-13 03:37:25,Sell,5,2682.6,Stop
330,1,2025-02-13 03:17:36,Buy,1,2688.2,Market
330,2,2025-02-13 03:37:22,Sell,1,2682.6,Stop
331,1,2025-02-13 03:17:35,Buy,5,2688.1,Market
331,2,2025-02-13 03:37:16,Sell,5,2682.6,Stop
332,1,2025-02-14 12:17:28,Buy,10,6085.0,Market
332,2,2025-02-14 12:26:28,Sell,10,6078.0,Stop
333,1,2025-02-14 12:17:29,Buy,2,6085.25,Limit
333,2,2025-02-14 12:27:03,Sell,2,6078.0,Stop
334,1,2025-02-14 12:17:29,Buy,10,6085.25,Market
334,2,2025-02-14 12:26:33,Sell,10,6078.0,Stop
335,1,2025-02-14 12:17:29,Buy,10,6085.25,Limit
335,2,2025-02-14 12:26:57,Sell,10,6078.0,Stop
336,1,2025-02-14 12:17:28,Buy,2,6085.25,Market
336,2,2025-02-14 12:26:43,Sell,2,6077.75,Stop
337,1,2025-02-14 10:31:00,Sell,5,2678.6,Limit
337,2,2025-02-14 12:05:37,Buy,5,2685.7,Stop
338,1,2025-02-14 10:31:03,Sell,1,2678.6,Limit
338,2,2025-02-14 12:05:08,Buy,1,2685.7,Stop
339,1,2025-02-14 10:31:02,Sell,5,2678.6,Limit
339,2,2025-02-14 12:06:00,Buy,5,2685.7,Stop
340,1,2025-02-14 10:31:00,Sell,5,2678.6,Market
340,2,2025-02-14 12:05:49,Buy,5,2685.7,Stop
341,1,2025-02-14 10:31:00,Sell,1,2678.6,Limit
341,2,2025-02-14 12:05:17,Buy,1,2685.7,Stop
342,1,2025-02-14 10:31:02,Sell,5,2678.6,Limit
342,2,2025-02-14 12:05:12,Buy,5,2685.7,Stop
343,1,2025-02-14 03:29:15,Sell,10,61.29,Limit
343,2,2025-02-14 04:32:57,Buy,10,60.84,Limit
344,1,2025-02-14 03:29:16,Sell,2,61.28,Limit
344,2,2025-02-14 04:32:16,Buy,2,60.85,Limit
345,1,2025-02-14 03:29:17,Sell,10,61.29,Market
345,2,2025-02-14 04:00:57,Buy,5,61.02,Limit
345,3,2025-02-14 04:32:37,Buy,5,60.66,Limit
346,1,2025-02-14 03:29:15,Sell,10,61.28,Limit
346,2,2025-02-14 04:00:47,Buy,5,61.02,Limit
346,3,2025-02-14 04:32:19,Buy,5,60.66,Limit
347,1,2025-02-14 03:29:15,Sell,2,61.28,Market
347,2,2025-02-14 04:33:09,Buy,2,60.84,Limit
348,1,2025-02-14 03:29:17,Sell,10,61.29,Limit
348,2,2025-02-14 04:32:22,Buy,10,60.84,Limit
349,1,2025-02-17 10:30:22,Sell,1,2688.8,Limit
349,2,2025-02-17 11:26:46,Buy,1,2693.6,Stop
350,1,2025-02-17 10:30:23,Sell,5,2688.8,Market
350,2,2025-02-17 11:26:38,Buy,5,2693.6,Stop
351,1,2025-02-17 10:30:23,Sell,5,2688.8,Market
351,2,2025-02-17 11:26:23,Buy,5,2693.6,Stop
352,1,2025-02-17 10:30:24,Sell,1,2688.8,Limit
352,2,2025-02-17 11:26:58,Buy,1,2693.6,Stop
353,1,2025-02-17 10:30:22,Sell,5,2688.8,Market
353,2,2025-02-17 11:26:31,Buy,5,2693.6,Stop
354,1,2025-02-17 10:30:25,Sell,5,2688.7,Limit
354,2,2025-02-17 11:27:08,Buy,5,2693.7,Stop
355,1,2025-02-18 09:58:24,Sell,2,20255.5,Limit
355,2,2025-02-18 10:14:35,Buy,2,20215.5,Limit
356,1,2025-02-18 09:58:24,Sell,6,20255.5,Limit
356,2,2025-02-18 10:06:26.500000,Buy,3,20231.5,Limit
356,3,2025-02-18 10:14:29,Buy,3,20199.5,Limit
357,1,2025-02-18 09:58:24,Sell,6,20255.5,Market
357,2,2025-02-18 10:14:27,Buy,6,20215.5,Limit
358,1,2025-02-18 09:58:24,Sell,2,20255.5,Limit
358,2,2025-02-18 10:06:27.500000,Buy,1,20231.5,Limit
358,3,2025-02-18 10:14:31,Buy,1,20199.5,Limit
359,1,2025-02-18 09:58:24,Sell,6,20255.5,Market
359,2,2025-02-18 10:15:23,Buy,6,20215.5,Limit
360,1,2025-02-18 09:58:24,Sell,6,20255.5,Market
360,2,2025-02-18 10:06:49.500000,Buy,3,20231.5,Limit
360,3,2025-02-18 10:15:15,Buy,3,20199.5,Limit
361,1,2025-02-18 10:30:33,Buy,1,2695.3,Market
361,2,2025-02-18 11:35:27,Sell,1,2689.0,Stop
362,1,2025-02-18 10:30:34,Buy,5,2695.4,Market
362,2,2025-02-18 11:34:43,Sell,5,2689.0,Stop
363,1,2025-02-18 10:30:35,Buy,5,2695.3,Market
363,2,2025-02-18 11:34:43,Sell,5,2689.0,Stop
364,1,2025-02-18 10:30:35,Buy,1,2695.3,Limit
364,2,2025-02-18 11:35:26,Sell,1,2689.0,Stop
365,1,2025-02-18 10:30:35,Buy,5,2695.4,Market
365,2,2025-02-18 11:35:10,Sell,5,2688.9,Stop
366,1,2025-02-18 10:30:33,Buy,5,2695.3,Limit
366,2,2025-02-18 11:34:58,Sell,5,2689.0,Stop
367,1,2025-02-18 03:18:05,Buy,2,59.81,Market
367,2,2025-02-18 04:34:11,Sell,2,59.57,Stop
368,1,2025-02-18 03:18:08,Buy,10,59.81,Market
368,2,2025-02-18 04:34:45,Sell,10,59.57,Stop
369,1,2025-02-18 03:18:06,Buy,10,59.81,Market
369,2,2025-02-18 04:34:08,Sell,10,59.57,Stop
370,1,2025-02-18 03:18:05,Buy,10,59.82,Market
370,2,2025-02-18 04:34:37,Sell,10,59.56,Stop
371,1,2025-02-18 03:18:08,Buy,10,59.81,Limit
371,2,2025-02-18 04:34:19,Sell,10,59.57,Stop
372,1,2025-02-19 09:57:27,Sell,2,20423.5,Market
372,2,2025-02-19 11:14:10,Buy,2,20452.5,Stop
373,1,2025-02-19 09:57:30,Sell,6,20423.5,Limit
373,2,2025-02-19 11:14:24,Buy,6,20452.5,Stop
374,1,2025-02-19 09:57:30,Sell,6,20423.25,Market
374,2,2025-02-19 11:13:58,Buy,6,20452.75,Stop
375,1,2025-02-19 09:57:30,Sell,2,20423.5,Limit
375,2,2025-02-19 11:13:50,Buy,2,20452.5,Stop
376,1,2025-02-19 09:57:29,Sell,6,20423.5,Limit
376,2,2025-02-19 11:13:36,Buy,6,20452.5,Stop
377,1,2025-02-19 09:57:27,Sell,6,20423.5,Market
377,2,2025-02-19 11:14:00,Buy,6,20452.5,Stop
378,1,2025-02-19 12:11:21,Sell,2,2080.1,Market
378,2,2025-02-19 12:24:10.500000,Buy,1,2077.0,Limit
378,3,2025-02-19 12:37:00,Buy,1,2072.8,Limit
379,1,2025-02-19 12:11:21,Sell,10,2080.1,Limit
379,2,2025-02-19 12:37:18,Buy,10,2074.9,Limit
380,1,2025-02-19 12:11:24,Sell,10,2080.0,Limit
380,2,2025-02-19 12:37:13,Buy,10,2075.0,Limit
381,1,2025-02-19 03:20:16,Sell,2,58.39,Market
381,2,2025-02-19 03:34:29,Buy,2,57.89,Limit
382,1,2025-02-19 03:20:19,Sell,10,58.38,Market
382,2,2025-02-19 03:34:56,Buy,10,57.9,Limit
383,1,2025-02-19 03:20:18,Sell,10,58.38,Market
383,2,2025-02-19 03:35:04,Buy,10,57.9,Limit
384,1,2025-02-19 03:20:16,Sell,2,58.38,Market
384,2,2025-02-19 03:27:27.500000,Buy,1,58.09,Limit
384,3,2025-02-19 03:34:39,Buy,1,57.71,Limit
385,1,2025-02-19 03:20:18,Sell,10,58.38,Limit
385,2,2025-02-19 03:34:35,Buy,10,57.9,Limit
386,1,2025-02-19 03:20:16,Sell,10,58.39,Market
386,2,2025-02-19 03:27:41,Buy,5,58.09,Limit
386,3,2025-02-19 03:35:06,Buy,5,57.69,Limit
387,1,2025-02-20 12:24:15,Sell,2,6236.25,Limit
387,2,2025-02-20 12:40:22,Buy,2,6230.25,Limit
388,1,2025-02-20 12:24:18,Sell,10,6236.25,Limit
388,2,2025-02-20 12:32:39,Buy,5,6232.75,Limit
388,3,2025-02-20 12:41:00,Buy,5,6227.75,Limit
389,1,2025-02-20 12:24:16,Sell,10,6236.25,Limit
389,2,2025-02-20 12:40:33,Buy,10,6230.25,Limit
390,1,2025-02-20 12:24:15,Sell,2,6236.25,Limit
390,2,2025-02-20 12:32:18.500000,Buy,1,6232.75,Limit
390,3,2025-02-20 12:40:22,Buy,1,6227.75,Limit
391,1,2025-02-20 12:24:17,Sell,10,6236.25,Market
391,2,2025-02-20 12:40:32,Buy,10,6230.25,Limit
392,1,2025-02-20 12:24:15,Sell,10,6236.25,Limit
392,2,2025-02-20 12:32:15.500000,Buy,5,6232.75,Limit
392,3,2025-02-20 12:40:16,Buy,5,6227.75,Limit
393,1,2025-02-20 10:36:33,Sell,2,58.73,Market
393,2,2025-02-20 11:38:39,Buy,2,59.06,Stop
394,1,2025-02-20 10:36:36,Sell,10,58.73,Limit
394,2,2025-02-20 11:39:34,Buy,10,59.06,Stop
395,1,2025-02-20 10:36:34,Sell,10,58.73,Limit
395,2,2025-02-20 11:38:47,Buy,10,59.06,Stop
396,1,2025-02-20 10:36:33,Sell,2,58.73,Limit
396,2,2025-02-20 11:39:16,Buy,2,59.06,Stop
397,1,2025-02-20 10:36:33,Sell,10,58.73,Market
397,2,2025-02-20 11:39:20,Buy,10,59.06,Stop
398,1,2025-02-20 10:36:34,Sell,10,58.72,Market
398,2,2025-02-20 11:38:49,Buy,10,59.07,Stop
399,1,2025-02-21 10:05:05,Buy,2,20250.75,Limit
399,2,2025-02-21 11:35:20,Sell,2,20224.75,Stop
400,1,2025-02-21 10:05:05,Buy,6,20250.75,Limit
400,2,2025-02-21 11:35:28,Sell,6,20224.75,Stop
401,1,2025-02-21 10:05:05,Buy,6,20250.75,Limit
401,2,2025-02-21 11:35:31,Sell,6,20224.75,Stop
402,1,2025-02-21 10:05:07,Buy,6,20250.75,Market
402,2,2025-02-21 11:35:11,Sell,6,20224.75,Stop
403,1,2025-02-21 10:05:07,Buy,6,20250.75,Limit
403,2,2025-02-21 11:35:49,Sell,6,20224.75,Stop
404,1,2025-02-21 03:34:40,Buy,1,2718.2,Market
404,2,2025-02-21 04:15:53,Sell,1,2727.2,Limit
405,1,2025-02-21 03:34:41,Buy,5,2718.3,Limit
405,2,2025-02-21 04:15:43,Sell,5,2727.1,Limit
406,1,2025-02-21 03:34:42,Buy,5,2718.3,Market
406,2,2025-02-21 04:16:23,Sell,5,2727.1,Limit
407,1,2025-02-21 03:34:41,Buy,1,2718.2,Limit
407,2,2025-02-21 04:16:24,Sell,1,2727.2,Limit
408,1,2025-02-24 09:59:43,Sell,2,20142.75,Limit
408,2,2025-02-24 10:14:01,Buy,1,20117.75,Limit
408,3,2025-02-24 10:28:19,Buy,1,20084.75,Limit
409,1,2025-02-24 09:59:44,Sell,6,20142.5,Limit
409,2,2025-02-24 10:27:58,Buy,6,20101.5,Limit
410,1,2025-02-24 09:59:45,Sell,6,20142.75,Limit
410,2,2025-02-24 10:28:05,Buy,6,20101.25,Limit
411,1,2025-02-24 09:59:46,Sell,2,20142.75,Limit
411,2,2025-02-24 10:13:51,Buy,1,20117.75,Limit
411,3,2025-02-24 10:27:56,Buy,1,20084.75,Limit
412,1,2025-02-24 09:59:46,Sell,6,20142.75,Limit
412,2,2025-02-24 10:28:29,Buy,6,20101.25,Limit
413,1,2025-02-24 09:59:44,Sell,6,20142.75,Market
413,2,2025-02-24 10:27:44,Buy,6,20101.25,Limit
414,1,2025-02-24 10:23:38,Sell,2,55.96,Market
414,2,2025-02-24 11:14:55,Buy,2,56.32,Stop
415,1,2025-02-24 10:23:38,Sell,10,55.96,Limit
415,2,2025-02-24 11:14:49,Buy,10,56.32,Stop
416,1,2025-02-24 10:23:38,Sell,10,55.96,Limit
416,2,2025-02-24 11:14:56,Buy,10,56.32,Stop
417,1,2025-02-24 10:23:40,Sell,2,55.95,Market
417,2,2025-02-24 11:14:41,Buy,2,56.32,Stop
418,1,2025-02-24 10:23:41,Sell,10,55.96,Market
418,2,2025-02-24 11:14:46,Buy,10,56.32,Stop
419,1,2025-02-24 10:23:41,Sell,10,55.96,Market
419,2,2025-02-24 11:15:08,Buy,10,56.32,Stop
420,1,2025-02-24 03:28:52,Buy,2,55.97,Limit
420,2,2025-02-24 03:59:39,Sell,2,55.72,Stop
421,1,2025-02-24 03:28:54,Buy,10,55.97,Limit
421,2,2025-02-24 03:58:57,Sell,10,55.72,Stop
422,1,2025-02-24 03:28:53,Buy,2,55.98,Limit
422,2,2025-02-24 03:59:20,Sell,2,55.72,Stop
423,1,2025-02-24 03:28:52,Buy,10,55.97,Limit
423,2,2025-02-24 03:59:14,Sell,10,55.72,Stop
424,1,2025-02-25 09:47:57,Buy,2,20436.0,Market
424,2,2025-02-25 10:43:48,Sell,2,20473.0,Limit
425,1,2025-02-25 09:48:00,Buy,6,20436.25,Limit
425,2,2025-02-25 10:15:37.500000,Sell,3,20458.25,Limit
425,3,2025-02-25 10:43:15,Sell,3,20487.75,Limit
426,1,2025-02-25 09:47:59,Buy,6,20436.25,Market
426,2,2025-02-25 10:15:32,Sell,3,20458.25,Limit
426,3,2025-02-25 10:43:05,Sell,3,20487.25,Limit
427,1,2025-02-25 09:47:59,Buy,2,20436.0,Market
427,2,2025-02-25 10:15:52.500000,Sell,1,20458.25,Limit
427,3,2025-02-25 10:43:46,Sell,1,20487.75,Limit
428,1,2025-02-25 09:47:57,Buy,6,20436.0,Limit
428,2,2025-02-25 10:15:46,Sell,3,20458.25,Limit
428,3,2025-02-25 10:43:35,Sell,3,20487.75,Limit
429,1,2025-02-25 09:48:00,Buy,6,20436.25,Limit
429,2,2025-02-25 10:43:49,Sell,6,20472.75,Limit
430,1,2025-02-25 12:26:46,Sell,2,6247.0,Limit
430,2,2025-02-25 12:31:32.500000,Buy,1,6243.75,Limit
430,3,2025-02-25 12:36:19,Buy,1,6239.75,Limit
431,1,2025-02-25 12:26:48,Sell,10,6247.0,Market
431,2,2025-02-25 12:36:03,Buy,10,6241.75,Limit
432,1,2025-02-25 12:26:46,Sell,10,6246.75,Limit
432,2,2025-02-25 12:31:25.500000,Buy,5,6243.75,Limit
432,3,2025-02-25 12:36:05,Buy,5,6239.75,Limit
433,1,2025-02-25 12:26:48,Sell,2,6247.0,Limit
433,2,2025-02-25 12:36:35,Buy,2,6241.75,Limit
434,1,2025-02-25 12:26:47,Sell,10,6247.0,Market
434,2,2025-02-25 12:31:18,Buy,5,6243.75,Limit
434,3,2025-02-25 12:35:49,Buy,5,6239.75,Limit
435,1,2025-02-25 12:26:46,Sell,10,6246.75,Market
435,2,2025-02-25 12:31:30.500000,Buy,5,6243.75,Limit
435,3,2025-02-25 12:36:15,Buy,5,6239.75,Limit
436,1,2025-02-25 10:36:49,Buy,1,2735.1,Limit
436,2,2025-02-25 11:24:09,Sell,1,2729.9,Stop
437,1,2025-02-25 10:36:52,Buy,5,2735.2,Limit
437,2,2025-02-25 11:24:07,Sell,5,2729.8,Stop
438,1,2025-02-25 10:36:49,Buy,5,2735.1,Market
438,2,2025-02-25 11:24:19,Sell,5,2729.9,Stop
439,1,2025-02-25 10:36:50,Buy,1,2735.1,Market
439,2,2025-02-25 11:24:39,Sell,1,2729.9,Stop
440,1,2025-02-25 10:36:50,Buy,5,2735.1,Limit
440,2,2025-02-25 11:24:27,Sell,5,2729.9,Stop
441,1,2025-02-25 10:36:49,Buy,5,2735.2,Limit
441,2,2025-02-25 11:24:25,Sell,5,2729.9,Stop
442,1,2025-02-25 03:31:47,Buy,1,2739.0,Limit
442,2,2025-02-25 04:32:24,Sell,1,2733.0,Stop
443,1,2025-02-25 03:31:50,Buy,5,2739.1,Limit
443,2,2025-02-25 04:32:19,Sell,5,2732.9,Stop
444,1,2025-02-25 03:31:47,Buy,5,2739.0,Limit
444,2,2025-02-25 04:32:14,Sell,5,2733.0,Stop
445,1,2025-02-25 03:31:49,Buy,1,2739.1,Market
445,2,2025-02-25 04:32:31,Sell,1,2733.0,Stop
446,1,2025-02-25 03:31:50,Buy,5,2739.0,Market
446,2,2025-02-25 04:31:54,Sell,5,2733.0,Stop
447,1,2025-02-25 03:31:47,Buy,5,2739.0,Market
447,2,2025-02-25 04:32:18,Sell,5,2733.0,Stop
448,1,2025-02-26 10:03:49,Sell,2,20940.5,Market
448,2,2025-02-26 10:42:32,Buy,2,20962.0,Stop
449,1,2025-02-26 10:03:49,Sell,6,20940.5,Limit
449,2,2025-02-26 10:41:58,Buy,6,20962.0,Stop
450,1,2025-02-26 10:03:49,Sell,6,20940.25,Limit
450,2,2025-02-26 10:42:05,Buy,6,20962.0,Stop
451,1,2025-02-26 10:03:49,Sell,2,20940.5,Market
451,2,2025-02-26 10:42:26,Buy,2,20962.0,Stop
452,1,2025-02-26 10:03:50,Sell,6,20940.25,Limit
452,2,2025-02-26 10:41:51,Buy,6,20962.0,Stop
453,1,2025-02-26 10:03:50,Sell,6,20940.5,Limit
453,2,2025-02-26 10:42:24,Buy,6,20962.0,Stop
454,1,2025-02-26 12:13:58,Sell,2,2010.0,Limit
454,2,2025-02-26 12:28:01,Buy,2,2016.6,Stop
455,1,2025-02-26 12:13:59,Sell,10,2009.9,Limit
455,2,2025-02-26 12:28:13,Buy,10,2016.7,Stop
456,1,2025-02-26 12:14:00,Sell,10,2010.0,Market
456,2,2025-02-26 12:28:02,Buy,10,2016.6,Stop
457,1,2025-02-26 12:14:00,Sell,2,2009.9,Market
457,2,2025-02-26 12:28:51,Buy,2,2016.7,Stop
458,1,2025-02-26 12:14:01,Sell,10,2010.0,Limit
458,2,2025-02-26 12:28:17,Buy,10,2016.6,Stop
459,1,2025-02-26 12:13:58,Sell,10,2010.0,Market
459,2,2025-02-26 12:28:26,Buy,10,2016.6,Stop
460,1,2025-02-27 12:17:58,Buy,2,2018.4,Limit
460,2,2025-02-27 12:30:21.500000,Sell,1,2020.7,Limit
460,3,2025-02-27 12:42:45,Sell,1,2023.9,Limit
461,1,2025-02-27 12:17:58,Buy,10,2018.4,Limit
461,2,2025-02-27 12:42:44,Sell,10,2022.3,Limit
462,1,2025-02-27 12:18:00,Buy,10,2018.5,Market
462,2,2025-02-27 12:42:42,Sell,10,2022.3,Limit
463,1,2025-02-27 12:18:00,Buy,2,2018.4,Limit
463,2,2025-02-27 12:42:29,Sell,2,2022.3,Limit
464,1,2025-02-27 12:18:00,Buy,10,2018.4,Limit
464,2,2025-02-27 12:30:24,Sell,5,2020.7,Limit
464,3,2025-02-27 12:42:48,Sell,5,2023.9,Limit
465,1,2025-02-27 12:17:59,Buy,10,2018.4,Limit
465,2,2025-02-27 12:30:26.500000,Sell,5,2020.7,Limit
465,3,2025-02-27 12:42:54,Sell,5,2023.9,Limit
466,1,2025-02-27 10:39:19,Buy,2,21137.5,Limit
466,2,2025-02-27 11:10:26,Sell,2,21189.5,Limit
467,1,2025-02-27 10:39:21,Buy,6,21137.5,Limit
467,2,2025-02-27 11:10:30,Sell,6,21189.5,Limit
468,1,2025-02-27 10:39:20,Buy,6,21137.75,Limit
468,2,2025-02-27 10:55:14,Sell,3,21168.75,Limit
468,3,2025-02-27 11:11:08,Sell,3,21210.25,Limit
469,1,2025-02-27 10:39:22,Buy,2,21137.75,Market
469,2,2025-02-27 11:11:13,Sell,2,21189.25,Limit
470,1,2025-02-27 10:39:20,Buy,6,21137.5,Limit
470,2,2025-02-27 11:10:40,Sell,6,21189.5,Limit
471,1,2025-02-27 10:39:22,Buy,6,21137.75,Limit
471,2,2025-02-27 11:10:42,Sell,6,21189.5,Limit
472,1,2025-02-27 03:34:30,Sell,2,55.54,Market
472,2,2025-02-27 04:53:49,Buy,2,55.03,Limit
473,1,2025-02-27 03:34:32,Sell,10,55.54,Market
473,2,2025-02-27 04:54:19,Buy,10,55.03,Limit
474,1,2025-02-27 03:34:31,Sell,10,55.54,Limit
474,2,2025-02-27 04:14:14.500000,Buy,5,55.23,Limit
474,3,2025-02-27 04:53:58,Buy,5,54.83,Limit
475,1,2025-02-27 03:34:33,Sell,2,55.54,Limit
475,2,2025-02-27 04:14:31.500000,Buy,1,55.23,Limit
475,3,2025-02-27 04:54:30,Buy,1,54.83,Limit
476,1,2025-02-27 03:34:33,Sell,10,55.53,Market
476,2,2025-02-27 04:54:04,Buy,10,55.04,Limit
477,1,2025-02-27 03:34:30,Sell,10,55.53,Limit
477,2,2025-02-27 04:53:50,Buy,10,55.03,Limit
478,1,2025-02-28 12:10:43,Sell,2,2051.6,Market
478,2,2025-02-28 12:18:43,Buy,2,2057.6,Stop
479,1,2025-02-28 12:10:43,Sell,10,2051.5,Market
479,2,2025-02-28 12:19:06,Buy,10,2057.7,Stop
480,1,2025-02-28 12:10:44,Sell,10,2051.6,Market
480,2,2025-02-28 12:19:21,Buy,10,2057.6,Stop
481,1,2025-02-28 12:10:45,Sell,2,2051.5,Limit
481,2,2025-02-28 12:19:37,Buy,2,2057.6,Stop
482,1,2025-02-28 12:10:44,Sell,10,2051.5,Limit
482,2,2025-02-28 12:18:55,Buy,10,2057.6,Stop
483,1,2025-02-28 12:10:45,Sell,10,2051.6,Limit
483,2,2025-02-28 12:19:16,Buy,10,2057.6,Stop
484,1,2025-02-28 10:23:11,Sell,1,2817.6,Limit
484,2,2025-02-28 10:46:26,Buy,1,2803.5,Limit
485,1,2025-02-28 10:23:12,Sell,5,2817.6,Market
485,2,2025-02-28 10:34:56.500000,Buy,2,2809.1,Limit
485,3,2025-02-28 10:46:41,Buy,3,2799.8,Limit
486,1,2025-02-28 10:23:14,Sell,5,2817.6,Market
486,2,2025-02-28 10:46:55,Buy,5,2803.5,Limit
487,1,2025-02-28 10:23:12,Sell,5,2817.6,Market
487,2,2025-02-28 10:46:48,Buy,5,2803.5,Limit
488,1,2025-02-28 10:23:12,Sell,5,2817.6,Limit
488,2,2025-02-28 10:46:31,Buy,5,2803.5,Limit
489,1,2025-02-28 03:16:34,Sell,1,2809.4,Limit
489,2,2025-02-28 04:12:56,Buy,1,2815.9,Stop
490,1,2025-02-28 03:16:34,Sell,1,2809.3,Limit
490,2,2025-02-28 04:12:51,Buy,1,2815.9,Stop
491,1,2025-02-28 03:16:36,Sell,5,2809.3,Limit
491,2,2025-02-28 04:12:47,Buy,5,2815.9,Stop
492,1,2025-02-28 03:16:37,Sell,5,2809.4,Limit
492,2,2025-02-28 04:13:15,Buy,5,2815.9,Stop
493,1,2025-03-03 12:28:37,Sell,2,6036.0,Limit
493,2,2025-03-03 12:37:40,Buy,1,6033.0,Limit
493,3,2025-03-03 12:46:43,Buy,1,6029.0,Limit
494,1,2025-03-03 12:28:39,Sell,10,6036.0,Market
494,2,2025-03-03 12:47:15,Buy,10,6031.0,Limit
495,1,2025-03-03 12:28:40,Sell,10,6035.75,Market
495,2,2025-03-03 12:47:03,Buy,10,6031.0,Limit
496,1,2025-03-03 12:28:37,Sell,2,6035.75,Market
496,2,2025-03-03 12:37:41.500000,Buy,1,6033.0,Limit
496,3,2025-03-03 12:46:46,Buy,1,6029.0,Limit
497,1,2025-03-03 12:28:39,Sell,10,6036.0,Market
497,2,2025-03-03 12:47:29,Buy,10,6031.0,Limit
498,1,2025-03-03 12:28:39,Sell,10,6035.75,Limit
498,2,2025-03-03 12:37:52.500000,Buy,5,6033.0,Limit
498,3,2025-03-03 12:47:06,Buy,5,6029.5,Limit
499,1,2025-03-03 03:28:13,Sell,2,53.11,Market
499,2,2025-03-03 04:22:49,Buy,2,53.39,Stop
500,1,2025-03-03 03:28:14,Sell,10,53.11,Market
500,2,2025-03-03 04:22:44,Buy,10,53.39,Stop
501,1,2025-03-03 03:28:13,Sell,10,53.1,Market
501,2,2025-03-03 04:22:26,Buy,10,53.4,Stop
502,1,2025-03-03 03:28:16,Sell,2,53.11,Limit
502,2,2025-03-03 04:22:51,Buy,2,53.39,Stop
503,1,2025-03-03 03:28:14,Sell,10,53.11,Market
503,2,2025-03-03 04:22:50,Buy,10,53.39,Stop
504,1,2025-03-03 03:28:15,Sell,10,53.11,Limit
504,2,2025-03-03 04:23:07,Buy,10,53.39,Stop
505,1,2025-03-05 09:52:03,Sell,2,6225.25,Limit
505,2,2025-03-05 10:48:51,Buy,2,6217.0,Limit
506,1,2025-03-05 09:52:05,Sell,10,6225.25,Market
506,2,2025-03-05 10:20:12,Buy,5,6220.25,Limit
506,3,2025-03-05 10:48:19,Buy,5,6213.75,Limit
507,1,2025-03-05 09:52:03,Sell,2,6225.0,Limit
507,2,2025-03-05 10:20:18,Buy,1,6220.25,Limit
507,3,2025-03-05 10:48:33,Buy,1,6213.75,Limit
508,1,2025-03-05 09:52:06,Sell,10,6225.25,Limit
508,2,2025-03-05 10:20:14.500000,Buy,5,6220.25,Limit
508,3,2025-03-05 10:48:23,Buy,5,6213.75,Limit
509,1,2025-03-05 09:52:04,Sell,10,6225.25,Market
509,2,2025-03-05 10:48:07,Buy,10,6217.0,Limit
510,1,2025-03-05 03:25:34,Sell,5,2760.1,Market
510,2,2025-03-05 04:57:18,Buy,5,2751.5,Limit
511,1,2025-03-05 03:25:37,Sell,5,2760.1,Market
511,2,2025-03-05 04:11:30.500000,Buy,2,2754.9,Limit
511,3,2025-03-05 04:57:24,Buy,3,2749.2,Limit
512,1,2025-03-05 03:25:35,Sell,1,2760.1,Market
512,2,2025-03-05 04:56:51,Buy,1,2751.5,Limit
513,1,2025-03-05 03:25:35,Sell,5,2760.0,Market
513,2,2025-03-05 04:57:11,Buy,5,2751.5,Limit
514,1,2025-03-06 09:49:43,Buy,2,20358.25,Market
514,2,2025-03-06 10:01:49,Sell,2,20333.75,Stop
515,1,2025-03-06 09:49:43,Buy,6,20358.25,Market
515,2,2025-03-06 10:02:28,Sell,6,20333.75,Stop
516,1,2025-03-06 09:49:46,Buy,2,20358.5,Limit
516,2,2025-03-06 10:01:57,Sell,2,20333.5,Stop
517,1,2025-03-06 09:49:45,Buy,6,20358.25,Market
517,2,2025-03-06 10:02:10,Sell,6,20333.75,Stop
518,1,2025-03-06 09:49:43,Buy,6,20358.5,Limit
518,2,2025-03-06 10:02:09,Sell,6,20333.5,Stop
519,1,2025-03-06 09:49:43,Buy,6,20358.25,Market
519,2,2025-03-06 10:01:58,Sell,6,20333.75,Stop
520,1,2025-03-06 09:49:44,Buy,6,20358.25,Limit
520,2,2025-03-06 10:02:35,Sell,6,20333.75,Stop
521,1,2025-03-06 12:20:09,Sell,2,6223.5,Market
521,2,2025-03-06 12:42:18,Buy,2,6228.25,Stop
522,1,2025-03-06 12:20:12,Sell,10,6223.5,Limit
522,2,2025-03-06 12:42:22,Buy,10,6228.25,Stop
523,1,2025-03-06 12:20:10,Sell,2,6223.5,Market
523,2,2025-03-06 12:42:17,Buy,2,6228.25,Stop
524,1,2025-03-06 12:20:11,Sell,10,6223.5,Limit
524,2,2025-03-06 12:42:54,Buy,10,6228.25,Stop
525,1,2025-03-06 12:20:12,Sell,10,6223.5,Market
525,2,2025-03-06 12:43:01,Buy,10,6228.25,Stop
526,1,2025-03-06 12:20:11,Sell,10,6223.25,Market
526,2,2025-03-06 12:42:21,Buy,10,6228.5,Stop
527,1,2025-03-06 12:20:09,Sell,10,6223.25,Market
527,2,2025-03-06 12:42:53,Buy,10,6228.25,Stop
528,1,2025-03-06 10:25:51,Buy,2,20157.0,Limit
528,2,2025-03-06 11:22:27,Sell,2,20135.5,Stop
529,1,2025-03-06 10:25:51,Buy,6,20157.0,Market
529,2,2025-03-06 11:22:29,Sell,6,20135.5,Stop
530,1,2025-03-06 10:25:52,Buy,2,20157.0,Limit
530,2,2025-03-06 11:22:00,Sell,2,20135.5,Stop
531,1,2025-03-06 10:25:53,Buy,6,20157.0,Market
531,2,2025-03-06 11:21:54,Sell,6,20135.5,Stop
532,1,2025-03-06 10:25:54,Buy,6,20157.25,Limit
532,2,2025-03-06 11:22:11,Sell,6,20135.5,Stop
533,1,2025-03-06 10:25:52,Buy,6,20157.0,Market
533,2,2025-03-06 11:22:22,Sell,6,20135.5,Stop
534,1,2025-03-06 10:25:54,Buy,6,20157.25,Market
534,2,2025-03-06 11:22:05,Sell,6,20135.25,Stop
535,1,2025-03-07 03:15:37,Buy,1,2765.9,Market
535,2,2025-03-07 03:40:08,Sell,1,2773.6,Limit
536,1,2025-03-07 03:15:37,Buy,5,2766.0,Limit
536,2,2025-03-07 03:40:07,Sell,5,2773.5,Limit
537,1,2025-03-07 03:15:40,Buy,1,2766.0,Limit
537,2,2025-03-07 03:40:30,Sell,1,2773.6,Limit
538,1,2025-03-07 03:15:37,Buy,5,2765.9,Limit
538,2,2025-03-07 03:27:55,Sell,2,2770.5,Limit
538,3,2025-03-07 03:40:13,Sell,3,2775.7,Limit
539,1,2025-03-07 03:15:39,Buy,5,2766.0,Market
539,2,2025-03-07 03:39:53,Sell,5,2773.5,Limit
540,1,2025-03-07 03:15:40,Buy,5,2765.9,Limit
540,2,2025-03-07 03:40:28,Sell,5,2773.6,Limit
541,1,2025-03-07 03:15:37,Buy,5,2766.0,Limit
541,2,2025-03-07 03:40:24,Sell,5,2773.5,Limit
542,1,2025-03-07 08:43:24,Sell,2,20588.5,Market
542,2,2025-03-07 08:57:27,Buy,2,20561.75,Limit
543,1,2025-03-07 08:43:26,Sell,6,20588.5,Market
543,2,2025-03-07 08:57:44,Buy,6,20561.75,Limit
544,1,2025-03-07 08:43:26,Sell,6,20588.5,Limit
544,2,2025-03-07 08:57:59,Buy,6,20561.75,Limit
545,1,2025-03-07 08:43:27,Sell,6,20588.5,Market
545,2,2025-03-07 08:57:41,Buy,6,20561.75,Limit
546,1,2025-03-07 08:43:25,Sell,6,20588.5,Limit
546,2,2025-03-07 08:57:56,Buy,6,20561.75,Limit
547,1,2025-03-07 08:43:24,Sell,6,20588.5,Limit
547,2,2025-03-07 08:50:25,Buy,3,20572.5,Limit
547,3,2025-03-07 08:57:26,Buy,3,20551.0,Limit
548,1,2025-03-10 12:13:21,Sell,2,6209.25,Market
548,2,2025-03-10 12:17:33,Buy,2,6215.0,Stop
549,1,2025-03-10 12:13:23,Sell,10,6209.0,Market
549,2,2025-03-10 12:17:57,Buy,10,6215.0,Stop
550,1,2025-03-10 12:13:22,Sell,10,6209.0,Limit
550,2,2025-03-10 12:17:37,Buy,10,6215.25,Stop
551,1,2025-03-10 12:13:24,Sell,10,6209.25,Market
551,2,2025-03-10 12:17:34,Buy,10,6215.0,Stop
552,1,2025-03-10 12:13:24,Sell,10,6209.25,Market
552,2,2025-03-10 12:18:05,Buy,10,6215.0,Stop
553,1,2025-03-10 03:17:14,Sell,1,2742.3,Limit
553,2,2025-03-10 03:44:22,Buy,1,2748.3,Stop
554,1,2025-03-10 03:17:16,Sell,5,2742.3,Limit
554,2,2025-03-10 03:44:59,Buy,5,2748.3,Stop
555,1,2025-03-10 03:17:16,Sell,1,2742.2,Limit
555,2,2025-03-10 03:44:41,Buy,1,2748.4,Stop
556,1,2025-03-10 03:17:14,Sell,5,2742.3,Market
556,2,2025-03-10 03:44:25,Buy,5,2748.3,Stop
557,1,2025-03-10 03:17:17,Sell,5,2742.3,Market
557,2,2025-03-10 03:44:53,Buy,5,2748.3,Stop
558,1,2025-03-10 03:17:15,Sell,5,2742.3,Market
558,2,2025-03-10 03:44:21,Buy,5,2748.3,Stop
559,1,2025-03-10 03:17:15,Sell,5,2742.3,Market
559,2,2025-03-10 03:44:54,Buy,5,2748.3,Stop
560,1,2025-03-11 12:28:57,Buy,2,6213.5,Limit
560,2,2025-03-11 12:36:32.500000,Sell,1,6216.75,Limit
560,3,2025-03-11 12:44:08,Sell,1,6220.75,Limit
561,1,2025-03-11 12:29:00,Buy,10,6213.75,Limit
561,2,2025-03-11 12:44:42,Sell,10,6218.5,Limit
562,1,2025-03-11 12:28:58,Buy,2,6213.5,Market
562,2,2025-03-11 12:36:53,Sell,1,6216.75,Limit
562,3,2025-03-11 12:44:48,Sell,1,6220.75,Limit
563,1,2025-03-11 12:29:00,Buy,10,6213.5,Market
563,2,2025-03-11 12:36:50.500000,Sell,5,6216.75,Limit
563,3,2025-03-11 12:44:41,Sell,5,6220.75,Limit
564,1,2025-03-11 12:28:58,Buy,10,6213.75,Market
564,2,2025-03-11 12:44:15,Sell,10,6218.75,Limit
565,1,2025-03-11 12:29:00,Buy,10,6213.5,Market
565,2,2025-03-11 12:44:06,Sell,10,6218.75,Limit
566,1,2025-03-11 12:28:57,Buy,10,6213.5,Market
566,2,2025-03-11 12:44:36,Sell,10,6218.75,Limit
567,1,2025-03-11 10:33:39,Sell,2,53.73,Market
567,2,2025-03-11 11:11:49,Buy,2,54.08,Stop
568,1,2025-03-11 10:33:40,Sell,10,53.73,Limit
568,2,2025-03-11 11:12:24,Buy,10,54.08,Stop
569,1,2025-03-11 10:33:39,Sell,2,53.73,Market
569,2,2025-03-11 11:11:56,Buy,2,54.08,Stop
570,1,2025-03-11 10:33:40,Sell,10,53.72,Limit
570,2,2025-03-11 11:12:16,Buy,10,54.08,Stop
571,1,2025-03-11 10:33:40,Sell,10,53.72,Market
571,2,2025-03-11 11:12:00,Buy,10,54.09,Stop
572,1,2025-03-11 10:33:41,Sell,10,53.73,Market
572,2,2025-03-11 11:11:43,Buy,10,54.08,Stop
573,1,2025-03-11 10:33:42,Sell,10,53.73,Market
573,2,2025-03-11 11:12:17,Buy,10,54.08,Stop
574,1,2025-03-11 08:47:40,Sell,2,6236.5,Limit
574,2,2025-03-11 09:03:51,Buy,2,6241.75,Stop
575,1,2025-03-11 08:47:41,Sell,10,6236.5,Limit
575,2,2025-03-11 09:04:00,Buy,10,6241.75,Stop
576,1,2025-03-11 08:47:41,Sell,10,6236.5,Limit
576,2,2025-03-11 09:03:59,Buy,10,6241.75,Stop
577,1,2025-03-11 08:47:41,Sell,10,6236.5,Market
577,2,2025-03-11 09:03:52,Buy,10,6241.75,Stop
578,1,2025-03-11 08:47:43,Sell,10,6236.25,Limit
578,2,2025-03-11 09:04:01,Buy,10,6241.75,Stop
579,1,2025-03-11 08:47:40,Sell,10,6236.25,Market
579,2,2025-03-11 09:03:49,Buy,10,6242.0,Stop
580,1,2025-03-12 09:53:27,Buy,2,21608.25,Market
580,2,2025-03-12 10:03:57,Sell,2,21580.25,Stop
581,1,2025-03-12 09:53:29,Buy,6,21608.25,Market
581,2,2025-03-12 10:04:03,Sell,6,21580.25,Stop
582,1,2025-03-12 09:53:27,Buy,2,21608.5,Market
582,2,2025-03-12 10:04:20,Sell,2,21580.25,Stop
583,1,2025-03-12 09:53:30,Buy,6,21608.25,Market
583,2,2025-03-12 10:03:38,Sell,6,21580.25,Stop
584,1,2025-03-12 09:53:29,Buy,6,21608.5,Limit
584,2,2025-03-12 10:04:05,Sell,6,21580.25,Stop
585,1,2025-03-12 09:53:28,Buy,6,21608.25,Limit
585,2,2025-03-12 10:03:58,Sell,6,21580.25,Stop
586,1,2025-03-12 10:23:54,Sell,2,21461.0,Limit
586,2,2025-03-12 11:24:38,Buy,2,21484.5,Stop
587,1,2025-03-12 10:23:57,Sell,6,21460.75,Limit
587,2,2025-03-12 11:24:33,Buy,6,21484.5,Stop
588,1,2025-03-12 10:23:55,Sell,2,21460.75,Limit
588,2,2025-03-12 11:24:37,Buy,2,21484.5,Stop
589,1,2025-03-12 10:23:55,Sell,6,21461.0,Limit
589,2,2025-03-12 11:24:20,Buy,6,21484.5,Stop
590,1,2025-03-12 10:23:56,Sell,6,21461.0,Market
590,2,2025-03-12 11:24:32,Buy,6,21484.5,Stop
591,1,2025-03-12 10:23:54,Sell,6,21461.0,Market
591,2,2025-03-12 11:24:46,Buy,6,21484.5,Stop
592,1,2025-03-12 03:16:26,Sell,2,54.95,Market
592,2,2025-03-12 04:18:52,Buy,2,54.36,Limit
593,1,2025-03-12 03:16:27,Sell,10,54.95,Market
593,2,2025-03-12 03:47:42.500000,Buy,5,54.6,Limit
593,3,2025-03-12 04:18:58,Buy,5,54.12,Limit
594,1,2025-03-12 03:16:28,Sell,2,54.95,Limit
594,2,2025-03-12 03:47:30,Buy,1,54.6,Limit
594,3,2025-03-12 04:18:32,Buy,1,54.12,Limit
595,1,2025-03-12 03:16:29,Sell,10,54.94,Limit
595,2,2025-03-12 04:18:34,Buy,10,54.37,Limit
596,1,2025-03-12 03:16:29,Sell,10,54.94,Limit
596,2,2025-03-12 04:19:05,Buy,10,54.37,Limit
597,1,2025-03-12 03:16:26,Sell,10,54.95,Market
597,2,2025-03-12 03:47:36,Buy,5,54.6,Limit
597,3,2025-03-12 04:18:46,Buy,5,54.12,Limit
598,1,2025-03-12 03:16:26,Sell,10,54.95,Market
598,2,2025-03-12 04:19:00,Buy,10,54.36,Limit
599,1,2025-03-13 09:55:34,Buy,2,40647.0,Limit
599,2,2025-03-13 10:07:33,Sell,2,40581.0,Stop
600,1,2025-03-13 09:55:37,Buy,10,40647.0,Limit
600,2,2025-03-13 10:07:11,Sell,10,40581.0,Stop
601,1,2025-03-13 09:55:37,Buy,2,40647.0,Market
601,2,2025-03-13 10:06:41,Sell,2,40581.0,Stop
602,1,2025-03-13 09:55:34,Buy,10,40647.0,Market
602,2,2025-03-13 10:06:41,Sell,10,40581.0,Stop
603,1,2025-03-13 09:55:35,Buy,10,40647.0,Limit
603,2,2025-03-13 10:06:49,Sell,10,40581.0,Stop
604,1,2025-03-13 09:55:34,Buy,10,40648.0,Limit
604,2,2025-03-13 10:07:21,Sell,10,40581.0,Stop
605,1,2025-03-13 09:55:37,Buy,10,40647.0,Market
605,2,2025-03-13 10:06:53,Sell,10,40581.0,Stop
606,1,2025-03-13 12:15:16,Sell,2,6178.25,Limit
606,2,2025-03-13 12:23:59,Buy,2,6185.0,Stop
607,1,2025-03-13 12:15:19,Sell,10,6178.25,Limit
607,2,2025-03-13 12:23:47,Buy,10,6185.0,Stop
608,1,2025-03-13 12:15:18,Sell,2,6178.25,Market
608,2,2025-03-13 12:23:35,Buy,2,6185.0,Stop
609,1,2025-03-13 12:15:17,Sell,10,6178.25,Market
609,2,2025-03-13 12:23:48,Buy,10,6185.0,Stop
610,1,2025-03-13 12:15:17,Sell,10,6178.25,Market
610,2,2025-03-13 12:23:19,Buy,10,6185.0,Stop
611,1,2025-03-13 03:34:47,Buy,1,2718.3,Market
611,2,2025-03-13 04:43:03,Sell,1,2726.0,Limit
612,1,2025-03-13 03:34:50,Buy,5,2718.3,Limit
612,2,2025-03-13 04:43:21,Sell,5,2726.0,Limit
613,1,2025-03-13 03:34:47,Buy,1,2718.3,Market
613,2,2025-03-13 04:42:59,Sell,1,2726.0,Limit
614,1,2025-03-13 03:34:50,Buy,5,2718.3,Market
614,2,2025-03-13 04:09:09.500000,Sell,2,2722.9,Limit
614,3,2025-03-13 04:43:29,Sell,3,2728.1,Limit
615,1,2025-03-13 03:34:50,Buy,5,2718.4,Limit
615,2,2025-03-13 04:08:50.500000,Sell,2,2723.0,Limit
615,3,2025-03-13 04:42:51,Sell,3,2728.0,Limit
616,1,2025-03-13 03:34:50,Buy,5,2718.4,Market
616,2,2025-03-13 04:43:31,Sell,5,2725.9,Limit
617,1,2025-03-13 03:34:48,Buy,5,2718.4,Market
617,2,2025-03-13 04:09:07,Sell,2,2722.9,Limit
617,3,2025-03-13 04:43:26,Sell,3,2727.9,Limit
618,1,2025-03-14 12:27:20,Sell,2,6103.75,Limit
618,2,2025-03-14 12:37:39.500000,Buy,1,6101.5,Limit
618,3,2025-03-14 12:47:59,Buy,1,6098.5,Limit
619,1,2025-03-14 12:27:23,Sell,10,6103.75,Limit
619,2,2025-03-14 12:47:55,Buy,10,6100.0,Limit
620,1,2025-03-14 12:27:22,Sell,2,6103.75,Market
620,2,2025-03-14 12:37:44.500000,Buy,1,6101.5,Limit
620,3,2025-03-14 12:48:07,Buy,1,6098.5,Limit
621,1,2025-03-14 12:27:22,Sell,10,6103.75,Limit
621,2,2025-03-14 12:48:02,Buy,10,6100.0,Limit
622,1,2025-03-14 12:27:20,Sell,10,6103.75,Limit
622,2,2025-03-14 12:37:35.500000,Buy,5,6101.5,Limit
622,3,2025-03-14 12:47:51,Buy,5,6098.5,Limit
623,1,2025-03-14 12:27:22,Sell,10,6103.75,Market
623,2,2025-03-14 12:37:43,Buy,5,6101.5,Limit
623,3,2025-03-14 12:48:04,Buy,5,6098.5,Limit
624,1,2025-03-14 12:27:20,Sell,10,6103.75,Limit
624,2,2025-03-14 12:48:01,Buy,10,6100.0,Limit
625,1,2025-03-14 10:20:47,Buy,2,55.57,Limit
625,2,2025-03-14 11:31:53,Sell,2,55.3,Stop
626,1,2025-03-14 10:20:50,Buy,10,55.57,Limit
626,2,2025-03-14 11:32:13,Sell,10,55.3,Stop
627,1,2025-03-14 10:20:50,Buy,2,55.57,Market
627,2,2025-03-14 11:32:05,Sell,2,55.3,Stop
628,1,2025-03-14 10:20:49,Buy,10,55.57,Market
628,2,2025-03-14 11:32:32,Sell,10,55.3,Stop
629,1,2025-03-14 10:20:50,Buy,10,55.58,Market
629,2,2025-03-14 11:32:00,Sell,10,55.3,Stop
630,1,2025-03-14 10:20:49,Buy,10,55.58,Market
630,2,2025-03-14 11:31:54,Sell,10,55.3,Stop
631,1,2025-03-14 03:15:12,Buy,2,55.32,Market
631,2,2025-03-14 04:08:17,Sell,2,55.03,Stop
632,1,2025-03-14 03:15:15,Buy,10,55.32,Limit
632,2,2025-03-14 04:08:59,Sell,10,55.03,Stop
633,1,2025-03-14 03:15:15,Buy,2,55.32,Market
633,2,2025-03-14 04:09:07,Sell,2,55.03,Stop
634,1,2025-03-14 03:15:12,Buy,10,55.32,Market
634,2,2025-03-14 04:08:57,Sell,10,55.03,Stop
635,1,2025-03-14 03:15:15,Buy,10,55.33,Market
635,2,2025-03-14 04:08:16,Sell,10,55.02,Stop
636,1,2025-03-14 03:15:15,Buy,10,55.33,Market
636,2,2025-03-14 04:08:55,Sell,10,55.03,Stop
637,1,2025-03-14 03:15:13,Buy,10,55.33,Market
637,2,2025-03-14 04:08:41,Sell,10,55.02,Stop
638,1,2025-03-17 10:39:07,Sell,5,2712.0,Market
638,2,2025-03-17 11:26:33,Buy,5,2718.6,Stop
639,1,2025-03-17 10:39:08,Sell,5,2712.0,Limit
639,2,2025-03-17 11:26:14,Buy,5,2718.6,Stop
640,1,2025-03-17 10:39:09,Sell,5,2711.9,Market
640,2,2025-03-17 11:26:59,Buy,5,2718.7,Stop
641,1,2025-03-17 10:39:09,Sell,5,2711.9,Limit
641,2,2025-03-17 11:26:44,Buy,5,2718.6,Stop
642,1,2025-03-17 10:39:09,Sell,5,2712.0,Market
642,2,2025-03-17 11:26:21,Buy,5,2718.6,Stop
643,1,2025-03-18 10:21:40,Buy,6,21377.25,Limit
643,2,2025-03-18 11:36:01,Sell,6,21351.5,Stop
644,1,2025-03-18 10:21:42,Buy,6,21377.25,Market
644,2,2025-03-18 11:35:50,Sell,6,21351.5,Stop
645,1,2025-03-18 10:21:41,Buy,6,21377.5,Limit
645,2,2025-03-18 11:36:29,Sell,6,21351.5,Stop
646,1,2025-03-18 10:21:42,Buy,6,21377.25,Market
646,2,2025-03-18 11:36:39,Sell,6,21351.5,Stop
647,1,2025-03-18 10:21:43,Buy,6,21377.5,Market
647,2,2025-03-18 11:36:31,Sell,6,21351.5,Stop
648,1,2025-03-18 10:21:42,Buy,6,21377.5,Limit
648,2,2025-03-18 11:35:53,Sell,6,21351.25,Stop
649,1,2025-03-19 10:00:18,Buy,6,20839.75,Market
649,2,2025-03-19 10:10:38,Sell,3,20864.0,Limit
649,3,2025-03-19 10:20:58,Sell,3,20896.0,Limit
650,1,2025-03-19 10:00:20,Buy,6,20839.75,Limit
650,2,2025-03-19 10:10:39,Sell,3,20864.0,Limit
650,3,2025-03-19 10:20:58,Sell,3,20896.0,Limit
651,1,2025-03-19 10:00:19,Buy,6,20840.0,Limit
651,2,2025-03-19 10:10:48,Sell,3,20863.75,Limit
651,3,2025-03-19 10:21:17,Sell,3,20895.75,Limit
652,1,2025-03-19 10:00:19,Buy,6,20839.75,Limit
652,2,2025-03-19 10:20:53,Sell,6,20880.0,Limit
653,1,2025-03-19 10:32:16,Sell,10,52.66,Limit
653,2,2025-03-19 11:25:54,Buy,10,52.98,Stop
654,1,2025-03-19 10:32:16,Sell,10,52.65,Limit
654,2,2025-03-19 11:25:41,Buy,10,52.99,Stop
655,1,2025-03-19 10:32:16,Sell,10,52.66,Limit
655,2,2025-03-19 11:25:16,Buy,10,52.98,Stop
656,1,2025-03-19 10:32:16,Sell,10,52.66,Limit
656,2,2025-03-19 11:25:28,Buy,10,52.98,Stop
657,1,2025-03-19 03:27:40,Buy,5,2751.5,Limit
657,2,2025-03-19 04:47:30,Sell,5,2746.2,Stop
658,1,2025-03-19 03:27:41,Buy,5,2751.5,Limit
658,2,2025-03-19 04:47:14,Sell,5,2746.2,Stop
659,1,2025-03-19 03:27:41,Buy,5,2751.6,Limit
659,2,2025-03-19 04:47:00,Sell,5,2746.2,Stop
660,1,2025-03-19 03:27:41,Buy,5,2751.5,Limit
660,2,2025-03-19 04:47:34,Sell,5,2746.2,Stop
661,1,2025-03-20 12:22:33,Sell,10,5924.75,Limit
661,2,2025-03-20 12:30:17.500000,Buy,5,5921.5,Limit
661,3,2025-03-20 12:38:02,Buy,5,5917.5,Limit
662,1,2025-03-20 12:22:36,Sell,10,5924.5,Market
662,2,2025-03-20 12:38:30,Buy,10,5919.75,Limit
663,1,2025-03-20 12:22:33,Sell,10,5924.75,Limit
663,2,2025-03-20 12:30:09.500000,Buy,5,5921.5,Limit
663,3,2025-03-20 12:37:46,Buy,5,5917.5,Limit
664,1,2025-03-20 12:22:33,Sell,10,5924.75,Market
664,2,2025-03-20 12:38:08,Buy,10,5919.5,Limit
665,1,2025-03-21 12:23:46,Buy,10,1949.6,Limit
665,2,2025-03-21 12:38:50,Sell,10,1943.0,Stop
666,1,2025-03-21 12:23:46,Buy,10,1949.6,Limit
666,2,2025-03-21 12:39:31,Sell,10,1943.0,Stop
667,1,2025-03-21 12:23:47,Buy,10,1949.6,Limit
667,2,2025-03-21 12:39:25,Sell,10,1943.0,Stop
668,1,2025-03-21 12:23:47,Buy,10,1949.7,Market
668,2,2025-03-21 12:39:33,Sell,10,1942.9,Stop
669,1,2025-03-21 12:23:46,Buy,10,1949.6,Limit
669,2,2025-03-21 12:39:16,Sell,10,1943.0,Stop
670,1,2025-03-21 10:23:51,Sell,6,20718.25,Market
670,2,2025-03-21 10:49:12,Buy,6,20739.25,Stop
671,1,2025-03-21 10:23:52,Sell,6,20718.25,Limit
671,2,2025-03-21 10:49:34,Buy,6,20739.25,Stop
672,1,2025-03-21 10:23:51,Sell,6,20718.0,Market
672,2,2025-03-21 10:49:48,Buy,6,20739.5,Stop
673,1,2025-03-21 10:23:54,Sell,6,20718.25,Market
673,2,2025-03-21 10:49:04,Buy,6,20739.25,Stop
674,1,2025-03-21 10:23:52,Sell,6,20718.25,Limit
674,2,2025-03-21 10:49:35,Buy,6,20739.25,Stop
675,1,2025-03-21 10:23:53,Sell,6,20718.25,Market
675,2,2025-03-21 10:49:48,Buy,6,20739.25,Stop
676,1,2025-03-21 03:16:55,Sell,10,49.71,Limit
676,2,2025-03-21 03:52:07.500000,Buy,5,49.43,Limit
676,3,2025-03-21 04:27:20,Buy,5,49.07,Limit
677,1,2025-03-21 03:16:57,Sell,10,49.71,Limit
677,2,2025-03-21 03:52:15,Buy,5,49.43,Limit
677,3,2025-03-21 04:27:33,Buy,5,49.07,Limit
678,1,2025-03-21 03:16:57,Sell,10,49.7,Limit
678,2,2025-03-21 03:52:14,Buy,5,49.44,Limit
678,3,2025-03-21 04:27:31,Buy,5,49.08,Limit
679,1,2025-03-21 03:16:56,Sell,10,49.7,Market
679,2,2025-03-21 04:27:18,Buy,10,49.25,Limit
680,1,2025-03-21 03:16:57,Sell,10,49.71,Market
680,2,2025-03-21 04:27:56,Buy,10,49.25,Limit
681,1,2025-03-24 09:53:23,Sell,10,41332.0,Limit
681,2,2025-03-24 10:02:37,Buy,10,41397.0,Stop
682,1,2025-03-24 09:53:25,Sell,10,41332.0,Limit
682,2,2025-03-24 10:03:17,Buy,10,41397.0,Stop
683,1,2025-03-24 09:53:25,Sell,10,41332.0,Limit
683,2,2025-03-24 10:02:59,Buy,10,41397.0,Stop
684,1,2025-03-24 09:53:26,Sell,10,41332.0,Market
684,2,2025-03-24 10:02:56,Buy,10,41397.0,Stop
685,1,2025-03-24 09:53:24,Sell,10,41332.0,Limit
685,2,2025-03-24 10:02:31,Buy,10,41397.0,Stop
686,1,2025-03-24 09:53:24,Sell,10,41332.0,Market
686,2,2025-03-24 10:03:20,Buy,10,41397.0,Stop
687,1,2025-03-24 12:29:25,Buy,10,1937.9,Market
687,2,2025-03-24 12:40:11,Sell,10,1931.6,Stop
688,1,2025-03-24 12:29:27,Buy,10,1937.9,Limit
688,2,2025-03-24 12:40:21,Sell,10,1931.6,Stop
689,1,2025-03-24 12:29:26,Buy,10,1938.0,Limit
689,2,2025-03-24 12:39:32,Sell,10,1931.5,Stop
690,1,2025-03-24 12:29:27,Buy,10,1937.9,Market
690,2,2025-03-24 12:40:25,Sell,10,1931.6,Stop
691,1,2025-03-24 12:29:28,Buy,10,1937.9,Limit
691,2,2025-03-24 12:39:31,Sell,10,1931.6,Stop
692,1,2025-03-24 03:26:58,Sell,10,47.89,Limit
692,2,2025-03-24 03:41:23.500000,Buy,5,47.64,Limit
692,3,2025-03-24 03:55:49,Buy,5,47.3,Limit
693,1,2025-03-24 03:27:01,Sell,10,47.88,Market
693,2,2025-03-24 03:41:27.500000,Buy,5,47.63,Limit
693,3,2025-03-24 03:55:54,Buy,5,47.31,Limit
694,1,2025-03-24 03:27:00,Sell,10,47.88,Limit
694,2,2025-03-24 03:41:15.500000,Buy,5,47.64,Limit
694,3,2025-03-24 03:55:31,Buy,5,47.32,Limit
695,1,2025-03-24 03:27:00,Sell,10,47.89,Limit
695,2,2025-03-24 03:41:24,Buy,5,47.64,Limit
695,3,2025-03-24 03:55:48,Buy,5,47.3,Limit
696,1,2025-03-24 03:27:01,Sell,10,47.89,Market
696,2,2025-03-24 03:41:03.500000,Buy,5,47.64,Limit
696,3,2025-03-24 03:55:06,Buy,5,47.3,Limit
697,1,2025-03-25 12:21:01,Buy,10,1895.1,Market
697,2,2025-03-25 12:42:22,Sell,10,1889.1,Stop
698,1,2025-03-25 12:21:01,Buy,10,1895.1,Limit
698,2,2025-03-25 12:42:38,Sell,10,1889.1,Stop
699,1,2025-03-25 12:21:02,Buy,10,1895.2,Limit
699,2,2025-03-25 12:42:14,Sell,10,1889.1,Stop
700,1,2025-03-25 12:21:04,Buy,10,1895.1,Market
700,2,2025-03-25 12:42:04,Sell,10,1889.1,Stop
701,1,2025-03-25 12:21:03,Buy,10,1895.1,Limit
701,2,2025-03-25 12:42:38,Sell,10,1889.1,Stop
702,1,2025-03-26 12:20:11,Sell,10,1862.0,Market
702,2,2025-03-26 12:25:22,Buy,10,1867.8,Stop
703,1,2025-03-26 12:20:11,Sell,10,1862.0,Limit
703,2,2025-03-26 12:25:29,Buy,10,1867.8,Stop
704,1,2025-03-26 12:20:11,Sell,10,1862.0,Market
704,2,2025-03-26 12:25:56,Buy,10,1867.8,Stop
705,1,2025-03-26 12:20:12,Sell,10,1861.9,Limit
705,2,2025-03-26 12:25:17,Buy,10,1867.9,Stop
706,1,2025-03-26 12:20:13,Sell,10,1862.0,Market
706,2,2025-03-26 12:25:39,Buy,10,1867.8,Stop
707,1,2025-03-26 12:20:12,Sell,10,1862.0,Limit
707,2,2025-03-26 12:25:13,Buy,10,1867.8,Stop
708,1,2025-03-27 09:50:59,Sell,10,6119.0,Market
708,2,2025-03-27 10:48:07,Buy,10,6125.0,Stop
709,1,2025-03-27 09:50:59,Sell,10,6118.75,Market
709,2,2025-03-27 10:48:44,Buy,10,6125.25,Stop
710,1,2025-03-27 09:51:01,Sell,10,6119.0,Limit
710,2,2025-03-27 10:48:23,Buy,10,6125.0,Stop
711,1,2025-03-27 09:50:59,Sell,10,6119.0,Market
711,2,2025-03-27 10:47:59,Buy,10,6125.0,Stop
712,1,2025-03-27 09:50:59,Sell,10,6119.0,Limit
712,2,2025-03-27 10:48:08,Buy,10,6125.0,Stop
713,1,2025-03-27 09:51:01,Sell,10,6119.0,Market
713,2,2025-03-27 10:48:54,Buy,10,6125.0,Stop
714,1,2025-03-27 10:23:23,Buy,10,42.41,Market
714,2,2025-03-27 10:29:13,Sell,5,42.66,Limit
714,3,2025-03-27 10:35:03,Sell,5,43.0,Limit
715,1,2025-03-27 10:23:26,Buy,10,42.42,Market
715,2,2025-03-27 10:35:08,Sell,10,42.82,Limit
716,1,2025-03-27 10:23:25,Buy,10,42.41,Market
716,2,2025-03-27 10:29:02,Sell,5,42.66,Limit
716,3,2025-03-27 10:34:39,Sell,5,43.0,Limit
717,1,2025-03-27 10:23:26,Buy,10,42.41,Market
717,2,2025-03-27 10:29:03.500000,Sell,5,42.66,Limit
717,3,2025-03-27 10:34:41,Sell,5,43.0,Limit
718,1,2025-03-27 10:23:24,Buy,10,42.42,Limit
718,2,2025-03-27 10:34:29,Sell,10,42.82,Limit
719,1,2025-03-27 10:23:26,Buy,10,42.42,Limit
719,2,2025-03-27 10:28:57.500000,Sell,5,42.66,Limit
719,3,2025-03-27 10:34:29,Sell,5,42.98,Limit
720,1,2025-03-27 03:20:07,Sell,5,2652.1,Limit
720,2,2025-03-27 04:23:26,Buy,5,2658.2,Stop
721,1,2025-03-27 03:20:09,Sell,5,2652.1,Market
721,2,2025-03-27 04:23:45,Buy,5,2658.2,Stop
722,1,2025-03-27 03:20:08,Sell,5,2652.0,Limit
722,2,2025-03-27 04:23:43,Buy,5,2658.2,Stop
723,1,2025-03-27 03:20:08,Sell,5,2652.1,Market
723,2,2025-03-27 04:23:13,Buy,5,2658.2,Stop
724,1,2025-03-27 03:20:07,Sell,5,2652.0,Market
724,2,2025-03-27 04:23:23,Buy,5,2658.3,Stop
725,1,2025-03-28 10:31:47,Buy,5,2667.2,Limit
725,2,2025-03-28 10:45:17.500000,Sell,2,2673.6,Limit
725,3,2025-03-28 10:58:48,Sell,3,2680.8,Limit
726,1,2025-03-28 10:31:49,Buy,5,2667.2,Limit
726,2,2025-03-28 10:45:35.500000,Sell,2,2673.6,Limit
726,3,2025-03-28 10:59:22,Sell,3,2680.8,Limit
727,1,2025-03-28 10:31:48,Buy,5,2667.2,Market
727,2,2025-03-28 10:59:36,Sell,5,2677.9,Limit
728,1,2025-03-28 10:31:48,Buy,5,2667.2,Limit
728,2,2025-03-28 10:45:19.500000,Sell,2,2673.6,Limit
728,3,2025-03-28 10:58:51,Sell,3,2680.8,Limit
729,1,2025-03-28 10:31:50,Buy,5,2667.2,Market
729,2,2025-03-28 10:45:40.500000,Sell,2,2673.6,Limit
729,3,2025-03-28 10:59:31,Sell,3,2680.8,Limit
730,1,2025-03-31 09:52:47,Buy,10,6107.75,Market
730,2,2025-03-31 10:01:56,Sell,5,6114.0,Limit
730,3,2025-03-31 10:11:05,Sell,5,6122.0,Limit
731,1,2025-03-31 09:52:48,Buy,10,6108.0,Limit
731,2,2025-03-31 10:02:05.500000,Sell,5,6114.0,Limit
731,3,2025-03-31 10:11:23,Sell,5,6122.0,Limit
732,1,2025-03-31 09:52:48,Buy,10,6107.75,Limit
732,2,2025-03-31 10:02:04,Sell,5,6114.0,Limit
732,3,2025-03-31 10:11:20,Sell,5,6122.0,Limit
733,1,2025-03-31 09:52:47,Buy,10,6107.75,Limit
733,2,2025-03-31 10:11:20,Sell,10,6118.0,Limit
734,1,2025-03-31 09:52:47,Buy,10,6107.75,Limit
734,2,2025-03-31 10:10:57,Sell,10,6118.0,Limit
735,1,2025-03-31 09:52:50,Buy,10,6107.75,Market
735,2,2025-03-31 10:01:57,Sell,5,6114.0,Limit
735,3,2025-03-31 10:11:04,Sell,5,6122.0,Limit
736,1,2025-03-31 10:32:52,Sell,5,2693.6,Limit
736,2,2025-03-31 10:38:43,Buy,2,2683.8,Limit
736,3,2025-03-31 10:44:34,Buy,3,2673.0,Limit
737,1,2025-03-31 10:32:53,Sell,5,2693.5,Market
737,2,2025-03-31 10:38:39.500000,Buy,2,2683.8,Limit
737,3,2025-03-31 10:44:26,Buy,3,2673.1,Limit
738,1,2025-03-31 10:32:53,Sell,5,2693.6,Limit
738,2,2025-03-31 10:38:28,Buy,2,2683.8,Limit
738,3,2025-03-31 10:44:03,Buy,3,2673.0,Limit
739,1,2025-03-31 10:32:53,Sell,5,2693.6,Market
739,2,2025-03-31 10:43:59,Buy,5,2677.3,Limit
740,1,2025-03-31 10:32:55,Sell,5,2693.6,Limit
740,2,2025-03-31 10:44:52,Buy,5,2677.3,Limit
741,1,2025-03-31 03:29:15,Buy,5,2699.0,Market
741,2,2025-03-31 04:36:57,Sell,5,2693.3,Stop
742,1,2025-03-31 03:29:18,Buy,5,2699.1,Market
742,2,2025-03-31 04:36:27,Sell,5,2693.3,Stop
743,1,2025-03-31 03:29:17,Buy,5,2699.0,Market
743,2,2025-03-31 04:36:54,Sell,5,2693.3,Stop
744,1,2025-03-31 03:29:17,Buy,5,2699.0,Limit
744,2,2025-03-31 04:37:09,Sell,5,2693.3,Stop
745,1,2025-03-31 03:29:17,Buy,5,2699.1,Market
745,2,2025-03-31 04:36:49,Sell,5,2693.3,Stop
746,1,2025-04-01 10:00:09,Sell,10,41461.0,Market
746,2,2025-04-01 10:11:12,Buy,10,41518.0,Stop
747,1,2025-04-01 10:00:11,Sell,10,41461.0,Market
747,2,2025-04-01 10:11:34,Buy,10,41518.0,Stop
748,1,2025-04-01 10:00:11,Sell,10,41460.0,Market
748,2,2025-04-01 10:11:42,Buy,10,41519.0,Stop
749,1,2025-04-01 10:00:12,Sell,10,41461.0,Market
749,2,2025-04-01 10:11:43,Buy,10,41518.0,Stop
750,1,2025-04-01 12:17:34,Sell,10,1890.9,Limit
750,2,2025-04-01 12:28:10.500000,Buy,5,1888.2,Limit
750,3,2025-04-01 12:38:47,Buy,5,1884.6,Limit
751,1,2025-04-01 12:17:36,Sell,10,1890.9,Limit
751,2,2025-04-01 12:28:14.500000,Buy,5,1888.2,Limit
751,3,2025-04-01 12:38:53,Buy,5,1884.6,Limit
752,1,2025-04-01 12:17:35,Sell,10,1890.9,Market
752,2,2025-04-01 12:28:32,Buy,5,1888.2,Limit
752,3,2025-04-01 12:39:29,Buy,5,1884.6,Limit
753,1,2025-04-01 12:17:35,Sell,10,1890.9,Limit
753,2,2025-04-01 12:39:01,Buy,10,1886.4,Limit
754,1,2025-04-01 12:17:37,Sell,10,1890.9,Market
754,2,2025-04-01 12:28:25.500000,Buy,5,1888.2,Limit
754,3,2025-04-01 12:39:14,Buy,5,1884.6,Limit
755,1,2025-04-01 12:17:36,Sell,10,1890.9,Market
755,2,2025-04-01 12:38:49,Buy,10,1886.4,Limit
756,1,2025-04-01 10:29:00,Sell,6,20783.25,Market
756,2,2025-04-01 11:30:53,Buy,6,20803.25,Stop
757,1,2025-04-01 10:29:03,Sell,6,20783.0,Market
757,2,2025-04-01 11:30:48,Buy,6,20803.25,Stop
758,1,2025-04-01 10:29:00,Sell,6,20783.25,Limit
758,2,2025-04-01 11:30:02,Buy,6,20803.25,Stop
759,1,2025-04-01 10:29:03,Sell,6,20783.0,Market
759,2,2025-04-01 11:30:16,Buy,6,20803.5,Stop
760,1,2025-04-01 10:29:03,Sell,6,20783.0,Market
760,2,2025-04-01 11:30:12,Buy,6,20803.25,Stop
761,1,2025-04-01 03:27:41,Sell,5,2677.9,Market
761,2,2025-04-01 04:49:30,Buy,5,2684.7,Stop
762,1,2025-04-01 03:27:43,Sell,5,2677.9,Market
762,2,2025-04-01 04:49:34,Buy,5,2684.7,Stop
763,1,2025-04-01 03:27:41,Sell,5,2677.8,Limit
763,2,2025-04-01 04:48:54,Buy,5,2684.7,Stop
764,1,2025-04-01 03:27:42,Sell,5,2677.8,Limit
764,2,2025-04-01 04:49:09,Buy,5,2684.8,Stop
765,1,2025-04-01 03:27:43,Sell,5,2677.9,Limit
765,2,2025-04-01 04:49:13,Buy,5,2684.7,Stop
766,1,2025-04-02 03:23:23,Buy,10,43.79,Market
766,2,2025-04-02 03:48:33,Sell,10,44.22,Limit
767,1,2025-04-02 03:23:24,Buy,10,43.79,Limit
767,2,2025-04-02 03:35:58,Sell,5,44.05,Limit
767,3,2025-04-02 03:48:32,Sell,5,44.39,Limit
768,1,2025-04-02 03:23:23,Buy,10,43.8,Market
768,2,2025-04-02 03:48:33,Sell,10,44.22,Limit
769,1,2025-04-02 03:23:24,Buy,10,43.79,Limit
769,2,2025-04-02 03:36:18,Sell,5,44.05,Limit
769,3,2025-04-02 03:49:12,Sell,5,44.39,Limit
770,1,2025-04-02 03:23:23,Buy,10,43.79,Limit
770,2,2025-04-02 03:35:58,Sell,5,44.05,Limit
770,3,2025-04-02 03:48:33,Sell,5,44.39,Limit
771,1,2025-04-03 10:05:18,Buy,10,41326.0,Limit
771,2,2025-04-03 11:23:23,Sell,10,41445.0,Limit
772,1,2025-04-03 10:05:18,Buy,10,41326.0,Limit
772,2,2025-04-03 11:24:05,Sell,10,41445.0,Limit
773,1,2025-04-03 10:05:20,Buy,10,41326.0,Limit
773,2,2025-04-03 11:23:47,Sell,10,41445.0,Limit
774,1,2025-04-03 10:05:21,Buy,10,41327.0,Market
774,2,2025-04-03 10:44:22,Sell,5,41398.0,Limit
774,3,2025-04-03 11:23:23,Sell,5,41492.0,Limit
775,1,2025-04-03 10:05:18,Buy,10,41326.0,Limit
775,2,2025-04-03 11:23:20,Sell,10,41445.0,Limit
776,1,2025-04-03 10:28:15,Sell,6,20943.25,Limit
776,2,2025-04-03 11:01:15,Buy,6,20969.5,Stop
777,1,2025-04-03 10:28:16,Sell,6,20943.25,Market
777,2,2025-04-03 11:01:30,Buy,6,20969.5,Stop
778,1,2025-04-03 10:28:16,Sell,6,20943.0,Limit
778,2,2025-04-03 11:01:56,Buy,6,20969.5,Stop
779,1,2025-04-03 10:28:17,Sell,6,20943.25,Market
779,2,2025-04-03 11:01:54,Buy,6,20969.5,Stop
780,1,2025-04-03 10:28:18,Sell,6,20943.25,Limit
780,2,2025-04-03 11:01:56,Buy,6,20969.5,Stop
781,1,2025-04-03 10:28:17,Sell,6,20943.25,Market
781,2,2025-04-03 11:01:49,Buy,6,20969.5,Stop
782,1,2025-04-03 03:27:51,Buy,10,43.14,Market
782,2,2025-04-03 03:51:20,Sell,10,42.77,Stop
783,1,2025-04-03 03:27:53,Buy,10,43.14,Limit
783,2,2025-04-03 03:51:20,Sell,10,42.77,Stop
784,1,2025-04-03 03:27:51,Buy,10,43.14,Limit
784,2,2025-04-03 03:51:21,Sell,10,42.77,Stop
785,1,2025-04-03 03:27:52,Buy,10,43.14,Market
785,2,2025-04-03 03:51:21,Sell,10,42.77,Stop
786,1,2025-04-04 09:52:23,Buy,6,21129.75,Market
786,2,2025-04-04 10:50:46,Sell,6,21105.0,Stop
787,1,2025-04-04 09:52:23,Buy,6,21130.0,Limit
787,2,2025-04-04 10:50:44,Sell,6,21105.0,Stop
788,1,2025-04-04 09:52:25,Buy,6,21130.0,Limit
788,2,2025-04-04 10:50:34,Sell,6,21105.0,Stop
789,1,2025-04-04 09:52:25,Buy,6,21129.75,Market
789,2,2025-04-04 10:51:08,Sell,6,21105.0,Stop
790,1,2025-04-04 09:52:23,Buy,6,21129.75,Limit
790,2,2025-04-04 10:50:53,Sell,6,21105.0,Stop
791,1,2025-04-04 03:29:47,Buy,10,44.1,Limit
791,2,2025-04-04 03:51:25.500000,Sell,5,44.46,Limit
791,3,2025-04-04 04:13:04,Sell,5,44.94,Limit
792,1,2025-04-04 03:29:48,Buy,10,44.1,Market
792,2,2025-04-04 04:13:39,Sell,10,44.7,Limit
793,1,2025-04-04 03:29:47,Buy,10,44.11,Market
793,2,2025-04-04 04:13:11,Sell,10,44.69,Limit
794,1,2025-04-04 03:29:50,Buy,10,44.1,Market
794,2,2025-04-04 03:51:21.500000,Sell,5,44.46,Limit
794,3,2025-04-04 04:12:53,Sell,5,44.94,Limit
795,1,2025-04-04 03:29:50,Buy,10,44.1,Market
795,2,2025-04-04 04:13:48,Sell,10,44.7,Limit
796,1,2025-04-04 08:51:43,Sell,6,21239.75,Market
796,2,2025-04-04 09:02:36,Buy,3,21225.75,Limit
796,3,2025-04-04 09:13:29,Buy,3,21207.25,Limit
797,1,2025-04-04 08:51:43,Sell,6,21239.75,Limit
797,2,2025-04-04 09:12:55,Buy,6,21216.5,Limit
798,1,2025-04-04 08:51:46,Sell,6,21239.75,Market
798,2,2025-04-04 09:13:29,Buy,6,21216.5,Limit
799,1,2025-04-04 08:51:45,Sell,6,21239.5,Market
799,2,2025-04-04 09:02:42,Buy,3,21225.75,Limit
799,3,2025-04-04 09:13:39,Buy,3,21207.25,Limit
800,1,2025-04-04 08:51:45,Sell,6,21239.75,Limit
800,2,2025-04-04 09:13:27,Buy,6,21216.5,Limit
801,1,2025-04-07 09:53:13,Buy,10,40631.0,Market
801,2,2025-04-07 10:12:00,Sell,10,40577.0,Stop
802,1,2025-04-07 09:53:16,Buy,10,40632.0,Market
802,2,2025-04-07 10:11:23,Sell,10,40577.0,Stop
803,1,2025-04-07 09:53:15,Buy,10,40631.0,Market
803,2,2025-04-07 10:12:08,Sell,10,40577.0,Stop
804,1,2025-04-07 09:53:14,Buy,10,40631.0,Limit
804,2,2025-04-07 10:11:22,Sell,10,40577.0,Stop
805,1,2025-04-07 09:53:15,Buy,10,40632.0,Market
805,2,2025-04-07 10:11:30,Sell,10,40577.0,Stop
806,1,2025-04-07 09:53:15,Buy,10,40632.0,Market
806,2,2025-04-07 10:11:53,Sell,10,40577.0,Stop
807,1,2025-04-07 03:23:53,Sell,10,43.55,Limit
807,2,2025-04-07 04:03:32,Buy,5,43.25,Limit
807,3,2025-04-07 04:43:11,Buy,5,42.85,Limit
808,1,2025-04-07 03:23:55,Sell,10,43.54,Limit
808,2,2025-04-07 04:03:38,Buy,5,43.25,Limit
808,3,2025-04-07 04:43:21,Buy,5,42.87,Limit
809,1,2025-04-07 03:23:54,Sell,10,43.55,Market
809,2,2025-04-07 04:03:25,Buy,5,43.25,Limit
809,3,2025-04-07 04:42:56,Buy,5,42.85,Limit
810,1,2025-04-07 03:23:55,Sell,10,43.55,Limit
810,2,2025-04-07 04:03:26.500000,Buy,5,43.25,Limit
810,3,2025-04-07 04:42:58,Buy,5,42.85,Limit
811,1,2025-04-07 03:23:55,Sell,10,43.54,Market
811,2,2025-04-07 04:03:48.500000,Buy,5,43.25,Limit
811,3,2025-04-07 04:43:42,Buy,5,42.85,Limit
812,1,2025-04-07 03:23:55,Sell,10,43.54,Limit
812,2,2025-04-07 04:03:45.500000,Buy,5,43.25,Limit
812,3,2025-04-07 04:43:36,Buy,5,42.85,Limit
813,1,2025-04-08 12:20:55,Buy,10,1915.3,Limit
813,2,2025-04-08 12:30:37,Sell,10,1910.5,Stop
814,1,2025-04-08 12:20:55,Buy,10,1915.4,Limit
814,2,2025-04-08 12:30:22,Sell,10,1910.4,Stop
815,1,2025-04-08 12:20:57,Buy,10,1915.4,Limit
815,2,2025-04-08 12:30:19,Sell,10,1910.5,Stop
816,1,2025-04-08 12:20:58,Buy,10,1915.4,Market
816,2,2025-04-08 12:30:53,Sell,10,1910.5,Stop
817,1,2025-04-08 12:20:57,Buy,10,1915.4,Market
817,2,2025-04-08 12:30:14,Sell,10,1910.4,Stop
818,1,2025-04-08 12:20:58,Buy,10,1915.4,Limit
818,2,2025-04-08 12:30:16,Sell,10,1910.4,Stop
819,1,2025-04-08 03:18:46,Buy,5,2670.0,Limit
819,2,2025-04-08 03:57:34,Sell,5,2677.6,Limit
820,1,2025-04-08 03:18:48,Buy,5,2670.0,Limit
820,2,2025-04-08 03:57:26,Sell,5,2677.6,Limit
821,1,2025-04-08 03:18:49,Buy,5,2670.1,Limit
821,2,2025-04-08 03:57:21,Sell,5,2677.5,Limit
822,1,2025-04-08 03:18:48,Buy,5,2670.0,Market
822,2,2025-04-08 03:37:49,Sell,2,2674.6,Limit
822,3,2025-04-08 03:56:50,Sell,3,2679.6,Limit
823,1,2025-04-08 03:18:48,Buy,5,2670.0,Market
823,2,2025-04-08 03:57:46,Sell,5,2677.6,Limit
824,1,2025-04-08 03:18:48,Buy,5,2670.0,Limit
824,2,2025-04-08 03:57:40,Sell,5,2677.6,Limit
825,1,2025-04-09 12:21:15,Sell,10,6078.0,Market
825,2,2025-04-09 12:25:15,Buy,10,6085.0,Stop
826,1,2025-04-09 12:21:18,Sell,10,6077.75,Market
826,2,2025-04-09 12:25:27,Buy,10,6085.0,Stop
827,1,2025-04-09 12:21:15,Sell,10,6078.0,Market
827,2,2025-04-09 12:26:06,Buy,10,6085.0,Stop
828,1,2025-04-09 12:21:17,Sell,10,6077.75,Limit
828,2,2025-04-09 12:25:51,Buy,10,6085.25,Stop
829,1,2025-04-09 12:21:15,Sell,10,6078.0,Market
829,2,2025-04-09 12:25:21,Buy,10,6085.0,Stop
830,1,2025-04-09 12:21:15,Sell,10,6078.0,Limit
830,2,2025-04-09 12:26:06,Buy,10,6085.0,Stop
831,1,2025-04-09 10:35:10,Sell,6,21215.5,Limit
831,2,2025-04-09 11:46:25,Buy,6,21243.5,Stop
832,1,2025-04-09 10:35:13,Sell,6,21215.5,Limit
832,2,2025-04-09 11:46:43,Buy,6,21243.5,Stop
833,1,2025-04-09 10:35:12,Sell,6,21215.5,Limit
833,2,2025-04-09 11:47:07,Buy,6,21243.5,Stop
834,1,2025-04-09 10:35:10,Sell,6,21215.25,Limit
834,2,2025-04-09 11:46:22,Buy,6,21243.75,Stop
835,1,2025-04-09 10:35:11,Sell,6,21215.25,Market
835,2,2025-04-09 11:47:10,Buy,6,21243.75,Stop
836,1,2025-04-09 10:35:12,Sell,6,21215.5,Limit
836,2,2025-04-09 11:46:41,Buy,6,21243.5,Stop
837,1,2025-04-09 03:15:08,Buy,10,41.55,Market
837,2,2025-04-09 03:38:17,Sell,10,41.3,Stop
838,1,2025-04-09 03:15:09,Buy,10,41.55,Market
838,2,2025-04-09 03:39:05,Sell,10,41.3,Stop
839,1,2025-04-09 03:15:09,Buy,10,41.55,Limit
839,2,2025-04-09 03:38:36,Sell,10,41.3,Stop
840,1,2025-04-09 03:15:08,Buy,10,41.56,Market
840,2,2025-04-09 03:38:38,Sell,10,41.3,Stop
841,1,2025-04-09 03:15:09,Buy,10,41.55,Limit
841,2,2025-04-09 03:38:29,Sell,10,41.3,Stop
842,1,2025-04-10 09:50:21,Sell,10,6200.0,Limit
842,2,2025-04-10 10:38:01,Buy,10,6206.75,Stop
843,1,2025-04-10 09:50:21,Sell,10,6200.0,Limit
843,2,2025-04-10 10:37:51,Buy,10,6206.75,Stop
844,1,2025-04-10 09:50:23,Sell,10,6200.0,Market
844,2,2025-04-10 10:38:22,Buy,10,6206.75,Stop
845,1,2025-04-10 09:50:24,Sell,10,6199.75,Market
845,2,2025-04-10 10:37:39,Buy,10,6207.0,Stop
846,1,2025-04-10 09:50:23,Sell,10,6199.75,Limit
846,2,2025-04-10 10:37:48,Buy,10,6207.0,Stop
847,1,2025-04-10 09:50:21,Sell,10,6200.0,Market
847,2,2025-04-10 10:37:45,Buy,10,6206.75,Stop
848,1,2025-04-10 10:22:12,Sell,5,2630.4,Market
848,2,2025-04-10 11:02:29,Buy,2,2625.0,Limit
848,3,2025-04-10 11:42:46,Buy,3,2619.0,Limit
849,1,2025-04-10 10:22:15,Sell,5,2630.3,Limit
849,2,2025-04-10 11:02:33.500000,Buy,2,2625.0,Limit
849,3,2025-04-10 11:42:52,Buy,3,2619.2,Limit
850,1,2025-04-10 10:22:14,Sell,5,2630.3,Limit
850,2,2025-04-10 11:43:10,Buy,5,2621.5,Limit
851,1,2025-04-10 10:22:14,Sell,5,2630.4,Market
851,2,2025-04-10 11:43:05,Buy,5,2621.4,Limit
852,1,2025-04-10 10:22:12,Sell,5,2630.4,Limit
852,2,2025-04-10 11:02:28,Buy,2,2625.0,Limit
852,3,2025-04-10 11:42:44,Buy,3,2619.0,Limit
853,1,2025-04-11 12:15:43,Sell,10,6171.0,Limit
853,2,2025-04-11 12:31:56,Buy,10,6166.5,Limit
854,1,2025-04-11 12:15:45,Sell,10,6170.75,Market
854,2,2025-04-11 12:32:35,Buy,10,6166.5,Limit
855,1,2025-04-11 12:15:43,Sell,10,6171.0,Limit
855,2,2025-04-11 12:24:08.500000,Buy,5,6168.25,Limit
855,3,2025-04-11 12:32:34,Buy,5,6164.75,Limit
856,1,2025-04-11 12:15:43,Sell,10,6171.0,Market
856,2,2025-04-11 12:32:22,Buy,10,6166.5,Limit
857,1,2025-04-11 12:15:46,Sell,10,6171.0,Market
857,2,2025-04-11 12:32:07,Buy,10,6166.5,Limit
858,1,2025-04-11 12:15:43,Sell,10,6171.0,Market
858,2,2025-04-11 12:31:52,Buy,10,6166.5,Limit
859,1,2025-04-11 10:38:10,Sell,5,2616.8,Limit
859,2,2025-04-11 10:58:50,Buy,5,2604.1,Limit
860,1,2025-04-11 10:38:10,Sell,5,2616.7,Market
860,2,2025-04-11 10:59:07,Buy,5,2604.2,Limit
861,1,2025-04-11 10:38:11,Sell,5,2616.7,Limit
861,2,2025-04-11 10:59:10,Buy,5,2604.1,Limit
862,1,2025-04-11 10:38:13,Sell,5,2616.7,Market
862,2,2025-04-11 10:58:33,Buy,5,2604.1,Limit
863,1,2025-04-11 10:38:11,Sell,5,2616.8,Market
863,2,2025-04-11 10:58:56,Buy,5,2604.1,Limit
864,1,2025-04-11 10:38:13,Sell,5,2616.8,Limit
864,2,2025-04-11 10:58:19,Buy,5,2604.1,Limit
865,1,2025-04-11 03:24:06,Sell,10,40.77,Market
865,2,2025-04-11 03:39:01,Buy,10,40.36,Limit
866,1,2025-04-11 03:24:07,Sell,10,40.76,Market
866,2,2025-04-11 03:31:18,Buy,5,40.52,Limit
866,3,2025-04-11 03:38:29,Buy,5,40.2,Limit
867,1,2025-04-11 03:24:08,Sell,10,40.76,Market
867,2,2025-04-11 03:39:05,Buy,10,40.36,Limit
868,1,2025-04-11 03:24:09,Sell,10,40.77,Market
868,2,2025-04-11 03:38:12,Buy,10,40.36,Limit
869,1,2025-04-11 03:24:06,Sell,10,40.77,Limit
869,2,2025-04-11 03:38:24,Buy,10,40.36,Limit
870,1,2025-04-14 10:35:44,Sell,10,39.87,Limit
870,2,2025-04-14 11:47:15,Buy,10,40.13,Stop
871,1,2025-04-14 10:35:44,Sell,10,39.87,Market
871,2,2025-04-14 11:47:06,Buy,10,40.13,Stop
872,1,2025-04-14 10:35:45,Sell,10,39.86,Limit
872,2,2025-04-14 11:47:43,Buy,10,40.13,Stop
873,1,2025-04-14 10:35:45,Sell,10,39.86,Market
873,2,2025-04-14 11:47:26,Buy,10,40.13,Stop
874,1,2025-04-14 10:35:47,Sell,10,39.86,Market
874,2,2025-04-14 11:47:39,Buy,10,40.14,Stop
875,1,2025-04-14 03:34:35,Buy,10,39.52,Market
875,2,2025-04-14 04:24:19,Sell,10,39.95,Limit
876,1,2025-04-14 03:34:37,Buy,10,39.52,Market
876,2,2025-04-14 04:24:15,Sell,10,39.95,Limit
877,1,2025-04-14 03:34:38,Buy,10,39.52,Limit
877,2,2025-04-14 04:23:45,Sell,10,39.95,Limit
878,1,2025-04-14 03:34:35,Buy,10,39.52,Market
878,2,2025-04-14 04:23:54,Sell,10,39.95,Limit
879,1,2025-04-14 03:34:37,Buy,10,39.53,Limit
879,2,2025-04-14 03:59:12.500000,Sell,5,39.78,Limit
879,3,2025-04-14 04:23:48,Sell,5,40.12,Limit
880,1,2025-04-15 10:39:37,Buy,5,2663.0,Market
880,2,2025-04-15 10:49:46,Sell,2,2670.6,Limit
880,3,2025-04-15 10:59:55,Sell,3,2678.9,Limit
881,1,2025-04-15 10:39:38,Buy,5,2663.0,Market
881,2,2025-04-15 10:59:48,Sell,5,2675.6,Limit
882,1,2025-04-15 10:39:38,Buy,5,2663.1,Market
882,2,2025-04-15 11:00:37,Sell,5,2675.6,Limit
883,1,2025-04-15 10:39:38,Buy,5,2663.0,Limit
883,2,2025-04-15 10:49:49.500000,Sell,2,2670.6,Limit
883,3,2025-04-15 11:00:01,Sell,3,2678.9,Limit
884,1,2025-04-15 10:39:38,Buy,5,2663.0,Limit
884,2,2025-04-15 10:49:52,Sell,2,2670.6,Limit
884,3,2025-04-15 11:00:06,Sell,3,2678.9,Limit
885,1,2025-04-15 10:39:37,Buy,5,2663.1,Limit
885,2,2025-04-15 10:49:51,Sell,2,2670.5,Limit
885,3,2025-04-15 11:00:05,Sell,3,2678.8,Limit
886,1,2025-04-15 03:35:48,Buy,10,39.84,Market
886,2,2025-04-15 04:56:00,Sell,10,39.61,Stop
887,1,2025-04-15 03:35:51,Buy,10,39.84,Market
887,2,2025-04-15 04:56:21,Sell,10,39.61,Stop
888,1,2025-04-15 03:35:51,Buy,10,39.84,Limit
888,2,2025-04-15 04:56:31,Sell,10,39.61,Stop
889,1,2025-04-15 03:35:48,Buy,10,39.85,Limit
889,2,2025-04-15 04:56:46,Sell,10,39.6,Stop
890,1,2025-04-15 03:35:51,Buy,10,39.84,Market
890,2,2025-04-15 04:56:42,Sell,10,39.61,Stop
891,1,2025-04-15 03:35:48,Buy,10,39.84,Market
891,2,2025-04-15 04:56:41,Sell,10,39.61,Stop
892,1,2025-04-16 10:03:46,Buy,10,6126.75,Market
892,2,2025-04-16 11:30:18,Sell,10,6120.5,Stop
893,1,2025-04-16 10:03:49,Buy,10,6126.75,Limit
893,2,2025-04-16 11:30:10,Sell,10,6120.5,Stop
894,1,2025-04-16 10:03:48,Buy,10,6127.0,Limit
894,2,2025-04-16 11:30:38,Sell,10,6120.5,Stop
895,1,2025-04-16 10:03:46,Buy,10,6127.0,Limit
895,2,2025-04-16 11:30:07,Sell,10,6120.25,Stop
896,1,2025-04-16 10:03:48,Buy,10,6127.0,Limit
896,2,2025-04-16 11:30:03,Sell,10,6120.5,Stop
897,1,2025-04-16 10:03:47,Buy,10,6127.0,Market
897,2,2025-04-16 11:30:14,Sell,10,6120.5,Stop
898,1,2025-04-16 12:16:35,Sell,10,1865.3,Limit
898,2,2025-04-16 12:18:55.500000,Buy,5,1861.6,Limit
898,3,2025-04-16 12:21:16,Buy,5,1856.6,Limit
899,1,2025-04-16 12:16:35,Sell,10,1865.3,Limit
899,2,2025-04-16 12:21:20,Buy,10,1859.1,Limit
900,1,2025-04-16 12:16:35,Sell,10,1865.3,Limit
900,2,2025-04-16 12:19:02.500000,Buy,5,1861.6,Limit
900,3,2025-04-16 12:21:30,Buy,5,1856.6,Limit
901,1,2025-04-16 12:16:37,Sell,10,1865.2,Market
901,2,2025-04-16 12:20:44,Buy,10,1859.1,Limit
902,1,2025-04-16 12:16:37,Sell,10,1865.2,Market
902,2,2025-04-16 12:20:54,Buy,10,1859.1,Limit
903,1,2025-04-16 12:16:37,Sell,10,1865.3,Market
903,2,2025-04-16 12:18:47.500000,Buy,5,1861.6,Limit
903,3,2025-04-16 12:20:58,Buy,5,1856.6,Limit
904,1,2025-04-17 10:01:26,Buy,6,20856.75,Market
904,2,2025-04-17 10:15:35,Sell,6,20834.5,Stop
905,1,2025-04-17 10:01:28,Buy,6,20856.75,Market
905,2,2025-04-17 10:16:16,Sell,6,20834.5,Stop
906,1,2025-04-17 10:01:27,Buy,6,20856.75,Market
906,2,2025-04-17 10:15:28,Sell,6,20834.5,Stop
907,1,2025-04-17 10:01:26,Buy,6,20856.75,Limit
907,2,2025-04-17 10:15:33,Sell,6,20834.5,Stop
908,1,2025-04-17 10:01:29,Buy,6,20856.75,Market
908,2,2025-04-17 10:15:56,Sell,6,20834.5,Stop
909,1,2025-04-17 12:28:14,Buy,10,6178.75,Limit
909,2,2025-04-17 12:39:47,Sell,10,6173.5,Stop
910,1,2025-04-17 12:28:14,Buy,10,6178.75,Market
910,2,2025-04-17 12:39:53,Sell,10,6173.5,Stop
911,1,2025-04-17 12:28:15,Buy,10,6178.75,Market
911,2,2025-04-17 12:39:34,Sell,10,6173.5,Stop
912,1,2025-04-17 12:28:14,Buy,10,6178.75,Market
912,2,2025-04-17 12:40:01,Sell,10,6173.5,Stop
913,1,2025-04-17 12:28:14,Buy,10,6178.75,Market
913,2,2025-04-17 12:39:44,Sell,10,6173.5,Stop
914,1,2025-04-17 12:28:17,Buy,10,6178.75,Limit
914,2,2025-04-17 12:39:52,Sell,10,6173.5,Stop
915,1,2025-04-17 10:39:33,Sell,5,2650.6,Limit
915,2,2025-04-17 11:20:06,Buy,2,2641.6,Limit
915,3,2025-04-17 12:00:39,Buy,3,2631.6,Limit
916,1,2025-04-17 10:39:33,Sell,5,2650.6,Market
916,2,2025-04-17 12:00:54,Buy,5,2635.6,Limit
917,1,2025-04-17 10:39:33,Sell,5,2650.5,Limit
917,2,2025-04-17 12:00:42,Buy,5,2635.7,Limit
918,1,2025-04-17 10:39:34,Sell,5,2650.6,Market
918,2,2025-04-17 12:00:56,Buy,5,2635.6,Limit
919,1,2025-04-17 10:39:34,Sell,5,2650.6,Limit
919,2,2025-04-17 11:20:20,Buy,2,2641.6,Limit
919,3,2025-04-17 12:01:06,Buy,3,2631.6,Limit
920,1,2025-04-17 10:39:35,Sell,5,2650.5,Market
920,2,2025-04-17 11:20:29.500000,Buy,2,2641.6,Limit
920,3,2025-04-17 12:01:24,Buy,3,2631.6,Limit
921,1,2025-04-17 03:32:32,Buy,10,39.32,Market
921,2,2025-04-17 04:06:29,Sell,10,39.09,Stop
922,1,2025-04-17 03:32:35,Buy,10,39.32,Market
922,2,2025-04-17 04:06:31,Sell,10,39.09,Stop
923,1,2025-04-17 03:32:33,Buy,10,39.32,Limit
923,2,2025-04-17 04:05:43,Sell,10,39.09,Stop
924,1,2025-04-17 03:32:34,Buy,10,39.32,Market
924,2,2025-04-17 04:06:13,Sell,10,39.09,Stop
925,1,2025-04-17 03:32:35,Buy,10,39.32,Limit
925,2,2025-04-17 04:06:15,Sell,10,39.09,Stop
926,1,2025-04-21 12:11:11,Sell,10,6284.5,Market
926,2,2025-04-21 12:21:26,Buy,5,6280.25,Limit
926,3,2025-04-21 12:31:41,Buy,5,6274.75,Limit
927,1,2025-04-21 12:11:12,Sell,10,6284.5,Market
927,2,2025-04-21 12:31:39,Buy,10,6277.5,Limit
928,1,2025-04-21 12:11:11,Sell,10,6284.5,Limit
928,2,2025-04-21 12:31:30,Buy,10,6277.5,Limit
929,1,2025-04-21 12:11:11,Sell,10,6284.5,Market
929,2,2025-04-21 12:32:04,Buy,10,6277.5,Limit
930,1,2025-04-21 12:11:11,Sell,10,6284.25,Limit
930,2,2025-04-21 12:31:49,Buy,10,6277.5,Limit
931,1,2025-04-21 12:11:14,Sell,10,6284.5,Market
931,2,2025-04-21 12:32:02,Buy,10,6277.5,Limit
932,1,2025-04-21 10:21:44,Sell,6,20632.75,Limit
932,2,2025-04-21 11:51:53,Buy,6,20583.5,Limit
933,1,2025-04-21 10:21:44,Sell,6,20632.75,Limit
933,2,2025-04-21 11:52:21,Buy,6,20583.5,Limit
934,1,2025-04-21 10:21:44,Sell,6,20632.75,Market
934,2,2025-04-21 11:07:12.500000,Buy,3,20603.25,Limit
934,3,2025-04-21 11:52:41,Buy,3,20563.75,Limit
935,1,2025-04-21 10:21:47,Sell,6,20632.5,Limit
935,2,2025-04-21 11:52:20,Buy,6,20583.75,Limit
936,1,2025-04-21 10:21:46,Sell,6,20632.75,Market
936,2,2025-04-21 11:06:58,Buy,3,20603.25,Limit
936,3,2025-04-21 11:52:10,Buy,3,20563.75,Limit
937,1,2025-04-21 10:21:45,Sell,6,20632.5,Limit
937,2,2025-04-21 11:52:11,Buy,6,20583.75,Limit
938,1,2025-04-21 03:16:59,Sell,5,2725.2,Limit
938,2,2025-04-21 04:34:21,Buy,5,2730.0,Stop
939,1,2025-04-21 03:17:02,Sell,5,2725.2,Limit
939,2,2025-04-21 04:34:45,Buy,5,2730.0,Stop
940,1,2025-04-21 03:17:01,Sell,5,2725.2,Limit
940,2,2025-04-21 04:34:23,Buy,5,2730.0,Stop
941,1,2025-04-21 03:17:00,Sell,5,2725.1,Market
941,2,2025-04-21 04:34:04,Buy,5,2730.1,Stop
942,1,2025-04-21 03:17:01,Sell,5,2725.1,Market
942,2,2025-04-21 04:34:29,Buy,5,2730.0,Stop
943,1,2025-04-21 03:17:01,Sell,5,2725.2,Market
943,2,2025-04-21 04:34:10,Buy,5,2730.0,Stop
944,1,2025-04-22 10:06:52,Buy,10,6296.5,Limit
944,2,2025-04-22 11:21:15,Sell,10,6304.75,Limit
945,1,2025-04-22 10:06:52,Buy,10,6296.75,Market
945,2,2025-04-22 11:21:35,Sell,10,6304.5,Limit
946,1,2025-04-22 10:06:54,Buy,10,6296.75,Limit
946,2,2025-04-22 11:21:27,Sell,10,6304.5,Limit
947,1,2025-04-22 10:06:55,Buy,10,6296.5,Limit
947,2,2025-04-22 11:21:48,Sell,10,6304.75,Limit
948,1,2025-04-22 10:06:52,Buy,10,6296.5,Market
948,2,2025-04-22 11:21:43,Sell,10,6304.75,Limit
949,1,2025-04-22 10:06:53,Buy,10,6296.75,Limit
949,2,2025-04-22 11:20:56,Sell,10,6304.75,Limit
950,1,2025-04-22 10:27:03,Buy,6,20924.5,Market
950,2,2025-04-22 11:36:05,Sell,6,20980.25,Limit
951,1,2025-04-22 10:27:03,Buy,6,20924.5,Market
951,2,2025-04-22 11:01:46.500000,Sell,3,20958.0,Limit
951,3,2025-04-22 11:36:30,Sell,3,21002.5,Limit
952,1,2025-04-22 10:27:03,Buy,6,20924.5,Limit
952,2,2025-04-22 11:01:50.500000,Sell,3,20958.0,Limit
952,3,2025-04-22 11:36:38,Sell,3,21002.5,Limit
953,1,2025-04-22 10:27:05,Buy,6,20924.75,Market
953,2,2025-04-22 11:36:34,Sell,6,20980.0,Limit
954,1,2025-04-22 10:27:05,Buy,6,20924.5,Limit
954,2,2025-04-22 11:02:03,Sell,3,20958.0,Limit
954,3,2025-04-22 11:37:01,Sell,3,21002.5,Limit
955,1,2025-04-22 03:33:57,Buy,10,41.87,Limit
955,2,2025-04-22 04:05:30,Sell,10,41.61,Stop
956,1,2025-04-22 03:34:00,Buy,10,41.88,Limit
956,2,2025-04-22 04:05:50,Sell,10,41.6,Stop
957,1,2025-04-22 03:34:00,Buy,10,41.88,Market
957,2,2025-04-22 04:05:52,Sell,10,41.61,Stop
958,1,2025-04-22 03:33:58,Buy,10,41.87,Market
958,2,2025-04-22 04:05:04,Sell,10,41.61,Stop
959,1,2025-04-22 03:34:00,Buy,10,41.87,Market
959,2,2025-04-22 04:05:46,Sell,10,41.61,Stop
960,1,2025-04-22 03:33:57,Buy,10,41.88,Limit
960,2,2025-04-22 04:05:05,Sell,10,41.6,Stop
961,1,2025-04-23 09:57:29,Sell,6,21217.5,Market
961,2,2025-04-23 10:47:15,Buy,6,21180.5,Limit
962,1,2025-04-23 09:57:32,Sell,6,21217.5,Limit
962,2,2025-04-23 10:22:10,Buy,3,21195.25,Limit
962,3,2025-04-23 10:46:48,Buy,3,21165.75,Limit
963,1,2025-04-23 09:57:30,Sell,6,21217.5,Market
963,2,2025-04-23 10:22:17.500000,Buy,3,21195.25,Limit
963,3,2025-04-23 10:47:05,Buy,3,21165.75,Limit
964,1,2025-04-23 09:57:31,Sell,6,21217.5,Market
964,2,2025-04-23 10:46:43,Buy,6,21180.5,Limit
965,1,2025-04-23 09:57:32,Sell,6,21217.25,Market
965,2,2025-04-23 10:47:28,Buy,6,21180.5,Limit
966,1,2025-04-23 09:57:29,Sell,6,21217.5,Market
966,2,2025-04-23 10:46:43,Buy,6,21180.5,Limit
967,1,2025-04-23 09:57:32,Sell,6,21217.5,Limit
967,2,2025-04-23 10:47:15,Buy,6,21180.5,Limit
968,1,2025-04-23 10:31:29,Sell,6,21255.25,Limit
968,2,2025-04-23 10:53:06,Buy,3,21230.0,Limit
968,3,2025-04-23 11:14:43,Buy,3,21196.5,Limit
969,1,2025-04-23 10:31:29,Sell,6,21255.0,Market
969,2,2025-04-23 10:53:26.500000,Buy,3,21230.0,Limit
969,3,2025-04-23 11:15:24,Buy,3,21197.0,Limit
970,1,2025-04-23 10:31:30,Sell,6,21255.25,Limit
970,2,2025-04-23 11:14:36,Buy,6,21213.25,Limit
971,1,2025-04-23 10:31:31,Sell,6,21255.25,Limit
971,2,2025-04-23 10:53:25,Buy,3,21230.0,Limit
971,3,2025-04-23 11:15:19,Buy,3,21196.5,Limit
972,1,2025-04-23 10:31:30,Sell,6,21255.25,Market
972,2,2025-04-23 11:15:21,Buy,6,21213.25,Limit
973,1,2025-04-23 10:31:32,Sell,6,21255.0,Market
973,2,2025-04-23 10:53:03,Buy,3,21230.0,Limit
973,3,2025-04-23 11:14:34,Buy,3,21196.5,Limit
974,1,2025-04-23 10:31:29,Sell,6,21255.25,Market
974,2,2025-04-23 11:14:49,Buy,6,21213.25,Limit
975,1,2025-04-23 03:28:35,Buy,10,41.33,Market
975,2,2025-04-23 03:53:22,Sell,5,41.6,Limit
975,3,2025-04-23 04:18:09,Sell,5,41.96,Limit
976,1,2025-04-23 03:28:35,Buy,10,41.33,Limit
976,2,2025-04-23 03:53:10,Sell,5,41.6,Limit
976,3,2025-04-23 04:17:45,Sell,5,41.96,Limit
977,1,2025-04-23 03:28:38,Buy,10,41.34,Limit
977,2,2025-04-23 04:17:53,Sell,10,41.78,Limit
978,1,2025-04-23 03:28:38,Buy,10,41.34,Market
978,2,2025-04-23 04:17:52,Sell,10,41.77,Limit
979,1,2025-04-23 03:28:37,Buy,10,41.33,Market
979,2,2025-04-23 03:53:22,Sell,5,41.6,Limit
979,3,2025-04-23 04:18:07,Sell,5,41.96,Limit
980,1,2025-04-23 03:28:36,Buy,10,41.33,Market
980,2,2025-04-23 03:53:07.500000,Sell,5,41.6,Limit
980,3,2025-04-23 04:17:39,Sell,5,41.96,Limit
981,1,2025-04-24 12:15:34,Buy,10,6274.0,Limit
981,2,2025-04-24 12:25:32,Sell,5,6276.75,Limit
981,3,2025-04-24 12:35:30,Sell,5,6280.75,Limit
982,1,2025-04-24 12:15:36,Buy,10,6274.25,Limit
982,2,2025-04-24 12:25:29.500000,Sell,5,6277.0,Limit
982,3,2025-04-24 12:35:23,Sell,5,6280.5,Limit
983,1,2025-04-24 12:15:34,Buy,10,6274.0,Limit
983,2,2025-04-24 12:35:13,Sell,10,6278.75,Limit
984,1,2025-04-24 12:15:37,Buy,10,6274.0,Market
984,2,2025-04-24 12:35:09,Sell,10,6278.75,Limit
985,1,2025-04-24 12:15:37,Buy,10,6274.0,Market
985,2,2025-04-24 12:35:25,Sell,10,6278.75,Limit
986,1,2025-04-24 12:15:35,Buy,10,6274.25,Market
986,2,2025-04-24 12:35:09,Sell,10,6278.5,Limit
987,1,2025-04-24 12:15:36,Buy,10,6274.0,Limit
987,2,2025-04-24 12:35:33,Sell,10,6278.75,Limit
988,1,2025-04-25 09:47:48,Sell,6,21016.0,Limit
988,2,2025-04-25 11:20:37,Buy,6,20976.75,Limit
989,1,2025-04-25 09:47:50,Sell,6,21015.75,Limit
989,2,2025-04-25 11:20:04,Buy,6,20977.0,Limit
990,1,2025-04-25 09:47:49,Sell,6,21015.75,Limit
990,2,2025-04-25 11:19:55,Buy,6,20977.0,Limit
991,1,2025-04-25 09:47:49,Sell,6,21015.75,Limit
991,2,2025-04-25 11:20:17,Buy,6,20977.0,Limit
992,1,2025-04-25 09:47:48,Sell,6,21016.0,Market
992,2,2025-04-25 10:34:08,Buy,3,20992.5,Limit
992,3,2025-04-25 11:20:28,Buy,3,20961.0,Limit
993,1,2025-04-25 09:47:50,Sell,6,21016.0,Market
993,2,2025-04-25 11:20:27,Buy,6,20976.75,Limit
994,1,2025-04-25 09:47:50,Sell,6,21016.0,Limit
994,2,2025-04-25 10:34:06.500000,Buy,3,20992.5,Limit
994,3,2025-04-25 11:20:23,Buy,3,20961.0,Limit
995,1,2025-04-25 12:16:16,Buy,10,6112.0,Market
995,2,2025-04-25 12:24:16,Sell,5,6114.75,Limit
995,3,2025-04-25 12:32:16,Sell,5,6118.25,Limit
996,1,2025-04-25 12:16:18,Buy,10,6112.25,Market
996,2,2025-04-25 12:33:09,Sell,10,6116.5,Limit
997,1,2025-04-25 12:16:18,Buy,10,6112.0,Market
997,2,2025-04-25 12:32:41,Sell,10,6116.5,Limit
998,1,2025-04-25 12:16:16,Buy,10,6112.0,Limit
998,2,2025-04-25 12:24:19.500000,Sell,5,6114.75,Limit
998,3,2025-04-25 12:32:23,Sell,5,6118.25,Limit
999,1,2025-04-25 12:16:19,Buy,10,6112.0,Limit
999,2,2025-04-25 12:33:10,Sell,10,6116.5,Limit
1000,1,2025-04-25 12:16:18,Buy,10,6112.0,Market
1000,2,2025-04-25 12:33:04,Sell,10,6116.5,Limit
1001,1,2025-04-28 09:54:31,Sell,6,21385.25,Limit
1001,2,2025-04-28 10:25:45,Buy,3,21364.0,Limit
1001,3,2025-04-28 10:56:59,Buy,3,21335.5,Limit
1002,1,2025-04-28 09:54:32,Sell,6,21385.0,Market
1002,2,2025-04-28 10:25:35.500000,Buy,3,21364.0,Limit
1002,3,2025-04-28 10:56:39,Buy,3,21336.0,Limit
1003,1,2025-04-28 09:54:34,Sell,6,21385.25,Market
1003,2,2025-04-28 10:25:42,Buy,3,21364.0,Limit
1003,3,2025-04-28 10:56:50,Buy,3,21335.5,Limit
1004,1,2025-04-28 09:54:32,Sell,6,21385.25,Limit
1004,2,2025-04-28 10:25:55,Buy,3,21364.0,Limit
1004,3,2025-04-28 10:57:18,Buy,3,21335.5,Limit
1005,1,2025-04-28 09:54:33,Sell,6,21385.25,Limit
1005,2,2025-04-28 10:25:53.500000,Buy,3,21364.0,Limit
1005,3,2025-04-28 10:57:14,Buy,3,21335.5,Limit
1006,1,2025-04-28 09:54:33,Sell,6,21385.25,Limit
1006,2,2025-04-28 10:57:17,Buy,6,21349.75,Limit
1007,1,2025-04-28 12:10:52,Sell,10,1804.4,Limit
1007,2,2025-04-28 12:33:46,Buy,10,1810.5,Stop
1008,1,2025-04-28 12:10:54,Sell,10,1804.3,Market
1008,2,2025-04-28 12:32:59,Buy,10,1810.5,Stop
1009,1,2025-04-28 12:10:52,Sell,10,1804.4,Market
1009,2,2025-04-28 12:33:19,Buy,10,1810.5,Stop
1010,1,2025-04-28 12:10:55,Sell,10,1804.4,Market
1010,2,2025-04-28 12:33:07,Buy,10,1810.5,Stop
1011,1,2025-04-28 12:10:54,Sell,10,1804.4,Market
1011,2,2025-04-28 12:33:45,Buy,10,1810.5,Stop
1012,1,2025-04-28 12:10:53,Sell,10,1804.3,Limit
1012,2,2025-04-28 12:33:19,Buy,10,1810.6,Stop
1013,1,2025-04-28 03:16:24,Buy,10,41.0,Market
1013,2,2025-04-28 03:45:39,Sell,10,41.42,Limit
1014,1,2025-04-28 03:16:24,Buy,10,41.01,Limit
1014,2,2025-04-28 03:45:30,Sell,10,41.41,Limit
1015,1,2025-04-28 03:16:24,Buy,10,41.01,Market
1015,2,2025-04-28 03:46:08,Sell,10,41.42,Limit
1016,1,2025-04-28 03:16:26,Buy,10,41.01,Market
1016,2,2025-04-28 03:31:10.500000,Sell,5,41.26,Limit
1016,3,2025-04-28 03:45:55,Sell,5,41.58,Limit
1017,1,2025-04-28 03:16:26,Buy,10,41.0,Market
1017,2,2025-04-28 03:45:55,Sell,10,41.42,Limit
1018,1,2025-04-28 03:16:25,Buy,10,41.01,Limit
1018,2,2025-04-28 03:31:10.500000,Sell,5,41.25,Limit
1018,3,2025-04-28 03:45:56,Sell,5,41.57,Limit
1019,1,2025-04-29 09:47:29,Sell,6,21417.25,Limit
1019,2,2025-04-29 10:39:35,Buy,6,21440.25,Stop
1020,1,2025-04-29 09:47:32,Sell,6,21417.0,Market
1020,2,2025-04-29 10:39:57,Buy,6,21440.25,Stop
1021,1,2025-04-29 09:47:31,Sell,6,21417.0,Limit
1021,2,2025-04-29 10:40:17,Buy,6,21440.5,Stop
1022,1,2025-04-29 09:47:29,Sell,6,21417.0,Market
1022,2,2025-04-29 10:39:36,Buy,6,21440.25,Stop
1023,1,2025-04-29 09:47:32,Sell,6,21417.0,Market
1023,2,2025-04-29 10:39:38,Buy,6,21440.25,Stop
1024,1,2025-04-29 12:13:37,Buy,10,6237.0,Limit
1024,2,2025-04-29 12:35:59,Sell,10,6243.25,Limit
1025,1,2025-04-29 12:13:37,Buy,10,6237.0,Market
1025,2,2025-04-29 12:36:21,Sell,10,6243.25,Limit
1026,1,2025-04-29 12:13:38,Buy,10,6237.25,Limit
1026,2,2025-04-29 12:24:48,Sell,5,6240.75,Limit
1026,3,2025-04-29 12:35:58,Sell,5,6245.75,Limit
1027,1,2025-04-29 12:13:39,Buy,10,6237.0,Limit
1027,2,2025-04-29 12:24:57.500000,Sell,5,6240.75,Limit
1027,3,2025-04-29 12:36:16,Sell,5,6245.75,Limit
1028,1,2025-04-29 12:13:40,Buy,10,6237.0,Limit
1028,2,2025-04-29 12:36:36,Sell,10,6243.25,Limit
1029,1,2025-04-29 12:13:39,Buy,10,6237.25,Market
1029,2,2025-04-29 12:36:11,Sell,10,6243.0,Limit
1030,1,2025-04-29 03:25:44,Sell,5,2712.0,Limit
1030,2,2025-04-29 05:00:12,Buy,5,2717.3,Stop
1031,1,2025-04-29 03:25:45,Sell,5,2712.0,Market
1031,2,2025-04-29 05:00:22,Buy,5,2717.3,Stop
1032,1,2025-04-29 03:25:47,Sell,5,2712.0,Limit
1032,2,2025-04-29 05:00:33,Buy,5,2717.3,Stop
1033,1,2025-04-29 03:25:44,Sell,5,2712.0,Limit
1033,2,2025-04-29 05:00:10,Buy,5,2717.3,Stop
1034,1,2025-04-29 03:25:45,Sell,5,2712.0,Limit
1034,2,2025-04-29 05:00:03,Buy,5,2717.3,Stop
1035,1,2025-04-29 03:25:47,Sell,5,2711.9,Market
1035,2,2025-04-29 05:00:19,Buy,5,2717.3,Stop
1036,1,2025-04-30 12:22:20,Buy,10,1863.5,Market
1036,2,2025-04-30 12:39:27,Sell,10,1858.1,Stop
1037,1,2025-04-30 12:22:22,Buy,10,1863.5,Limit
1037,2,2025-04-30 12:40:11,Sell,10,1858.1,Stop
1038,1,2025-04-30 12:22:20,Buy,10,1863.5,Market
1038,2,2025-04-30 12:40:15,Sell,10,1858.1,Stop
1039,1,2025-04-30 12:22:23,Buy,10,1863.5,Limit
1039,2,2025-04-30 12:40:13,Sell,10,1858.1,Stop
1040,1,2025-04-30 12:22:23,Buy,10,1863.6,Market
1040,2,2025-04-30 12:39:56,Sell,10,1858.1,Stop
1041,1,2025-04-30 12:22:22,Buy,10,1863.6,Limit
1041,2,2025-04-30 12:39:50,Sell,10,1858.1,Stop
1042,1,2025-04-30 10:29:46,Buy,6,21224.0,Market
1042,2,2025-04-30 11:08:51,Sell,6,21200.0,Stop
1043,1,2025-04-30 10:29:49,Buy,6,21224.0,Market
1043,2,2025-04-30 11:09:35,Sell,6,21200.0,Stop
1044,1,2025-04-30 10:29:49,Buy,6,21224.0,Limit
1044,2,2025-04-30 11:08:51,Sell,6,21200.0,Stop
1045,1,2025-04-30 10:29:46,Buy,6,21224.25,Market
1045,2,2025-04-30 11:09:44,Sell,6,21199.75,Stop
1046,1,2025-04-30 10:29:49,Buy,6,21224.25,Limit
1046,2,2025-04-30 11:09:14,Sell,6,21200.0,Stop
1047,1,2025-04-30 10:29:47,Buy,6,21224.0,Market
1047,2,2025-04-30 11:09:36,Sell,6,21200.0,Stop
1048,1,2025-04-30 10:29:49,Buy,6,21224.0,Market
1048,2,2025-04-30 11:08:50,Sell,6,21200.0,Stop
1049,1,2025-04-30 03:30:01,Sell,5,2715.2,Market
1049,2,2025-04-30 03:46:08,Buy,5,2719.6,Stop
1050,1,2025-04-30 03:30:02,Sell,5,2715.1,Limit
1050,2,2025-04-30 03:46:43,Buy,5,2719.6,Stop
1051,1,2025-04-30 03:30:01,Sell,5,2715.2,Limit
1051,2,2025-04-30 03:46:02,Buy,5,2719.6,Stop
1052,1,2025-04-30 03:30:02,Sell,5,2715.2,Market
1052,2,2025-04-30 03:46:37,Buy,5,2719.6,Stop
1053,1,2025-04-30 03:30:03,Sell,5,2715.1,Market
1053,2,2025-04-30 03:46:49,Buy,5,2719.7,Stop
1054,1,2025-04-30 03:30:04,Sell,5,2715.1,Market
1054,2,2025-04-30 03:46:30,Buy,5,2719.6,Stop
1055,1,2025-04-30 03:30:02,Sell,5,2715.1,Market
1055,2,2025-04-30 03:46:49,Buy,5,2719.7,Stop
1056,1,2025-05-01 10:04:59,Sell,6,21352.75,Limit
1056,2,2025-05-01 11:23:08,Buy,6,21372.5,Stop
1057,1,2025-05-01 10:05:02,Sell,6,21352.75,Market
1057,2,2025-05-01 11:23:08,Buy,6,21372.5,Stop
1058,1,2025-05-01 10:05:00,Sell,6,21352.75,Market
1058,2,2025-05-01 11:23:46,Buy,6,21372.5,Stop
1059,1,2025-05-01 10:04:59,Sell,6,21352.75,Limit
1059,2,2025-05-01 11:23:47,Buy,6,21372.5,Stop
1060,1,2025-05-01 10:04:59,Sell,6,21352.75,Limit
1060,2,2025-05-01 11:23:57,Buy,6,21372.5,Stop
1061,1,2025-05-01 10:05:01,Sell,6,21352.75,Limit
1061,2,2025-05-01 11:23:38,Buy,6,21372.5,Stop
1062,1,2025-05-01 10:05:01,Sell,6,21352.75,Limit
1062,2,2025-05-01 11:23:52,Buy,6,21372.5,Stop
1063,1,2025-05-01 10:31:44,Buy,5,2706.1,Market
1063,2,2025-05-01 11:24:04,Sell,5,2699.7,Stop
1064,1,2025-05-01 10:31:46,Buy,5,2706.1,Limit
1064,2,2025-05-01 11:23:46,Sell,5,2699.7,Stop
1065,1,2025-05-01 10:31:44,Buy,5,2706.2,Market
1065,2,2025-05-01 11:24:08,Sell,5,2699.6,Stop
1066,1,2025-05-01 10:31:46,Buy,5,2706.1,Limit
1066,2,2025-05-01 11:24:36,Sell,5,2699.7,Stop
1067,1,2025-05-01 10:31:45,Buy,5,2706.2,Market
1067,2,2025-05-01 11:24:44,Sell,5,2699.7,Stop
1068,1,2025-05-01 10:31:45,Buy,5,2706.1,Limit
1068,2,2025-05-01 11:24:00,Sell,5,2699.7,Stop
1069,1,2025-05-01 10:31:45,Buy,5,2706.1,Market
1069,2,2025-05-01 11:24:08,Sell,5,2699.7,Stop
1070,1,2025-05-01 03:16:14,Buy,5,2718.3,Limit
1070,2,2025-05-01 03:24:41.500000,Sell,2,2723.2,Limit
1070,3,2025-05-01 03:33:09,Sell,3,2728.7,Limit
1071,1,2025-05-01 03:16:15,Buy,5,2718.4,Market
1071,2,2025-05-01 03:24:27,Sell,2,2723.2,Limit
1071,3,2025-05-01 03:32:39,Sell,3,2728.5,Limit
1072,1,2025-05-01 03:16:17,Buy,5,2718.4,Market
1072,2,2025-05-01 03:32:25,Sell,5,2726.4,Limit
1073,1,2025-05-01 03:16:17,Buy,5,2718.3,Limit
1073,2,2025-05-01 03:24:43.500000,Sell,2,2723.2,Limit
1073,3,2025-05-01 03:33:10,Sell,3,2728.7,Limit
1074,1,2025-05-01 03:16:16,Buy,5,2718.3,Limit
1074,2,2025-05-01 03:32:21,Sell,5,2726.5,Limit
1075,1,2025-05-01 03:16:17,Buy,5,2718.3,Market
1075,2,2025-05-01 03:32:29,Sell,5,2726.5,Limit
1076,1,2025-05-01 03:16:17,Buy,5,2718.4,Market
1076,2,2025-05-01 03:24:46,Sell,2,2723.2,Limit
1076,3,2025-05-01 03:33:15,Sell,3,2728.5,Limit
1077,1,2025-05-01 03:16:16,Buy,5,2718.3,Limit
1077,2,2025-05-01 03:32:49,Sell,5,2726.5,Limit
1078,1,2025-05-02 09:48:34,Buy,10,41430.0,Limit
1078,2,2025-05-02 11:07:06,Sell,10,41378.0,Stop
1079,1,2025-05-02 09:48:37,Buy,10,41430.0,Limit
1079,2,2025-05-02 11:07:32,Sell,10,41378.0,Stop
1080,1,2025-05-02 09:48:35,Buy,10,41430.0,Limit
1080,2,2025-05-02 11:07:13,Sell,10,41378.0,Stop
1081,1,2025-05-02 09:48:36,Buy,10,41431.0,Limit
1081,2,2025-05-02 11:07:05,Sell,10,41378.0,Stop
1082,1,2025-05-02 09:48:37,Buy,10,41431.0,Market
1082,2,2025-05-02 11:06:53,Sell,10,41377.0,Stop
1083,1,2025-05-02 09:48:35,Buy,10,41431.0,Limit
1083,2,2025-05-02 11:06:50,Sell,10,41377.0,Stop
1084,1,2025-05-02 09:48:35,Buy,10,41431.0,Market
1084,2,2025-05-02 11:07:25,Sell,10,41377.0,Stop
1085,1,2025-05-02 12:24:34,Sell,10,6249.75,Market
1085,2,2025-05-02 12:44:43,Buy,10,6246.25,Limit
1086,1,2025-05-02 12:24:35,Sell,10,6249.75,Limit
1086,2,2025-05-02 12:34:48.500000,Buy,5,6247.75,Limit
1086,3,2025-05-02 12:45:02,Buy,5,6244.75,Limit
1087,1,2025-05-02 12:24:37,Sell,10,6249.75,Limit
1087,2,2025-05-02 12:34:37,Buy,5,6247.75,Limit
1087,3,2025-05-02 12:44:37,Buy,5,6244.75,Limit
1088,1,2025-05-02 12:24:35,Sell,10,6249.5,Market
1088,2,2025-05-02 12:34:36.500000,Buy,5,6247.5,Limit
1088,3,2025-05-02 12:44:38,Buy,5,6245.0,Limit
1089,1,2025-05-02 12:24:37,Sell,10,6249.5,Market
1089,2,2025-05-02 12:35:06.500000,Buy,5,6247.5,Limit
1089,3,2025-05-02 12:45:36,Buy,5,6245.0,Limit
1090,1,2025-05-02 12:24:34,Sell,10,6249.75,Limit
1090,2,2025-05-02 12:44:57,Buy,10,6246.25,Limit
1091,1,2025-05-02 12:24:36,Sell,10,6249.5,Market
1091,2,2025-05-02 12:34:56,Buy,5,6247.75,Limit
1091,3,2025-05-02 12:45:16,Buy,5,6245.25,Limit
1092,1,2025-05-02 12:24:35,Sell,10,6249.75,Limit
1092,2,2025-05-02 12:45:00,Buy,10,6246.25,Limit
1093,1,2025-05-02 10:20:44,Sell,10,40.22,Market
1093,2,2025-05-02 10:27:49,Buy,5,39.84,Limit
1093,3,2025-05-02 10:34:54,Buy,5,39.34,Limit
1094,1,2025-05-02 10:20:47,Sell,10,40.21,Limit
1094,2,2025-05-02 10:27:52.500000,Buy,5,39.84,Limit
1094,3,2025-05-02 10:34:58,Buy,5,39.36,Limit
1095,1,2025-05-02 10:20:46,Sell,10,40.21,Limit
1095,2,2025-05-02 10:35:34,Buy,10,39.6,Limit
1096,1,2025-05-02 10:20:47,Sell,10,40.22,Limit
1096,2,2025-05-02 10:35:20,Buy,10,39.59,Limit
1097,1,2025-05-02 10:20:46,Sell,10,40.21,Limit
1097,2,2025-05-02 10:35:32,Buy,10,39.59,Limit
1098,1,2025-05-02 10:20:46,Sell,10,40.22,Market
1098,2,2025-05-02 10:35:08,Buy,10,39.59,Limit
1099,1,2025-05-02 10:20:44,Sell,10,40.22,Limit
1099,2,2025-05-02 10:27:48,Buy,5,39.84,Limit
1099,3,2025-05-02 10:34:52,Buy,5,39.34,Limit
1100,1,2025-05-02 10:20:47,Sell,10,40.22,Market
1100,2,2025-05-02 10:27:51.500000,Buy,5,39.84,Limit
1100,3,2025-05-02 10:34:56,Buy,5,39.34,Limit
1101,1,2025-05-02 03:32:59,Sell,10,40.49,Market
1101,2,2025-05-02 04:30:15,Buy,10,39.96,Limit
1102,1,2025-05-02 03:33:00,Sell,10,40.49,Limit
1102,2,2025-05-02 04:01:39,Buy,5,40.17,Limit
1102,3,2025-05-02 04:30:18,Buy,5,39.75,Limit
1103,1,2025-05-02 03:33:01,Sell,10,40.49,Market
1103,2,2025-05-02 04:01:34.500000,Buy,5,40.17,Limit
1103,3,2025-05-02 04:30:08,Buy,5,39.75,Limit
1104,1,2025-05-02 03:33:00,Sell,10,40.49,Market
1104,2,2025-05-02 04:30:45,Buy,10,39.96,Limit
1105,1,2025-05-02 03:32:59,Sell,10,40.48,Market
1105,2,2025-05-02 04:30:48,Buy,10,39.96,Limit
1106,1,2025-05-02 03:33:00,Sell,10,40.49,Limit
1106,2,2025-05-02 04:30:30,Buy,10,39.96,Limit
1107,1,2025-05-02 08:51:11,Buy,6,21613.0,Market
1107,2,2025-05-02 09:14:19,Sell,6,21646.25,Limit
1108,1,2025-05-02 08:51:12,Buy,6,21613.25,Limit
1108,2,2025-05-02 09:02:56,Sell,3,21633.0,Limit
1108,3,2025-05-02 09:14:40,Sell,3,21659.5,Limit
1109,1,2025-05-02 08:51:14,Buy,6,21613.0,Market
1109,2,2025-05-02 09:02:47.500000,Sell,3,21633.0,Limit
1109,3,2025-05-02 09:14:21,Sell,3,21659.5,Limit
1110,1,2025-05-02 08:51:12,Buy,6,21613.0,Limit
1110,2,2025-05-02 09:14:39,Sell,6,21646.25,Limit
1111,1,2025-05-02 08:51:11,Buy,6,21613.0,Limit
1111,2,2025-05-02 09:14:38,Sell,6,21646.25,Limit
1112,1,2025-05-02 08:51:12,Buy,6,21613.25,Limit
1112,2,2025-05-02 09:02:46,Sell,3,21633.0,Limit
1112,3,2025-05-02 09:14:20,Sell,3,21659.0,Limit
1113,1,2025-05-02 08:51:13,Buy,6,21613.25,Limit
1113,2,2025-05-02 09:14:52,Sell,6,21646.0,Limit
1114,1,2025-05-05 12:22:16,Sell,10,1914.3,Market
1114,2,2025-05-05 12:47:15,Buy,10,1919.4,Stop
1115,1,2025-05-05 12:22:17,Sell,10,1914.3,Market
1115,2,2025-05-05 12:46:27,Buy,10,1919.4,Stop
1116,1,2025-05-05 12:22:17,Sell,10,1914.2,Market
1116,2,2025-05-05 12:46:56,Buy,10,1919.4,Stop
1117,1,2025-05-05 12:22:19,Sell,10,1914.2,Market
1117,2,2025-05-05 12:47:09,Buy,10,1919.4,Stop
1118,1,2025-05-05 12:22:18,Sell,10,1914.2,Market
1118,2,2025-05-05 12:47:10,Buy,10,1919.4,Stop
1119,1,2025-05-05 12:22:18,Sell,10,1914.3,Market
1119,2,2025-05-05 12:47:15,Buy,10,1919.4,Stop
1120,1,2025-05-05 12:22:16,Sell,10,1914.2,Market
1120,2,2025-05-05 12:46:29,Buy,10,1919.5,Stop
1121,1,2025-05-05 12:22:17,Sell,10,1914.3,Market
1121,2,2025-05-05 12:46:54,Buy,10,1919.4,Stop
1122,1,2025-05-05 12:22:17,Sell,10,1914.3,Market
1122,2,2025-05-05 12:46:40,Buy,10,1919.4,Stop
1123,1,2025-05-05 10:39:12,Buy,6,21305.25,Limit
1123,2,2025-05-05 11:10:33,Sell,3,21329.0,Limit
1123,3,2025-05-05 11:41:54,Sell,3,21360.5,Limit
1124,1,2025-05-05 10:39:15,Buy,6,21305.5,Market
1124,2,2025-05-05 11:41:39,Sell,6,21344.5,Limit
1125,1,2025-05-05 10:39:13,Buy,6,21305.5,Limit
1125,2,2025-05-05 11:10:32.500000,Sell,3,21329.0,Limit
1125,3,2025-05-05 11:41:52,Sell,3,21360.5,Limit
1126,1,2025-05-05 10:39:15,Buy,6,21305.5,Market
1126,2,2025-05-05 11:10:39,Sell,3,21329.0,Limit
1126,3,2025-05-05 11:42:03,Sell,3,21360.5,Limit
1127,1,2025-05-05 10:39:13,Buy,6,21305.25,Market
1127,2,2025-05-05 11:10:16,Sell,3,21329.0,Limit
1127,3,2025-05-05 11:41:19,Sell,3,21360.5,Limit
1128,1,2025-05-05 10:39:12,Buy,6,21305.25,Limit
1128,2,2025-05-05 11:10:34,Sell,3,21329.0,Limit
1128,3,2025-05-05 11:41:56,Sell,3,21360.5,Limit
1129,1,2025-05-05 10:39:13,Buy,6,21305.25,Market
1129,2,2025-05-05 11:41:36,Sell,6,21344.75,Limit
1130,1,2025-05-05 10:39:14,Buy,6,21305.5,Market
1130,2,2025-05-05 11:10:16,Sell,3,21329.0,Limit
1130,3,2025-05-05 11:41:18,Sell,3,21360.5,Limit
1131,1,2025-05-05 10:39:13,Buy,6,21305.25,Limit
1131,2,2025-05-05 11:10:19.500000,Sell,3,21329.0,Limit
1131,3,2025-05-05 11:41:26,Sell,3,21360.5,Limit
1132,1,2025-05-06 10:22:58,Sell,6,21058.25,Limit
1132,2,2025-05-06 11:46:45,Buy,6,21017.5,Limit
1133,1,2025-05-06 10:23:01,Sell,6,21058.0,Limit
1133,2,2025-05-06 11:46:50,Buy,6,21017.5,Limit
1134,1,2025-05-06 10:22:59,Sell,6,21058.25,Market
1134,2,2025-05-06 11:04:36.500000,Buy,3,21033.75,Limit
1134,3,2025-05-06 11:46:14,Buy,3,21001.25,Limit
1135,1,2025-05-06 10:23:01,Sell,6,21058.25,Limit
1135,2,2025-05-06 11:04:50.500000,Buy,3,21033.75,Limit
1135,3,2025-05-06 11:46:40,Buy,3,21001.25,Limit
1136,1,2025-05-06 10:22:58,Sell,6,21058.25,Limit
1136,2,2025-05-06 11:46:31,Buy,6,21017.5,Limit
1137,1,2025-05-06 10:22:58,Sell,6,21058.0,Limit
1137,2,2025-05-06 11:04:53,Buy,3,21033.75,Limit
1137,3,2025-05-06 11:46:48,Buy,3,21001.25,Limit
1138,1,2025-05-06 10:23:01,Sell,6,21058.0,Market
1138,2,2025-05-06 11:04:45,Buy,3,21033.75,Limit
1138,3,2025-05-06 11:46:29,Buy,3,21001.25,Limit
1139,1,2025-05-06 03:21:11,Sell,10,40.54,Limit
1139,2,2025-05-06 03:39:45,Buy,5,40.2,Limit
1139,3,2025-05-06 03:58:19,Buy,5,39.76,Limit
1140,1,2025-05-06 03:21:14,Sell,10,40.54,Market
1140,2,2025-05-06 03:58:55,Buy,10,39.98,Limit
1141,1,2025-05-06 03:21:11,Sell,10,40.54,Market
1141,2,2025-05-06 03:58:34,Buy,10,39.98,Limit
1142,1,2025-05-06 03:21:12,Sell,10,40.54,Limit
1142,2,2025-05-06 03:58:17,Buy,10,39.98,Limit
1143,1,2025-05-06 03:21:11,Sell,10,40.53,Market
1143,2,2025-05-06 03:39:48,Buy,5,40.2,Limit
1143,3,2025-05-06 03:58:25,Buy,5,39.76,Limit
1144,1,2025-05-06 03:21:14,Sell,10,40.54,Limit
1144,2,2025-05-06 03:40:10,Buy,5,40.2,Limit
1144,3,2025-05-06 03:59:06,Buy,5,39.76,Limit
1145,1,2025-05-06 03:21:11,Sell,10,40.54,Limit
1145,2,2025-05-06 03:59:00,Buy,10,39.98,Limit
1146,1,2025-05-06 03:21:11,Sell,10,40.54,Limit
1146,2,2025-05-06 03:39:54.500000,Buy,5,40.2,Limit
1146,3,2025-05-06 03:58:38,Buy,5,39.76,Limit
1147,1,2025-05-07 10:01:21,Buy,10,41649.0,Limit
1147,2,2025-05-07 11:24:27,Sell,10,41591.0,Stop
1148,1,2025-05-07 10:01:24,Buy,10,41650.0,Market
1148,2,2025-05-07 11:24:31,Sell,10,41591.0,Stop
1149,1,2025-05-07 10:01:24,Buy,10,41649.0,Market
1149,2,2025-05-07 11:24:29,Sell,10,41591.0,Stop
1150,1,2025-05-07 10:01:22,Buy,10,41650.0,Market
1150,2,2025-05-07 11:25:11,Sell,10,41590.0,Stop
1151,1,2025-05-07 10:01:24,Buy,10,41649.0,Market
1151,2,2025-05-07 11:25:12,Sell,10,41591.0,Stop
1152,1,2025-05-07 10:01:23,Buy,10,41649.0,Limit
1152,2,2025-05-07 11:24:59,Sell,10,41591.0,Stop
1153,1,2025-05-07 10:01:24,Buy,10,41649.0,Market
1153,2,2025-05-07 11:24:44,Sell,10,41591.0,Stop
1154,1,2025-05-07 10:01:24,Buy,10,41649.0,Limit
1154,2,2025-05-07 11:25:14,Sell,10,41591.0,Stop
1155,1,2025-05-07 10:01:23,Buy,10,41650.0,Market
1155,2,2025-05-07 11:24:23,Sell,10,41590.0,Stop
1156,1,2025-05-07 12:13:04,Buy,10,1942.9,Limit
1156,2,2025-05-07 12:29:55,Sell,10,1936.5,Stop
1157,1,2025-05-07 12:13:07,Buy,10,1943.0,Limit
1157,2,2025-05-07 12:29:59,Sell,10,1936.5,Stop
1158,1,2025-05-07 12:13:05,Buy,10,1942.9,Market
1158,2,2025-05-07 12:29:13,Sell,10,1936.5,Stop
1159,1,2025-05-07 12:13:04,Buy,10,1943.0,Market
1159,2,2025-05-07 12:30:01,Sell,10,1936.4,Stop
1160,1,2025-05-07 12:13:06,Buy,10,1943.0,Market
1160,2,2025-05-07 12:29:21,Sell,10,1936.4,Stop
1161,1,2025-05-07 12:13:04,Buy,10,1943.0,Limit
1161,2,2025-05-07 12:30:02,Sell,10,1936.4,Stop
1162,1,2025-05-07 12:13:04,Buy,10,1943.0,Limit
1162,2,2025-05-07 12:29:58,Sell,10,1936.4,Stop
1163,1,2025-05-07 12:13:04,Buy,10,1942.9,Market
1163,2,2025-05-07 12:29:26,Sell,10,1936.5,Stop
1164,1,2025-05-07 12:13:04,Buy,10,1942.9,Market
1164,2,2025-05-07 12:29:29,Sell,10,1936.5,Stop
1165,1,2025-05-07 12:13:07,Buy,10,1943.0,Market
1165,2,2025-05-07 12:29:56,Sell,10,1936.5,Stop
1166,1,2025-05-07 03:24:48,Sell,5,2673.8,Limit
1166,2,2025-05-07 04:19:23,Buy,5,2679.2,Stop
1167,1,2025-05-07 03:24:50,Sell,5,2673.8,Limit
1167,2,2025-05-07 04:18:53,Buy,5,2679.2,Stop
1168,1,2025-05-07 03:24:51,Sell,5,2673.8,Market
1168,2,2025-05-07 04:19:25,Buy,5,2679.2,Stop
1169,1,2025-05-07 03:24:51,Sell,5,2673.8,Limit
1169,2,2025-05-07 04:19:37,Buy,5,2679.2,Stop
1170,1,2025-05-07 03:24:51,Sell,5,2673.8,Market
1170,2,2025-05-07 04:19:40,Buy,5,2679.2,Stop
1171,1,2025-05-07 03:24:51,Sell,5,2673.7,Limit
1171,2,2025-05-07 04:19:08,Buy,5,2679.2,Stop
1172,1,2025-05-07 03:24:51,Sell,5,2673.8,Limit
1172,2,2025-05-07 04:19:34,Buy,5,2679.2,Stop
1173,1,2025-05-07 03:24:48,Sell,5,2673.7,Market
1173,2,2025-05-07 04:19:02,Buy,5,2679.3,Stop
1174,1,2025-05-07 03:24:49,Sell,5,2673.8,Market
1174,2,2025-05-07 04:19:08,Buy,5,2679.2,Stop
1175,1,2025-05-07 03:24:49,Sell,5,2673.7,Market
1175,2,2025-05-07 04:19:21,Buy,5,2679.2,Stop
1176,1,2025-05-08 12:24:15,Buy,10,1941.4,Market
1176,2,2025-05-08 12:33:39,Sell,10,1946.6,Limit
1177,1,2025-05-08 12:24:18,Buy,10,1941.4,Limit
1177,2,2025-05-08 12:33:18,Sell,10,1946.6,Limit
1178,1,2025-05-08 12:24:18,Buy,10,1941.4,Limit
1178,2,2025-05-08 12:34:03,Sell,10,1946.6,Limit
1179,1,2025-05-08 12:24:15,Buy,10,1941.5,Limit
1179,2,2025-05-08 12:29:11,Sell,5,1944.5,Limit
1179,3,2025-05-08 12:34:07,Sell,5,1948.5,Limit
1180,1,2025-05-08 12:24:15,Buy,10,1941.4,Market
1180,2,2025-05-08 12:29:06,Sell,5,1944.5,Limit
1180,3,2025-05-08 12:33:57,Sell,5,1948.7,Limit
1181,1,2025-05-08 12:24:15,Buy,10,1941.4,Market
1181,2,2025-05-08 12:29:09.500000,Sell,5,1944.5,Limit
1181,3,2025-05-08 12:34:04,Sell,5,1948.7,Limit
1182,1,2025-05-08 12:24:16,Buy,10,1941.4,Limit
1182,2,2025-05-08 12:28:52,Sell,5,1944.5,Limit
1182,3,2025-05-08 12:33:28,Sell,5,1948.7,Limit
1183,1,2025-05-08 12:24:15,Buy,10,1941.5,Market
1183,2,2025-05-08 12:34:07,Sell,10,1946.5,Limit
1184,1,2025-05-08 12:24:15,Buy,10,1941.5,Market
1184,2,2025-05-08 12:34:02,Sell,10,1946.5,Limit
1185,1,2025-05-08 12:24:17,Buy,10,1941.5,Market
1185,2,2025-05-08 12:28:56.500000,Sell,5,1944.6,Limit
1185,3,2025-05-08 12:33:36,Sell,5,1948.6,Limit
1186,1,2025-05-08 12:24:16,Buy,10,1941.5,Limit
1186,2,2025-05-08 12:33:21,Sell,10,1946.6,Limit
1187,1,2025-05-08 10:27:23,Sell,10,43.02,Limit
1187,2,2025-05-08 11:04:56.500000,Buy,5,42.68,Limit
1187,3,2025-05-08 11:42:30,Buy,5,42.22,Limit
1188,1,2025-05-08 10:27:25,Sell,10,43.02,Market
1188,2,2025-05-08 11:42:54,Buy,10,42.45,Limit
1189,1,2025-05-08 10:27:25,Sell,10,43.01,Limit
1189,2,2025-05-08 11:42:38,Buy,10,42.45,Limit
1190,1,2025-05-08 10:27:24,Sell,10,43.02,Limit
1190,2,2025-05-08 11:04:59.500000,Buy,5,42.68,Limit
1190,3,2025-05-08 11:42:35,Buy,5,42.22,Limit
1191,1,2025-05-08 10:27:26,Sell,10,43.01,Limit
1191,2,2025-05-08 11:05:08.500000,Buy,5,42.68,Limit
1191,3,2025-05-08 11:42:51,Buy,5,42.24,Limit
1192,1,2025-05-08 10:27:26,Sell,10,43.02,Limit
1192,2,2025-05-08 11:05:21.500000,Buy,5,42.68,Limit
1192,3,2025-05-08 11:43:17,Buy,5,42.22,Limit
1193,1,2025-05-08 10:27:23,Sell,10,43.02,Limit
1193,2,2025-05-08 11:43:08,Buy,10,42.45,Limit
1194,1,2025-05-08 10:27:25,Sell,10,43.02,Limit
1194,2,2025-05-08 11:05:20.500000,Buy,5,42.68,Limit
1194,3,2025-05-08 11:43:16,Buy,5,42.22,Limit
1195,1,2025-05-08 10:27:25,Sell,10,43.02,Market
1195,2,2025-05-08 11:05:20.500000,Buy,5,42.68,Limit
1195,3,2025-05-08 11:43:16,Buy,5,42.22,Limit
1196,1,2025-05-08 10:27:23,Sell,10,43.02,Limit
1196,2,2025-05-08 11:42:37,Buy,10,42.45,Limit
1197,1,2025-05-08 03:23:48,Buy,5,2670.8,Market
1197,2,2025-05-08 04:21:42,Sell,5,2664.1,Stop
1198,1,2025-05-08 03:23:50,Buy,5,2670.8,Limit
1198,2,2025-05-08 04:21:44,Sell,5,2664.1,Stop
1199,1,2025-05-08 03:23:50,Buy,5,2670.8,Market
1199,2,2025-05-08 04:21:04,Sell,5,2664.1,Stop
1200,1,2025-05-08 03:23:50,Buy,5,2670.9,Limit
1200,2,2025-05-08 04:21:35,Sell,5,2664.1,Stop
1201,1,2025-05-08 03:23:49,Buy,5,2670.8,Market
1201,2,2025-05-08 04:21:41,Sell,5,2664.1,Stop
1202,1,2025-05-08 03:23:48,Buy,5,2670.8,Limit
1202,2,2025-05-08 04:21:02,Sell,5,2664.1,Stop
1203,1,2025-05-08 03:23:48,Buy,5,2670.9,Limit
1203,2,2025-05-08 04:20:57,Sell,5,2664.1,Stop
1204,1,2025-05-08 03:23:50,Buy,5,2670.9,Limit
1204,2,2025-05-08 04:21:00,Sell,5,2664.1,Stop
1205,1,2025-05-08 03:23:49,Buy,5,2670.9,Market
1205,2,2025-05-08 04:21:40,Sell,5,2664.0,Stop
1206,1,2025-05-08 03:23:51,Buy,5,2670.9,Market
1206,2,2025-05-08 04:21:09,Sell,5,2664.1,Stop
1207,1,2025-05-08 03:23:48,Buy,5,2670.8,Market
1207,2,2025-05-08 04:21:31,Sell,5,2664.1,Stop
1208,1,2025-05-09 09:58:32,Buy,10,6292.5,Limit
1208,2,2025-05-09 10:44:56,Sell,10,6287.75,Stop
1209,1,2025-05-09 09:58:35,Buy,10,6292.5,Limit
1209,2,2025-05-09 10:45:03,Sell,10,6287.75,Stop
1210,1,2025-05-09 09:58:33,Buy,10,6292.5,Limit
1210,2,2025-05-09 10:45:14,Sell,10,6287.75,Stop
1211,1,2025-05-09 09:58:33,Buy,10,6292.5,Market
1211,2,2025-05-09 10:45:15,Sell,10,6287.75,Stop
1212,1,2025-05-09 09:58:33,Buy,10,6292.5,Market
1212,2,2025-05-09 10:44:36,Sell,10,6287.75,Stop
1213,1,2025-05-09 09:58:34,Buy,10,6292.75,Market
1213,2,2025-05-09 10:45:03,Sell,10,6287.75,Stop
1214,1,2025-05-09 09:58:34,Buy,10,6292.5,Market
1214,2,2025-05-09 10:44:44,Sell,10,6287.75,Stop
1215,1,2025-05-09 09:58:33,Buy,10,6292.5,Limit
1215,2,2025-05-09 10:44:45,Sell,10,6287.75,Stop
1216,1,2025-05-09 09:58:34,Buy,10,6292.75,Market
1216,2,2025-05-09 10:45:26,Sell,10,6287.75,Stop
1217,1,2025-05-09 09:58:34,Buy,10,6292.75,Limit
1217,2,2025-05-09 10:45:19,Sell,10,6287.5,Stop
1218,1,2025-05-09 09:58:34,Buy,10,6292.75,Limit
1218,2,2025-05-09 10:45:12,Sell,10,6287.75,Stop
1219,1,2025-05-09 12:15:37,Buy,10,6255.0,Limit
1219,2,2025-05-09 12:19:08.500000,Sell,5,6258.25,Limit
1219,3,2025-05-09 12:22:40,Sell,5,6262.25,Limit
1220,1,2025-05-09 12:15:40,Buy,10,6255.0,Limit
1220,2,2025-05-09 12:23:12,Sell,10,6260.25,Limit
1221,1,2025-05-09 12:15:37,Buy,10,6255.25,Market
1221,2,2025-05-09 12:22:44,Sell,10,6260.0,Limit
1222,1,2025-05-09 12:15:39,Buy,10,6255.25,Limit
1222,2,2025-05-09 12:23:32,Sell,10,6260.25,Limit
1223,1,2025-05-09 12:15:39,Buy,10,6255.25,Limit
1223,2,2025-05-09 12:23:16,Sell,10,6260.25,Limit
1224,1,2025-05-09 12:15:38,Buy,10,6255.0,Market
1224,2,2025-05-09 12:19:28.500000,Sell,5,6258.25,Limit
1224,3,2025-05-09 12:23:19,Sell,5,6262.25,Limit
1225,1,2025-05-09 12:15:37,Buy,10,6255.0,Market
1225,2,2025-05-09 12:19:21,Sell,5,6258.25,Limit
1225,3,2025-05-09 12:23:05,Sell,5,6262.25,Limit
1226,1,2025-05-09 12:15:37,Buy,10,6255.25,Market
1226,2,2025-05-09 12:23:10,Sell,10,6260.0,Limit
1227,1,2025-05-09 12:15:38,Buy,10,6255.0,Market
1227,2,2025-05-09 12:19:10,Sell,5,6258.25,Limit
1227,3,2025-05-09 12:22:42,Sell,5,6262.25,Limit
1228,1,2025-05-09 12:15:39,Buy,10,6255.0,Market
1228,2,2025-05-09 12:19:11.500000,Sell,5,6258.25,Limit
1228,3,2025-05-09 12:22:44,Sell,5,6262.25,Limit
1229,1,2025-05-09 12:15:37,Buy,10,6255.0,Limit
1229,2,2025-05-09 12:19:26.500000,Sell,5,6258.25,Limit
1229,3,2025-05-09 12:23:16,Sell,5,6262.25,Limit
1230,1,2025-05-12 10:04:10,Sell,6,20897.25,Market
1230,2,2025-05-12 10:43:38,Buy,6,20869.75,Limit
1231,1,2025-05-12 10:04:13,Sell,6,20897.0,Market
1231,2,2025-05-12 10:24:00,Buy,3,20880.75,Limit
1231,3,2025-05-12 10:43:47,Buy,3,20858.75,Limit
1232,1,2025-05-12 10:04:13,Sell,6,20897.0,Market
1232,2,2025-05-12 10:43:16,Buy,6,20870.0,Limit
1233,1,2025-05-12 10:04:11,Sell,6,20897.25,Limit
1233,2,2025-05-12 10:43:20,Buy,6,20869.75,Limit
1234,1,2025-05-12 10:04:10,Sell,6,20897.0,Market
1234,2,2025-05-12 10:43:55,Buy,6,20870.0,Limit
1235,1,2025-05-12 10:04:11,Sell,6,20897.25,Market
1235,2,2025-05-12 10:24:03,Buy,3,20880.75,Limit
1235,3,2025-05-12 10:43:55,Buy,3,20858.75,Limit
1236,1,2025-05-12 10:04:11,Sell,6,20897.25,Limit
1236,2,2025-05-12 10:43:55,Buy,6,20869.75,Limit
1237,1,2025-05-12 10:04:13,Sell,6,20897.0,Limit
1237,2,2025-05-12 10:43:26,Buy,6,20870.0,Limit
1238,1,2025-05-12 10:04:10,Sell,6,20897.0,Market
1238,2,2025-05-12 10:43:25,Buy,6,20870.0,Limit
1239,1,2025-05-12 10:04:13,Sell,6,20897.0,Limit
1239,2,2025-05-12 10:43:17,Buy,6,20869.75,Limit
1240,1,2025-05-12 10:04:12,Sell,6,20897.25,Market
1240,2,2025-05-12 10:44:07,Buy,6,20869.75,Limit
1241,1,2025-05-12 10:04:13,Sell,6,20897.25,Limit
1241,2,2025-05-12 10:43:27,Buy,6,20869.75,Limit
1242,1,2025-05-12 10:37:13,Buy,6,20767.0,Market
1242,2,2025-05-12 11:10:03,Sell,6,20742.25,Stop
1243,1,2025-05-12 10:37:13,Buy,6,20767.25,Limit
1243,2,2025-05-12 11:09:19,Sell,6,20742.0,Stop
1244,1,2025-05-12 10:37:16,Buy,6,20767.0,Limit
1244,2,2025-05-12 11:09:46,Sell,6,20742.25,Stop
1245,1,2025-05-12 10:37:13,Buy,6,20767.0,Limit
1245,2,2025-05-12 11:10:02,Sell,6,20742.25,Stop
1246,1,2025-05-12 10:37:16,Buy,6,20767.0,Market
1246,2,2025-05-12 11:09:34,Sell,6,20742.25,Stop
1247,1,2025-05-12 10:37:16,Buy,6,20767.0,Market
1247,2,2025-05-12 11:09:24,Sell,6,20742.25,Stop
1248,1,2025-05-12 10:37:13,Buy,6,20767.25,Limit
1248,2,2025-05-12 11:10:09,Sell,6,20742.0,Stop
1249,1,2025-05-12 10:37:13,Buy,6,20767.0,Limit
1249,2,2025-05-12 11:09:52,Sell,6,20742.25,Stop
1250,1,2025-05-12 10:37:16,Buy,6,20767.0,Limit
1250,2,2025-05-12 11:09:49,Sell,6,20742.25,Stop
1251,1,2025-05-12 10:37:15,Buy,6,20767.0,Limit
1251,2,2025-05-12 11:09:30,Sell,6,20742.25,Stop
1252,1,2025-05-12 10:37:15,Buy,6,20767.0,Limit
1252,2,2025-05-12 11:09:55,Sell,6,20742.25,Stop
1253,1,2025-05-12 10:37:16,Buy,6,20767.25,Market
1253,2,2025-05-12 11:10:11,Sell,6,20742.25,Stop
1254,1,2025-05-12 03:35:08,Sell,10,43.34,Limit
1254,2,2025-05-12 03:44:18,Buy,10,43.64,Stop
1255,1,2025-05-12 03:35:11,Sell,10,43.34,Limit
1255,2,2025-05-12 03:44:18,Buy,10,43.64,Stop
1256,1,2025-05-12 03:35:10,Sell,10,43.34,Market
1256,2,2025-05-12 03:44:22,Buy,10,43.64,Stop
1257,1,2025-05-12 03:35:11,Sell,10,43.34,Market
1257,2,2025-05-12 03:44:45,Buy,10,43.64,Stop
1258,1,2025-05-12 03:35:08,Sell,10,43.34,Limit
1258,2,2025-05-12 03:44:23,Buy,10,43.64,Stop
1259,1,2025-05-12 03:35:08,Sell,10,43.34,Limit
1259,2,2025-05-12 03:44:41,Buy,10,43.64,Stop
1260,1,2025-05-12 03:35:09,Sell,10,43.33,Market
1260,2,2025-05-12 03:44:20,Buy,10,43.65,Stop
1261,1,2025-05-12 03:35:11,Sell,10,43.33,Market
1261,2,2025-05-12 03:44:12,Buy,10,43.64,Stop
1262,1,2025-05-12 03:35:11,Sell,10,43.34,Market
1262,2,2025-05-12 03:44:14,Buy,10,43.64,Stop
1263,1,2025-05-12 03:35:09,Sell,10,43.34,Market
1263,2,2025-05-12 03:44:55,Buy,10,43.64,Stop
1264,1,2025-05-13 09:48:21,Buy,10,6297.75,Limit
1264,2,2025-05-13 10:10:42,Sell,10,6290.5,Stop
1265,1,2025-05-13 09:48:24,Buy,10,6298.0,Limit
1265,2,2025-05-13 10:11:15,Sell,10,6290.5,Stop
1266,1,2025-05-13 09:48:22,Buy,10,6298.0,Market
1266,2,2025-05-13 10:11:09,Sell,10,6290.25,Stop
1267,1,2025-05-13 09:48:24,Buy,10,6298.0,Market
1267,2,2025-05-13 10:10:46,Sell,10,6290.25,Stop
1268,1,2025-05-13 09:48:24,Buy,10,6297.75,Market
1268,2,2025-05-13 10:10:40,Sell,10,6290.5,Stop
1269,1,2025-05-13 09:48:22,Buy,10,6297.75,Limit
1269,2,2025-05-13 10:10:44,Sell,10,6290.5,Stop
1270,1,2025-05-13 09:48:21,Buy,10,6297.75,Limit
1270,2,2025-05-13 10:10:55,Sell,10,6290.5,Stop
1271,1,2025-05-13 09:48:23,Buy,10,6297.75,Market
1271,2,2025-05-13 10:11:07,Sell,10,6290.5,Stop
1272,1,2025-05-13 09:48:21,Buy,10,6298.0,Market
1272,2,2025-05-13 10:10:33,Sell,10,6290.5,Stop
1273,1,2025-05-13 09:48:21,Buy,10,6297.75,Market
1273,2,2025-05-13 10:11:02,Sell,10,6290.5,Stop
1274,1,2025-05-13 09:48:21,Buy,10,6297.75,Market
1274,2,2025-05-13 10:11:03,Sell,10,6290.5,Stop
1275,1,2025-05-13 09:48:24,Buy,10,6297.75,Market
1275,2,2025-05-13 10:10:40,Sell,10,6290.5,Stop
1276,1,2025-05-13 09:48:21,Buy,10,6298.0,Limit
1276,2,2025-05-13 10:10:33,Sell,10,6290.5,Stop
1277,1,2025-05-13 08:51:35,Buy,10,6252.75,Limit
1277,2,2025-05-13 09:09:55,Sell,10,6247.75,Stop
1278,1,2025-05-13 08:51:35,Buy,10,6252.75,Limit
1278,2,2025-05-13 09:10:14,Sell,10,6247.75,Stop
1279,1,2025-05-13 08:51:36,Buy,10,6253.0,Limit
1279,2,2025-05-13 09:10:23,Sell,10,6247.5,Stop
1280,1,2025-05-13 08:51:36,Buy,10,6252.75,Limit
1280,2,2025-05-13 09:10:22,Sell,10,6247.75,Stop
1281,1,2025-05-13 08:51:37,Buy,10,6253.0,Market
1281,2,2025-05-13 09:10:22,Sell,10,6247.5,Stop
1282,1,2025-05-13 08:51:36,Buy,10,6252.75,Market
1282,2,2025-05-13 09:10:10,Sell,10,6247.75,Stop
1283,1,2025-05-13 08:51:37,Buy,10,6252.75,Market
1283,2,2025-05-13 09:10:29,Sell,10,6247.75,Stop
1284,1,2025-05-13 08:51:38,Buy,10,6252.75,Market
1284,2,2025-05-13 09:10:25,Sell,10,6247.75,Stop
1285,1,2025-05-13 08:51:36,Buy,10,6253.0,Limit
1285,2,2025-05-13 09:09:59,Sell,10,6247.75,Stop
1286,1,2025-05-13 08:51:35,Buy,10,6252.75,Market
1286,2,2025-05-13 09:10:26,Sell,10,6247.75,Stop
1287,1,2025-05-13 08:51:37,Buy,10,6252.75,Limit
1287,2,2025-05-13 09:10:16,Sell,10,6247.75,Stop
1288,1,2025-05-13 08:51:35,Buy,10,6253.0,Market
1288,2,2025-05-13 09:10:33,Sell,10,6247.75,Stop
1289,1,2025-05-14 10:01:01,Sell,6,20567.75,Market
1289,2,2025-05-14 11:17:56,Buy,6,20590.5,Stop
1290,1,2025-05-14 10:01:01,Sell,6,20567.75,Limit
1290,2,2025-05-14 11:17:13,Buy,6,20590.5,Stop
1291,1,2025-05-14 10:01:01,Sell,6,20567.75,Market
1291,2,2025-05-14 11:17:34,Buy,6,20590.5,Stop
1292,1,2025-05-14 10:01:03,Sell,6,20567.5,Market
1292,2,2025-05-14 11:17:06,Buy,6,20590.5,Stop
1293,1,2025-05-14 10:01:04,Sell,6,20567.75,Market
1293,2,2025-05-14 11:17:44,Buy,6,20590.5,Stop
1294,1,2025-05-14 10:01:04,Sell,6,20567.5,Limit
1294,2,2025-05-14 11:17:42,Buy,6,20590.75,Stop
1295,1,2025-05-14 10:01:01,Sell,6,20567.75,Limit
1295,2,2025-05-14 11:17:47,Buy,6,20590.5,Stop
1296,1,2025-05-14 10:01:03,Sell,6,20567.75,Limit
1296,2,2025-05-14 11:17:44,Buy,6,20590.5,Stop
1297,1,2025-05-14 10:01:02,Sell,6,20567.75,Market
1297,2,2025-05-14 11:17:54,Buy,6,20590.5,Stop
1298,1,2025-05-14 10:01:02,Sell,6,20567.5,Limit
1298,2,2025-05-14 11:17:34,Buy,6,20590.5,Stop
1299,1,2025-05-14 10:01:01,Sell,6,20567.5,Market
1299,2,2025-05-14 11:17:19,Buy,6,20590.5,Stop
1300,1,2025-05-14 10:01:02,Sell,6,20567.5,Market
1300,2,2025-05-14 11:17:04,Buy,6,20590.75,Stop
1301,1,2025-05-14 10:39:20,Sell,6,20684.5,Limit
1301,2,2025-05-14 11:19:12,Buy,6,20711.25,Stop
1302,1,2025-05-14 10:39:23,Sell,6,20684.25,Market
1302,2,2025-05-14 11:18:47,Buy,6,20711.25,Stop
1303,1,2025-05-14 10:39:20,Sell,6,20684.5,Limit
1303,2,2025-05-14 11:18:54,Buy,6,20711.25,Stop
1304,1,2025-05-14 10:39:22,Sell,6,20684.5,Limit
1304,2,2025-05-14 11:19:19,Buy,6,20711.25,Stop
1305,1,2025-05-14 10:39:22,Sell,6,20684.25,Market
1305,2,2025-05-14 11:18:24,Buy,6,20711.5,Stop
1306,1,2025-05-14 10:39:21,Sell,6,20684.25,Market
1306,2,2025-05-14 11:18:39,Buy,6,20711.25,Stop
1307,1,2025-05-14 10:39:22,Sell,6,20684.25,Market
1307,2,2025-05-14 11:18:45,Buy,6,20711.25,Stop
1308,1,2025-05-14 10:39:23,Sell,6,20684.5,Market
1308,2,2025-05-14 11:18:39,Buy,6,20711.25,Stop
1309,1,2025-05-14 10:39:21,Sell,6,20684.5,Market
1309,2,2025-05-14 11:18:25,Buy,6,20711.25,Stop
1310,1,2025-05-14 10:39:23,Sell,6,20684.5,Limit
1310,2,2025-05-14 11:19:06,Buy,6,20711.25,Stop
1311,1,2025-05-14 10:39:22,Sell,6,20684.25,Market
1311,2,2025-05-14 11:18:59,Buy,6,20711.25,Stop
1312,1,2025-05-14 10:39:22,Sell,6,20684.5,Market
1312,2,2025-05-14 11:18:44,Buy,6,20711.25,Stop
1313,1,2025-05-14 10:39:20,Sell,6,20684.25,Limit
1313,2,2025-05-14 11:19:05,Buy,6,20711.25,Stop
1314,1,2025-05-14 03:29:02,Sell,5,2688.4,Market
1314,2,2025-05-14 04:04:35,Buy,2,2683.5,Limit
1314,3,2025-05-14 04:40:08,Buy,3,2678.2,Limit
1315,1,2025-05-14 03:29:02,Sell,5,2688.4,Market
1315,2,2025-05-14 04:04:57,Buy,2,2683.5,Limit
1315,3,2025-05-14 04:40:52,Buy,3,2678.2,Limit
1316,1,2025-05-14 03:29:05,Sell,5,2688.4,Market
1316,2,2025-05-14 04:40:23,Buy,5,2680.3,Limit
1317,1,2025-05-14 03:29:02,Sell,5,2688.3,Limit
1317,2,2025-05-14 04:04:49.500000,Buy,2,2683.6,Limit
1317,3,2025-05-14 04:40:37,Buy,3,2678.3,Limit
1318,1,2025-05-14 03:29:03,Sell,5,2688.4,Limit
1318,2,2025-05-14 04:04:36.500000,Buy,2,2683.5,Limit
1318,3,2025-05-14 04:40:10,Buy,3,2678.2,Limit
1319,1,2025-05-14 03:29:03,Sell,5,2688.4,Market
1319,2,2025-05-14 04:04:38.500000,Buy,2,2683.5,Limit
1319,3,2025-05-14 04:40:14,Buy,3,2678.2,Limit
1320,1,2025-05-14 03:29:04,Sell,5,2688.4,Market
1320,2,2025-05-14 04:04:49.500000,Buy,2,2683.5,Limit
1320,3,2025-05-14 04:40:35,Buy,3,2678.2,Limit
1321,1,2025-05-14 03:29:04,Sell,5,2688.3,Limit
1321,2,2025-05-14 04:40:54,Buy,5,2680.3,Limit
1322,1,2025-05-14 03:29:04,Sell,5,2688.4,Limit
1322,2,2025-05-14 04:40:40,Buy,5,2680.3,Limit
1323,1,2025-05-14 03:29:02,Sell,5,2688.3,Limit
1323,2,2025-05-14 04:04:42.500000,Buy,2,2683.6,Limit
1323,3,2025-05-14 04:40:23,Buy,3,2678.3,Limit
1324,1,2025-05-14 03:29:04,Sell,5,2688.3,Limit
1324,2,2025-05-14 04:40:42,Buy,5,2680.4,Limit
1325,1,2025-05-14 03:29:02,Sell,5,2688.3,Market
1325,2,2025-05-14 04:40:41,Buy,5,2680.3,Limit
1326,1,2025-05-14 03:29:05,Sell,5,2688.4,Market
1326,2,2025-05-14 04:04:37.500000,Buy,2,2683.5,Limit
1326,3,2025-05-14 04:40:10,Buy,3,2678.2,Limit
1327,1,2025-05-15 10:05:16,Sell,10,6311.5,Limit
1327,2,2025-05-15 10:38:12,Buy,10,6318.5,Stop
1328,1,2025-05-15 10:05:19,Sell,10,6311.5,Market
1328,2,2025-05-15 10:37:31,Buy,10,6318.5,Stop
1329,1,2025-05-15 10:05:18,Sell,10,6311.25,Market
1329,2,2025-05-15 10:37:24,Buy,10,6318.75,Stop
1330,1,2025-05-15 10:05:18,Sell,10,6311.25,Market
1330,2,2025-05-15 10:38:11,Buy,10,6318.75,Stop
1331,1,2025-05-15 10:05:16,Sell,10,6311.5,Market
1331,2,2025-05-15 10:37:27,Buy,10,6318.5,Stop
1332,1,2025-05-15 10:05:16,Sell,10,6311.25,Market
1332,2,2025-05-15 10:37:41,Buy,10,6318.75,Stop
1333,1,2025-05-15 10:05:17,Sell,10,6311.5,Limit
1333,2,2025-05-15 10:37:40,Buy,10,6318.5,Stop
1334,1,2025-05-15 10:05:19,Sell,10,6311.25,Limit
1334,2,2025-05-15 10:38:12,Buy,10,6318.5,Stop
1335,1,2025-05-15 10:05:19,Sell,10,6311.25,Limit
1335,2,2025-05-15 10:37:47,Buy,10,6318.75,Stop
1336,1,2025-05-15 12:12:45,Buy,10,6347.25,Limit
1336,2,2025-05-15 12:17:33,Sell,10,6341.0,Stop
1337,1,2025-05-15 12:12:46,Buy,10,6347.25,Limit
1337,2,2025-05-15 12:17:17,Sell,10,6341.0,Stop
1338,1,2025-05-15 12:12:45,Buy,10,6347.5,Limit
1338,2,2025-05-15 12:17:25,Sell,10,6340.75,Stop
1339,1,2025-05-15 12:12:48,Buy,10,6347.5,Limit
1339,2,2025-05-15 12:17:12,Sell,10,6340.75,Stop
1340,1,2025-05-15 12:12:48,Buy,10,6347.5,Market
1340,2,2025-05-15 12:17:20,Sell,10,6340.75,Stop
1341,1,2025-05-15 12:12:45,Buy,10,6347.25,Limit
1341,2,2025-05-15 12:17:11,Sell,10,6341.0,Stop
1342,1,2025-05-15 12:12:48,Buy,10,6347.25,Limit
1342,2,2025-05-15 12:17:35,Sell,10,6341.0,Stop
1343,1,2025-05-15 12:12:46,Buy,10,6347.5,Limit
1343,2,2025-05-15 12:17:10,Sell,10,6341.0,Stop
1344,1,2025-05-15 12:12:48,Buy,10,6347.25,Market
1344,2,2025-05-15 12:16:48,Sell,10,6341.0,Stop
1345,1,2025-05-15 12:12:48,Buy,10,6347.25,Market
1345,2,2025-05-15 12:17:37,Sell,10,6341.0,Stop
1346,1,2025-05-15 10:22:41,Buy,10,42.95,Market
1346,2,2025-05-15 11:07:37,Sell,10,42.69,Stop
1347,1,2025-05-15 10:22:42,Buy,10,42.95,Market
1347,2,2025-05-15 11:07:21,Sell,10,42.69,Stop
1348,1,2025-05-15 10:22:41,Buy,10,42.95,Limit
1348,2,2025-05-15 11:07:07,Sell,10,42.69,Stop
1349,1,2025-05-15 10:22:44,Buy,10,42.95,Limit
1349,2,2025-05-15 11:07:24,Sell,10,42.69,Stop
1350,1,2025-05-15 10:22:42,Buy,10,42.95,Limit
1350,2,2025-05-15 11:07:18,Sell,10,42.69,Stop
1351,1,2025-05-15 10:22:43,Buy,10,42.95,Limit
1351,2,2025-05-15 11:06:57,Sell,10,42.69,Stop
1352,1,2025-05-15 10:22:44,Buy,10,42.96,Market
1352,2,2025-05-15 11:07:36,Sell,10,42.68,Stop
1353,1,2025-05-15 10:22:44,Buy,10,42.95,Limit
1353,2,2025-05-15 11:06:56,Sell,10,42.69,Stop
1354,1,2025-05-15 10:22:44,Buy,10,42.95,Limit
1354,2,2025-05-15 11:07:27,Sell,10,42.69,Stop
1355,1,2025-05-15 10:22:44,Buy,10,42.96,Limit
1355,2,2025-05-15 11:06:51,Sell,10,42.69,Stop
1356,1,2025-05-15 10:22:44,Buy,10,42.95,Market
1356,2,2025-05-15 11:07:24,Sell,10,42.69,Stop
1357,1,2025-05-15 03:27:52,Sell,5,2700.4,Limit
1357,2,2025-05-15 04:27:57,Buy,5,2706.5,Stop
1358,1,2025-05-15 03:27:54,Sell,5,2700.4,Limit
1358,2,2025-05-15 04:28:34,Buy,5,2706.5,Stop
1359,1,2025-05-15 03:27:53,Sell,5,2700.4,Limit
1359,2,2025-05-15 04:28:10,Buy,5,2706.5,Stop
1360,1,2025-05-15 03:27:55,Sell,5,2700.3,Limit
1360,2,2025-05-15 04:28:34,Buy,5,2706.6,Stop
1361,1,2025-05-15 03:27:52,Sell,5,2700.3,Market
1361,2,2025-05-15 04:28:08,Buy,5,2706.5,Stop
1362,1,2025-05-15 03:27:55,Sell,5,2700.3,Market
1362,2,2025-05-15 04:28:25,Buy,5,2706.5,Stop
1363,1,2025-05-15 03:27:54,Sell,5,2700.4,Limit
1363,2,2025-05-15 04:28:32,Buy,5,2706.5,Stop
1364,1,2025-05-15 03:27:53,Sell,5,2700.4,Market
1364,2,2025-05-15 04:28:35,Buy,5,2706.5,Stop
1365,1,2025-05-15 03:27:53,Sell,5,2700.4,Market
1365,2,2025-05-15 04:28:00,Buy,5,2706.5,Stop
1366,1,2025-05-16 09:53:06,Sell,6,20521.75,Market
1366,2,2025-05-16 10:35:44,Buy,6,20549.5,Stop
1367,1,2025-05-16 09:53:06,Sell,6,20521.5,Market
1367,2,2025-05-16 10:35:48,Buy,6,20549.5,Stop
1368,1,2025-05-16 09:53:08,Sell,6,20521.5,Market
1368,2,2025-05-16 10:35:43,Buy,6,20549.75,Stop
1369,1,2025-05-16 09:53:09,Sell,6,20521.75,Market
1369,2,2025-05-16 10:35:18,Buy,6,20549.5,Stop
1370,1,2025-05-16 09:53:09,Sell,6,20521.75,Limit
1370,2,2025-05-16 10:35:13,Buy,6,20549.5,Stop
1371,1,2025-05-19 12:14:40,Sell,10,6361.0,Limit
1371,2,2025-05-19 12:25:04,Buy,5,6357.75,Limit
1371,3,2025-05-19 12:35:28,Buy,5,6353.75,Limit
1372,1,2025-05-19 12:14:43,Sell,10,6360.75,Limit
1372,2,2025-05-19 12:25:02.500000,Buy,5,6357.75,Limit
1372,3,2025-05-19 12:35:22,Buy,5,6353.75,Limit
1373,1,2025-05-19 12:14:43,Sell,10,6360.75,Market
1373,2,2025-05-19 12:24:59,Buy,5,6357.75,Limit
1373,3,2025-05-19 12:35:15,Buy,5,6353.75,Limit
1374,1,2025-05-19 12:14:42,Sell,10,6361.0,Market
1374,2,2025-05-19 12:24:42,Buy,5,6357.75,Limit
1374,3,2025-05-19 12:34:42,Buy,5,6353.75,Limit
1375,1,2025-05-19 12:14:43,Sell,10,6361.0,Limit
1375,2,2025-05-19 12:35:02,Buy,10,6355.75,Limit
1376,1,2025-05-19 10:29:58,Buy,10,44.18,Limit
1376,2,2025-05-19 11:54:56,Sell,10,43.86,Stop
1377,1,2025-05-19 10:29:59,Buy,10,44.18,Limit
1377,2,2025-05-19 11:54:34,Sell,10,43.86,Stop
1378,1,2025-05-19 10:29:58,Buy,10,44.18,Market
1378,2,2025-05-19 11:54:11,Sell,10,43.86,Stop
1379,1,2025-05-19 10:30:00,Buy,10,44.19,Limit
1379,2,2025-05-19 11:54:50,Sell,10,43.85,Stop
1380,1,2025-05-19 10:29:58,Buy,10,44.19,Market
1380,2,2025-05-19 11:54:34,Sell,10,43.86,Stop
1381,1,2025-05-19 03:30:19,Buy,5,2685.0,Limit
1381,2,2025-05-19 04:16:13,Sell,2,2689.6,Limit
1381,3,2025-05-19 05:02:07,Sell,3,2694.6,Limit
1382,1,2025-05-19 03:30:19,Buy,5,2685.1,Limit
1382,2,2025-05-19 04:15:50.500000,Sell,2,2689.6,Limit
1382,3,2025-05-19 05:01:22,Sell,3,2694.6,Limit
1383,1,2025-05-19 03:30:19,Buy,5,2685.0,Limit
1383,2,2025-05-19 05:01:25,Sell,5,2692.6,Limit
1384,1,2025-05-19 03:30:21,Buy,5,2685.0,Market
1384,2,2025-05-19 04:16:18.500000,Sell,2,2689.6,Limit
1384,3,2025-05-19 05:02:16,Sell,3,2694.6,Limit
1385,1,2025-05-19 03:30:19,Buy,5,2685.0,Market
1385,2,2025-05-19 04:16:02,Sell,2,2689.6,Limit
1385,3,2025-05-19 05:01:45,Sell,3,2694.6,Limit
1386,1,2025-05-20 12:12:47,Buy,10,1917.0,Limit
1386,2,2025-05-20 12:29:39,Sell,10,1910.7,Stop
1387,1,2025-05-20 12:12:49,Buy,10,1917.1,Market
1387,2,2025-05-20 12:29:30,Sell,10,1910.7,Stop
1388,1,2025-05-20 12:12:50,Buy,10,1917.0,Market
1388,2,2025-05-20 12:29:27,Sell,10,1910.7,Stop
1389,1,2025-05-20 12:12:50,Buy,10,1917.1,Limit
1389,2,2025-05-20 12:29:47,Sell,10,1910.7,Stop
1390,1,2025-05-20 10:34:29,Buy,10,43.8,Market
1390,2,2025-05-20 11:02:27,Sell,10,43.48,Stop
1391,1,2025-05-20 10:34:31,Buy,10,43.81,Limit
1391,2,2025-05-20 11:02:29,Sell,10,43.48,Stop
1392,1,2025-05-20 10:34:30,Buy,10,43.8,Market
1392,2,2025-05-20 11:01:43,Sell,10,43.48,Stop
1393,1,2025-05-20 10:34:29,Buy,10,43.8,Market
1393,2,2025-05-20 11:01:54,Sell,10,43.48,Stop
1394,1,2025-05-21 09:53:01,Sell,10,6287.0,Market
1394,2,2025-05-21 10:13:15.500000,Buy,5,6283.0,Limit
1394,3,2025-05-21 10:33:30,Buy,5,6277.5,Limit
1395,1,2025-05-21 09:53:04,Sell,10,6287.0,Limit
1395,2,2025-05-21 10:13:04.500000,Buy,5,6283.0,Limit
1395,3,2025-05-21 10:33:05,Buy,5,6277.5,Limit
1396,1,2025-05-21 09:53:03,Sell,10,6287.0,Limit
1396,2,2025-05-21 10:33:20,Buy,10,6280.25,Limit
1397,1,2025-05-21 09:53:01,Sell,10,6287.0,Market
1397,2,2025-05-21 10:13:29.500000,Buy,5,6283.0,Limit
1397,3,2025-05-21 10:33:58,Buy,5,6277.5,Limit
1398,1,2025-05-21 09:53:02,Sell,10,6286.75,Limit
1398,2,2025-05-21 10:13:17.500000,Buy,5,6282.75,Limit
1398,3,2025-05-21 10:33:33,Buy,5,6277.75,Limit
1399,1,2025-05-21 12:10:53,Buy,10,1922.1,Market
1399,2,2025-05-21 12:18:29,Sell,10,1916.1,Stop
1400,1,2025-05-21 12:10:55,Buy,10,1922.2,Market
1400,2,2025-05-21 12:18:53,Sell,10,1916.0,Stop
1401,1,2025-05-21 12:10:55,Buy,10,1922.2,Market
1401,2,2025-05-21 12:18:34,Sell,10,1916.1,Stop
1402,1,2025-05-21 12:10:54,Buy,10,1922.1,Limit
1402,2,2025-05-21 12:18:16,Sell,10,1916.1,Stop
1403,1,2025-05-21 12:10:53,Buy,10,1922.2,Limit
1403,2,2025-05-21 12:18:23,Sell,10,1916.1,Stop
1404,1,2025-05-21 12:10:53,Buy,10,1922.2,Limit
1404,2,2025-05-21 12:18:37,Sell,10,1916.0,Stop
1405,1,2025-05-21 10:22:13,Sell,5,2683.9,Limit
1405,2,2025-05-21 10:32:45,Buy,5,2690.2,Stop
1406,1,2025-05-21 10:22:16,Sell,5,2683.9,Limit
1406,2,2025-05-21 10:32:56,Buy,5,2690.2,Stop
1407,1,2025-05-21 10:22:16,Sell,5,2683.9,Market
1407,2,2025-05-21 10:33:00,Buy,5,2690.2,Stop
1408,1,2025-05-21 10:22:15,Sell,5,2683.9,Market
1408,2,2025-05-21 10:32:23,Buy,5,2690.2,Stop
1409,1,2025-05-21 10:22:15,Sell,5,2683.8,Market
1409,2,2025-05-21 10:32:40,Buy,5,2690.3,Stop
1410,1,2025-05-21 10:22:14,Sell,5,2683.8,Limit
1410,2,2025-05-21 10:33:13,Buy,5,2690.3,Stop
1411,1,2025-05-21 03:32:51,Buy,10,44.27,Limit
1411,2,2025-05-21 04:10:06,Sell,10,44.01,Stop
1412,1,2025-05-21 03:32:54,Buy,10,44.28,Limit
1412,2,2025-05-21 04:10:07,Sell,10,44.01,Stop
1413,1,2025-05-21 03:32:51,Buy,10,44.28,Limit
1413,2,2025-05-21 04:10:50,Sell,10,44.01,Stop
1414,1,2025-05-21 03:32:51,Buy,10,44.28,Market
1414,2,2025-05-21 04:09:53,Sell,10,44.01,Stop
1415,1,2025-05-21 03:32:54,Buy,10,44.28,Limit
1415,2,2025-05-21 04:10:07,Sell,10,44.0,Stop
1416,1,2025-05-21 03:32:53,Buy,10,44.28,Limit
1416,2,2025-05-21 04:10:00,Sell,10,44.0,Stop
1417,1,2025-05-22 10:25:15,Buy,10,44.15,Market
1417,2,2025-05-22 11:31:48,Sell,10,43.86,Stop
1418,1,2025-05-22 10:25:16,Buy,10,44.15,Limit
1418,2,2025-05-22 11:31:24,Sell,10,43.86,Stop
1419,1,2025-05-22 10:25:17,Buy,10,44.15,Limit
1419,2,2025-05-22 11:31:37,Sell,10,43.86,Stop
1420,1,2025-05-22 10:25:15,Buy,10,44.15,Market
1420,2,2025-05-22 11:31:36,Sell,10,43.86,Stop
1421,1,2025-05-22 10:25:17,Buy,10,44.16,Limit
1421,2,2025-05-22 11:31:35,Sell,10,43.86,Stop
1422,1,2025-05-22 03:28:27,Buy,10,44.4,Limit
1422,2,2025-05-22 03:53:37,Sell,5,44.63,Limit
1422,3,2025-05-22 04:18:47,Sell,5,44.95,Limit
1423,1,2025-05-22 03:28:30,Buy,10,44.4,Market
1423,2,2025-05-22 04:19:27,Sell,10,44.79,Limit
1424,1,2025-05-22 03:28:28,Buy,10,44.4,Limit
1424,2,2025-05-22 04:19:16,Sell,10,44.79,Limit
1425,1,2025-05-22 03:28:29,Buy,10,44.4,Limit
1425,2,2025-05-22 03:53:34,Sell,5,44.63,Limit
1425,3,2025-05-22 04:18:39,Sell,5,44.95,Limit
1426,1,2025-05-22 03:28:29,Buy,10,44.4,Market
1426,2,2025-05-22 03:53:33,Sell,5,44.63,Limit
1426,3,2025-05-22 04:18:37,Sell,5,44.95,Limit
1427,1,2025-05-22 03:28:29,Buy,10,44.41,Market
1427,2,2025-05-22 04:19:14,Sell,10,44.78,Limit
1428,1,2025-05-23 09:58:55,Sell,6,20112.0,Market
1428,2,2025-05-23 10:42:57,Buy,6,20070.25,Limit
1429,1,2025-05-23 09:58:57,Sell,6,20111.75,Limit
1429,2,2025-05-23 10:43:25,Buy,6,20070.25,Limit
1430,1,2025-05-23 09:58:58,Sell,6,20111.75,Limit
1430,2,2025-05-23 10:21:18.500000,Buy,3,20086.75,Limit
1430,3,2025-05-23 10:43:39,Buy,3,20053.75,Limit
1431,1,2025-05-23 09:58:56,Sell,6,20111.75,Limit
1431,2,2025-05-23 10:43:04,Buy,6,20070.5,Limit
1432,1,2025-05-23 09:58:58,Sell,6,20111.75,Market
1432,2,2025-05-23 10:43:24,Buy,6,20070.5,Limit
1433,1,2025-05-23 10:29:57,Sell,10,43.7,Limit
1433,2,2025-05-23 11:03:55,Buy,10,44.04,Stop
1434,1,2025-05-23 10:29:59,Sell,10,43.7,Market
1434,2,2025-05-23 11:03:15,Buy,10,44.04,Stop
1435,1,2025-05-23 10:29:59,Sell,10,43.7,Limit
1435,2,2025-05-23 11:03:48,Buy,10,44.04,Stop
1436,1,2025-05-23 10:30:00,Sell,10,43.7,Market
1436,2,2025-05-23 11:03:11,Buy,10,44.04,Stop
1437,1,2025-05-23 10:29:58,Sell,10,43.7,Market
1437,2,2025-05-23 11:03:26,Buy,10,44.04,Stop
1438,1,2025-05-26 10:02:23,Buy,10,6187.5,Limit
1438,2,2025-05-26 10:16:32,Sell,10,6182.25,Stop
1439,1,2025-05-26 10:02:24,Buy,10,6187.5,Market
1439,2,2025-05-26 10:16:25,Sell,10,6182.25,Stop
1440,1,2025-05-26 10:02:25,Buy,10,6187.5,Market
1440,2,2025-05-26 10:16:40,Sell,10,6182.25,Stop
1441,1,2025-05-26 10:02:23,Buy,10,6187.5,Limit
1441,2,2025-05-26 10:16:55,Sell,10,6182.25,Stop
1442,1,2025-05-26 10:02:23,Buy,10,6187.75,Market
1442,2,2025-05-26 10:17:16,Sell,10,6182.25,Stop
1443,1,2025-05-26 10:02:25,Buy,10,6187.75,Market
1443,2,2025-05-26 10:17:05,Sell,10,6182.25,Stop
1444,1,2025-05-26 12:14:23,Sell,10,1913.1,Market
1444,2,2025-05-26 12:39:32,Buy,10,1918.9,Stop
1445,1,2025-05-26 12:14:24,Sell,10,1913.0,Market
1445,2,2025-05-26 12:40:02,Buy,10,1919.0,Stop
1446,1,2025-05-26 12:14:26,Sell,10,1913.0,Limit
1446,2,2025-05-26 12:39:28,Buy,10,1919.0,Stop
1447,1,2025-05-26 12:14:25,Sell,10,1913.1,Market
1447,2,2025-05-26 12:40:18,Buy,10,1918.9,Stop
1448,1,2025-05-26 12:14:24,Sell,10,1913.0,Limit
1448,2,2025-05-26 12:39:55,Buy,10,1919.0,Stop
1449,1,2025-05-26 10:40:04,Buy,5,2682.7,Limit
1449,2,2025-05-26 10:44:47.500000,Sell,2,2690.7,Limit
1449,3,2025-05-26 10:49:31,Sell,3,2699.5,Limit
1450,1,2025-05-26 10:40:06,Buy,5,2682.7,Limit
1450,2,2025-05-26 10:49:24,Sell,5,2696.0,Limit
1451,1,2025-05-26 10:40:05,Buy,5,2682.7,Market
1451,2,2025-05-26 10:44:47,Sell,2,2690.7,Limit
1451,3,2025-05-26 10:49:29,Sell,3,2699.5,Limit
1452,1,2025-05-26 10:40:04,Buy,5,2682.7,Market
1452,2,2025-05-26 10:45:00.500000,Sell,2,2690.7,Limit
1452,3,2025-05-26 10:49:57,Sell,3,2699.5,Limit
1453,1,2025-05-26 10:40:04,Buy,5,2682.7,Market
1453,2,2025-05-26 10:44:41.500000,Sell,2,2690.7,Limit
1453,3,2025-05-26 10:49:19,Sell,3,2699.5,Limit
1454,1,2025-05-26 10:40:05,Buy,5,2682.8,Market
1454,2,2025-05-26 10:45:00,Sell,2,2690.7,Limit
1454,3,2025-05-26 10:49:55,Sell,3,2699.5,Limit
1455,1,2025-05-26 03:23:46,Sell,10,43.45,Market
1455,2,2025-05-26 04:59:10,Buy,10,43.78,Stop
1456,1,2025-05-26 03:23:47,Sell,10,43.44,Limit
1456,2,2025-05-26 04:58:48,Buy,10,43.79,Stop
1457,1,2025-05-26 03:23:47,Sell,10,43.44,Limit
1457,2,2025-05-26 04:59:39,Buy,10,43.78,Stop
1458,1,2025-05-26 03:23:49,Sell,10,43.45,Market
1458,2,2025-05-26 04:58:59,Buy,10,43.78,Stop
1459,1,2025-05-26 03:23:48,Sell,10,43.45,Market
1459,2,2025-05-26 04:59:26,Buy,10,43.78,Stop
1460,1,2025-05-26 03:23:47,Sell,10,43.45,Limit
1460,2,2025-05-26 04:58:49,Buy,10,43.78,Stop
1461,1,2025-05-27 09:59:05,Sell,10,43305.0,Limit
1461,2,2025-05-27 10:37:35,Buy,10,43222.0,Limit
1462,1,2025-05-27 09:59:05,Sell,10,43304.0,Market
1462,2,2025-05-27 10:37:16,Buy,10,43223.0,Limit
1463,1,2025-05-27 09:59:06,Sell,10,43304.0,Market
1463,2,2025-05-27 10:37:06,Buy,10,43222.0,Limit
1464,1,2025-05-27 09:59:06,Sell,10,43304.0,Limit
1464,2,2025-05-27 10:18:14.500000,Buy,5,43255.0,Limit
1464,3,2025-05-27 10:37:23,Buy,5,43189.0,Limit
1465,1,2025-05-27 09:59:06,Sell,10,43304.0,Limit
1465,2,2025-05-27 10:37:44,Buy,10,43223.0,Limit
1466,1,2025-05-27 10:22:40,Sell,5,2668.0,Market
1466,2,2025-05-27 11:06:41,Buy,5,2658.4,Limit
1467,1,2025-05-27 10:22:41,Sell,5,2668.0,Limit
1467,2,2025-05-27 10:44:54,Buy,2,2662.2,Limit
1467,3,2025-05-27 11:07:07,Buy,3,2655.9,Limit
1468,1,2025-05-27 10:22:43,Sell,5,2667.9,Market
1468,2,2025-05-27 11:07:33,Buy,5,2658.4,Limit
1469,1,2025-05-27 10:22:40,Sell,5,2667.9,Limit
1469,2,2025-05-27 11:07:02,Buy,5,2658.4,Limit
1470,1,2025-05-27 10:22:42,Sell,5,2667.9,Limit
1470,2,2025-05-27 11:06:46,Buy,5,2658.4,Limit
1471,1,2025-05-27 03:19:46,Buy,10,44.41,Market
1471,2,2025-05-27 03:53:58,Sell,10,44.98,Limit
1472,1,2025-05-27 03:19:47,Buy,10,44.41,Limit
1472,2,2025-05-27 03:54:15,Sell,10,44.98,Limit
1473,1,2025-05-27 03:19:46,Buy,10,44.41,Limit
1473,2,2025-05-27 03:54:34,Sell,10,44.98,Limit
1474,1,2025-05-27 03:19:47,Buy,10,44.42,Market
1474,2,2025-05-27 03:37:00.500000,Sell,5,44.75,Limit
1474,3,2025-05-27 03:54:14,Sell,5,45.19,Limit
1475,1,2025-05-27 03:19:46,Buy,10,44.41,Limit
1475,2,2025-05-27 03:37:02,Sell,5,44.75,Limit
1475,3,2025-05-27 03:54:18,Sell,5,45.21,Limit
1476,1,2025-05-28 10:05:12,Sell,10,6148.75,Limit
1476,2,2025-05-28 10:27:29,Buy,10,6155.0,Stop
1477,1,2025-05-28 10:05:12,Sell,10,6148.5,Market
1477,2,2025-05-28 10:27:30,Buy,10,6155.0,Stop
1478,1,2025-05-28 10:05:12,Sell,10,6148.75,Limit
1478,2,2025-05-28 10:27:34,Buy,10,6155.0,Stop
1479,1,2025-05-28 10:05:15,Sell,10,6148.75,Limit
1479,2,2025-05-28 10:28:06,Buy,10,6155.0,Stop
1480,1,2025-05-28 10:05:13,Sell,10,6148.75,Market
1480,2,2025-05-28 10:28:07,Buy,10,6155.0,Stop
1481,1,2025-05-28 10:05:12,Sell,10,6148.75,Limit
1481,2,2025-05-28 10:27:40,Buy,10,6155.0,Stop
1482,1,2025-05-28 12:30:19,Buy,10,1880.3,Limit
1482,2,2025-05-28 12:41:12,Sell,10,1873.6,Stop
1483,1,2025-05-28 12:30:21,Buy,10,1880.3,Market
1483,2,2025-05-28 12:41:01,Sell,10,1873.6,Stop
1484,1,2025-05-28 12:30:19,Buy,10,1880.3,Limit
1484,2,2025-05-28 12:40:48,Sell,10,1873.6,Stop
1485,1,2025-05-28 12:30:21,Buy,10,1880.4,Market
1485,2,2025-05-28 12:41:04,Sell,10,1873.6,Stop
1486,1,2025-05-28 12:30:19,Buy,10,1880.3,Market
1486,2,2025-05-28 12:41:08,Sell,10,1873.6,Stop
1487,1,2025-05-28 12:30:19,Buy,10,1880.4,Market
1487,2,2025-05-28 12:40:54,Sell,10,1873.6,Stop
1488,1,2025-05-28 10:29:26,Buy,5,2658.2,Limit
1488,2,2025-05-28 10:49:26,Sell,5,2651.5,Stop
1489,1,2025-05-28 10:29:28,Buy,5,2658.3,Limit
1489,2,2025-05-28 10:49:37,Sell,5,2651.5,Stop
1490,1,2025-05-28 10:29:28,Buy,5,2658.2,Limit
1490,2,2025-05-28 10:49:33,Sell,5,2651.5,Stop
1491,1,2025-05-28 10:29:29,Buy,5,2658.2,Market
1491,2,2025-05-28 10:49:54,Sell,5,2651.5,Stop
1492,1,2025-05-28 10:29:26,Buy,5,2658.2,Market
1492,2,2025-05-28 10:49:44,Sell,5,2651.5,Stop
1493,1,2025-05-28 10:29:26,Buy,5,2658.2,Market
1493,2,2025-05-28 10:50:09,Sell,5,2651.5,Stop
1494,1,2025-05-28 03:19:26,Buy,10,45.47,Market
1494,2,2025-05-28 04:18:43,Sell,10,45.84,Limit
1495,1,2025-05-28 03:19:28,Buy,10,45.48,Market
1495,2,2025-05-28 04:18:42,Sell,10,45.83,Limit
1496,1,2025-05-28 03:19:26,Buy,10,45.47,Limit
1496,2,2025-05-28 04:19:00,Sell,10,45.84,Limit
1497,1,2025-05-28 03:19:26,Buy,10,45.47,Market
1497,2,2025-05-28 03:49:17.500000,Sell,5,45.69,Limit
1497,3,2025-05-28 04:19:09,Sell,5,45.99,Limit
1498,1,2025-05-28 03:19:29,Buy,10,45.48,Market
1498,2,2025-05-28 03:49:26.500000,Sell,5,45.69,Limit
1498,3,2025-05-28 04:19:24,Sell,5,45.97,Limit
1499,1,2025-05-29 09:46:58,Buy,6,20459.75,Limit
1499,2,2025-05-29 10:00:23,Sell,6,20436.0,Stop
1500,1,2025-05-29 09:46:59,Buy,6,20459.75,Market
1500,2,2025-05-29 10:00:06,Sell,6,20436.0,Stop
1501,1,2025-05-29 09:46:58,Buy,6,20459.75,Limit
1501,2,2025-05-29 10:00:17,Sell,6,20436.0,Stop
1502,1,2025-05-29 09:47:00,Buy,6,20459.75,Limit
1502,2,2025-05-29 10:00:42,Sell,6,20436.0,Stop
1503,1,2025-05-29 09:47:01,Buy,6,20459.75,Market
1503,2,2025-05-29 10:00:12,Sell,6,20436.0,Stop
1504,1,2025-05-29 09:46:58,Buy,6,20460.0,Limit
1504,2,2025-05-29 10:00:23,Sell,6,20436.0,Stop
1505,1,2025-05-29 12:18:53,Sell,10,6152.5,Limit
1505,2,2025-05-29 12:25:10,Buy,10,6146.25,Limit
1506,1,2025-05-29 12:18:55,Sell,10,6152.5,Limit
1506,2,2025-05-29 12:22:24,Buy,5,6148.75,Limit
1506,3,2025-05-29 12:25:53,Buy,5,6143.75,Limit
1507,1,2025-05-29 12:18:54,Sell,10,6152.5,Market
1507,2,2025-05-29 12:22:12,Buy,5,6148.75,Limit
1507,3,2025-05-29 12:25:30,Buy,5,6143.75,Limit
1508,1,2025-05-29 12:18:54,Sell,10,6152.5,Limit
1508,2,2025-05-29 12:21:57,Buy,5,6148.75,Limit
1508,3,2025-05-29 12:25:00,Buy,5,6143.75,Limit
1509,1,2025-05-29 10:35:14,Buy,10,44.48,Market
1509,2,2025-05-29 10:53:45,Sell,10,44.19,Stop
1510,1,2025-05-29 10:35:14,Buy,10,44.48,Market
1510,2,2025-05-29 10:53:34,Sell,10,44.19,Stop
1511,1,2025-05-29 10:35:14,Buy,10,44.48,Market
1511,2,2025-05-29 10:53:17,Sell,10,44.19,Stop
1512,1,2025-05-29 10:35:15,Buy,10,44.48,Market
1512,2,2025-05-29 10:53:49,Sell,10,44.19,Stop
1513,1,2025-05-29 10:35:14,Buy,10,44.49,Limit
1513,2,2025-05-29 10:53:39,Sell,10,44.19,Stop
1514,1,2025-05-29 10:35:17,Buy,10,44.48,Market
1514,2,2025-05-29 10:53:36,Sell,10,44.19,Stop
1515,1,2025-05-30 12:23:42,Buy,10,6187.5,Market
1515,2,2025-05-30 12:29:30,Sell,10,6192.75,Limit
1516,1,2025-05-30 12:23:44,Buy,10,6187.75,Market
1516,2,2025-05-30 12:26:36.500000,Sell,5,6190.75,Limit
1516,3,2025-05-30 12:29:29,Sell,5,6194.75,Limit
1517,1,2025-05-30 12:23:43,Buy,10,6187.5,Limit
1517,2,2025-05-30 12:29:10,Sell,10,6192.75,Limit
1518,1,2025-05-30 12:23:45,Buy,10,6187.5,Limit
1518,2,2025-05-30 12:29:44,Sell,10,6192.75,Limit
1519,1,2025-05-30 12:23:44,Buy,10,6187.5,Limit
1519,2,2025-05-30 12:26:32.500000,Sell,5,6190.75,Limit
1519,3,2025-05-30 12:29:21,Sell,5,6194.75,Limit
1520,1,2025-06-03 09:46:12,Sell,10,6183.25,Limit
1520,2,2025-06-03 10:32:43,Buy,5,6176.75,Limit
1520,3,2025-06-03 11:19:14,Buy,5,6167.75,Limit
1521,1,2025-06-03 09:46:14,Sell,10,6183.0,Market
1521,2,2025-06-03 10:33:03,Buy,5,6176.5,Limit
1521,3,2025-06-03 11:19:52,Buy,5,6168.0,Limit
1522,1,2025-06-03 09:46:12,Sell,10,6183.25,Market
1522,2,2025-06-03 11:19:52,Buy,10,6172.25,Limit
1523,1,2025-06-03 09:46:13,Sell,10,6183.0,Limit
1523,2,2025-06-03 10:32:48,Buy,5,6176.5,Limit
1523,3,2025-06-03 11:19:23,Buy,5,6168.0,Limit
1524,1,2025-06-03 09:46:13,Sell,10,6183.0,Market
1524,2,2025-06-03 10:32:43.500000,Buy,5,6176.75,Limit
1524,3,2025-06-03 11:19:14,Buy,5,6168.25,Limit
1525,1,2025-06-03 12:20:47,Sell,10,6162.5,Limit
1525,2,2025-06-03 12:36:16,Buy,10,6168.5,Stop
1526,1,2025-06-03 12:20:49,Sell,10,6162.5,Market
1526,2,2025-06-03 12:36:38,Buy,10,6168.5,Stop
1527,1,2025-06-03 12:20:48,Sell,10,6162.5,Limit
1527,2,2025-06-03 12:36:34,Buy,10,6168.5,Stop
1528,1,2025-06-03 12:20:49,Sell,10,6162.25,Limit
1528,2,2025-06-03 12:35:52,Buy,10,6168.5,Stop
1529,1,2025-06-03 12:20:50,Sell,10,6162.5,Market
1529,2,2025-06-03 12:36:19,Buy,10,6168.5,Stop
1530,1,2025-06-03 03:23:56,Sell,10,44.06,Limit
1530,2,2025-06-03 03:58:05,Buy,10,43.67,Limit
1531,1,2025-06-03 03:23:59,Sell,10,44.05,Limit
1531,2,2025-06-03 03:41:05,Buy,5,43.83,Limit
1531,3,2025-06-03 03:58:11,Buy,5,43.53,Limit
1532,1,2025-06-03 03:23:56,Sell,10,44.05,Market
1532,2,2025-06-03 03:41:09,Buy,5,43.82,Limit
1532,3,2025-06-03 03:58:22,Buy,5,43.52,Limit
1533,1,2025-06-03 03:23:57,Sell,10,44.06,Limit
1533,2,2025-06-03 03:58:26,Buy,10,43.67,Limit
1534,1,2025-06-04 10:05:29,Buy,6,20668.5,Market
1534,2,2025-06-04 10:30:01.500000,Sell,3,20701.75,Limit
1534,3,2025-06-04 10:54:34,Sell,3,20746.25,Limit
1535,1,2025-06-04 10:05:31,Buy,6,20668.75,Market
1535,2,2025-06-04 10:54:50,Sell,6,20724.0,Limit
1536,1,2025-06-04 10:05:31,Buy,6,20668.5,Market
1536,2,2025-06-04 10:54:41,Sell,6,20724.0,Limit
1537,1,2025-06-04 10:05:31,Buy,6,20668.5,Market
1537,2,2025-06-04 10:55:13,Sell,6,20724.0,Limit
1538,1,2025-06-04 10:05:32,Buy,6,20668.75,Limit
1538,2,2025-06-04 10:54:50,Sell,6,20723.75,Limit
1539,1,2025-06-04 10:05:32,Buy,6,20668.75,Limit
1539,2,2025-06-04 10:30:26.500000,Sell,3,20701.75,Limit
1539,3,2025-06-04 10:55:21,Sell,3,20745.75,Limit
1540,1,2025-06-05 10:36:57,Sell,6,20388.75,Market
1540,2,2025-06-05 10:47:04,Buy,6,20411.75,Stop
1541,1,2025-06-05 10:36:57,Sell,6,20388.5,Market
1541,2,2025-06-05 10:47:50,Buy,6,20411.75,Stop
1542,1,2025-06-05 10:37:00,Sell,6,20388.75,Limit
1542,2,2025-06-05 10:47:34,Buy,6,20411.75,Stop
1543,1,2025-06-05 10:36:59,Sell,6,20388.5,Limit
1543,2,2025-06-05 10:47:19,Buy,6,20411.75,Stop
1544,1,2025-06-05 10:36:57,Sell,6,20388.5,Limit
1544,2,2025-06-05 10:47:04,Buy,6,20411.75,Stop
1545,1,2025-06-05 10:36:58,Sell,6,20388.75,Limit
1545,2,2025-06-05 10:47:17,Buy,6,20411.75,Stop
1546,1,2025-06-06 10:01:02,Sell,6,20743.75,Limit
1546,2,2025-06-06 11:33:48,Buy,6,20770.75,Stop
1547,1,2025-06-06 10:01:03,Sell,6,20743.5,Market
1547,2,2025-06-06 11:34:00,Buy,6,20770.75,Stop
1548,1,2025-06-06 10:01:02,Sell,6,20743.75,Market
1548,2,2025-06-06 11:33:07,Buy,6,20770.75,Stop
1549,1,2025-06-06 10:01:02,Sell,6,20743.75,Limit
1549,2,2025-06-06 11:33:47,Buy,6,20770.75,Stop
1550,1,2025-06-06 10:01:03,Sell,6,20743.5,Limit
1550,2,2025-06-06 11:33:15,Buy,6,20770.75,Stop
1551,1,2025-06-06 10:01:05,Sell,6,20743.5,Market
1551,2,2025-06-06 11:33:06,Buy,6,20770.75,Stop
1552,1,2025-06-06 12:28:58,Buy,10,6367.75,Market
1552,2,2025-06-06 12:39:19,Sell,5,6370.75,Limit
1552,3,2025-06-06 12:49:40,Sell,5,6374.75,Limit
1553,1,2025-06-06 12:29:00,Buy,10,6368.0,Limit
1553,2,2025-06-06 12:39:07.500000,Sell,5,6370.75,Limit
1553,3,2025-06-06 12:49:15,Sell,5,6374.25,Limit
1554,1,2025-06-06 12:28:59,Buy,10,6367.75,Limit
1554,2,2025-06-06 12:49:35,Sell,10,6372.75,Limit
1555,1,2025-06-06 12:29:01,Buy,10,6367.75,Market
1555,2,2025-06-06 12:39:07.500000,Sell,5,6370.75,Limit
1555,3,2025-06-06 12:49:14,Sell,5,6374.75,Limit
1556,1,2025-06-06 12:29:01,Buy,10,6367.75,Market
1556,2,2025-06-06 12:39:09,Sell,5,6370.75,Limit
1556,3,2025-06-06 12:49:17,Sell,5,6374.75,Limit
1557,1,2025-06-06 10:23:23,Buy,5,2650.4,Market
1557,2,2025-06-06 11:15:31,Sell,5,2645.1,Stop
1558,1,2025-06-06 10:23:23,Buy,5,2650.4,Market
1558,2,2025-06-06 11:15:29,Sell,5,2645.1,Stop
1559,1,2025-06-06 10:23:26,Buy,5,2650.5,Limit
1559,2,2025-06-06 11:16:21,Sell,5,2645.1,Stop
1560,1,2025-06-06 10:23:23,Buy,5,2650.4,Limit
1560,2,2025-06-06 11:16:02,Sell,5,2645.1,Stop
1561,1,2025-06-06 10:23:24,Buy,5,2650.5,Limit
1561,2,2025-06-06 11:16:15,Sell,5,2645.1,Stop
1562,1,2025-06-06 10:23:25,Buy,5,2650.5,Limit
1562,2,2025-06-06 11:15:25,Sell,5,2645.1,Stop
1563,1,2025-06-06 03:24:42,Buy,5,2677.5,Limit
1563,2,2025-06-06 04:57:11,Sell,5,2670.9,Stop
1564,1,2025-06-06 03:24:42,Buy,5,2677.6,Market
1564,2,2025-06-06 04:57:38,Sell,5,2670.8,Stop
1565,1,2025-06-06 03:24:45,Buy,5,2677.5,Limit
1565,2,2025-06-06 04:57:08,Sell,5,2670.9,Stop
1566,1,2025-06-06 03:24:44,Buy,5,2677.5,Limit
1566,2,2025-06-06 04:56:50,Sell,5,2670.9,Stop
1567,1,2025-06-06 03:24:42,Buy,5,2677.6,Limit
1567,2,2025-06-06 04:56:55,Sell,5,2670.9,Stop
1568,1,2025-06-06 03:24:45,Buy,5,2677.5,Market
1568,2,2025-06-06 04:57:17,Sell,5,2670.9,Stop
1569,1,2025-06-06 08:49:17,Sell,10,6346.0,Market
1569,2,2025-06-06 09:00:26.500000,Buy,5,6343.25,Limit
1569,3,2025-06-06 09:11:36,Buy,5,6339.75,Limit
1570,1,2025-06-06 08:49:17,Sell,10,6346.0,Limit
1570,2,2025-06-06 09:00:24.500000,Buy,5,6343.25,Limit
1570,3,2025-06-06 09:11:32,Buy,5,6339.75,Limit
1571,1,2025-06-06 08:49:18,Sell,10,6345.75,Limit
1571,2,2025-06-06 09:00:35,Buy,5,6343.25,Limit
1571,3,2025-06-06 09:11:52,Buy,5,6340.25,Limit
1572,1,2025-06-06 08:49:17,Sell,10,6346.0,Limit
1572,2,2025-06-06 09:11:47,Buy,10,6341.5,Limit
1573,1,2025-06-06 08:49:20,Sell,10,6345.75,Limit
1573,2,2025-06-06 09:11:58,Buy,10,6341.5,Limit
1574,1,2025-06-09 12:11:10,Sell,10,1999.4,Market
1574,2,2025-06-09 12:15:05.500000,Buy,5,1996.0,Limit
1574,3,2025-06-09 12:19:01,Buy,5,1991.6,Limit
1575,1,2025-06-09 12:11:11,Sell,10,1999.4,Market
1575,2,2025-06-09 12:15:09,Buy,5,1996.0,Limit
1575,3,2025-06-09 12:19:07,Buy,5,1991.6,Limit
1576,1,2025-06-09 12:11:13,Sell,10,1999.4,Market
1576,2,2025-06-09 12:15:02.500000,Buy,5,1996.0,Limit
1576,3,2025-06-09 12:18:52,Buy,5,1991.6,Limit
1577,1,2025-06-09 12:11:12,Sell,10,1999.4,Market
1577,2,2025-06-09 12:19:08,Buy,10,1993.8,Limit
1578,1,2025-06-09 12:11:11,Sell,10,1999.4,Market
1578,2,2025-06-09 12:15:00,Buy,5,1996.0,Limit
1578,3,2025-06-09 12:18:49,Buy,5,1991.6,Limit
1579,1,2025-06-09 12:11:11,Sell,10,1999.3,Market
1579,2,2025-06-09 12:18:18,Buy,10,1993.9,Limit
1580,1,2025-06-09 10:24:38,Sell,6,20747.25,Market
1580,2,2025-06-09 11:40:59,Buy,6,20776.0,Stop
1581,1,2025-06-09 10:24:40,Sell,6,20747.0,Market
1581,2,2025-06-09 11:41:26,Buy,6,20776.25,Stop
1582,1,2025-06-09 10:24:38,Sell,6,20747.25,Limit
1582,2,2025-06-09 11:41:15,Buy,6,20776.0,Stop
1583,1,2025-06-09 10:24:39,Sell,6,20747.0,Limit
1583,2,2025-06-09 11:41:05,Buy,6,20776.0,Stop
1584,1,2025-06-09 10:24:41,Sell,6,20747.25,Limit
1584,2,2025-06-09 11:41:37,Buy,6,20776.0,Stop
1585,1,2025-06-09 10:24:38,Sell,6,20747.25,Market
1585,2,2025-06-09 11:41:09,Buy,6,20776.0,Stop
1586,1,2025-06-10 10:02:52,Buy,10,44038.0,Market
1586,2,2025-06-10 11:07:46,Sell,10,43977.0,Stop
1587,1,2025-06-10 10:02:55,Buy,10,44039.0,Market
1587,2,2025-06-10 11:06:55,Sell,10,43976.0,Stop
1588,1,2025-06-10 10:02:52,Buy,10,44039.0,Limit
1588,2,2025-06-10 11:07:21,Sell,10,43977.0,Stop
1589,1,2025-06-10 10:02:52,Buy,10,44038.0,Limit
1589,2,2025-06-10 11:06:52,Sell,10,43977.0,Stop
1590,1,2025-06-10 10:02:55,Buy,10,44039.0,Limit
1590,2,2025-06-10 11:07:31,Sell,10,43976.0,Stop
1591,1,2025-06-10 10:02:55,Buy,10,44039.0,Market
1591,2,2025-06-10 11:07:31,Sell,10,43977.0,Stop
1592,1,2025-06-10 12:15:14,Buy,10,6370.0,Limit
1592,2,2025-06-10 12:32:15,Sell,10,6363.5,Stop
1593,1,2025-06-10 12:15:16,Buy,10,6370.0,Limit
1593,2,2025-06-10 12:32:54,Sell,10,6363.5,Stop
1594,1,2025-06-10 12:15:16,Buy,10,6370.25,Market
1594,2,2025-06-10 12:33:13,Sell,10,6363.5,Stop
1595,1,2025-06-10 12:15:15,Buy,10,6370.25,Limit
1595,2,2025-06-10 12:32:27,Sell,10,6363.5,Stop
1596,1,2025-06-10 12:15:15,Buy,10,6370.25,Market
1596,2,2025-06-10 12:32:32,Sell,10,6363.5,Stop
1597,1,2025-06-10 10:21:39,Sell,5,2642.8,Limit
1597,2,2025-06-10 10:35:36.500000,Buy,2,2634.2,Limit
1597,3,2025-06-10 10:49:34,Buy,3,2624.5,Limit
1598,1,2025-06-10 10:21:40,Sell,5,2642.7,Market
1598,2,2025-06-10 10:35:32,Buy,2,2634.2,Limit
1598,3,2025-06-10 10:49:24,Buy,3,2624.7,Limit
1599,1,2025-06-10 10:21:39,Sell,5,2642.7,Limit
1599,2,2025-06-10 10:49:30,Buy,5,2628.4,Limit
1600,1,2025-06-10 10:21:40,Sell,5,2642.7,Market
1600,2,2025-06-10 10:35:12.500000,Buy,2,2634.2,Limit
1600,3,2025-06-10 10:48:45,Buy,3,2624.7,Limit
1601,1,2025-06-10 10:21:39,Sell,5,2642.7,Limit
1601,2,2025-06-10 10:49:06,Buy,5,2628.4,Limit
1602,1,2025-06-10 10:21:39,Sell,5,2642.8,Market
1602,2,2025-06-10 10:49:11,Buy,5,2628.4,Limit
1603,1,2025-06-11 12:16:25,Buy,10,6458.75,Market
1603,2,2025-06-11 12:34:33,Sell,10,6463.25,Limit
1604,1,2025-06-11 12:16:26,Buy,10,6458.75,Limit
1604,2,2025-06-11 12:35:04,Sell,10,6463.25,Limit
1605,1,2025-06-11 12:16:25,Buy,10,6459.0,Market
1605,2,2025-06-11 12:34:41,Sell,10,6463.0,Limit
1606,1,2025-06-11 12:16:26,Buy,10,6459.0,Limit
1606,2,2025-06-11 12:25:55.500000,Sell,5,6461.5,Limit
1606,3,2025-06-11 12:35:25,Sell,5,6464.5,Limit
1607,1,2025-06-11 12:16:25,Buy,10,6458.75,Limit
1607,2,2025-06-11 12:34:50,Sell,10,6463.25,Limit
1608,1,2025-06-11 12:16:26,Buy,10,6458.75,Limit
1608,2,2025-06-11 12:35:18,Sell,10,6463.25,Limit
1609,1,2025-06-11 10:22:47,Sell,6,21373.75,Limit
1609,2,2025-06-11 10:59:55,Buy,6,21399.75,Stop
1610,1,2025-06-11 10:22:49,Sell,6,21373.75,Limit
1610,2,2025-06-11 11:00:23,Buy,6,21399.75,Stop
1611,1,2025-06-11 10:22:49,Sell,6,21373.75,Market
1611,2,2025-06-11 11:00:33,Buy,6,21399.75,Stop
1612,1,2025-06-11 10:22:47,Sell,6,21373.5,Market
1612,2,2025-06-11 11:00:07,Buy,6,21399.75,Stop
1613,1,2025-06-11 10:22:50,Sell,6,21373.5,Market
1613,2,2025-06-11 11:00:45,Buy,6,21399.75,Stop
1614,1,2025-06-12 10:05:23,Sell,10,6456.75,Limit
1614,2,2025-06-12 11:26:19,Buy,10,6463.0,Stop
1615,1,2025-06-12 10:05:23,Sell,10,6456.5,Limit
1615,2,2025-06-12 11:26:19,Buy,10,6463.25,Stop
1616,1,2025-06-12 10:05:24,Sell,10,6456.5,Limit
1616,2,2025-06-12 11:26:01,Buy,10,6463.25,Stop
1617,1,2025-06-12 10:05:25,Sell,10,6456.5,Market
1617,2,2025-06-12 11:26:21,Buy,10,6463.0,Stop
1618,1,2025-06-12 10:05:23,Sell,10,6456.5,Limit
1618,2,2025-06-12 11:25:59,Buy,10,6463.0,Stop
1619,1,2025-06-12 10:05:26,Sell,10,6456.75,Limit
1619,2,2025-06-12 11:25:27,Buy,10,6463.0,Stop
1620,1,2025-06-12 12:10:54,Buy,10,6437.0,Limit
1620,2,2025-06-12 12:29:37,Sell,10,6431.75,Stop
1621,1,2025-06-12 12:10:56,Buy,10,6437.25,Limit
1621,2,2025-06-12 12:28:58,Sell,10,6431.75,Stop
1622,1,2025-06-12 12:10:55,Buy,10,6437.0,Market
1622,2,2025-06-12 12:29:52,Sell,10,6431.75,Stop
1623,1,2025-06-12 12:10:54,Buy,10,6437.25,Limit
1623,2,2025-06-12 12:29:09,Sell,10,6431.75,Stop
1624,1,2025-06-12 12:10:56,Buy,10,6437.0,Market
1624,2,2025-06-12 12:29:20,Sell,10,6431.75,Stop
1625,1,2025-06-12 12:10:55,Buy,10,6437.0,Market
1625,2,2025-06-12 12:29:10,Sell,10,6431.75,Stop
1626,1,2025-06-12 10:31:26,Sell,10,45.06,Limit
1626,2,2025-06-12 10:53:05,Buy,10,45.34,Stop
1627,1,2025-06-12 10:31:26,Sell,10,45.06,Limit
1627,2,2025-06-12 10:53:04,Buy,10,45.34,Stop
1628,1,2025-06-12 10:31:28,Sell,10,45.06,Limit
1628,2,2025-06-12 10:53:07,Buy,10,45.34,Stop
1629,1,2025-06-12 10:31:26,Sell,10,45.05,Limit
1629,2,2025-06-12 10:52:52,Buy,10,45.34,Stop
1630,1,2025-06-12 10:31:28,Sell,10,45.05,Market
1630,2,2025-06-12 10:52:48,Buy,10,45.35,Stop
1631,1,2025-06-12 10:31:28,Sell,10,45.05,Market
1631,2,2025-06-12 10:53:05,Buy,10,45.34,Stop
1632,1,2025-06-13 09:54:59,Buy,10,43282.0,Market
1632,2,2025-06-13 10:13:28,Sell,10,43217.0,Stop
1633,1,2025-06-13 09:54:59,Buy,10,43283.0,Market
1633,2,2025-06-13 10:13:35,Sell,10,43216.0,Stop
1634,1,2025-06-13 09:54:59,Buy,10,43282.0,Limit
1634,2,2025-06-13 10:13:56,Sell,10,43217.0,Stop
1635,1,2025-06-13 09:54:59,Buy,10,43283.0,Limit
1635,2,2025-06-13 10:13:19,Sell,10,43216.0,Stop
1636,1,2025-06-13 03:30:17,Sell,10,43.4,Limit
1636,2,2025-06-13 05:00:26,Buy,10,42.98,Limit
1637,1,2025-06-13 03:30:20,Sell,10,43.39,Limit
1637,2,2025-06-13 04:15:46.500000,Buy,5,43.14,Limit
1637,3,2025-06-13 05:01:13,Buy,5,42.82,Limit
1638,1,2025-06-13 03:30:20,Sell,10,43.4,Market
1638,2,2025-06-13 05:00:39,Buy,10,42.98,Limit
1639,1,2025-06-16 09:46:04,Sell,10,6480.5,Limit
1639,2,2025-06-16 09:58:48,Buy,10,6485.0,Stop
1640,1,2025-06-16 09:46:05,Sell,10,6480.5,Market
1640,2,2025-06-16 09:58:14,Buy,10,6485.0,Stop
1641,1,2025-06-16 09:46:05,Sell,10,6480.5,Market
1641,2,2025-06-16 09:58:28,Buy,10,6485.0,Stop
1642,1,2025-06-16 12:10:51,Sell,10,1972.8,Limit
1642,2,2025-06-16 12:20:38,Buy,10,1977.5,Stop
1643,1,2025-06-16 12:10:52,Sell,10,1972.8,Limit
1643,2,2025-06-16 12:20:42,Buy,10,1977.5,Stop
1644,1,2025-06-16 12:10:53,Sell,10,1972.8,Limit
1644,2,2025-06-16 12:20:46,Buy,10,1977.5,Stop
1645,1,2025-06-16 12:10:52,Sell,10,1972.8,Market
1645,2,2025-06-16 12:20:14,Buy,10,1977.5,Stop
1646,1,2025-06-16 12:10:51,Sell,10,1972.8,Market
1646,2,2025-06-16 12:20:27,Buy,10,1977.5,Stop
1647,1,2025-06-16 10:37:24,Sell,5,2707.5,Limit
1647,2,2025-06-16 10:46:28,Buy,5,2712.7,Stop
1648,1,2025-06-16 10:37:24,Sell,5,2707.4,Market
1648,2,2025-06-16 10:47:18,Buy,5,2712.8,Stop
1649,1,2025-06-16 10:37:24,Sell,5,2707.4,Market
1649,2,2025-06-16 10:46:41,Buy,5,2712.7,Stop
1650,1,2025-06-16 10:37:27,Sell,5,2707.5,Limit
1650,2,2025-06-16 10:46:32,Buy,5,2712.7,Stop
1651,1,2025-06-16 10:37:26,Sell,5,2707.5,Limit
1651,2,2025-06-16 10:46:29,Buy,5,2712.7,Stop
1652,1,2025-06-17 10:02:05,Buy,10,6499.25,Market
1652,2,2025-06-17 10:38:03,Sell,10,6494.0,Stop
1653,1,2025-06-17 10:02:06,Buy,10,6499.5,Limit
1653,2,2025-06-17 10:37:54,Sell,10,6493.75,Stop
1654,1,2025-06-17 10:02:07,Buy,10,6499.25,Limit
1654,2,2025-06-17 10:37:35,Sell,10,6494.0,Stop
1655,1,2025-06-17 10:02:08,Buy,10,6499.5,Limit
1655,2,2025-06-17 10:37:28,Sell,10,6493.75,Stop
1656,1,2025-06-17 12:10:59,Sell,10,6489.5,Market
1656,2,2025-06-17 12:21:56,Buy,10,6495.25,Stop
1657,1,2025-06-17 12:11:00,Sell,10,6489.5,Market
1657,2,2025-06-17 12:21:02,Buy,10,6495.25,Stop
1658,1,2025-06-17 12:10:59,Sell,10,6489.25,Limit
1658,2,2025-06-17 12:21:48,Buy,10,6495.5,Stop
1659,1,2025-06-17 12:11:00,Sell,10,6489.5,Market
1659,2,2025-06-17 12:21:37,Buy,10,6495.25,Stop
1660,1,2025-06-17 10:22:25,Buy,10,42.8,Market
1660,2,2025-06-17 10:29:01.500000,Sell,5,43.11,Limit
1660,3,2025-06-17 10:35:38,Sell,5,43.53,Limit
1661,1,2025-06-17 10:22:26,Buy,10,42.8,Limit
1661,2,2025-06-17 10:29:25,Sell,5,43.11,Limit
1661,3,2025-06-17 10:36:24,Sell,5,43.53,Limit
1662,1,2025-06-17 10:22:28,Buy,10,42.81,Market
1662,2,2025-06-17 10:29:09,Sell,5,43.11,Limit
1662,3,2025-06-17 10:35:50,Sell,5,43.51,Limit
1663,1,2025-06-17 10:22:25,Buy,10,42.81,Market
1663,2,2025-06-17 10:35:50,Sell,10,43.32,Limit
1664,1,2025-06-17 03:24:19,Buy,10,43.37,Limit
1664,2,2025-06-17 04:30:51,Sell,10,43.06,Stop
1665,1,2025-06-17 03:24:19,Buy,10,43.38,Limit
1665,2,2025-06-17 04:30:47,Sell,10,43.06,Stop
1666,1,2025-06-17 03:24:19,Buy,10,43.38,Market
1666,2,2025-06-17 04:31:11,Sell,10,43.05,Stop
1667,1,2025-06-18 09:57:46,Buy,10,43004.0,Market
1667,2,2025-06-18 10:40:48,Sell,10,42943.0,Stop
1668,1,2025-06-18 09:57:49,Buy,10,43005.0,Limit
1668,2,2025-06-18 10:41:14,Sell,10,42942.0,Stop
1669,1,2025-06-18 09:57:46,Buy,10,43004.0,Market
1669,2,2025-06-18 10:41:21,Sell,10,42943.0,Stop
1670,1,2025-06-18 09:57:47,Buy,2,43004.0,Limit
1670,2,2025-06-18 10:41:19,Sell,2,42943.0,Stop
1671,1,2025-06-18 12:20:37,Sell,10,6431.25,Limit
1671,2,2025-06-18 12:28:18,Buy,10,6437.25,Stop
1672,1,2025-06-18 12:20:39,Sell,10,6431.25,Market
1672,2,2025-06-18 12:28:03,Buy,10,6437.25,Stop
1673,1,2025-06-18 12:20:40,Sell,10,6431.0,Limit
1673,2,2025-06-18 12:28:24,Buy,10,6437.5,Stop
1674,1,2025-06-18 12:20:38,Sell,10,6431.25,Limit
1674,2,2025-06-18 12:27:54,Buy,10,6437.25,Stop
1675,1,2025-06-18 12:20:37,Sell,2,6431.0,Limit
1675,2,2025-06-18 12:28:15,Buy,2,6437.5,Stop
1676,1,2025-06-18 10:34:44,Buy,10,44.35,Market
1676,2,2025-06-18 11:49:50,Sell,10,44.11,Stop
1677,1,2025-06-18 10:34:46,Buy,10,44.35,Limit
1677,2,2025-06-18 11:50:42,Sell,10,44.11,Stop
1678,1,2025-06-18 10:34:45,Buy,10,44.35,Limit
1678,2,2025-06-18 11:50:37,Sell,10,44.11,Stop
1679,1,2025-06-18 10:34:47,Buy,2,44.36,Market
1679,2,2025-06-18 11:49:49,Sell,2,44.1,Stop
1680,1,2025-06-19 10:33:20,Sell,5,2718.1,Limit
1680,2,2025-06-19 12:06:46,Buy,5,2704.2,Limit
1681,1,2025-06-19 10:33:23,Sell,5,2718.1,Market
1681,2,2025-06-19 11:20:19,Buy,2,2709.8,Limit
1681,3,2025-06-19 12:07:15,Buy,3,2700.5,Limit
1682,1,2025-06-19 10:33:20,Sell,1,2718.1,Market
1682,2,2025-06-19 12:07:08,Buy,1,2704.2,Limit
1683,1,2025-06-19 10:33:22,Sell,5,2718.0,Limit
1683,2,2025-06-19 11:19:59,Buy,2,2709.7,Limit
1683,3,2025-06-19 12:06:36,Buy,3,2700.5,Limit
1684,1,2025-06-19 03:34:40,Sell,5,2733.5,Market
1684,2,2025-06-19 04:43:18,Buy,5,2740.3,Stop
1685,1,2025-06-19 03:34:41,Sell,5,2733.5,Market
1685,2,2025-06-19 04:43:06,Buy,5,2740.3,Stop
1686,1,2025-06-19 03:34:43,Sell,5,2733.5,Market
1686,2,2025-06-19 04:42:58,Buy,5,2740.3,Stop
1687,1,2025-06-19 03:34:40,Sell,1,2733.5,Limit
1687,2,2025-06-19 04:43:01,Buy,1,2740.3,Stop
1688,1,2025-06-19 03:34:40,Sell,5,2733.5,Market
1688,2,2025-06-19 04:43:20,Buy,5,2740.3,Stop
1689,1,2025-06-20 09:55:20,Sell,10,42183.0,Limit
1689,2,2025-06-20 10:31:33,Buy,10,42088.0,Limit
1690,1,2025-06-20 09:55:21,Sell,10,42182.0,Market
1690,2,2025-06-20 10:13:22.500000,Buy,5,42126.0,Limit
1690,3,2025-06-20 10:31:24,Buy,5,42052.0,Limit
1691,1,2025-06-20 09:55:22,Sell,10,42182.0,Limit
1691,2,2025-06-20 10:32:19,Buy,10,42089.0,Limit
1692,1,2025-06-20 09:55:22,Sell,2,42183.0,Market
1692,2,2025-06-20 10:32:17,Buy,2,42088.0,Limit
1693,1,2025-06-20 09:55:23,Sell,10,42182.0,Limit
1693,2,2025-06-20 10:31:26,Buy,10,42088.0,Limit
1694,1,2025-06-20 12:25:20,Sell,10,1908.3,Limit
1694,2,2025-06-20 12:34:40,Buy,10,1913.0,Stop
1695,1,2025-06-20 12:25:21,Sell,10,1908.3,Market
1695,2,2025-06-20 12:34:32,Buy,10,1913.0,Stop
1696,1,2025-06-20 12:25:23,Sell,2,1908.2,Market
1696,2,2025-06-20 12:35:01,Buy,2,1913.1,Stop
1697,1,2025-06-20 12:25:20,Sell,10,1908.3,Limit
1697,2,2025-06-20 12:34:29,Buy,10,1913.0,Stop
1698,1,2025-06-20 10:20:46,Sell,6,21536.75,Market
1698,2,2025-06-20 11:29:11,Buy,6,21561.5,Stop
1699,1,2025-06-20 10:20:49,Sell,6,21536.75,Limit
1699,2,2025-06-20 11:29:44,Buy,6,21561.5,Stop
1700,1,2025-06-20 10:20:48,Sell,2,21536.75,Market
1700,2,2025-06-20 11:29:03,Buy,2,21561.5,Stop
1701,1,2025-06-20 10:20:46,Sell,6,21536.75,Limit
1701,2,2025-06-20 11:29:09,Buy,6,21561.5,Stop
1702,1,2025-06-20 03:21:16,Buy,10,42.2,Limit
1702,2,2025-06-20 03:37:33,Sell,10,42.69,Limit
1703,1,2025-06-20 03:21:19,Buy,10,42.21,Market
1703,2,2025-06-20 03:29:24.500000,Sell,5,42.5,Limit
1703,3,2025-06-20 03:37:30,Sell,5,42.88,Limit
1704,1,2025-06-20 03:21:18,Buy,10,42.2,Limit
1704,2,2025-06-20 03:37:19,Sell,10,42.69,Limit
1705,1,2025-06-20 03:21:17,Buy,10,42.21,Limit
1705,2,2025-06-20 03:29:18.500000,Sell,5,42.5,Limit
1705,3,2025-06-20 03:37:20,Sell,5,42.88,Limit
1706,1,2025-06-23 09:56:25,Buy,10,42548.0,Limit
1706,2,2025-06-23 10:14:11,Sell,10,42648.0,Limit
1707,1,2025-06-23 09:56:28,Buy,10,42549.0,Limit
1707,2,2025-06-23 10:13:57,Sell,10,42648.0,Limit
1708,1,2025-06-23 09:56:27,Buy,10,42548.0,Limit
1708,2,2025-06-23 10:13:29,Sell,10,42648.0,Limit
1709,1,2025-06-23 09:56:28,Buy,10,42548.0,Market
1709,2,2025-06-23 10:14:07,Sell,10,42648.0,Limit
1710,1,2025-06-23 12:12:51,Sell,10,6528.25,Market
1710,2,2025-06-23 12:17:33,Buy,10,6534.0,Stop
1711,1,2025-06-23 12:12:51,Sell,10,6528.0,Limit
1711,2,2025-06-23 12:16:58,Buy,10,6534.0,Stop
1712,1,2025-06-23 12:12:53,Sell,2,6528.0,Limit
1712,2,2025-06-23 12:17:24,Buy,2,6534.25,Stop
1713,1,2025-06-23 12:12:54,Sell,10,6528.25,Market
1713,2,2025-06-23 12:17:51,Buy,10,6534.0,Stop
1714,1,2025-06-23 12:12:54,Sell,10,6528.25,Market
1714,2,2025-06-23 12:17:06,Buy,10,6534.0,Stop
1715,1,2025-06-23 03:22:40,Buy,10,40.44,Market
1715,2,2025-06-23 03:51:27,Sell,10,40.18,Stop
1716,1,2025-06-23 03:22:41,Buy,10,40.44,Limit
1716,2,2025-06-23 03:51:03,Sell,10,40.18,Stop
1717,1,2025-06-23 03:22:40,Buy,10,40.45,Limit
1717,2,2025-06-23 03:50:56,Sell,10,40.17,Stop
1718,1,2025-06-23 03:22:41,Buy,2,40.45,Market
1718,2,2025-06-23 03:51:29,Sell,2,40.18,Stop
1719,1,2025-06-23 03:22:43,Buy,10,40.45,Limit
1719,2,2025-06-23 03:51:19,Sell,10,40.17,Stop
1720,1,2025-06-23 03:22:41,Buy,10,40.45,Limit
1720,2,2025-06-23 03:51:40,Sell,10,40.17,Stop
1721,1,2025-06-24 12:24:36,Sell,10,1931.4,Limit
1721,2,2025-06-24 12:41:42,Buy,10,1937.8,Stop
1722,1,2025-06-24 12:24:39,Sell,10,1931.4,Limit
1722,2,2025-06-24 12:42:19,Buy,10,1937.8,Stop
1723,1,2025-06-24 12:24:37,Sell,10,1931.3,Market
1723,2,2025-06-24 12:41:59,Buy,10,1937.9,Stop
1724,1,2025-06-24 12:24:36,Sell,10,1931.4,Market
1724,2,2025-06-24 12:42:30,Buy,10,1937.8,Stop
1725,1,2025-06-24 12:24:36,Sell,10,1931.4,Market
1725,2,2025-06-24 12:41:54,Buy,10,1937.8,Stop
1726,1,2025-06-24 03:25:24,Sell,10,40.57,Limit
1726,2,2025-06-24 03:38:12,Buy,10,40.89,Stop
1727,1,2025-06-24 03:25:26,Sell,10,40.56,Market
1727,2,2025-06-24 03:38:22,Buy,10,40.9,Stop
1728,1,2025-06-24 03:25:27,Sell,10,40.56,Market
1728,2,2025-06-24 03:37:55,Buy,10,40.89,Stop
1729,1,2025-06-24 03:25:26,Sell,2,40.56,Market
1729,2,2025-06-24 03:37:29,Buy,2,40.89,Stop
1730,1,2025-06-24 03:25:25,Sell,10,40.56,Market
1730,2,2025-06-24 03:38:17,Buy,10,40.89,Stop
1731,1,2025-06-24 03:25:26,Sell,10,40.57,Limit
1731,2,2025-06-24 03:37:29,Buy,10,40.89,Stop
1732,1,2025-06-25 12:24:39,Buy,10,6688.75,Limit
1732,2,2025-06-25 12:29:34.500000,Sell,5,6692.0,Limit
1732,3,2025-06-25 12:34:30,Sell,5,6696.0,Limit
1733,1,2025-06-25 12:24:41,Buy,10,6689.0,Market
1733,2,2025-06-25 12:29:39,Sell,5,6691.75,Limit
1733,3,2025-06-25 12:34:37,Sell,5,6695.75,Limit
1734,1,2025-06-25 12:24:42,Buy,10,6688.75,Limit
1734,2,2025-06-25 12:34:07,Sell,10,6694.0,Limit
1735,1,2025-06-25 12:24:42,Buy,2,6688.75,Limit
1735,2,2025-06-25 12:34:19,Sell,2,6694.0,Limit
1736,1,2025-06-25 12:24:42,Buy,10,6688.75,Limit
1736,2,2025-06-25 12:29:31.500000,Sell,5,6692.0,Limit
1736,3,2025-06-25 12:34:21,Sell,5,6696.0,Limit
1737,1,2025-06-25 12:24:40,Buy,10,6689.0,Market
1737,2,2025-06-25 12:34:30,Sell,10,6694.0,Limit
1738,1,2025-06-25 03:25:27,Sell,5,2716.4,Market
1738,2,2025-06-25 04:25:42,Buy,5,2721.9,Stop
1739,1,2025-06-25 03:25:28,Sell,5,2716.4,Market
1739,2,2025-06-25 04:25:53,Buy,5,2721.9,Stop
1740,1,2025-06-25 03:25:28,Sell,5,2716.4,Limit
1740,2,2025-06-25 04:26:04,Buy,5,2721.9,Stop
1741,1,2025-06-25 03:25:30,Sell,1,2716.4,Market
1741,2,2025-06-25 04:25:32,Buy,1,2721.9,Stop
1742,1,2025-06-25 03:25:27,Sell,5,2716.3,Market
1742,2,2025-06-25 04:26:18,Buy,5,2721.9,Stop
1743,1,2025-06-25 03:25:27,Sell,5,2716.4,Market
1743,2,2025-06-25 04:25:49,Buy,5,2721.9,Stop
1744,1,2025-06-26 10:01:41,Sell,10,43358.0,Market
1744,2,2025-06-26 11:19:51,Buy,10,43416.0,Stop
1745,1,2025-06-26 10:01:42,Sell,10,43358.0,Limit
1745,2,2025-06-26 11:19:59,Buy,10,43416.0,Stop
1746,1,2025-06-26 10:01:42,Sell,10,43358.0,Limit
1746,2,2025-06-26 11:20:15,Buy,10,43416.0,Stop
1747,1,2025-06-26 10:01:44,Sell,2,43357.0,Market
1747,2,2025-06-26 11:20:10,Buy,2,43416.0,Stop
1748,1,2025-06-26 10:01:41,Sell,10,43358.0,Market
1748,2,2025-06-26 11:20:02,Buy,10,43416.0,Stop
1749,1,2025-06-26 10:01:41,Sell,10,43358.0,Limit
1749,2,2025-06-26 11:19:51,Buy,10,43416.0,Stop
1750,1,2025-06-26 10:38:48,Buy,10,41.25,Limit
1750,2,2025-06-26 10:54:21,Sell,10,40.89,Stop
1751,1,2025-06-26 10:38:51,Buy,10,41.26,Market
1751,2,2025-06-26 10:54:18,Sell,10,40.89,Stop
1752,1,2025-06-26 10:38:51,Buy,10,41.25,Limit
1752,2,2025-06-26 10:53:55,Sell,10,40.89,Stop
1753,1,2025-06-26 10:38:48,Buy,2,41.25,Market
1753,2,2025-06-26 10:54:06,Sell,2,40.89,Stop
1754,1,2025-06-26 10:38:48,Buy,10,41.25,Limit
1754,2,2025-06-26 10:54:38,Sell,10,40.89,Stop
1755,1,2025-06-26 10:38:50,Buy,10,41.25,Limit
1755,2,2025-06-26 10:53:57,Sell,10,40.89,Stop
1756,1,2025-06-27 09:47:43,Buy,10,6695.5,Market
1756,2,2025-06-27 10:44:25,Sell,10,6689.75,Stop
1757,1,2025-06-27 09:47:45,Buy,10,6695.5,Market
1757,2,2025-06-27 10:44:01,Sell,10,6689.75,Stop
1758,1,2025-06-27 09:47:46,Buy,10,6695.75,Limit
1758,2,2025-06-27 10:44:03,Sell,10,6689.75,Stop
1759,1,2025-06-27 09:47:43,Buy,2,6695.75,Limit
1759,2,2025-06-27 10:44:30,Sell,2,6689.5,Stop
1760,1,2025-06-27 09:47:44,Buy,10,6695.75,Limit
1760,2,2025-06-27 10:44:06,Sell,10,6689.5,Stop
1761,1,2025-06-27 09:47:43,Buy,10,6695.5,Market
1761,2,2025-06-27 10:43:43,Sell,10,6689.75,Stop
1762,1,2025-06-27 10:30:25,Sell,5,2776.9,Market
1762,2,2025-06-27 11:34:08,Buy,5,2782.2,Stop
1763,1,2025-06-27 10:30:28,Sell,5,2776.9,Limit
1763,2,2025-06-27 11:34:02,Buy,5,2782.2,Stop
1764,1,2025-06-27 10:30:27,Sell,5,2776.8,Market
1764,2,2025-06-27 11:33:43,Buy,5,2782.2,Stop
1765,1,2025-06-27 10:30:26,Sell,1,2776.8,Market
1765,2,2025-06-27 11:34:18,Buy,1,2782.2,Stop
1766,1,2025-06-27 10:30:25,Sell,5,2776.9,Limit
1766,2,2025-06-27 11:33:34,Buy,5,2782.2,Stop
1767,1,2025-06-27 10:30:25,Sell,5,2776.8,Limit
1767,2,2025-06-27 11:33:29,Buy,5,2782.2,Stop
1768,1,2025-06-30 10:38:44,Sell,5,2800.2,Market
1768,2,2025-06-30 11:55:50,Buy,5,2807.2,Stop
1769,1,2025-06-30 10:38:44,Sell,1,2800.2,Limit
1769,2,2025-06-30 11:55:59,Buy,1,2807.2,Stop
1770,1,2025-06-30 10:38:44,Sell,5,2800.2,Market
1770,2,2025-06-30 11:56:15,Buy,5,2807.2,Stop
1771,1,2025-06-30 10:38:45,Sell,5,2800.2,Limit
1771,2,2025-06-30 11:56:30,Buy,5,2807.2,Stop
1772,1,2025-07-01 09:47:09,Buy,2,21142.0,Market
1772,2,2025-07-01 09:53:56.500000,Sell,1,21171.5,Limit
1772,3,2025-07-01 10:00:44,Sell,1,21210.5,Limit
1773,1,2025-07-01 09:47:09,Buy,6,21142.25,Limit
1773,2,2025-07-01 10:00:38,Sell,6,21190.75,Limit
1774,1,2025-07-01 09:47:11,Buy,6,21142.25,Limit
1774,2,2025-07-01 09:53:53.500000,Sell,3,21171.25,Limit
1774,3,2025-07-01 10:00:36,Sell,3,21210.25,Limit
1775,1,2025-07-02 09:50:56,Sell,2,6691.75,Limit
1775,2,2025-07-02 10:29:57,Buy,2,6678.5,Limit
1776,1,2025-07-02 09:50:57,Sell,10,6691.75,Market
1776,2,2025-07-02 10:10:29.500000,Buy,5,6683.75,Limit
1776,3,2025-07-02 10:30:02,Buy,5,6673.25,Limit
1777,1,2025-07-02 09:50:57,Sell,10,6691.75,Market
1777,2,2025-07-02 10:30:47,Buy,10,6678.5,Limit
1778,1,2025-07-02 09:50:56,Sell,10,6691.5,Market
1778,2,2025-07-02 10:30:22,Buy,10,6678.5,Limit
1779,1,2025-07-02 09:50:57,Sell,10,6691.75,Market
1779,2,2025-07-02 10:10:37,Buy,5,6683.75,Limit
1779,3,2025-07-02 10:30:17,Buy,5,6673.25,Limit
1780,1,2025-07-02 10:22:00,Buy,2,48.27,Limit
1780,2,2025-07-02 11:06:53,Sell,1,48.55,Limit
1780,3,2025-07-02 11:51:46,Sell,1,48.91,Limit
1781,1,2025-07-02 10:22:01,Buy,10,48.27,Market
1781,2,2025-07-02 11:51:12,Sell,10,48.73,Limit
1782,1,2025-07-02 10:22:02,Buy,10,48.27,Limit
1782,2,2025-07-02 11:52:01,Sell,10,48.73,Limit
1783,1,2025-07-02 10:22:03,Buy,10,48.27,Limit
1783,2,2025-07-02 11:51:16,Sell,10,48.73,Limit
1784,1,2025-07-02 10:22:01,Buy,10,48.27,Market
1784,2,2025-07-02 11:06:34,Sell,5,48.55,Limit
1784,3,2025-07-02 11:51:07,Sell,5,48.91,Limit
1785,1,2025-07-03 09:48:35,Sell,2,44238.0,Limit
1785,2,2025-07-03 11:16:22,Buy,2,44287.0,Stop
1786,1,2025-07-03 09:48:38,Sell,10,44237.0,Market
1786,2,2025-07-03 11:15:49,Buy,10,44287.0,Stop
1787,1,2025-07-03 09:48:37,Sell,10,44238.0,Market
1787,2,2025-07-03 11:16:03,Buy,10,44287.0,Stop
1788,1,2025-07-03 09:48:35,Sell,10,44237.0,Market
1788,2,2025-07-03 11:15:55,Buy,10,44288.0,Stop
1789,1,2025-07-03 09:48:35,Sell,10,44238.0,Market
1789,2,2025-07-03 11:16:04,Buy,10,44287.0,Stop
1790,1,2025-07-04 10:22:54,Sell,2,48.43,Limit
1790,2,2025-07-04 11:02:31,Buy,2,47.91,Limit
1791,1,2025-07-04 10:22:56,Sell,10,48.43,Limit
1791,2,2025-07-04 11:02:14,Buy,10,47.91,Limit
1792,1,2025-07-04 10:22:54,Sell,10,48.42,Market
1792,2,2025-07-04 10:42:47.500000,Buy,5,48.12,Limit
1792,3,2025-07-04 11:02:41,Buy,5,47.72,Limit
1793,1,2025-07-04 10:22:54,Sell,10,48.42,Limit
1793,2,2025-07-04 10:42:50,Buy,5,48.12,Limit
1793,3,2025-07-04 11:02:46,Buy,5,47.72,Limit
1794,1,2025-07-04 10:22:57,Sell,10,48.43,Limit
1794,2,2025-07-04 10:42:27,Buy,5,48.12,Limit
1794,3,2025-07-04 11:01:57,Buy,5,47.7,Limit
1795,1,2025-07-04 08:52:27,Sell,2,6655.0,Limit
1795,2,2025-07-04 09:17:47,Buy,2,6661.75,Stop
1796,1,2025-07-04 08:52:30,Sell,10,6655.0,Limit
1796,2,2025-07-04 09:18:12,Buy,10,6661.75,Stop
1797,1,2025-07-04 08:52:27,Sell,10,6655.0,Market
1797,2,2025-07-04 09:17:58,Buy,10,6661.75,Stop
1798,1,2025-07-04 08:52:30,Sell,10,6654.75,Limit
1798,2,2025-07-04 09:17:46,Buy,10,6661.75,Stop
1799,1,2025-07-04 08:52:30,Sell,10,6654.75,Market
1799,2,2025-07-04 09:17:54,Buy,10,6661.75,Stop
1800,1,2025-07-07 12:28:50,Buy,2,6722.25,Limit
1800,2,2025-07-07 12:51:57,Sell,2,6726.0,Limit
1801,1,2025-07-07 12:28:52,Buy,10,6722.5,Market
1801,2,2025-07-07 12:51:53,Sell,10,6725.75,Limit
1802,1,2025-07-07 12:28:52,Buy,10,6722.25,Market
1802,2,2025-07-07 12:52:19,Sell,10,6726.0,Limit
1803,1,2025-07-07 12:28:53,Buy,10,6722.5,Market
1803,2,2025-07-07 12:52:10,Sell,10,6726.0,Limit
1804,1,2025-07-07 12:28:53,Buy,10,6722.25,Market
1804,2,2025-07-07 12:40:23,Sell,5,6724.5,Limit
1804,3,2025-07-07 12:51:53,Sell,5,6727.5,Limit
1805,1,2025-07-07 10:31:36,Buy,2,47.22,Limit
1805,2,2025-07-07 11:01:34,Sell,2,46.97,Stop
1806,1,2025-07-07 10:31:38,Buy,10,47.23,Limit
1806,2,2025-07-07 11:01:01,Sell,10,46.97,Stop
1807,1,2025-07-07 10:31:39,Buy,10,47.22,Limit
1807,2,2025-07-07 11:01:01,Sell,10,46.97,Stop
1808,1,2025-07-07 10:31:39,Buy,10,47.23,Market
1808,2,2025-07-07 11:01:34,Sell,10,46.97,Stop
1809,1,2025-07-07 10:31:36,Buy,10,47.22,Market
1809,2,2025-07-07 11:01:15,Sell,10,46.97,Stop
1810,1,2025-07-07 03:18:22,Buy,2,47.22,Limit
1810,2,2025-07-07 04:12:18,Sell,2,46.99,Stop
1811,1,2025-07-07 03:18:22,Buy,10,47.23,Market
1811,2,2025-07-07 04:12:19,Sell,10,46.99,Stop
1812,1,2025-07-07 03:18:22,Buy,10,47.22,Market
1812,2,2025-07-07 04:11:33,Sell,10,46.99,Stop
1813,1,2025-07-07 03:18:23,Buy,10,47.22,Market
1813,2,2025-07-07 04:11:37,Sell,10,46.99,Stop
1814,1,2025-07-07 03:18:25,Buy,10,47.23,Market
1814,2,2025-07-07 04:11:57,Sell,10,46.99,Stop
1815,1,2025-07-08 03:24:31,Sell,1,2807.4,Market
1815,2,2025-07-08 03:32:55,Buy,1,2799.5,Limit
1816,1,2025-07-08 03:24:33,Sell,5,2807.4,Market
1816,2,2025-07-08 03:33:12,Buy,5,2799.5,Limit
1817,1,2025-07-08 03:24:33,Sell,5,2807.3,Limit
1817,2,2025-07-08 03:28:42.500000,Buy,2,2802.6,Limit
1817,3,2025-07-08 03:32:52,Buy,3,2797.4,Limit
1818,1,2025-07-08 03:24:34,Sell,5,2807.4,Limit
1818,2,2025-07-08 03:28:53,Buy,2,2802.7,Limit
1818,3,2025-07-08 03:33:12,Buy,3,2797.4,Limit
1819,1,2025-07-08 03:24:31,Sell,5,2807.4,Limit
1819,2,2025-07-08 03:28:40,Buy,2,2802.7,Limit
1819,3,2025-07-08 03:32:49,Buy,3,2797.4,Limit
1820,1,2025-07-09 09:57:15,Sell,2,21162.5,Limit
1820,2,2025-07-09 11:07:48,Buy,2,21129.0,Limit
1821,1,2025-07-09 09:57:17,Sell,6,21162.5,Limit
1821,2,2025-07-09 10:32:36.500000,Buy,3,21142.5,Limit
1821,3,2025-07-09 11:07:56,Buy,3,21115.5,Limit
1822,1,2025-07-09 09:57:17,Sell,6,21162.5,Limit
1822,2,2025-07-09 11:07:50,Buy,6,21129.0,Limit
1823,1,2025-07-09 09:57:17,Sell,6,21162.5,Limit
1823,2,2025-07-09 11:07:37,Buy,6,21129.0,Limit
1824,1,2025-07-09 09:57:17,Sell,6,21162.5,Market
1824,2,2025-07-09 11:07:27,Buy,6,21129.0,Limit
1825,1,2025-07-09 09:57:15,Sell,6,21162.5,Market
1825,2,2025-07-09 10:32:41,Buy,3,21142.5,Limit
1825,3,2025-07-09 11:08:07,Buy,3,21115.5,Limit
1826,1,2025-07-09 10:21:41,Sell,2,21274.5,Limit
1826,2,2025-07-09 11:14:51,Buy,2,21295.0,Stop
1827,1,2025-07-09 10:21:41,Sell,6,21274.5,Limit
1827,2,2025-07-09 11:14:53,Buy,6,21295.0,Stop
1828,1,2025-07-09 10:21:44,Sell,6,21274.25,Limit
1828,2,2025-07-09 11:15:25,Buy,6,21295.0,Stop
1829,1,2025-07-09 10:21:43,Sell,6,21274.5,Limit
1829,2,2025-07-09 11:15:22,Buy,6,21295.0,Stop
1830,1,2025-07-09 10:21:41,Sell,6,21274.25,Market
1830,2,2025-07-09 11:14:44,Buy,6,21295.25,Stop
1831,1,2025-07-09 03:26:22,Buy,1,2782.0,Market
1831,2,2025-07-09 03:50:05,Sell,1,2777.2,Stop
1832,1,2025-07-09 03:26:24,Buy,5,2782.0,Market
1832,2,2025-07-09 03:50:10,Sell,5,2777.2,Stop
1833,1,2025-07-09 03:26:22,Buy,5,2782.0,Limit
1833,2,2025-07-09 03:49:49,Sell,5,2777.2,Stop
1834,1,2025-07-09 03:26:23,Buy,5,2782.0,Limit
1834,2,2025-07-09 03:50:17,Sell,5,2777.2,Stop
1835,1,2025-07-09 03:26:25,Buy,5,2782.1,Market
1835,2,2025-07-09 03:49:44,Sell,5,2777.2,Stop
1836,1,2025-07-09 03:26:25,Buy,5,2782.1,Market
1836,2,2025-07-09 03:49:57,Sell,5,2777.1,Stop
1837,1,2025-07-10 09:53:05,Sell,2,6805.25,Market
1837,2,2025-07-10 10:54:38,Buy,2,6811.0,Stop
1838,1,2025-07-10 09:53:06,Sell,10,6805.25,Limit
1838,2,2025-07-10 10:54:10,Buy,10,6811.0,Stop
1839,1,2025-07-10 09:53:05,Sell,10,6805.0,Limit
1839,2,2025-07-10 10:54:25,Buy,10,6811.25,Stop
1840,1,2025-07-10 09:53:07,Sell,10,6805.0,Market
1840,2,2025-07-10 10:54:35,Buy,10,6811.25,Stop
1841,1,2025-07-10 09:53:07,Sell,10,6805.25,Market
1841,2,2025-07-10 10:54:17,Buy,10,6811.0,Stop
1842,1,2025-07-10 09:53:06,Sell,10,6805.25,Limit
1842,2,2025-07-10 10:54:42,Buy,10,6811.0,Stop
1843,1,2025-07-10 03:28:43,Buy,1,2810.2,Limit
1843,2,2025-07-10 04:07:03,Sell,1,2818.4,Limit
1844,1,2025-07-10 03:28:45,Buy,5,2810.2,Market
1844,2,2025-07-10 03:47:48,Sell,2,2815.1,Limit
1844,3,2025-07-10 04:06:51,Sell,3,2820.6,Limit
1845,1,2025-07-10 03:28:43,Buy,5,2810.3,Limit
1845,2,2025-07-10 04:06:50,Sell,5,2818.3,Limit
1846,1,2025-07-10 03:28:43,Buy,5,2810.3,Limit
1846,2,2025-07-10 03:48:08.500000,Sell,2,2815.2,Limit
1846,3,2025-07-10 04:07:34,Sell,3,2820.5,Limit
1847,1,2025-07-10 03:28:43,Buy,5,2810.2,Limit
1847,2,2025-07-10 04:06:55,Sell,5,2818.4,Limit
1848,1,2025-07-10 03:28:46,Buy,5,2810.3,Limit
1848,2,2025-07-10 03:47:53,Sell,2,2815.1,Limit
1848,3,2025-07-10 04:07:00,Sell,3,2820.4,Limit
1849,1,2025-07-11 10:03:07,Buy,2,43263.0,Market
1849,2,2025-07-11 10:36:46,Sell,2,43362.0,Limit
1850,1,2025-07-11 10:03:09,Buy,10,43263.0,Limit
1850,2,2025-07-11 10:36:47,Sell,10,43362.0,Limit
1851,1,2025-07-11 10:03:10,Buy,10,43264.0,Market
1851,2,2025-07-11 10:19:54,Sell,5,43323.0,Limit
1851,3,2025-07-11 10:36:38,Sell,5,43401.0,Limit
1852,1,2025-07-11 10:03:09,Buy,10,43263.0,Limit
1852,2,2025-07-11 10:19:57.500000,Sell,5,43322.0,Limit
1852,3,2025-07-11 10:36:46,Sell,5,43402.0,Limit
1853,1,2025-07-11 10:03:09,Buy,10,43264.0,Market
1853,2,2025-07-11 10:36:21,Sell,10,43361.0,Limit
1854,1,2025-07-11 10:03:08,Buy,10,43264.0,Market
1854,2,2025-07-11 10:36:49,Sell,10,43362.0,Limit
1855,1,2025-07-11 12:14:22,Buy,2,1948.6,Limit
1855,2,2025-07-11 12:31:49,Sell,2,1941.4,Stop
1856,1,2025-07-11 12:14:23,Buy,10,1948.7,Limit
1856,2,2025-07-11 12:31:26,Sell,10,1941.4,Stop
1857,1,2025-07-11 12:14:23,Buy,10,1948.6,Market
1857,2,2025-07-11 12:31:38,Sell,10,1941.4,Stop
1858,1,2025-07-11 12:14:24,Buy,10,1948.7,Limit
1858,2,2025-07-11 12:31:47,Sell,10,1941.3,Stop
1859,1,2025-07-11 12:14:24,Buy,10,1948.6,Limit
1859,2,2025-07-11 12:32:10,Sell,10,1941.4,Stop
1860,1,2025-07-11 12:14:22,Buy,10,1948.6,Limit
1860,2,2025-07-11 12:31:56,Sell,10,1941.4,Stop
1861,1,2025-07-11 03:20:53,Buy,2,45.48,Limit
1861,2,2025-07-11 04:44:42,Sell,2,45.18,Stop
1862,1,2025-07-11 03:20:54,Buy,10,45.48,Limit
1862,2,2025-07-11 04:44:40,Sell,10,45.18,Stop
1863,1,2025-07-11 03:20:55,Buy,10,45.48,Market
1863,2,2025-07-11 04:44:39,Sell,10,45.18,Stop
1864,1,2025-07-11 03:20:54,Buy,10,45.49,Limit
1864,2,2025-07-11 04:43:54,Sell,10,45.18,Stop
1865,1,2025-07-11 03:20:53,Buy,10,45.49,Market
1865,2,2025-07-11 04:44:50,Sell,10,45.18,Stop
1866,1,2025-07-14 09:58:33,Sell,2,6899.75,Limit
1866,2,2025-07-14 10:24:48,Buy,2,6904.5,Stop
1867,1,2025-07-14 09:58:34,Sell,10,6899.5,Limit
1867,2,2025-07-14 10:25:06,Buy,10,6904.75,Stop
1868,1,2025-07-14 09:58:35,Sell,10,6899.75,Limit
1868,2,2025-07-14 10:24:49,Buy,10,6904.5,Stop
1869,1,2025-07-14 09:58:33,Sell,10,6899.75,Limit
1869,2,2025-07-14 10:25:32,Buy,10,6904.5,Stop
1870,1,2025-07-14 09:58:36,Sell,10,6899.75,Limit
1870,2,2025-07-14 10:25:32,Buy,10,6904.5,Stop
1871,1,2025-07-14 09:58:36,Sell,10,6899.5,Limit
1871,2,2025-07-14 10:25:04,Buy,10,6904.75,Stop
1872,1,2025-07-14 12:29:59,Buy,2,1940.7,Market
1872,2,2025-07-14 12:40:41,Sell,2,1933.2,Stop
1873,1,2025-07-14 12:30:01,Buy,10,1940.8,Market
1873,2,2025-07-14 12:40:45,Sell,10,1933.1,Stop
1874,1,2025-07-14 12:30:02,Buy,10,1940.8,Limit
1874,2,2025-07-14 12:40:06,Sell,10,1933.2,Stop
1875,1,2025-07-14 12:30:02,Buy,10,1940.7,Limit
1875,2,2025-07-14 12:40:05,Sell,10,1933.2,Stop
1876,1,2025-07-14 12:30:02,Buy,10,1940.7,Limit
1876,2,2025-07-14 12:40:55,Sell,10,1933.2,Stop
1877,1,2025-07-14 12:29:59,Buy,10,1940.7,Limit
1877,2,2025-07-14 12:40:35,Sell,10,1933.2,Stop
1878,1,2025-07-14 10:34:14,Buy,2,44.76,Limit
1878,2,2025-07-14 11:22:59,Sell,2,44.51,Stop
1879,1,2025-07-14 10:34:17,Buy,10,44.76,Limit
1879,2,2025-07-14 11:23:13,Sell,10,44.51,Stop
1880,1,2025-07-14 10:34:16,Buy,10,44.77,Market
1880,2,2025-07-14 11:22:45,Sell,10,44.5,Stop
1881,1,2025-07-14 10:34:17,Buy,10,44.76,Market
1881,2,2025-07-14 11:22:40,Sell,10,44.51,Stop
1882,1,2025-07-14 10:34:17,Buy,10,44.76,Market
1882,2,2025-07-14 11:22:20,Sell,10,44.51,Stop
1883,1,2025-07-14 10:34:16,Buy,10,44.76,Market
1883,2,2025-07-14 11:22:34,Sell,10,44.51,Stop
1884,1,2025-07-14 03:26:34,Buy,2,45.22,Market
1884,2,2025-07-14 04:43:12,Sell,2,44.86,Stop
1885,1,2025-07-14 03:26:37,Buy,10,45.22,Market
1885,2,2025-07-14 04:42:59,Sell,10,44.86,Stop
1886,1,2025-07-14 03:26:35,Buy,10,45.23,Limit
1886,2,2025-07-14 04:43:28,Sell,10,44.86,Stop
1887,1,2025-07-14 03:26:35,Buy,10,45.22,Limit
1887,2,2025-07-14 04:42:47,Sell,10,44.86,Stop
1888,1,2025-07-14 03:26:36,Buy,10,45.22,Limit
1888,2,2025-07-14 04:43:09,Sell,10,44.86,Stop
1889,1,2025-07-14 03:26:36,Buy,10,45.22,Market
1889,2,2025-07-14 04:42:48,Sell,10,44.86,Stop
1890,1,2025-07-15 09:52:43,Sell,2,22057.75,Market
1890,2,2025-07-15 10:33:28,Buy,2,22076.25,Stop
1891,1,2025-07-15 09:52:43,Sell,6,22057.75,Limit
1891,2,2025-07-15 10:32:53,Buy,6,22076.25,Stop
1892,1,2025-07-15 09:52:46,Sell,6,22057.75,Market
1892,2,2025-07-15 10:32:56,Buy,6,22076.25,Stop
1893,1,2025-07-15 09:52:43,Sell,6,22057.75,Limit
1893,2,2025-07-15 10:33:14,Buy,6,22076.25,Stop
1894,1,2025-07-15 09:52:46,Sell,6,22057.75,Market
1894,2,2025-07-15 10:33:43,Buy,6,22076.25,Stop
1895,1,2025-07-15 09:52:45,Sell,6,22057.75,Market
1895,2,2025-07-15 10:33:03,Buy,6,22076.25,Stop
1896,1,2025-07-15 12:22:13,Sell,2,1975.1,Limit
1896,2,2025-07-15 12:44:34,Buy,2,1980.5,Stop
1897,1,2025-07-15 12:22:14,Sell,10,1975.1,Market
1897,2,2025-07-15 12:45:07,Buy,10,1980.5,Stop
1898,1,2025-07-15 12:22:14,Sell,10,1975.0,Limit
1898,2,2025-07-15 12:45:03,Buy,10,1980.5,Stop
1899,1,2025-07-15 12:22:15,Sell,10,1975.1,Market
1899,2,2025-07-15 12:44:19,Buy,10,1980.5,Stop
1900,1,2025-07-15 12:22:15,Sell,10,1975.1,Market
1900,2,2025-07-15 12:44:18,Buy,10,1980.5,Stop
1901,1,2025-07-15 10:35:56,Sell,5,2870.6,Limit
1901,2,2025-07-15 11:08:50.500000,Buy,2,2864.7,Limit
1901,3,2025-07-15 11:41:45,Buy,3,2858.2,Limit
1902,1,2025-07-15 10:35:56,Sell,5,2870.5,Market
1902,2,2025-07-15 11:41:40,Buy,5,2860.8,Limit
1903,1,2025-07-15 10:35:58,Sell,5,2870.6,Limit
1903,2,2025-07-15 11:08:35.500000,Buy,2,2864.7,Limit
1903,3,2025-07-15 11:41:13,Buy,3,2858.2,Limit
1904,1,2025-07-15 10:35:58,Sell,5,2870.5,Limit
1904,2,2025-07-15 11:08:46,Buy,2,2864.7,Limit
1904,3,2025-07-15 11:41:34,Buy,3,2858.2,Limit
1905,1,2025-07-15 03:34:48,Buy,2,44.32,Limit
1905,2,2025-07-15 03:54:54,Sell,1,44.6,Limit
1905,3,2025-07-15 04:15:00,Sell,1,44.96,Limit
1906,1,2025-07-15 03:34:49,Buy,10,44.33,Market
1906,2,2025-07-15 03:54:58.500000,Sell,5,44.59,Limit
1906,3,2025-07-15 04:15:08,Sell,5,44.95,Limit
1907,1,2025-07-15 03:34:50,Buy,10,44.32,Market
1907,2,2025-07-15 03:55:19,Sell,5,44.6,Limit
1907,3,2025-07-15 04:15:48,Sell,5,44.96,Limit
1908,1,2025-07-15 03:34:49,Buy,10,44.33,Market
1908,2,2025-07-15 03:55:09,Sell,5,44.59,Limit
1908,3,2025-07-15 04:15:29,Sell,5,44.95,Limit
1909,1,2025-07-15 03:34:48,Buy,10,44.33,Limit
1909,2,2025-07-15 03:55:09,Sell,5,44.6,Limit
1909,3,2025-07-15 04:15:30,Sell,5,44.96,Limit
1910,1,2025-07-15 03:34:50,Buy,10,44.33,Limit
1910,2,2025-07-15 04:15:34,Sell,10,44.77,Limit
1911,1,2025-07-16 10:04:59,Buy,2,6998.5,Limit
1911,2,2025-07-16 11:34:32,Sell,2,6993.0,Stop
1912,1,2025-07-16 10:04:59,Buy,10,6998.5,Limit
1912,2,2025-07-16 11:34:50,Sell,10,6993.0,Stop
1913,1,2025-07-16 10:04:59,Buy,10,6998.5,Limit
1913,2,2025-07-16 11:34:44,Sell,10,6993.0,Stop
1914,1,2025-07-16 10:05:02,Buy,10,6998.5,Market
1914,2,2025-07-16 11:34:35,Sell,10,6993.0,Stop
1915,1,2025-07-16 10:05:00,Buy,10,6998.5,Limit
1915,2,2025-07-16 11:34:03,Sell,10,6993.0,Stop
1916,1,2025-07-16 10:05:01,Buy,10,6998.5,Limit
1916,2,2025-07-16 11:34:38,Sell,10,6993.0,Stop
1917,1,2025-07-16 12:16:40,Buy,2,6991.25,Limit
1917,2,2025-07-16 12:35:14,Sell,2,6986.25,Stop
1918,1,2025-07-16 12:16:40,Buy,10,6991.5,Limit
1918,2,2025-07-16 12:35:04,Sell,10,6986.25,Stop
1919,1,2025-07-16 12:16:43,Buy,10,6991.5,Market
1919,2,2025-07-16 12:34:49,Sell,10,6986.0,Stop
1920,1,2025-07-16 12:16:41,Buy,10,6991.25,Limit
1920,2,2025-07-16 12:35:15,Sell,10,6986.25,Stop
1921,1,2025-07-16 12:16:43,Buy,10,6991.5,Market
1921,2,2025-07-16 12:34:51,Sell,10,6986.25,Stop
1922,1,2025-07-16 12:16:41,Buy,10,6991.25,Limit
1922,2,2025-07-16 12:34:45,Sell,10,6986.25,Stop
1923,1,2025-07-16 10:20:32,Buy,1,2882.4,Market
1923,2,2025-07-16 10:49:32,Sell,1,2876.8,Stop
1924,1,2025-07-16 10:20:33,Buy,5,2882.4,Market
1924,2,2025-07-16 10:50:03,Sell,5,2876.8,Stop
1925,1,2025-07-16 10:20:32,Buy,5,2882.4,Market
1925,2,2025-07-16 10:50:15,Sell,5,2876.8,Stop
1926,1,2025-07-16 10:20:35,Buy,5,2882.4,Limit
1926,2,2025-07-16 10:50:08,Sell,5,2876.8,Stop
1927,1,2025-07-16 10:20:32,Buy,5,2882.5,Market
1927,2,2025-07-16 10:50:10,Sell,5,2876.8,Stop
1928,1,2025-07-16 10:20:32,Buy,5,2882.5,Market
1928,2,2025-07-16 10:50:31,Sell,5,2876.8,Stop
1929,1,2025-07-17 09:46:32,Sell,10,43902.0,Market
1929,2,2025-07-17 10:20:21,Buy,5,43850.0,Limit
1929,3,2025-07-17 10:54:10,Buy,5,43780.0,Limit
1930,1,2025-07-17 09:46:32,Sell,10,43901.0,Limit
1930,2,2025-07-17 10:20:20,Buy,5,43850.0,Limit
1930,3,2025-07-17 10:54:08,Buy,5,43782.0,Limit
1931,1,2025-07-17 09:46:33,Sell,10,43902.0,Market
1931,2,2025-07-17 10:20:09.500000,Buy,5,43850.0,Limit
1931,3,2025-07-17 10:53:46,Buy,5,43780.0,Limit
1932,1,2025-07-17 09:46:34,Sell,10,43902.0,Limit
1932,2,2025-07-17 10:53:48,Buy,10,43815.0,Limit
1933,1,2025-07-17 12:26:03,Buy,10,1968.0,Market
1933,2,2025-07-17 12:37:26,Sell,10,1974.3,Limit
1934,1,2025-07-17 12:26:03,Buy,10,1968.1,Limit
1934,2,2025-07-17 12:37:30,Sell,10,1974.2,Limit
1935,1,2025-07-17 12:26:04,Buy,10,1968.0,Market
1935,2,2025-07-17 12:37:06,Sell,10,1974.3,Limit
1936,1,2025-07-17 12:26:04,Buy,10,1968.1,Market
1936,2,2025-07-17 12:37:53,Sell,10,1974.3,Limit
1937,1,2025-07-18 09:47:19,Sell,10,6811.0,Limit
1937,2,2025-07-18 10:05:52,Buy,5,6804.5,Limit
1937,3,2025-07-18 10:24:25,Buy,5,6795.5,Limit
1938,1,2025-07-18 09:47:22,Sell,10,6811.0,Market
1938,2,2025-07-18 10:24:55,Buy,10,6800.0,Limit
1939,1,2025-07-18 09:47:20,Sell,10,6811.0,Market
1939,2,2025-07-18 10:25:16,Buy,10,6800.0,Limit
1940,1,2025-07-18 09:47:20,Sell,10,6811.0,Market
1940,2,2025-07-18 10:24:50,Buy,10,6800.0,Limit
1941,1,2025-07-18 09:47:22,Sell,10,6811.0,Limit
1941,2,2025-07-18 10:06:10,Buy,5,6804.5,Limit
1941,3,2025-07-18 10:24:58,Buy,5,6795.5,Limit
1942,1,2025-07-21 03:24:02,Buy,5,2860.1,Market
1942,2,2025-07-21 03:59:24,Sell,5,2854.1,Stop
1943,1,2025-07-21 03:24:02,Buy,5,2860.2,Limit
1943,2,2025-07-21 03:59:41,Sell,5,2854.0,Stop
1944,1,2025-07-21 03:24:03,Buy,5,2860.1,Limit
1944,2,2025-07-21 03:59:41,Sell,5,2854.1,Stop
1945,1,2025-07-21 03:24:04,Buy,5,2860.1,Market
1945,2,2025-07-21 03:59:36,Sell,5,2854.1,Stop
1946,1,2025-07-21 03:24:02,Buy,5,2860.2,Limit
1946,2,2025-07-21 03:59:26,Sell,5,2854.0,Stop
1947,1,2025-07-22 10:29:25,Sell,10,41.26,Market
1947,2,2025-07-22 11:05:54,Buy,10,41.59,Stop
1948,1,2025-07-22 10:29:27,Sell,10,41.25,Limit
1948,2,2025-07-22 11:06:16,Buy,10,41.59,Stop
1949,1,2025-07-22 10:29:26,Sell,10,41.26,Market
1949,2,2025-07-22 11:06:02,Buy,10,41.59,Stop
1950,1,2025-07-22 10:29:26,Sell,10,41.25,Limit
1950,2,2025-07-22 11:05:59,Buy,10,41.59,Stop
1951,1,2025-07-22 10:29:27,Sell,10,41.26,Limit
1951,2,2025-07-22 11:05:33,Buy,10,41.59,Stop
1952,1,2025-07-22 10:29:26,Sell,10,41.26,Limit
1952,2,2025-07-22 11:06:16,Buy,10,41.59,Stop
1953,1,2025-07-22 03:34:37,Buy,10,42.01,Limit
1953,2,2025-07-22 04:15:13.500000,Sell,5,42.31,Limit
1953,3,2025-07-22 04:55:50,Sell,5,42.71,Limit
1954,1,2025-07-22 03:34:38,Buy,10,42.01,Limit
1954,2,2025-07-22 04:56:16,Sell,10,42.51,Limit
1955,1,2025-07-22 03:34:39,Buy,10,42.02,Market
1955,2,2025-07-22 04:15:16,Sell,5,42.31,Limit
1955,3,2025-07-22 04:55:53,Sell,5,42.71,Limit
1956,1,2025-07-22 03:34:37,Buy,10,42.01,Market
1956,2,2025-07-22 04:15:21,Sell,5,42.31,Limit
1956,3,2025-07-22 04:56:05,Sell,5,42.71,Limit
1957,1,2025-07-22 03:34:38,Buy,10,42.01,Limit
1957,2,2025-07-22 04:15:20.500000,Sell,5,42.31,Limit
1957,3,2025-07-22 04:56:03,Sell,5,42.71,Limit
1958,1,2025-07-22 03:34:37,Buy,10,42.01,Limit
1958,2,2025-07-22 04:56:25,Sell,10,42.51,Limit
1959,1,2025-07-23 10:00:11,Buy,10,44276.0,Market
1959,2,2025-07-23 11:00:52,Sell,10,44218.0,Stop
1960,1,2025-07-23 10:00:11,Buy,10,44276.0,Market
1960,2,2025-07-23 11:00:17,Sell,10,44218.0,Stop
1961,1,2025-07-23 10:00:14,Buy,10,44276.0,Limit
1961,2,2025-07-23 11:01:12,Sell,10,44218.0,Stop
1962,1,2025-07-23 10:00:13,Buy,10,44276.0,Market
1962,2,2025-07-23 11:01:04,Sell,10,44218.0,Stop
1963,1,2025-07-23 10:00:14,Buy,10,44276.0,Limit
1963,2,2025-07-23 11:01:01,Sell,10,44218.0,Stop
1964,1,2025-07-24 09:54:13,Sell,10,6671.0,Limit
1964,2,2025-07-24 10:14:08,Buy,10,6675.75,Stop
1965,1,2025-07-24 09:54:14,Sell,10,6670.75,Market
1965,2,2025-07-24 10:14:11,Buy,10,6675.75,Stop
1966,1,2025-07-24 09:54:14,Sell,10,6671.0,Market
1966,2,2025-07-24 10:14:07,Buy,10,6675.75,Stop
1967,1,2025-07-24 09:54:15,Sell,10,6671.0,Market
1967,2,2025-07-24 10:13:39,Buy,10,6675.75,Stop
1968,1,2025-07-24 09:54:16,Sell,10,6671.0,Limit
1968,2,2025-07-24 10:14:07,Buy,10,6675.75,Stop
1969,1,2025-07-24 09:54:16,Sell,10,6670.75,Market
1969,2,2025-07-24 10:13:32,Buy,10,6675.75,Stop
1970,1,2025-07-25 09:56:44,Sell,10,6531.25,Market
1970,2,2025-07-25 10:39:16,Buy,10,6537.25,Stop
1971,1,2025-07-25 09:56:46,Sell,10,6531.25,Limit
1971,2,2025-07-25 10:39:07,Buy,10,6537.25,Stop
1972,1,2025-07-25 09:56:45,Sell,10,6531.25,Market
1972,2,2025-07-25 10:39:39,Buy,10,6537.25,Stop
1973,1,2025-07-25 09:56:44,Sell,10,6531.25,Limit
1973,2,2025-07-25 10:39:29,Buy,10,6537.25,Stop
1974,1,2025-07-25 09:56:46,Sell,10,6531.25,Market
1974,2,2025-07-25 10:38:46,Buy,10,6537.25,Stop
1975,1,2025-07-25 09:56:44,Sell,10,6531.25,Market
1975,2,2025-07-25 10:39:27,Buy,10,6537.25,Stop
1976,1,2025-07-25 03:25:10,Buy,5,3005.6,Market
1976,2,2025-07-25 04:09:31,Sell,2,3009.4,Limit
1976,3,2025-07-25 04:53:52,Sell,3,3013.7,Limit
1977,1,2025-07-25 03:25:11,Buy,5,3005.7,Limit
1977,2,2025-07-25 04:53:11,Sell,5,3011.9,Limit
1978,1,2025-07-25 03:25:12,Buy,5,3005.7,Limit
1978,2,2025-07-25 04:09:14.500000,Sell,2,3009.5,Limit
1978,3,2025-07-25 04:53:17,Sell,3,3013.7,Limit
1979,1,2025-07-25 03:25:11,Buy,5,3005.6,Market
1979,2,2025-07-25 04:09:13.500000,Sell,2,3009.4,Limit
1979,3,2025-07-25 04:53:16,Sell,3,3013.7,Limit
1980,1,2025-07-25 03:25:10,Buy,5,3005.6,Limit
1980,2,2025-07-25 04:53:11,Sell,5,3012.0,Limit
1981,1,2025-07-25 03:25:12,Buy,5,3005.6,Limit
1981,2,2025-07-25 04:09:39.500000,Sell,2,3009.4,Limit
1981,3,2025-07-25 04:54:07,Sell,3,3013.7,Limit
1982,1,2025-07-28 12:27:21,Sell,10,6481.75,Limit
1982,2,2025-07-28 12:49:01,Buy,10,6478.0,Limit
1983,1,2025-07-28 12:27:23,Sell,10,6481.75,Market
1983,2,2025-07-28 12:38:14,Buy,5,6479.5,Limit
1983,3,2025-07-28 12:49:05,Buy,5,6476.5,Limit
1984,1,2025-07-28 12:27:24,Sell,10,6481.75,Limit
1984,2,2025-07-28 12:38:12.500000,Buy,5,6479.5,Limit
1984,3,2025-07-28 12:49:01,Buy,5,6476.5,Limit
1985,1,2025-07-28 12:27:21,Sell,10,6481.75,Market
1985,2,2025-07-28 12:49:19,Buy,10,6478.0,Limit
1986,1,2025-07-28 12:27:24,Sell,10,6481.75,Limit
1986,2,2025-07-28 12:48:54,Buy,10,6478.0,Limit
1987,1,2025-07-28 10:40:37,Buy,10,41.17,Market
1987,2,2025-07-28 12:03:29,Sell,10,40.9,Stop
1988,1,2025-07-28 10:40:39,Buy,10,41.18,Market
1988,2,2025-07-28 12:03:37,Sell,10,40.9,Stop
1989,1,2025-07-28 10:40:37,Buy,10,41.17,Market
1989,2,2025-07-28 12:02:40,Sell,10,40.9,Stop
1990,1,2025-07-28 10:40:38,Buy,10,41.18,Market
1990,2,2025-07-28 12:03:34,Sell,10,40.89,Stop
1991,1,2025-07-28 10:40:38,Buy,10,41.17,Limit
1991,2,2025-07-28 12:03:30,Sell,10,40.9,Stop
1992,1,2025-07-28 10:40:38,Buy,10,41.17,Limit
1992,2,2025-07-28 12:03:15,Sell,10,40.9,Stop
1993,1,2025-07-28 03:31:45,Buy,10,41.14,Market
1993,2,2025-07-28 04:02:21,Sell,10,41.52,Limit
1994,1,2025-07-28 03:31:45,Buy,10,41.14,Limit
1994,2,2025-07-28 04:02:34,Sell,10,41.52,Limit
1995,1,2025-07-28 03:31:45,Buy,10,41.15,Market
1995,2,2025-07-28 03:47:13,Sell,5,41.37,Limit
1995,3,2025-07-28 04:02:41,Sell,5,41.65,Limit
1996,1,2025-07-28 03:31:46,Buy,10,41.15,Limit
1996,2,2025-07-28 03:47:03,Sell,5,41.37,Limit
1996,3,2025-07-28 04:02:20,Sell,5,41.65,Limit
1997,1,2025-07-28 03:31:47,Buy,10,41.15,Market
1997,2,2025-07-28 04:01:48,Sell,10,41.51,Limit
1998,1,2025-07-28 03:31:47,Buy,10,41.15,Limit
1998,2,2025-07-28 03:46:53.500000,Sell,5,41.37,Limit
1998,3,2025-07-28 04:02:00,Sell,5,41.65,Limit
1999,1,2025-07-29 10:02:26,Buy,10,6396.0,Limit
1999,2,2025-07-29 10:54:26,Sell,10,6390.75,Stop
2000,1,2025-07-29 10:02:26,Buy,10,6396.0,Market
2000,2,2025-07-29 10:54:51,Sell,10,6390.75,Stop
2001,1,2025-07-29 10:02:29,Buy,10,6396.25,Market
2001,2,2025-07-29 10:55:12,Sell,10,6390.5,Stop
2002,1,2025-07-29 10:02:26,Buy,10,6396.25,Market
2002,2,2025-07-29 10:54:49,Sell,10,6390.5,Stop
2003,1,2025-07-29 10:02:26,Buy,10,6396.0,Limit
2003,2,2025-07-29 10:55:09,Sell,10,6390.75,Stop
2004,1,2025-07-29 10:02:27,Buy,10,6396.0,Market
2004,2,2025-07-29 10:55:08,Sell,10,6390.75,Stop
2005,1,2025-07-29 10:32:50,Buy,6,22213.25,Market
2005,2,2025-07-29 11:32:19,Sell,6,22189.75,Stop
2006,1,2025-07-29 10:32:51,Buy,6,22213.5,Market
2006,2,2025-07-29 11:32:10,Sell,6,22189.5,Stop
2007,1,2025-07-29 10:32:53,Buy,6,22213.5,Market
2007,2,2025-07-29 11:32:21,Sell,6,22189.75,Stop
2008,1,2025-07-29 10:32:52,Buy,6,22213.5,Limit
2008,2,2025-07-29 11:32:00,Sell,6,22189.5,Stop
2009,1,2025-07-29 10:32:51,Buy,6,22213.5,Limit
2009,2,2025-07-29 11:32:43,Sell,6,22189.75,Stop
2010,1,2025-07-29 10:32:50,Buy,6,22213.25,Limit
2010,2,2025-07-29 11:32:05,Sell,6,22189.75,Stop
2011,1,2025-07-30 09:46:26,Sell,10,45191.0,Market
2011,2,2025-07-30 10:29:12.500000,Buy,5,45137.0,Limit
2011,3,2025-07-30 11:11:59,Buy,5,45065.0,Limit
2012,1,2025-07-30 09:46:26,Sell,10,45191.0,Market
2012,2,2025-07-30 10:29:16.500000,Buy,5,45137.0,Limit
2012,3,2025-07-30 11:12:07,Buy,5,45065.0,Limit
2013,1,2025-07-30 09:46:27,Sell,10,45191.0,Market
2013,2,2025-07-30 10:29:17,Buy,5,45137.0,Limit
2013,3,2025-07-30 11:12:07,Buy,5,45065.0,Limit
2014,1,2025-07-30 09:46:29,Sell,10,45191.0,Market
2014,2,2025-07-30 11:11:55,Buy,10,45101.0,Limit
2015,1,2025-07-30 09:46:27,Sell,10,45191.0,Market
2015,2,2025-07-30 11:11:32,Buy,10,45101.0,Limit
2016,1,2025-07-30 09:46:27,Sell,10,45191.0,Limit
2016,2,2025-07-30 11:11:35,Buy,10,45101.0,Limit
2017,1,2025-07-30 12:23:42,Sell,10,6476.75,Limit
2017,2,2025-07-30 12:43:13,Buy,10,6471.25,Limit
2018,1,2025-07-30 12:23:45,Sell,10,6476.75,Market
2018,2,2025-07-30 12:43:26,Buy,10,6471.25,Limit
2019,1,2025-07-30 12:23:43,Sell,10,6476.5,Limit
2019,2,2025-07-30 12:43:08,Buy,10,6471.5,Limit
2020,1,2025-07-30 12:23:43,Sell,10,6476.75,Limit
2020,2,2025-07-30 12:33:22.500000,Buy,5,6473.5,Limit
2020,3,2025-07-30 12:43:02,Buy,5,6469.0,Limit
2021,1,2025-07-30 12:23:45,Sell,10,6476.5,Market
2021,2,2025-07-30 12:33:23,Buy,5,6473.5,Limit
2021,3,2025-07-30 12:43:01,Buy,5,6469.5,Limit
2022,1,2025-07-30 12:23:43,Sell,10,6476.75,Market
2022,2,2025-07-30 12:43:39,Buy,10,6471.25,Limit
2023,1,2025-07-30 10:25:55,Sell,6,22189.5,Limit
2023,2,2025-07-30 11:34:02,Buy,6,22141.0,Limit
2024,1,2025-07-30 10:25:57,Sell,6,22189.25,Limit
2024,2,2025-07-30 11:34:28,Buy,6,22141.0,Limit
2025,1,2025-07-30 10:25:56,Sell,6,22189.5,Market
2025,2,2025-07-30 11:34:06,Buy,6,22141.0,Limit
2026,1,2025-07-30 10:25:56,Sell,6,22189.25,Market
2026,2,2025-07-30 11:34:18,Buy,6,22141.25,Limit
2027,1,2025-07-30 10:25:58,Sell,6,22189.5,Market
2027,2,2025-07-30 11:00:23.500000,Buy,3,22160.5,Limit
2027,3,2025-07-30 11:34:49,Buy,3,22121.5,Limit
2028,1,2025-07-30 10:25:55,Sell,6,22189.5,Market
2028,2,2025-07-30 11:34:43,Buy,6,22141.0,Limit
2029,1,2025-07-31 10:05:32,Sell,10,45644.0,Limit
2029,2,2025-07-31 10:32:28,Buy,10,45703.0,Stop
2030,1,2025-07-31 10:05:34,Sell,10,45644.0,Market
2030,2,2025-07-31 10:31:42,Buy,10,45703.0,Stop
2031,1,2025-07-31 10:05:32,Sell,10,45643.0,Limit
2031,2,2025-07-31 10:31:58,Buy,10,45703.0,Stop
2032,1,2025-07-31 10:05:33,Sell,10,45643.0,Market
2032,2,2025-07-31 10:32:30,Buy,10,45704.0,Stop
2033,1,2025-07-31 10:05:35,Sell,10,45644.0,Limit
2033,2,2025-07-31 10:32:10,Buy,10,45703.0,Stop
2034,1,2025-07-31 03:26:52,Sell,5,2996.4,Limit
2034,2,2025-07-31 03:39:34.500000,Buy,2,2992.3,Limit
2034,3,2025-07-31 03:52:17,Buy,3,2987.6,Limit
2035,1,2025-07-31 03:26:55,Sell,5,2996.3,Limit
2035,2,2025-07-31 03:39:28.500000,Buy,2,2992.3,Limit
2035,3,2025-07-31 03:52:02,Buy,3,2987.8,Limit
2036,1,2025-07-31 03:26:55,Sell,5,2996.4,Limit
2036,2,2025-07-31 03:52:17,Buy,5,2989.5,Limit
2037,1,2025-07-31 03:26:52,Sell,5,2996.4,Limit
2037,2,2025-07-31 03:52:50,Buy,5,2989.5,Limit
2038,1,2025-07-31 03:26:53,Sell,5,2996.3,Market
2038,2,2025-07-31 03:52:14,Buy,5,2989.5,Limit
2039,1,2025-08-01 12:13:00,Sell,10,2001.4,Market
2039,2,2025-08-01 12:19:14,Buy,10,2006.4,Stop
2040,1,2025-08-01 12:13:03,Sell,10,2001.4,Limit
2040,2,2025-08-01 12:19:56,Buy,10,2006.4,Stop
2041,1,2025-08-01 12:13:00,Sell,10,2001.4,Limit
2041,2,2025-08-01 12:19:07,Buy,10,2006.4,Stop
2042,1,2025-08-01 12:13:01,Sell,10,2001.3,Limit
2042,2,2025-08-01 12:19:50,Buy,10,2006.4,Stop
2043,1,2025-08-01 12:13:02,Sell,10,2001.4,Limit
2043,2,2025-08-01 12:20:00,Buy,10,2006.4,Stop
2044,1,2025-08-01 12:13:02,Sell,10,2001.4,Market
2044,2,2025-08-01 12:19:16,Buy,10,2006.4,Stop
2045,1,2025-08-01 10:32:14,Sell,10,42.81,Market
2045,2,2025-08-01 10:59:23,Buy,10,43.03,Stop
2046,1,2025-08-01 10:32:16,Sell,10,42.8,Market
2046,2,2025-08-01 10:59:25,Buy,10,43.04,Stop
2047,1,2025-08-01 10:32:17,Sell,10,42.8,Market
2047,2,2025-08-01 10:59:35,Buy,10,43.03,Stop
2048,1,2025-08-01 10:32:17,Sell,10,42.81,Market
2048,2,2025-08-01 10:59:46,Buy,10,43.03,Stop
2049,1,2025-08-01 03:34:28,Sell,5,3025.1,Limit
2049,2,2025-08-01 04:51:45,Buy,5,3031.2,Stop
2050,1,2025-08-01 03:34:30,Sell,5,3025.1,Market
2050,2,2025-08-01 04:51:48,Buy,5,3031.2,Stop
2051,1,2025-08-01 03:34:31,Sell,5,3025.1,Limit
2051,2,2025-08-01 04:51:52,Buy,5,3031.2,Stop
2052,1,2025-08-01 03:34:30,Sell,5,3025.0,Market
2052,2,2025-08-01 04:52:26,Buy,5,3031.2,Stop
2053,1,2025-08-01 03:34:30,Sell,5,3025.0,Market
2053,2,2025-08-01 04:51:57,Buy,5,3031.2,Stop
2054,1,2025-08-01 03:34:28,Sell,5,3025.1,Market
2054,2,2025-08-01 04:52:11,Buy,5,3031.2,Stop
2055,1,2025-08-01 08:46:37,Buy,6,22832.25,Market
2055,2,2025-08-01 08:49:38,Sell,3,22848.5,Limit
2055,3,2025-08-01 08:52:39,Sell,3,22870.5,Limit
2056,1,2025-08-01 08:46:39,Buy,6,22832.25,Limit
2056,2,2025-08-01 08:53:30,Sell,6,22859.5,Limit
2057,1,2025-08-01 08:46:38,Buy,6,22832.5,Market
2057,2,2025-08-01 08:49:49.500000,Sell,3,22848.75,Limit
2057,3,2025-08-01 08:53:01,Sell,3,22870.25,Limit
2058,1,2025-08-01 08:46:40,Buy,6,22832.5,Limit
2058,2,2025-08-01 08:52:50,Sell,6,22859.25,Limit
2059,1,2025-08-04 10:26:43,Buy,6,22811.25,Market
2059,2,2025-08-04 11:38:59,Sell,6,22781.25,Stop
2060,1,2025-08-04 10:26:45,Buy,6,22811.25,Limit
2060,2,2025-08-04 11:39:41,Sell,6,22781.25,Stop
2061,1,2025-08-04 10:26:45,Buy,6,22811.5,Limit
2061,2,2025-08-04 11:39:38,Sell,6,22781.25,Stop
2062,1,2025-08-04 10:26:46,Buy,6,22811.25,Limit
2062,2,2025-08-04 11:38:57,Sell,6,22781.25,Stop
2063,1,2025-08-04 10:26:45,Buy,6,22811.5,Market
2063,2,2025-08-04 11:39:32,Sell,6,22781.25,Stop
2064,1,2025-08-04 10:26:44,Buy,6,22811.25,Limit
2064,2,2025-08-04 11:38:44,Sell,6,22781.25,Stop
2065,1,2025-08-05 10:27:29,Sell,6,22403.75,Market
2065,2,2025-08-05 10:34:31.500000,Buy,3,22384.0,Limit
2065,3,2025-08-05 10:41:34,Buy,3,22358.0,Limit
2066,1,2025-08-05 10:27:30,Sell,6,22403.75,Limit
2066,2,2025-08-05 10:34:37.500000,Buy,3,22384.0,Limit
2066,3,2025-08-05 10:41:45,Buy,3,22358.0,Limit
2067,1,2025-08-05 10:27:32,Sell,6,22403.5,Market
2067,2,2025-08-05 10:34:53,Buy,3,22384.0,Limit
2067,3,2025-08-05 10:42:14,Buy,3,22358.0,Limit
2068,1,2025-08-05 10:27:31,Sell,6,22403.75,Limit
2068,2,2025-08-05 10:42:24,Buy,6,22371.0,Limit
2069,1,2025-08-05 10:27:31,Sell,6,22403.5,Limit
2069,2,2025-08-05 10:34:35.500000,Buy,3,22384.25,Limit
2069,3,2025-08-05 10:41:40,Buy,3,22358.25,Limit
2070,1,2025-08-06 10:22:24,Sell,6,22405.75,Limit
2070,2,2025-08-06 10:48:13.500000,Buy,3,22370.75,Limit
2070,3,2025-08-06 11:14:03,Buy,3,22324.25,Limit
2071,1,2025-08-06 10:22:26,Sell,6,22405.5,Market
2071,2,2025-08-06 10:48:05,Buy,3,22370.75,Limit
2071,3,2025-08-06 11:13:44,Buy,3,22324.75,Limit
2072,1,2025-08-06 10:22:25,Sell,6,22405.75,Limit
2072,2,2025-08-06 10:48:05.500000,Buy,3,22370.75,Limit
2072,3,2025-08-06 11:13:46,Buy,3,22324.25,Limit
2073,1,2025-08-06 10:22:27,Sell,6,22405.75,Limit
2073,2,2025-08-06 10:48:07.500000,Buy,3,22370.75,Limit
2073,3,2025-08-06 11:13:48,Buy,3,22324.25,Limit
2074,1,2025-08-06 10:22:24,Sell,6,22405.75,Market
2074,2,2025-08-06 10:48:22.500000,Buy,3,22370.75,Limit
2074,3,2025-08-06 11:14:21,Buy,3,22324.25,Limit
2075,1,2025-08-06 10:22:25,Sell,6,22405.75,Market
2075,2,2025-08-06 11:13:41,Buy,6,22347.5,Limit
2076,1,2025-08-06 03:16:42,Sell,5,3087.5,Limit
2076,2,2025-08-06 04:14:03,Buy,5,3092.3,Stop
2077,1,2025-08-06 03:16:45,Sell,5,3087.4,Market
2077,2,2025-08-06 04:13:55,Buy,5,3092.4,Stop
2078,1,2025-08-06 03:16:42,Sell,5,3087.5,Limit
2078,2,2025-08-06 04:14:13,Buy,5,3092.3,Stop
2079,1,2025-08-06 03:16:44,Sell,5,3087.5,Limit
2079,2,2025-08-06 04:14:16,Buy,5,3092.3,Stop
2080,1,2025-08-06 03:16:43,Sell,5,3087.5,Limit
2080,2,2025-08-06 04:14:23,Buy,5,3092.3,Stop
2081,1,2025-08-06 03:16:44,Sell,5,3087.5,Limit
2081,2,2025-08-06 04:14:29,Buy,5,3092.3,Stop
2082,1,2025-08-07 10:05:19,Sell,10,6603.5,Market
2082,2,2025-08-07 10:19:39,Buy,10,6608.25,Stop
2083,1,2025-08-07 10:05:20,Sell,10,6603.25,Market
2083,2,2025-08-07 10:19:21,Buy,10,6608.25,Stop
2084,1,2025-08-07 10:05:20,Sell,10,6603.5,Limit
2084,2,2025-08-07 10:19:27,Buy,10,6608.25,Stop
2085,1,2025-08-07 10:05:19,Sell,10,6603.25,Limit
2085,2,2025-08-07 10:20:16,Buy,10,6608.25,Stop
2086,1,2025-08-07 10:05:20,Sell,10,6603.5,Market
2086,2,2025-08-07 10:19:41,Buy,10,6608.25,Stop
2087,1,2025-08-07 12:28:06,Sell,10,6585.25,Limit
2087,2,2025-08-07 12:47:23,Buy,10,6579.25,Limit
2088,1,2025-08-07 12:28:07,Sell,10,6585.25,Limit
2088,2,2025-08-07 12:37:49.500000,Buy,5,6581.75,Limit
2088,3,2025-08-07 12:47:32,Buy,5,6576.75,Limit
2089,1,2025-08-07 12:28:09,Sell,10,6585.25,Market
2089,2,2025-08-07 12:47:51,Buy,10,6579.25,Limit
2090,1,2025-08-07 12:28:08,Sell,10,6585.25,Market
2090,2,2025-08-07 12:48:00,Buy,10,6579.25,Limit
2091,1,2025-08-07 12:28:09,Sell,10,6585.25,Market
2091,2,2025-08-07 12:38:03.500000,Buy,5,6581.75,Limit
2091,3,2025-08-07 12:47:58,Buy,5,6576.75,Limit
2092,1,2025-08-07 03:22:12,Sell,5,3100.4,Limit
2092,2,2025-08-07 04:51:29,Buy,5,3092.6,Limit
2093,1,2025-08-07 03:22:12,Sell,5,3100.4,Market
2093,2,2025-08-07 04:06:43.500000,Buy,2,3095.7,Limit
2093,3,2025-08-07 04:51:15,Buy,3,3090.5,Limit
2094,1,2025-08-07 03:22:13,Sell,5,3100.3,Limit
2094,2,2025-08-07 04:51:56,Buy,5,3092.6,Limit
2095,1,2025-08-07 03:22:13,Sell,5,3100.4,Market
2095,2,2025-08-07 04:06:49.500000,Buy,2,3095.7,Limit
2095,3,2025-08-07 04:51:26,Buy,3,3090.5,Limit
2096,1,2025-08-07 03:22:14,Sell,5,3100.4,Limit
2096,2,2025-08-07 04:52:05,Buy,5,3092.6,Limit
2097,1,2025-08-07 03:22:15,Sell,5,3100.3,Market
2097,2,2025-08-07 04:51:44,Buy,5,3092.6,Limit
2098,1,2025-08-08 12:15:38,Buy,10,1985.6,Limit
2098,2,2025-08-08 12:41:28,Sell,10,1980.2,Stop
2099,1,2025-08-08 12:15:41,Buy,10,1985.7,Limit
2099,2,2025-08-08 12:41:00,Sell,10,1980.1,Stop
2100,1,2025-08-08 12:15:41,Buy,10,1985.6,Market
2100,2,2025-08-08 12:41:21,Sell,10,1980.2,Stop
2101,1,2025-08-08 12:15:39,Buy,10,1985.6,Limit
2101,2,2025-08-08 12:40:56,Sell,10,1980.2,Stop
2102,1,2025-08-08 12:15:39,Buy,10,1985.6,Market
2102,2,2025-08-08 12:40:58,Sell,10,1980.2,Stop
2103,1,2025-08-08 12:15:40,Buy,10,1985.6,Market
2103,2,2025-08-08 12:41:01,Sell,10,1980.2,Stop
2104,1,2025-08-11 12:27:34,Sell,10,6675.0,Market
2104,2,2025-08-11 12:50:44,Buy,10,6681.75,Stop
2105,1,2025-08-11 12:27:37,Sell,10,6675.0,Market
2105,2,2025-08-11 12:50:45,Buy,10,6681.75,Stop
2106,1,2025-08-11 12:27:36,Sell,10,6675.0,Limit
2106,2,2025-08-11 12:50:44,Buy,10,6681.75,Stop
2107,1,2025-08-11 12:27:36,Sell,10,6674.75,Market
2107,2,2025-08-11 12:51:00,Buy,10,6682.0,Stop
2108,1,2025-08-11 12:27:35,Sell,10,6675.0,Limit
2108,2,2025-08-11 12:50:52,Buy,10,6681.75,Stop
2109,1,2025-08-11 12:27:37,Sell,10,6675.0,Market
2109,2,2025-08-11 12:51:19,Buy,10,6681.75,Stop
2110,1,2025-08-11 10:32:43,Sell,10,42.08,Market
2110,2,2025-08-11 11:35:42,Buy,10,42.39,Stop
2111,1,2025-08-11 10:32:45,Sell,10,42.08,Limit
2111,2,2025-08-11 11:35:15,Buy,10,42.39,Stop
2112,1,2025-08-11 10:32:46,Sell,10,42.08,Market
2112,2,2025-08-11 11:35:32,Buy,10,42.39,Stop
2113,1,2025-08-11 10:32:45,Sell,10,42.08,Market
2113,2,2025-08-11 11:34:45,Buy,10,42.39,Stop
2114,1,2025-08-11 10:32:44,Sell,10,42.08,Market
2114,2,2025-08-11 11:35:18,Buy,10,42.39,Stop
2115,1,2025-08-11 10:32:44,Sell,10,42.08,Market
2115,2,2025-08-11 11:35:35,Buy,10,42.39,Stop
2116,1,2025-08-12 12:27:36,Buy,10,6732.25,Market
2116,2,2025-08-12 12:53:20,Sell,10,6726.0,Stop
2117,1,2025-08-12 12:27:39,Buy,10,6732.5,Market
2117,2,2025-08-12 12:52:56,Sell,10,6726.0,Stop
2118,1,2025-08-12 12:27:39,Buy,10,6732.25,Market
2118,2,2025-08-12 12:52:49,Sell,10,6726.0,Stop
2119,1,2025-08-12 12:27:38,Buy,10,6732.25,Market
2119,2,2025-08-12 12:52:43,Sell,10,6726.0,Stop
2120,1,2025-08-12 12:27:38,Buy,10,6732.5,Market
2120,2,2025-08-12 12:52:56,Sell,10,6726.0,Stop
2121,1,2025-08-12 08:48:00,Sell,10,6698.25,Market
2121,2,2025-08-12 09:04:49,Buy,10,6704.25,Stop
2122,1,2025-08-12 08:48:03,Sell,10,6698.0,Market
2122,2,2025-08-12 09:04:15,Buy,10,6704.5,Stop
2123,1,2025-08-12 08:48:01,Sell,10,6698.0,Market
2123,2,2025-08-12 09:04:24,Buy,10,6704.5,Stop
2124,1,2025-08-12 08:48:02,Sell,10,6698.25,Market
2124,2,2025-08-12 09:04:15,Buy,10,6704.25,Stop
2125,1,2025-08-12 08:48:00,Sell,10,6698.25,Market
2125,2,2025-08-12 09:04:11,Buy,10,6704.25,Stop
2126,1,2025-08-12 08:48:02,Sell,10,6698.0,Limit
2126,2,2025-08-12 09:04:47,Buy,10,6704.25,Stop
2127,1,2025-08-14 10:30:58,Sell,6,22990.75,Market
2127,2,2025-08-14 12:00:10,Buy,6,23017.75,Stop
2128,1,2025-08-14 10:30:59,Sell,6,22990.5,Limit
2128,2,2025-08-14 12:00:57,Buy,6,23017.75,Stop
2129,1,2025-08-14 10:31:01,Sell,6,22990.5,Limit
2129,2,2025-08-14 12:00:37,Buy,6,23018.0,Stop
2130,1,2025-08-14 10:30:59,Sell,6,22990.75,Limit
2130,2,2025-08-14 12:00:28,Buy,6,23017.75,Stop
2131,1,2025-08-14 10:30:59,Sell,6,22990.75,Limit
2131,2,2025-08-14 12:00:57,Buy,6,23017.75,Stop
2132,1,2025-08-14 03:27:45,Buy,5,3067.6,Limit
2132,2,2025-08-14 04:32:07,Sell,5,3062.5,Stop
2133,1,2025-08-14 03:27:45,Buy,5,3067.6,Limit
2133,2,2025-08-14 04:32:23,Sell,5,3062.5,Stop
2134,1,2025-08-14 03:27:45,Buy,5,3067.7,Market
2134,2,2025-08-14 04:32:21,Sell,5,3062.4,Stop
2135,1,2025-08-14 03:27:46,Buy,5,3067.7,Limit
2135,2,2025-08-14 04:32:26,Sell,5,3062.4,Stop
2136,1,2025-08-14 03:27:45,Buy,5,3067.7,Limit
2136,2,2025-08-14 04:32:04,Sell,5,3062.5,Stop
2137,1,2025-08-15 10:04:51,Buy,6,23031.5,Market
2137,2,2025-08-15 10:41:35,Sell,6,23084.5,Limit
2138,1,2025-08-15 10:04:52,Buy,6,23031.5,Limit
2138,2,2025-08-15 10:22:53,Sell,3,23063.25,Limit
2138,3,2025-08-15 10:40:54,Sell,3,23105.75,Limit
2139,1,2025-08-15 10:04:53,Buy,6,23031.5,Market
2139,2,2025-08-15 10:41:06,Sell,6,23084.5,Limit
2140,1,2025-08-15 10:04:52,Buy,6,23031.5,Market
2140,2,2025-08-15 10:41:17,Sell,6,23084.5,Limit
2141,1,2025-08-15 12:12:41,Buy,10,6755.5,Limit
2141,2,2025-08-15 12:25:17.500000,Sell,5,6759.0,Limit
2141,3,2025-08-15 12:37:54,Sell,5,6764.0,Limit
2142,1,2025-08-15 12:12:41,Buy,10,6755.5,Market
2142,2,2025-08-15 12:25:16,Sell,5,6759.0,Limit
2142,3,2025-08-15 12:37:51,Sell,5,6764.0,Limit
2143,1,2025-08-15 12:12:44,Buy,10,6755.5,Limit
2143,2,2025-08-15 12:25:14.500000,Sell,5,6759.0,Limit
2143,3,2025-08-15 12:37:45,Sell,5,6764.0,Limit
2144,1,2025-08-15 12:12:43,Buy,10,6755.75,Limit
2144,2,2025-08-15 12:25:29.500000,Sell,5,6759.25,Limit
2144,3,2025-08-15 12:38:16,Sell,5,6763.75,Limit
2145,1,2025-08-15 10:40:28,Sell,10,42.7,Limit
2145,2,2025-08-15 12:06:47,Buy,10,42.11,Limit
2146,1,2025-08-15 10:40:30,Sell,10,42.7,Limit
2146,2,2025-08-15 11:23:36,Buy,5,42.35,Limit
2146,3,2025-08-15 12:06:42,Buy,5,41.87,Limit
2147,1,2025-08-15 10:40:29,Sell,10,42.7,Market
2147,2,2025-08-15 12:06:55,Buy,10,42.11,Limit
2148,1,2025-08-18 09:55:42,Buy,10,6832.25,Limit
2148,2,2025-08-18 10:53:57,Sell,10,6843.25,Limit
2149,1,2025-08-18 09:55:43,Buy,10,6832.25,Market
2149,2,2025-08-18 10:24:47,Sell,5,6838.75,Limit
2149,3,2025-08-18 10:53:51,Sell,5,6847.75,Limit
2150,1,2025-08-18 09:55:44,Buy,10,6832.5,Market
2150,2,2025-08-18 10:24:58.500000,Sell,5,6839.0,Limit
2150,3,2025-08-18 10:54:13,Sell,5,6847.5,Limit
2151,1,2025-08-18 09:55:43,Buy,10,6832.25,Limit
2151,2,2025-08-18 10:25:00,Sell,5,6838.75,Limit
2151,3,2025-08-18 10:54:17,Sell,5,6847.75,Limit
2152,1,2025-08-18 09:55:42,Buy,10,6832.5,Limit
2152,2,2025-08-18 10:24:51,Sell,5,6839.0,Limit
2152,3,2025-08-18 10:54:00,Sell,5,6847.5,Limit
2153,1,2025-08-18 12:14:52,Buy,10,6817.5,Limit
2153,2,2025-08-18 12:21:09,Sell,10,6811.0,Stop
2154,1,2025-08-18 12:14:53,Buy,10,6817.5,Limit
2154,2,2025-08-18 12:21:18,Sell,10,6811.0,Stop
2155,1,2025-08-18 12:14:52,Buy,10,6817.5,Limit
2155,2,2025-08-18 12:21:09,Sell,10,6811.0,Stop
2156,1,2025-08-18 12:14:52,Buy,10,6817.5,Limit
2156,2,2025-08-18 12:20:53,Sell,10,6811.0,Stop
2157,1,2025-08-19 09:46:53,Sell,10,6813.0,Limit
2157,2,2025-08-19 10:18:43,Buy,10,6818.25,Stop
2158,1,2025-08-19 09:46:55,Sell,10,6813.0,Market
2158,2,2025-08-19 10:18:18,Buy,10,6818.25,Stop
2159,1,2025-08-19 09:46:55,Sell,10,6813.0,Market
2159,2,2025-08-19 10:18:29,Buy,10,6818.25,Stop
2160,1,2025-08-19 09:46:55,Sell,10,6812.75,Market
2160,2,2025-08-19 10:18:00,Buy,10,6818.5,Stop
2161,1,2025-08-19 12:18:21,Sell,10,1892.4,Limit
2161,2,2025-08-19 12:28:53.500000,Buy,5,1889.2,Limit
2161,3,2025-08-19 12:39:26,Buy,5,1884.8,Limit
2162,1,2025-08-19 12:18:24,Sell,10,1892.3,Limit
2162,2,2025-08-19 12:39:56,Buy,10,1887.0,Limit
2163,1,2025-08-19 12:18:23,Sell,10,1892.4,Market
2163,2,2025-08-19 12:39:41,Buy,10,1887.0,Limit
2164,1,2025-08-19 12:18:23,Sell,10,1892.4,Market
2164,2,2025-08-19 12:40:11,Buy,10,1887.0,Limit
2165,1,2025-08-19 12:18:23,Sell,10,1892.4,Limit
2165,2,2025-08-19 12:29:22.500000,Buy,5,1889.2,Limit
2165,3,2025-08-19 12:40:22,Buy,5,1884.8,Limit
2166,1,2025-08-19 03:20:56,Sell,5,3144.8,Limit
2166,2,2025-08-19 04:05:26,Buy,5,3149.9,Stop
2167,1,2025-08-19 03:20:57,Sell,5,3144.8,Limit
2167,2,2025-08-19 04:05:20,Buy,5,3149.9,Stop
2168,1,2025-08-19 03:20:57,Sell,5,3144.7,Market
2168,2,2025-08-19 04:05:32,Buy,5,3150.0,Stop
2169,1,2025-08-19 03:20:58,Sell,5,3144.7,Market
2169,2,2025-08-19 04:05:07,Buy,5,3149.9,Stop
2170,1,2025-08-19 03:20:56,Sell,5,3144.8,Market
2170,2,2025-08-19 04:05:06,Buy,5,3149.9,Stop
2171,1,2025-08-19 03:20:56,Sell,5,3144.7,Limit
2171,2,2025-08-19 04:05:22,Buy,5,3149.9,Stop
2172,1,2025-08-20 09:55:12,Sell,6,23238.75,Limit
2172,2,2025-08-20 10:27:47,Buy,6,23206.75,Limit
2173,1,2025-08-20 09:55:14,Sell,6,23238.5,Market
2173,2,2025-08-20 10:28:13,Buy,6,23207.0,Limit
2174,1,2025-08-20 09:55:14,Sell,6,23238.75,Limit
2174,2,2025-08-20 10:28:02,Buy,6,23206.75,Limit
2175,1,2025-08-20 09:55:15,Sell,6,23238.75,Market
2175,2,2025-08-20 10:28:02,Buy,6,23206.75,Limit
2176,1,2025-08-20 12:29:51,Sell,10,1899.2,Limit
2176,2,2025-08-20 12:38:21,Buy,10,1906.4,Stop
2177,1,2025-08-20 12:29:53,Sell,10,1899.2,Limit
2177,2,2025-08-20 12:38:14,Buy,10,1906.4,Stop
2178,1,2025-08-20 12:29:54,Sell,10,1899.2,Market
2178,2,2025-08-20 12:38:15,Buy,10,1906.4,Stop
2179,1,2025-08-20 12:29:51,Sell,10,1899.1,Limit
2179,2,2025-08-20 12:38:49,Buy,10,1906.5,Stop
2180,1,2025-08-20 12:29:52,Sell,10,1899.1,Limit
2180,2,2025-08-20 12:38:39,Buy,10,1906.5,Stop
2181,1,2025-08-20 12:29:52,Sell,10,1899.1,Limit
2181,2,2025-08-20 12:38:30,Buy,10,1906.5,Stop
2182,1,2025-08-21 09:54:46,Buy,6,23373.75,Market
2182,2,2025-08-21 10:44:40,Sell,6,23350.25,Stop
2183,1,2025-08-21 09:54:46,Buy,6,23374.0,Limit
2183,2,2025-08-21 10:43:53,Sell,6,23350.0,Stop
2184,1,2025-08-21 09:54:47,Buy,6,23374.0,Limit
2184,2,2025-08-21 10:44:12,Sell,6,23350.25,Stop
2185,1,2025-08-21 09:54:47,Buy,6,23373.75,Limit
2185,2,2025-08-21 10:44:12,Sell,6,23350.25,Stop
2186,1,2025-08-21 09:54:47,Buy,6,23374.0,Market
2186,2,2025-08-21 10:44:03,Sell,6,23350.25,Stop
2187,1,2025-08-21 09:54:47,Buy,6,23373.75,Limit
2187,2,2025-08-21 10:44:08,Sell,6,23350.25,Stop
2188,1,2025-08-21 10:33:32,Buy,6,23184.5,Limit
2188,2,2025-08-21 11:22:49,Sell,6,23165.75,Stop
2189,1,2025-08-21 10:33:35,Buy,6,23184.75,Limit
2189,2,2025-08-21 11:23:33,Sell,6,23165.5,Stop
2190,1,2025-08-21 10:33:35,Buy,6,23184.75,Limit
2190,2,2025-08-21 11:23:19,Sell,6,23165.5,Stop
2191,1,2025-08-21 10:33:33,Buy,6,23184.75,Limit
2191,2,2025-08-21 11:23:12,Sell,6,23165.5,Stop
2192,1,2025-08-21 10:33:34,Buy,6,23184.5,Limit
2192,2,2025-08-21 11:22:45,Sell,6,23165.75,Stop
2193,1,2025-08-22 09:51:50,Sell,10,6810.5,Market
2193,2,2025-08-22 10:47:17,Buy,10,6817.25,Stop
2194,1,2025-08-22 09:51:53,Sell,10,6810.5,Market
2194,2,2025-08-22 10:47:16,Buy,10,6817.25,Stop
2195,1,2025-08-22 09:51:53,Sell,10,6810.25,Limit
2195,2,2025-08-22 10:47:09,Buy,10,6817.5,Stop
2196,1,2025-08-22 09:51:51,Sell,10,6810.5,Market
2196,2,2025-08-22 10:47:22,Buy,10,6817.25,Stop
2197,1,2025-08-22 09:51:51,Sell,10,6810.5,Market
2197,2,2025-08-22 10:46:53,Buy,10,6817.25,Stop
2198,1,2025-08-22 09:51:53,Sell,10,6810.5,Limit
2198,2,2025-08-22 10:47:48,Buy,10,6817.25,Stop
2199,1,2025-08-22 12:10:28,Sell,10,6815.25,Limit
2199,2,2025-08-22 12:33:38,Buy,10,6809.25,Limit
2200,1,2025-08-22 12:10:30,Sell,10,6815.25,Limit
2200,2,2025-08-22 12:33:40,Buy,10,6809.25,Limit
2201,1,2025-08-22 12:10:30,Sell,10,6815.0,Limit
2201,2,2025-08-22 12:34:20,Buy,10,6809.5,Limit
2202,1,2025-08-22 12:10:31,Sell,10,6815.25,Limit
2202,2,2025-08-22 12:33:41,Buy,10,6809.25,Limit
2203,1,2025-08-22 12:10:30,Sell,10,6815.25,Limit
2203,2,2025-08-22 12:33:51,Buy,10,6809.25,Limit
2204,1,2025-08-22 12:10:28,Sell,10,6815.0,Limit
2204,2,2025-08-22 12:33:57,Buy,10,6809.5,Limit
2205,1,2025-08-22 03:34:07,Sell,5,3194.3,Limit
2205,2,2025-08-22 04:48:53,Buy,5,3199.7,Stop
2206,1,2025-08-22 03:34:09,Sell,5,3194.3,Market
2206,2,2025-08-22 04:48:12,Buy,5,3199.7,Stop
2207,1,2025-08-22 03:34:08,Sell,5,3194.2,Limit
2207,2,2025-08-22 04:48:22,Buy,5,3199.7,Stop
2208,1,2025-08-22 03:34:10,Sell,5,3194.3,Limit
2208,2,2025-08-22 04:48:28,Buy,5,3199.7,Stop
2209,1,2025-08-22 03:34:09,Sell,5,3194.2,Market
2209,2,2025-08-22 04:48:52,Buy,5,3199.8,Stop
2210,1,2025-08-22 03:34:10,Sell,5,3194.2,Limit
2210,2,2025-08-22 04:48:12,Buy,5,3199.7,Stop
2211,1,2025-08-25 09:50:09,Sell,10,6781.0,Limit
2211,2,2025-08-25 10:59:53,Buy,10,6786.5,Stop
2212,1,2025-08-25 09:50:09,Sell,10,6781.0,Market
2212,2,2025-08-25 10:59:11,Buy,10,6786.5,Stop
2213,1,2025-08-25 09:50:09,Sell,10,6781.0,Limit
2213,2,2025-08-25 10:59:31,Buy,10,6786.5,Stop
2214,1,2025-08-25 09:50:12,Sell,10,6781.0,Limit
2214,2,2025-08-25 11:00:10,Buy,10,6786.5,Stop
2215,1,2025-08-25 09:50:09,Sell,10,6780.75,Limit
2215,2,2025-08-25 10:59:35,Buy,10,6786.5,Stop
2216,1,2025-08-25 03:31:32,Buy,10,39.01,Market
2216,2,2025-08-25 04:41:47,Sell,10,38.69,Stop
2217,1,2025-08-25 03:31:33,Buy,10,39.02,Market
2217,2,2025-08-25 04:42:06,Sell,10,38.68,Stop
2218,1,2025-08-25 03:31:35,Buy,10,39.01,Limit
2218,2,2025-08-25 04:41:37,Sell,10,38.69,Stop
2219,1,2025-08-25 03:31:33,Buy,10,39.02,Limit
2219,2,2025-08-25 04:41:51,Sell,10,38.68,Stop
2220,1,2025-08-25 03:31:35,Buy,10,39.01,Market
2220,2,2025-08-25 04:41:52,Sell,10,38.69,Stop
2221,1,2025-08-25 03:31:33,Buy,10,39.01,Market
2221,2,2025-08-25 04:41:53,Sell,10,38.69,Stop
2222,1,2025-08-26 09:53:57,Sell,6,23528.75,Limit
2222,2,2025-08-26 10:07:51,Buy,6,23547.75,Stop
2223,1,2025-08-26 09:53:58,Sell,6,23528.5,Limit
2223,2,2025-08-26 10:07:04,Buy,6,23548.0,Stop
2224,1,2025-08-26 09:53:57,Sell,6,23528.5,Limit
2224,2,2025-08-26 10:07:03,Buy,6,23547.75,Stop
2225,1,2025-08-26 09:53:59,Sell,6,23528.5,Market
2225,2,2025-08-26 10:07:17,Buy,6,23547.75,Stop
2226,1,2025-08-26 12:25:03,Sell,10,6811.5,Market
2226,2,2025-08-26 12:48:39,Buy,10,6817.5,Stop
2227,1,2025-08-26 12:25:05,Sell,10,6811.5,Market
2227,2,2025-08-26 12:48:11,Buy,10,6817.5,Stop
2228,1,2025-08-26 12:25:03,Sell,10,6811.25,Limit
2228,2,2025-08-26 12:48:44,Buy,10,6817.5,Stop
2229,1,2025-08-26 12:25:06,Sell,10,6811.5,Market
2229,2,2025-08-26 12:48:36,Buy,10,6817.5,Stop
2230,1,2025-08-26 12:25:03,Sell,10,6811.25,Limit
2230,2,2025-08-26 12:48:52,Buy,10,6817.5,Stop
2231,1,2025-08-26 03:28:52,Buy,10,40.04,Market
2231,2,2025-08-26 04:21:33,Sell,10,39.73,Stop
2232,1,2025-08-26 03:28:53,Buy,10,40.05,Limit
2232,2,2025-08-26 04:21:50,Sell,10,39.73,Stop
2233,1,2025-08-26 03:28:52,Buy,10,40.05,Limit
2233,2,2025-08-26 04:21:29,Sell,10,39.73,Stop
2234,1,2025-08-27 10:25:38,Buy,10,39.93,Limit
2234,2,2025-08-27 10:30:21,Sell,5,40.33,Limit
2234,3,2025-08-27 10:35:04,Sell,5,40.85,Limit
2235,1,2025-08-27 10:25:39,Buy,10,39.94,Limit
2235,2,2025-08-27 10:30:14,Sell,5,40.33,Limit
2235,3,2025-08-27 10:34:49,Sell,5,40.85,Limit
2236,1,2025-08-27 10:25:40,Buy,10,39.94,Market
2236,2,2025-08-27 10:30:23.500000,Sell,5,40.32,Limit
2236,3,2025-08-27 10:35:07,Sell,5,40.84,Limit
2237,1,2025-08-27 03:15:43,Sell,5,3188.8,Market
2237,2,2025-08-27 04:38:09,Buy,5,3180.5,Limit
2238,1,2025-08-27 03:15:43,Sell,5,3188.8,Limit
2238,2,2025-08-27 03:57:05.500000,Buy,2,3183.8,Limit
2238,3,2025-08-27 04:38:28,Buy,3,3178.3,Limit
2239,1,2025-08-27 03:15:45,Sell,5,3188.8,Market
2239,2,2025-08-27 03:56:56,Buy,2,3183.8,Limit
2239,3,2025-08-27 04:38:07,Buy,3,3178.3,Limit
2240,1,2025-08-28 03:31:42,Sell,5,3194.5,Market
2240,2,2025-08-28 04:08:32,Buy,5,3185.8,Limit
2241,1,2025-08-28 03:31:44,Sell,5,3194.5,Limit
2241,2,2025-08-28 03:50:12.500000,Buy,2,3189.3,Limit
2241,3,2025-08-28 04:08:41,Buy,3,3183.5,Limit
2242,1,2025-08-28 03:31:42,Sell,5,3194.5,Market
2242,2,2025-08-28 03:49:45.500000,Buy,2,3189.3,Limit
2242,3,2025-08-28 04:07:49,Buy,3,3183.5,Limit
2243,1,2025-08-28 03:31:44,Sell,5,3194.4,Limit
2243,2,2025-08-28 03:49:47.500000,Buy,2,3189.2,Limit
2243,3,2025-08-28 04:07:51,Buy,3,3183.5,Limit
2244,1,2025-08-29 09:53:38,Buy,6,23671.75,Limit
2244,2,2025-08-29 10:03:16,Sell,6,23711.5,Limit
2245,1,2025-08-29 09:53:39,Buy,6,23672.0,Market
2245,2,2025-08-29 10:03:13,Sell,6,23711.25,Limit
2246,1,2025-08-29 09:53:41,Buy,6,23671.75,Market
2246,2,2025-08-29 10:03:30,Sell,6,23711.5,Limit
2247,1,2025-08-29 09:53:41,Buy,6,23672.0,Market
2247,2,2025-08-29 10:03:17,Sell,6,23711.25,Limit
2248,1,2025-08-29 12:19:14,Buy,10,1877.4,Market
2248,2,2025-08-29 12:41:11,Sell,10,1871.3,Stop
2249,1,2025-08-29 12:19:15,Buy,10,1877.4,Limit
2249,2,2025-08-29 12:40:21,Sell,10,1871.3,Stop
2250,1,2025-08-29 12:19:16,Buy,10,1877.4,Limit
2250,2,2025-08-29 12:40:49,Sell,10,1871.3,Stop
2251,1,2025-08-29 12:19:16,Buy,10,1877.5,Market
2251,2,2025-08-29 12:41:12,Sell,10,1871.2,Stop
2252,1,2025-08-29 10:29:15,Buy,10,39.02,Limit
2252,2,2025-08-29 11:40:36,Sell,10,38.7,Stop
2253,1,2025-08-29 10:29:16,Buy,10,39.03,Limit
2253,2,2025-08-29 11:40:32,Sell,10,38.69,Stop
2254,1,2025-08-29 10:29:15,Buy,10,39.02,Limit
2254,2,2025-08-29 11:40:19,Sell,10,38.7,Stop
2255,1,2025-09-01 12:24:37,Buy,10,1874.5,Limit
2255,2,2025-09-01 12:35:50,Sell,10,1868.2,Stop
2256,1,2025-09-01 12:24:38,Buy,10,1874.6,Market
2256,2,2025-09-01 12:35:39,Sell,10,1868.1,Stop
2257,1,2025-09-01 12:24:38,Buy,10,1874.6,Market
2257,2,2025-09-01 12:35:44,Sell,10,1868.1,Stop
2258,1,2025-09-01 12:24:40,Buy,10,1874.5,Market
2258,2,2025-09-01 12:35:58,Sell,10,1868.2,Stop
2259,1,2025-09-01 10:37:20,Sell,5,3139.6,Market
2259,2,2025-09-01 12:08:58,Buy,5,3145.1,Stop
2260,1,2025-09-01 10:37:23,Sell,5,3139.6,Market
2260,2,2025-09-01 12:08:55,Buy,5,3145.1,Stop
2261,1,2025-09-01 10:37:22,Sell,5,3139.6,Market
2261,2,2025-09-01 12:09:11,Buy,5,3145.1,Stop
2262,1,2025-09-01 10:37:23,Sell,5,3139.6,Market
2262,2,2025-09-01 12:09:07,Buy,5,3145.1,Stop
2263,1,2025-09-01 10:37:23,Sell,5,3139.6,Market
2263,2,2025-09-01 12:09:17,Buy,5,3145.1,Stop
2264,1,2025-09-01 03:25:04,Buy,5,3166.2,Limit
2264,2,2025-09-01 04:07:18.500000,Sell,2,3170.6,Limit
2264,3,2025-09-01 04:49:33,Sell,3,3175.4,Limit
2265,1,2025-09-01 03:25:07,Buy,5,3166.3,Market
2265,2,2025-09-01 04:07:22.500000,Sell,2,3170.6,Limit
2265,3,2025-09-01 04:49:38,Sell,3,3175.4,Limit
2266,1,2025-09-01 03:25:04,Buy,5,3166.2,Limit
2266,2,2025-09-01 04:07:26,Sell,2,3170.6,Limit
2266,3,2025-09-01 04:49:48,Sell,3,3175.4,Limit
2267,1,2025-09-01 03:25:05,Buy,5,3166.3,Market
2267,2,2025-09-01 04:07:25.500000,Sell,2,3170.6,Limit
2267,3,2025-09-01 04:49:46,Sell,3,3175.3,Limit
2268,1,2025-09-01 03:25:07,Buy,5,3166.2,Limit
2268,2,2025-09-01 04:49:13,Sell,5,3173.5,Limit
2269,1,2025-09-02 12:21:51,Sell,10,1891.5,Market
2269,2,2025-09-02 12:34:49,Buy,5,1888.8,Limit
2269,3,2025-09-02 12:47:47,Buy,5,1885.2,Limit
2270,1,2025-09-02 12:21:51,Sell,10,1891.4,Market
2270,2,2025-09-02 12:47:34,Buy,10,1887.0,Limit
2271,1,2025-09-02 12:21:52,Sell,10,1891.5,Limit
2271,2,2025-09-02 12:34:23,Buy,5,1888.8,Limit
2271,3,2025-09-02 12:46:54,Buy,5,1885.2,Limit
2272,1,2025-09-02 12:21:53,Sell,10,1891.5,Limit
2272,2,2025-09-02 12:34:47,Buy,5,1888.8,Limit
2272,3,2025-09-02 12:47:41,Buy,5,1885.2,Limit
2273,1,2025-09-02 10:31:46,Sell,10,40.25,Market
2273,2,2025-09-02 11:05:39,Buy,10,40.62,Stop
2274,1,2025-09-02 10:31:48,Sell,10,40.25,Market
2274,2,2025-09-02 11:04:48,Buy,10,40.62,Stop
2275,1,2025-09-02 10:31:48,Sell,10,40.24,Limit
2275,2,2025-09-02 11:05:28,Buy,10,40.62,Stop
2276,1,2025-09-02 10:31:47,Sell,10,40.24,Market
2276,2,2025-09-02 11:05:16,Buy,10,40.63,Stop
2277,1,2025-09-02 10:31:47,Sell,10,40.25,Market
2277,2,2025-09-02 11:05:41,Buy,10,40.62,Stop
2278,1,2025-09-03 09:53:50,Sell,10,41007.0,Market
2278,2,2025-09-03 11:03:21,Buy,10,41060.0,Stop
2279,1,2025-09-03 09:53:52,Sell,10,41006.0,Limit
2279,2,2025-09-03 11:03:26,Buy,10,41060.0,Stop
2280,1,2025-09-03 09:53:52,Sell,10,41007.0,Market
2280,2,2025-09-03 11:03:18,Buy,10,41060.0,Stop
2281,1,2025-09-03 09:53:53,Sell,10,41007.0,Market
2281,2,2025-09-03 11:03:21,Buy,10,41060.0,Stop
2282,1,2025-09-03 09:53:53,Sell,10,41007.0,Market
2282,2,2025-09-03 11:03:06,Buy,10,41060.0,Stop
2283,1,2025-09-03 10:21:55,Sell,10,40.6,Market
2283,2,2025-09-03 11:17:32,Buy,10,40.86,Stop
2284,1,2025-09-03 10:21:56,Sell,10,40.6,Market
2284,2,2025-09-03 11:17:11,Buy,10,40.86,Stop
2285,1,2025-09-03 10:21:55,Sell,10,40.59,Market
2285,2,2025-09-03 11:17:51,Buy,10,40.87,Stop
2286,1,2025-09-03 10:21:56,Sell,10,40.6,Market
2286,2,2025-09-03 11:17:09,Buy,10,40.86,Stop
2287,1,2025-09-03 10:21:56,Sell,10,40.6,Market
2287,2,2025-09-03 11:17:30,Buy,10,40.86,Stop
2288,1,2025-09-03 03:27:02,Sell,10,40.06,Market
2288,2,2025-09-03 04:45:45,Buy,10,39.68,Limit
2289,1,2025-09-03 03:27:02,Sell,10,40.05,Limit
2289,2,2025-09-03 04:06:10,Buy,5,39.83,Limit
2289,3,2025-09-03 04:45:18,Buy,5,39.53,Limit
2290,1,2025-09-03 03:27:04,Sell,10,40.06,Limit
2290,2,2025-09-03 04:45:20,Buy,10,39.68,Limit
2291,1,2025-09-03 03:27:03,Sell,10,40.05,Market
2291,2,2025-09-03 04:06:08.500000,Buy,5,39.83,Limit
2291,3,2025-09-03 04:45:14,Buy,5,39.53,Limit
2292,1,2025-09-03 03:27:03,Sell,10,40.06,Market
2292,2,2025-09-03 04:45:14,Buy,10,39.68,Limit
2293,1,2025-09-04 12:11:12,Buy,10,6650.75,Market
2293,2,2025-09-04 12:35:41,Sell,10,6645.75,Stop
2294,1,2025-09-04 12:11:12,Buy,10,6650.75,Market
2294,2,2025-09-04 12:35:17,Sell,10,6645.75,Stop
2295,1,2025-09-04 12:11:12,Buy,10,6650.75,Market
2295,2,2025-09-04 12:35:59,Sell,10,6645.75,Stop
2296,1,2025-09-04 12:11:14,Buy,10,6650.75,Market
2296,2,2025-09-04 12:35:40,Sell,10,6645.75,Stop
2297,1,2025-09-04 12:11:13,Buy,10,6651.0,Market
2297,2,2025-09-04 12:35:50,Sell,10,6645.5,Stop
2298,1,2025-09-04 10:28:50,Sell,6,23688.75,Limit
2298,2,2025-09-04 11:07:48,Buy,6,23714.25,Stop
2299,1,2025-09-04 10:28:51,Sell,6,23688.75,Limit
2299,2,2025-09-04 11:07:12,Buy,6,23714.25,Stop
2300,1,2025-09-04 10:28:50,Sell,6,23688.75,Market
2300,2,2025-09-04 11:07:19,Buy,6,23714.25,Stop
2301,1,2025-09-04 10:28:51,Sell,6,23688.75,Market
2301,2,2025-09-04 11:07:36,Buy,6,23714.25,Stop
2302,1,2025-09-04 10:28:51,Sell,6,23688.5,Market
2302,2,2025-09-04 11:06:52,Buy,6,23714.5,Stop
2303,1,2025-09-04 03:20:36,Sell,10,40.18,Market
2303,2,2025-09-04 04:26:35,Buy,10,39.69,Limit
2304,1,2025-09-04 03:20:37,Sell,10,40.18,Limit
2304,2,2025-09-04 04:25:54,Buy,10,39.69,Limit
2305,1,2025-09-04 03:20:37,Sell,10,40.17,Market
2305,2,2025-09-04 04:25:49,Buy,10,39.7,Limit
2306,1,2025-09-04 03:20:39,Sell,10,40.18,Limit
2306,2,2025-09-04 04:26:32,Buy,10,39.69,Limit
2307,1,2025-09-04 03:20:38,Sell,10,40.17,Limit
2307,2,2025-09-04 03:53:09.500000,Buy,5,39.88,Limit
2307,3,2025-09-04 04:25:41,Buy,5,39.5,Limit
2308,1,2025-09-05 10:05:13,Buy,6,23637.25,Market
2308,2,2025-09-05 10:15:14,Sell,6,23613.0,Stop
2309,1,2025-09-05 10:05:14,Buy,6,23637.25,Market
2309,2,2025-09-05 10:16:06,Sell,6,23613.0,Stop
2310,1,2025-09-05 10:05:14,Buy,6,23637.5,Market
2310,2,2025-09-05 10:15:27,Sell,6,23612.75,Stop
2311,1,2025-09-05 10:05:16,Buy,6,23637.25,Market
2311,2,2025-09-05 10:15:39,Sell,6,23613.0,Stop
2312,1,2025-09-05 12:29:43,Sell,10,1956.2,Market
2312,2,2025-09-05 12:36:29.500000,Buy,5,1952.6,Limit
2312,3,2025-09-05 12:43:16,Buy,5,1947.8,Limit
2313,1,2025-09-05 12:29:46,Sell,10,1956.2,Market
2313,2,2025-09-05 12:36:38.500000,Buy,5,1952.6,Limit
2313,3,2025-09-05 12:43:31,Buy,5,1947.8,Limit
2314,1,2025-09-05 12:29:43,Sell,10,1956.1,Market
2314,2,2025-09-05 12:42:56,Buy,10,1950.3,Limit
2315,1,2025-09-05 12:29:43,Sell,10,1956.1,Market
2315,2,2025-09-05 12:43:35,Buy,10,1950.3,Limit
2316,1,2025-09-05 12:29:43,Sell,10,1956.2,Market
2316,2,2025-09-05 12:42:48,Buy,10,1950.2,Limit
2317,1,2025-09-05 10:23:19,Sell,6,23523.75,Limit
2317,2,2025-09-05 10:48:45,Buy,6,23545.25,Stop
2318,1,2025-09-05 10:23:22,Sell,6,23523.5,Market
2318,2,2025-09-05 10:49:16,Buy,6,23545.25,Stop
2319,1,2025-09-05 10:23:19,Sell,6,23523.75,Limit
2319,2,2025-09-05 10:48:22,Buy,6,23545.25,Stop
2320,1,2025-09-05 10:23:19,Sell,6,23523.75,Market
2320,2,2025-09-05 10:48:24,Buy,6,23545.25,Stop
2321,1,2025-09-05 10:23:22,Sell,6,23523.5,Market
2321,2,2025-09-05 10:49:16,Buy,6,23545.25,Stop
2322,1,2025-09-05 10:23:20,Sell,6,23523.75,Market
2322,2,2025-09-05 10:48:24,Buy,6,23545.25,Stop
2323,1,2025-09-05 03:16:30,Buy,10,39.39,Market
2323,2,2025-09-05 03:27:11,Sell,5,39.64,Limit
2323,3,2025-09-05 03:37:52,Sell,5,39.98,Limit
2324,1,2025-09-05 03:16:31,Buy,10,39.39,Limit
2324,2,2025-09-05 03:37:53,Sell,10,39.81,Limit
2325,1,2025-09-05 03:16:33,Buy,10,39.39,Limit
2325,2,2025-09-05 03:27:23.500000,Sell,5,39.64,Limit
2325,3,2025-09-05 03:38:14,Sell,5,39.98,Limit
2326,1,2025-09-05 03:16:30,Buy,10,39.4,Limit
2326,2,2025-09-05 03:27:15,Sell,5,39.64,Limit
2326,3,2025-09-05 03:38:00,Sell,5,39.96,Limit
2327,1,2025-09-05 03:16:32,Buy,10,39.39,Market
2327,2,2025-09-05 03:38:14,Sell,10,39.81,Limit
2328,1,2025-09-05 03:16:32,Buy,10,39.4,Market
2328,2,2025-09-05 03:37:55,Sell,10,39.81,Limit
2329,1,2025-09-05 08:35:37,Sell,6,23489.25,Market
2329,2,2025-09-05 08:46:30,Buy,3,23478.0,Limit
2329,3,2025-09-05 08:57:23,Buy,3,23463.0,Limit
2330,1,2025-09-05 08:35:37,Sell,6,23489.25,Limit
2330,2,2025-09-05 08:57:16,Buy,6,23470.5,Limit
2331,1,2025-09-05 08:35:37,Sell,6,23489.0,Market
2331,2,2025-09-05 08:56:45,Buy,6,23470.75,Limit
2332,1,2025-09-05 08:35:39,Sell,6,23489.25,Limit
2332,2,2025-09-05 08:46:19,Buy,3,23478.0,Limit
2332,3,2025-09-05 08:56:59,Buy,3,23463.0,Limit
2333,1,2025-09-05 08:35:39,Sell,6,23489.25,Market
2333,2,2025-09-05 08:57:13,Buy,6,23470.5,Limit
2334,1,2025-09-05 08:35:37,Sell,6,23489.0,Market
2334,2,2025-09-05 08:56:48,Buy,6,23470.75,Limit
2335,1,2025-09-08 12:30:12,Buy,10,1941.2,Limit
2335,2,2025-09-08 12:40:13,Sell,5,1944.2,Limit
2335,3,2025-09-08 12:50:14,Sell,5,1948.2,Limit
2336,1,2025-09-08 12:30:15,Buy,10,1941.2,Market
2336,2,2025-09-08 12:40:24,Sell,5,1944.2,Limit
2336,3,2025-09-08 12:50:33,Sell,5,1948.2,Limit
2337,1,2025-09-08 12:30:13,Buy,10,1941.3,Market
2337,2,2025-09-08 12:40:38.500000,Sell,5,1944.2,Limit
2337,3,2025-09-08 12:51:04,Sell,5,1948.2,Limit
2338,1,2025-09-08 12:30:12,Buy,10,1941.2,Market
2338,2,2025-09-08 12:50:48,Sell,10,1946.2,Limit
2339,1,2025-09-08 12:30:14,Buy,10,1941.2,Limit
2339,2,2025-09-08 12:51:04,Sell,10,1946.2,Limit
2340,1,2025-09-08 10:28:26,Sell,10,38.94,Market
2340,2,2025-09-08 11:01:09,Buy,10,39.21,Stop
2341,1,2025-09-08 10:28:29,Sell,10,38.93,Market
2341,2,2025-09-08 11:01:13,Buy,10,39.21,Stop
2342,1,2025-09-08 10:28:28,Sell,10,38.93,Limit
2342,2,2025-09-08 11:00:35,Buy,10,39.22,Stop
2343,1,2025-09-08 10:28:26,Sell,10,38.93,Market
2343,2,2025-09-08 11:00:47,Buy,10,39.22,Stop
2344,1,2025-09-08 10:28:27,Sell,10,38.94,Limit
2344,2,2025-09-08 11:01:00,Buy,10,39.21,Stop
2345,1,2025-09-08 10:28:29,Sell,10,38.94,Limit
2345,2,2025-09-08 11:01:14,Buy,10,39.21,Stop
2346,1,2025-09-09 12:30:14,Buy,10,6686.0,Market
2346,2,2025-09-09 12:40:48,Sell,10,6680.25,Stop
2347,1,2025-09-09 12:30:16,Buy,10,6686.0,Limit
2347,2,2025-09-09 12:41:15,Sell,10,6680.25,Stop
2348,1,2025-09-09 12:30:15,Buy,10,6686.25,Limit
2348,2,2025-09-09 12:40:34,Sell,10,6680.0,Stop
2349,1,2025-09-09 12:30:16,Buy,10,6686.25,Market
2349,2,2025-09-09 12:40:17,Sell,10,6680.25,Stop
2350,1,2025-09-09 12:30:16,Buy,10,6686.0,Limit
2350,2,2025-09-09 12:40:42,Sell,10,6680.25,Stop
2351,1,2025-09-09 12:30:15,Buy,10,6686.0,Limit
2351,2,2025-09-09 12:40:36,Sell,10,6680.25,Stop
2352,1,2025-09-09 10:29:25,Buy,10,39.87,Market
2352,2,2025-09-09 11:01:43,Sell,10,39.6,Stop
2353,1,2025-09-09 10:29:26,Buy,10,39.88,Limit
2353,2,2025-09-09 11:02:14,Sell,10,39.59,Stop
2354,1,2025-09-09 10:29:25,Buy,10,39.87,Limit
2354,2,2025-09-09 11:02:12,Sell,10,39.6,Stop
2355,1,2025-09-09 10:29:27,Buy,10,39.87,Market
2355,2,2025-09-09 11:01:57,Sell,10,39.6,Stop
2356,1,2025-09-09 10:29:28,Buy,10,39.88,Market
2356,2,2025-09-09 11:01:50,Sell,10,39.59,Stop
2357,1,2025-09-09 10:29:26,Buy,10,39.87,Limit
2357,2,2025-09-09 11:01:59,Sell,10,39.6,Stop
2358,1,2025-09-09 03:21:18,Buy,5,3210.1,Market
2358,2,2025-09-09 04:56:33,Sell,5,3204.9,Stop
2359,1,2025-09-09 03:21:19,Buy,5,3210.1,Limit
2359,2,2025-09-09 04:56:34,Sell,5,3204.9,Stop
2360,1,2025-09-09 03:21:20,Buy,5,3210.2,Limit
2360,2,2025-09-09 04:56:21,Sell,5,3204.9,Stop
2361,1,2025-09-09 03:21:21,Buy,5,3210.1,Limit
2361,2,2025-09-09 04:56:52,Sell,5,3204.9,Stop
2362,1,2025-09-09 03:21:18,Buy,5,3210.1,Limit
2362,2,2025-09-09 04:56:26,Sell,5,3204.9,Stop
2363,1,2025-09-09 03:21:20,Buy,5,3210.2,Market
2363,2,2025-09-09 04:56:32,Sell,5,3204.8,Stop
2364,1,2025-09-10 12:26:12,Sell,10,1923.6,Limit
2364,2,2025-09-10 12:51:28,Buy,10,1928.4,Stop
2365,1,2025-09-10 12:26:13,Sell,10,1923.6,Market
2365,2,2025-09-10 12:51:36,Buy,10,1928.4,Stop
2366,1,2025-09-10 12:26:15,Sell,10,1923.6,Limit
2366,2,2025-09-10 12:51:16,Buy,10,1928.4,Stop
2367,1,2025-09-10 12:26:14,Sell,10,1923.6,Market
2367,2,2025-09-10 12:51:36,Buy,10,1928.4,Stop
2368,1,2025-09-10 12:26:13,Sell,10,1923.5,Market
2368,2,2025-09-10 12:51:24,Buy,10,1928.4,Stop
2369,1,2025-09-10 12:26:12,Sell,10,1923.5,Market
2369,2,2025-09-10 12:51:48,Buy,10,1928.4,Stop
2370,1,2025-09-10 03:20:23,Buy,5,3170.9,Market
2370,2,2025-09-10 04:49:08,Sell,5,3164.1,Stop
2371,1,2025-09-10 03:20:23,Buy,5,3170.9,Market
2371,2,2025-09-10 04:49:15,Sell,5,3164.1,Stop
2372,1,2025-09-10 03:20:24,Buy,5,3170.9,Limit
2372,2,2025-09-10 04:48:36,Sell,5,3164.1,Stop
2373,1,2025-09-10 03:20:25,Buy,5,3171.0,Market
2373,2,2025-09-10 04:48:58,Sell,5,3164.0,Stop
2374,1,2025-09-10 03:20:24,Buy,5,3171.0,Limit
2374,2,2025-09-10 04:48:57,Sell,5,3164.0,Stop
2375,1,2025-09-10 03:20:23,Buy,5,3170.9,Limit
2375,2,2025-09-10 04:48:34,Sell,5,3164.1,Stop
2376,1,2025-09-10 08:49:23,Sell,6,23516.0,Limit
2376,2,2025-09-10 08:59:42.500000,Buy,3,23503.75,Limit
2376,3,2025-09-10 09:10:02,Buy,3,23487.25,Limit
2377,1,2025-09-10 08:49:25,Sell,6,23516.0,Limit
2377,2,2025-09-10 09:09:51,Buy,6,23495.5,Limit
2378,1,2025-09-10 08:49:23,Sell,6,23515.75,Market
2378,2,2025-09-10 08:59:23,Buy,3,23503.5,Limit
2378,3,2025-09-10 09:09:23,Buy,3,23487.5,Limit
2379,1,2025-09-10 08:49:24,Sell,6,23516.0,Market
2379,2,2025-09-10 09:09:30,Buy,6,23495.5,Limit
2380,1,2025-09-11 10:37:43,Buy,5,3217.7,Limit
2380,2,2025-09-11 11:56:20,Sell,5,3212.0,Stop
2381,1,2025-09-11 10:37:44,Buy,5,3217.7,Market
2381,2,2025-09-11 11:56:03,Sell,5,3212.0,Stop
2382,1,2025-09-11 10:37:43,Buy,5,3217.7,Limit
2382,2,2025-09-11 11:56:12,Sell,5,3212.0,Stop
2383,1,2025-09-11 10:37:44,Buy,5,3217.7,Market
2383,2,2025-09-11 11:56:34,Sell,5,3212.0,Stop
2384,1,2025-09-11 10:37:44,Buy,5,3217.8,Limit
2384,2,2025-09-11 11:56:38,Sell,5,3211.9,Stop
2385,1,2025-09-11 10:37:43,Buy,5,3217.8,Limit
2385,2,2025-09-11 11:55:57,Sell,5,3211.9,Stop
2386,1,2025-09-11 03:19:52,Buy,5,3212.8,Limit
2386,2,2025-09-11 03:32:23,Sell,5,3206.5,Stop
2387,1,2025-09-11 03:19:53,Buy,5,3212.8,Limit
2387,2,2025-09-11 03:32:01,Sell,5,3206.5,Stop
2388,1,2025-09-11 03:19:52,Buy,5,3212.8,Market
2388,2,2025-09-11 03:32:27,Sell,5,3206.5,Stop
2389,1,2025-09-11 03:19:54,Buy,5,3212.9,Limit
2389,2,2025-09-11 03:32:31,Sell,5,3206.5,Stop
2390,1,2025-09-11 03:19:55,Buy,5,3212.8,Market
2390,2,2025-09-11 03:32:08,Sell,5,3206.5,Stop
2391,1,2025-09-11 03:19:54,Buy,5,3212.9,Limit
2391,2,2025-09-11 03:32:11,Sell,5,3206.5,Stop
2392,1,2025-09-12 12:19:16,Buy,10,1943.2,Market
2392,2,2025-09-12 12:24:53,Sell,10,1937.3,Stop
2393,1,2025-09-12 12:19:18,Buy,10,1943.3,Limit
2393,2,2025-09-12 12:24:19,Sell,10,1937.2,Stop
2394,1,2025-09-12 12:19:16,Buy,10,1943.3,Limit
2394,2,2025-09-12 12:24:32,Sell,10,1937.2,Stop
2395,1,2025-09-12 12:19:18,Buy,10,1943.3,Market
2395,2,2025-09-12 12:24:51,Sell,10,1937.3,Stop
2396,1,2025-09-12 12:19:19,Buy,10,1943.2,Market
2396,2,2025-09-12 12:24:49,Sell,10,1937.3,Stop
2397,1,2025-09-12 12:19:16,Buy,10,1943.3,Market
2397,2,2025-09-12 12:24:16,Sell,10,1937.2,Stop
2398,1,2025-09-12 03:34:38,Sell,10,42.28,Market
2398,2,2025-09-12 04:44:46,Buy,10,41.84,Limit
2399,1,2025-09-12 03:34:41,Sell,10,42.28,Market
2399,2,2025-09-12 04:44:42,Buy,10,41.84,Limit
2400,1,2025-09-12 03:34:40,Sell,10,42.27,Limit
2400,2,2025-09-12 04:45:30,Buy,10,41.84,Limit
2401,1,2025-09-12 03:34:40,Sell,10,42.27,Market
2401,2,2025-09-12 04:45:28,Buy,10,41.85,Limit
2402,1,2025-09-12 03:34:40,Sell,10,42.27,Limit
2402,2,2025-09-12 04:09:52.500000,Buy,5,42.02,Limit
2402,3,2025-09-12 04:45:05,Buy,5,41.68,Limit
2403,1,2025-09-15 09:46:25,Sell,10,40963.0,Market
2403,2,2025-09-15 10:53:11,Buy,10,40861.0,Limit
2404,1,2025-09-15 09:46:28,Sell,10,40962.0,Market
2404,2,2025-09-15 10:52:30,Buy,10,40861.0,Limit
2405,1,2025-09-15 09:46:26,Sell,10,40962.0,Limit
2405,2,2025-09-15 10:52:30,Buy,10,40861.0,Limit
2406,1,2025-09-15 09:46:26,Sell,10,40963.0,Limit
2406,2,2025-09-15 10:52:37,Buy,10,40861.0,Limit
2407,1,2025-09-15 09:46:26,Sell,10,40963.0,Limit
2407,2,2025-09-15 10:52:46,Buy,10,40861.0,Limit
2408,1,2025-09-15 09:46:25,Sell,10,40962.0,Limit
2408,2,2025-09-15 10:19:50,Buy,5,40902.0,Limit
2408,3,2025-09-15 10:53:15,Buy,5,40822.0,Limit
2409,1,2025-09-15 12:26:15,Buy,10,6395.25,Limit
2409,2,2025-09-15 12:31:51.500000,Sell,5,6398.25,Limit
2409,3,2025-09-15 12:37:28,Sell,5,6402.25,Limit
2410,1,2025-09-15 12:26:16,Buy,10,6395.25,Limit
2410,2,2025-09-15 12:37:59,Sell,10,6400.25,Limit
2411,1,2025-09-15 12:26:15,Buy,10,6395.5,Market
2411,2,2025-09-15 12:31:46,Sell,5,6398.25,Limit
2411,3,2025-09-15 12:37:17,Sell,5,6401.75,Limit
2412,1,2025-09-15 12:26:17,Buy,10,6395.5,Market
2412,2,2025-09-15 12:38:01,Sell,10,6400.25,Limit
2413,1,2025-09-15 12:26:15,Buy,10,6395.25,Limit
2413,2,2025-09-15 12:32:12.500000,Sell,5,6398.25,Limit
2413,3,2025-09-15 12:38:10,Sell,5,6402.25,Limit
2414,1,2025-09-15 12:26:18,Buy,10,6395.5,Market
2414,2,2025-09-15 12:37:42,Sell,10,6400.25,Limit
2415,1,2025-09-15 03:35:11,Buy,5,3283.1,Market
2415,2,2025-09-15 03:53:27,Sell,5,3277.0,Stop
2416,1,2025-09-15 03:35:14,Buy,5,3283.2,Market
2416,2,2025-09-15 03:53:52,Sell,5,3277.0,Stop
2417,1,2025-09-15 03:35:12,Buy,5,3283.1,Market
2417,2,2025-09-15 03:53:53,Sell,5,3277.0,Stop
2418,1,2025-09-15 03:35:11,Buy,5,3283.1,Limit
2418,2,2025-09-15 03:53:33,Sell,5,3277.0,Stop
2419,1,2025-09-15 03:35:11,Buy,5,3283.2,Limit
2419,2,2025-09-15 03:54:00,Sell,5,3276.9,Stop
2420,1,2025-09-15 03:35:13,Buy,5,3283.1,Limit
2420,2,2025-09-15 03:53:49,Sell,5,3277.0,Stop
2421,1,2025-09-16 03:32:44,Sell,10,41.37,Limit
2421,2,2025-09-16 04:50:36,Buy,10,41.73,Stop
2422,1,2025-09-16 03:32:45,Sell,10,41.37,Market
2422,2,2025-09-16 04:49:57,Buy,10,41.73,Stop
2423,1,2025-09-16 03:32:44,Sell,10,41.36,Market
2423,2,2025-09-16 04:49:58,Buy,10,41.73,Stop
2424,1,2025-09-16 03:32:44,Sell,10,41.37,Limit
2424,2,2025-09-16 04:50:23,Buy,10,41.73,Stop
2425,1,2025-09-16 03:32:47,Sell,10,41.37,Market
2425,2,2025-09-16 04:49:59,Buy,10,41.73,Stop
2426,1,2025-09-16 03:32:46,Sell,10,41.36,Limit
2426,2,2025-09-16 04:49:54,Buy,10,41.73,Stop
2427,1,2025-09-17 12:19:28,Buy,10,1967.4,Market
2427,2,2025-09-17 12:26:23.500000,Sell,5,1970.9,Limit
2427,3,2025-09-17 12:33:19,Sell,5,1975.5,Limit
2428,1,2025-09-17 12:19:29,Buy,10,1967.5,Limit
2428,2,2025-09-17 12:26:08.500000,Sell,5,1970.9,Limit
2428,3,2025-09-17 12:32:48,Sell,5,1975.3,Limit
2429,1,2025-09-17 12:19:30,Buy,10,1967.5,Market
2429,2,2025-09-17 12:26:01,Sell,5,1970.9,Limit
2429,3,2025-09-17 12:32:32,Sell,5,1975.5,Limit
2430,1,2025-09-17 12:19:31,Buy,10,1967.4,Market
2430,2,2025-09-17 12:33:27,Sell,10,1973.2,Limit
2431,1,2025-09-17 12:19:29,Buy,10,1967.5,Limit
2431,2,2025-09-17 12:26:16,Sell,5,1970.9,Limit
2431,3,2025-09-17 12:33:03,Sell,5,1975.5,Limit
2432,1,2025-09-17 12:19:29,Buy,10,1967.4,Limit
2432,2,2025-09-17 12:33:04,Sell,10,1973.2,Limit
2433,1,2025-09-17 03:16:54,Sell,5,3304.3,Market
2433,2,2025-09-17 04:26:54,Buy,5,3311.0,Stop
2434,1,2025-09-17 03:16:56,Sell,5,3304.2,Market
2434,2,2025-09-17 04:26:57,Buy,5,3311.1,Stop
2435,1,2025-09-17 03:16:57,Sell,5,3304.2,Limit
2435,2,2025-09-17 04:27:32,Buy,5,3311.0,Stop
2436,1,2025-09-17 03:16:57,Sell,5,3304.2,Market
2436,2,2025-09-17 04:27:03,Buy,5,3311.1,Stop
2437,1,2025-09-17 03:16:55,Sell,5,3304.3,Limit
2437,2,2025-09-17 04:27:35,Buy,5,3311.0,Stop
2438,1,2025-09-17 03:16:57,Sell,5,3304.2,Limit
2438,2,2025-09-17 04:27:24,Buy,5,3311.1,Stop
2439,1,2025-09-18 03:16:33,Buy,5,3290.6,Market
2439,2,2025-09-18 03:47:09,Sell,2,3296.9,Limit
2439,3,2025-09-18 04:17:45,Sell,3,3303.9,Limit
2440,1,2025-09-18 03:16:34,Buy,5,3290.6,Limit
2440,2,2025-09-18 03:47:05,Sell,2,3296.9,Limit
2440,3,2025-09-18 04:17:36,Sell,3,3303.9,Limit
2441,1,2025-09-18 03:16:36,Buy,5,3290.6,Limit
2441,2,2025-09-18 03:47:20.500000,Sell,2,3296.9,Limit
2441,3,2025-09-18 04:18:05,Sell,3,3303.9,Limit
2442,1,2025-09-18 03:16:35,Buy,5,3290.6,Market
2442,2,2025-09-18 04:17:49,Sell,5,3301.1,Limit
2443,1,2025-09-18 03:16:35,Buy,5,3290.7,Limit
2443,2,2025-09-18 04:17:56,Sell,5,3301.0,Limit
2444,1,2025-09-19 09:53:53,Buy,10,6406.5,Market
2444,2,2025-09-19 10:42:24,Sell,10,6401.5,Stop
2445,1,2025-09-19 09:53:55,Buy,10,6406.5,Market
2445,2,2025-09-19 10:41:56,Sell,10,6401.5,Stop
2446,1,2025-09-19 09:53:54,Buy,10,6406.5,Market
2446,2,2025-09-19 10:42:27,Sell,10,6401.5,Stop
2447,1,2025-09-19 09:53:56,Buy,10,6406.5,Limit
2447,2,2025-09-19 10:42:39,Sell,10,6401.5,Stop
2448,1,2025-09-19 09:53:56,Buy,10,6406.5,Market
2448,2,2025-09-19 10:42:35,Sell,10,6401.5,Stop
2449,1,2025-09-19 12:25:30,Sell,10,1921.0,Limit
2449,2,2025-09-19 12:42:52,Buy,10,1916.3,Limit
2450,1,2025-09-19 12:25:30,Sell,10,1920.9,Limit
2450,2,2025-09-19 12:42:55,Buy,10,1916.3,Limit
2451,1,2025-09-19 12:25:31,Sell,10,1921.0,Limit
2451,2,2025-09-19 12:34:25.500000,Buy,5,1918.2,Limit
2451,3,2025-09-19 12:43:20,Buy,5,1914.4,Limit
2452,1,2025-09-19 12:25:33,Sell,10,1920.9,Limit
2452,2,2025-09-19 12:43:09,Buy,10,1916.3,Limit
2453,1,2025-09-19 12:25:33,Sell,10,1921.0,Limit
2453,2,2025-09-19 12:34:23.500000,Buy,5,1918.2,Limit
2453,3,2025-09-19 12:43:14,Buy,5,1914.4,Limit
2454,1,2025-09-19 12:25:30,Sell,10,1920.9,Market
2454,2,2025-09-19 12:34:06.500000,Buy,5,1918.1,Limit
2454,3,2025-09-19 12:42:43,Buy,5,1914.5,Limit
2455,1,2025-09-19 10:40:06,Sell,5,3292.6,Limit
2455,2,2025-09-19 11:09:51.500000,Buy,2,3284.0,Limit
2455,3,2025-09-19 11:39:37,Buy,3,3274.3,Limit
2456,1,2025-09-19 10:40:07,Sell,5,3292.5,Market
2456,2,2025-09-19 11:39:47,Buy,5,3278.3,Limit
2457,1,2025-09-19 10:40:06,Sell,5,3292.5,Limit
2457,2,2025-09-19 11:40:04,Buy,5,3278.3,Limit
2458,1,2025-09-19 10:40:07,Sell,5,3292.6,Market
2458,2,2025-09-19 11:39:08,Buy,5,3278.2,Limit
2459,1,2025-09-19 10:40:06,Sell,5,3292.5,Market
2459,2,2025-09-19 11:39:20,Buy,5,3278.3,Limit
2460,1,2025-09-22 09:46:16,Buy,10,40881.0,Market
2460,2,2025-09-22 10:08:23.500000,Sell,5,40922.0,Limit
2460,3,2025-09-22 10:30:31,Sell,5,40976.0,Limit
2461,1,2025-09-22 09:46:19,Buy,10,40881.0,Limit
2461,2,2025-09-22 10:31:07,Sell,10,40949.0,Limit
2462,1,2025-09-22 09:46:17,Buy,10,40881.0,Market
2462,2,2025-09-22 10:08:17,Sell,5,40922.0,Limit
2462,3,2025-09-22 10:30:17,Sell,5,40976.0,Limit
2463,1,2025-09-22 09:46:18,Buy,10,40881.0,Limit
2463,2,2025-09-22 10:08:41.500000,Sell,5,40922.0,Limit
2463,3,2025-09-22 10:31:05,Sell,5,40976.0,Limit
2464,1,2025-09-22 09:46:17,Buy,10,40881.0,Limit
2464,2,2025-09-22 10:31:14,Sell,10,40949.0,Limit
2465,1,2025-09-22 09:46:16,Buy,10,40882.0,Market
2465,2,2025-09-22 10:08:31.500000,Sell,5,40922.0,Limit
2465,3,2025-09-22 10:30:47,Sell,5,40974.0,Limit
2466,1,2025-09-22 10:27:06,Buy,6,24364.0,Limit
2466,2,2025-09-22 11:35:04,Sell,6,24404.5,Limit
2467,1,2025-09-22 10:27:09,Buy,6,24364.0,Market
2467,2,2025-09-22 11:01:08,Sell,3,24388.25,Limit
2467,3,2025-09-22 11:35:07,Sell,3,24420.75,Limit
2468,1,2025-09-22 10:27:06,Buy,6,24364.0,Limit
2468,2,2025-09-22 11:00:44,Sell,3,24388.25,Limit
2468,3,2025-09-22 11:34:22,Sell,3,24420.75,Limit
2469,1,2025-09-22 10:27:06,Buy,6,24364.25,Market
2469,2,2025-09-22 11:34:24,Sell,6,24404.25,Limit
2470,1,2025-09-22 10:27:06,Buy,6,24364.0,Market
2470,2,2025-09-22 11:35:04,Sell,6,24404.5,Limit
2471,1,2025-09-22 10:27:08,Buy,6,24364.0,Market
2471,2,2025-09-22 11:34:15,Sell,6,24404.5,Limit
2472,1,2025-09-23 09:59:17,Sell,6,23582.5,Market
2472,2,2025-09-23 10:30:48,Buy,6,23609.25,Stop
2473,1,2025-09-23 09:59:18,Sell,6,23582.5,Limit
2473,2,2025-09-23 10:30:31,Buy,6,23609.25,Stop
2474,1,2025-09-23 09:59:19,Sell,6,23582.25,Market
2474,2,2025-09-23 10:31:07,Buy,6,23609.25,Stop
2475,1,2025-09-23 09:59:20,Sell,6,23582.5,Limit
2475,2,2025-09-23 10:30:59,Buy,6,23609.25,Stop
2476,1,2025-09-23 09:59:19,Sell,6,23582.25,Market
2476,2,2025-09-23 10:30:44,Buy,6,23609.25,Stop
2477,1,2025-09-23 12:16:57,Sell,10,6335.5,Limit
2477,2,2025-09-23 12:29:53,Buy,5,6332.75,Limit
2477,3,2025-09-23 12:42:49,Buy,5,6329.25,Limit
2478,1,2025-09-23 12:16:57,Sell,10,6335.5,Limit
2478,2,2025-09-23 12:42:27,Buy,10,6331.0,Limit
2479,1,2025-09-23 12:17:00,Sell,10,6335.25,Market
2479,2,2025-09-23 12:29:52,Buy,5,6332.75,Limit
2479,3,2025-09-23 12:42:44,Buy,5,6329.25,Limit
2480,1,2025-09-23 12:16:58,Sell,10,6335.5,Market
2480,2,2025-09-23 12:42:46,Buy,10,6331.0,Limit
2481,1,2025-09-23 12:16:59,Sell,10,6335.5,Limit
2481,2,2025-09-23 12:42:39,Buy,10,6331.0,Limit
2482,1,2025-09-23 12:17:00,Sell,10,6335.25,Market
2482,2,2025-09-23 12:42:14,Buy,10,6331.25,Limit
2483,1,2025-09-23 10:39:45,Sell,6,23725.75,Market
2483,2,2025-09-23 11:24:14,Buy,6,23748.75,Stop
2484,1,2025-09-23 10:39:45,Sell,6,23725.75,Limit
2484,2,2025-09-23 11:23:51,Buy,6,23748.75,Stop
2485,1,2025-09-23 10:39:46,Sell,6,23725.75,Limit
2485,2,2025-09-23 11:24:03,Buy,6,23748.75,Stop
2486,1,2025-09-23 10:39:46,Sell,6,23725.75,Market
2486,2,2025-09-23 11:24:25,Buy,6,23748.75,Stop
2487,1,2025-09-23 10:39:45,Sell,6,23725.75,Market
2487,2,2025-09-23 11:24:28,Buy,6,23748.75,Stop
2488,1,2025-09-23 10:39:47,Sell,6,23725.75,Limit
2488,2,2025-09-23 11:24:38,Buy,6,23748.75,Stop
2489,1,2025-09-24 09:54:01,Buy,6,23634.75,Limit
2489,2,2025-09-24 11:20:40,Sell,6,23664.5,Limit
2490,1,2025-09-24 09:54:02,Buy,6,23635.0,Limit
2490,2,2025-09-24 10:37:15,Sell,3,23652.5,Limit
2490,3,2025-09-24 11:20:28,Sell,3,23676.0,Limit
2491,1,2025-09-24 09:54:01,Buy,6,23635.0,Limit
2491,2,2025-09-24 10:37:18,Sell,3,23652.5,Limit
2491,3,2025-09-24 11:20:35,Sell,3,23676.0,Limit
2492,1,2025-09-24 09:54:01,Buy,6,23634.75,Limit
2492,2,2025-09-24 10:37:01,Sell,3,23652.5,Limit
2492,3,2025-09-24 11:20:01,Sell,3,23676.5,Limit
2493,1,2025-09-24 09:54:03,Buy,6,23634.75,Market
2493,2,2025-09-24 11:20:22,Sell,6,23664.5,Limit
2494,1,2025-09-24 09:54:04,Buy,6,23635.0,Market
2494,2,2025-09-24 10:37:30.500000,Sell,3,23652.75,Limit
2494,3,2025-09-24 11:20:57,Sell,3,23676.25,Limit
2495,1,2025-09-24 03:29:21,Buy,5,3260.6,Market
2495,2,2025-09-24 04:05:21,Sell,5,3254.9,Stop
2496,1,2025-09-24 03:29:24,Buy,5,3260.6,Limit
2496,2,2025-09-24 04:05:29,Sell,5,3254.9,Stop
2497,1,2025-09-24 03:29:21,Buy,5,3260.6,Limit
2497,2,2025-09-24 04:05:47,Sell,5,3254.9,Stop
2498,1,2025-09-24 03:29:22,Buy,5,3260.6,Market
2498,2,2025-09-24 04:05:44,Sell,5,3254.9,Stop
2499,1,2025-09-24 03:29:24,Buy,5,3260.7,Limit
2499,2,2025-09-24 04:05:46,Sell,5,3254.8,Stop
2500,1,2025-09-24 03:29:23,Buy,5,3260.7,Market
2500,2,2025-09-24 04:05:35,Sell,5,3254.9,Stop
2501,1,2025-09-25 10:24:25,Sell,5,3295.0,Market
2501,2,2025-09-25 10:43:14,Buy,5,3300.7,Stop
2502,1,2025-09-25 10:24:26,Sell,5,3295.0,Limit
2502,2,2025-09-25 10:42:46,Buy,5,3300.7,Stop
2503,1,2025-09-25 10:24:26,Sell,5,3294.9,Limit
2503,2,2025-09-25 10:42:32,Buy,5,3300.8,Stop
2504,1,2025-09-25 10:24:27,Sell,5,3295.0,Market
2504,2,2025-09-25 10:43:04,Buy,5,3300.7,Stop
2505,1,2025-09-25 10:24:28,Sell,5,3295.0,Market
2505,2,2025-09-25 10:43:04,Buy,5,3300.7,Stop
2506,1,2025-09-25 10:24:26,Sell,5,3294.9,Limit
2506,2,2025-09-25 10:43:09,Buy,5,3300.7,Stop
2507,1,2025-09-26 09:50:58,Buy,10,41390.0,Limit
2507,2,2025-09-26 10:17:44.500000,Sell,5,41438.0,Limit
2507,3,2025-09-26 10:44:31,Sell,5,41502.0,Limit
2508,1,2025-09-26 09:51:00,Buy,10,41390.0,Market
2508,2,2025-09-26 10:17:51,Sell,5,41438.0,Limit
2508,3,2025-09-26 10:44:42,Sell,5,41502.0,Limit
2509,1,2025-09-26 09:50:58,Buy,10,41391.0,Market
2509,2,2025-09-26 10:44:18,Sell,10,41469.0,Limit
2510,1,2025-09-26 09:50:58,Buy,10,41390.0,Limit
2510,2,2025-09-26 10:17:38,Sell,5,41438.0,Limit
2510,3,2025-09-26 10:44:18,Sell,5,41502.0,Limit
2511,1,2025-09-26 09:51:01,Buy,10,41391.0,Market
2511,2,2025-09-26 10:44:27,Sell,10,41469.0,Limit
2512,1,2025-09-26 09:50:58,Buy,10,41391.0,Market
2512,2,2025-09-26 10:17:54,Sell,5,41438.0,Limit
2512,3,2025-09-26 10:44:50,Sell,5,41500.0,Limit
2513,1,2025-09-26 03:33:24,Buy,5,3274.4,Market
2513,2,2025-09-26 05:09:14,Sell,5,3283.3,Limit
2514,1,2025-09-26 03:33:26,Buy,5,3274.5,Market
2514,2,2025-09-26 05:08:55,Sell,5,3283.3,Limit
2515,1,2025-09-26 03:33:26,Buy,5,3274.4,Limit
2515,2,2025-09-26 05:09:19,Sell,5,3283.3,Limit
2516,1,2025-09-26 03:33:26,Buy,5,3274.4,Limit
2516,2,2025-09-26 04:21:16,Sell,2,3279.7,Limit
2516,3,2025-09-26 05:09:06,Sell,3,3285.7,Limit
2517,1,2025-09-26 03:33:26,Buy,5,3274.5,Market
2517,2,2025-09-26 04:21:03.500000,Sell,2,3279.7,Limit
2517,3,2025-09-26 05:08:41,Sell,3,3285.5,Limit
2518,1,2025-09-29 09:53:06,Sell,6,24723.5,Limit
2518,2,2025-09-29 11:20:12,Buy,6,24750.0,Stop
2519,1,2025-09-29 09:53:09,Sell,6,24723.5,Market
2519,2,2025-09-29 11:20:48,Buy,6,24750.0,Stop
2520,1,2025-09-29 09:53:09,Sell,6,24723.5,Limit
2520,2,2025-09-29 11:21:04,Buy,6,24750.0,Stop
2521,1,2025-09-29 09:53:06,Sell,6,24723.5,Market
2521,2,2025-09-29 11:20:24,Buy,6,24750.0,Stop
2522,1,2025-09-29 09:53:09,Sell,6,24723.25,Limit
2522,2,2025-09-29 11:20:52,Buy,6,24750.25,Stop
2523,1,2025-09-29 09:53:08,Sell,6,24723.25,Limit
2523,2,2025-09-29 11:21:02,Buy,6,24750.25,Stop
2524,1,2025-09-30 10:01:17,Sell,10,6435.75,Limit
2524,2,2025-09-30 10:44:01,Buy,10,6442.25,Stop
2525,1,2025-09-30 10:01:20,Sell,10,6435.75,Limit
2525,2,2025-09-30 10:43:21,Buy,10,6442.25,Stop
2526,1,2025-09-30 10:01:17,Sell,10,6435.75,Market
2526,2,2025-09-30 10:43:57,Buy,10,6442.25,Stop
2527,1,2025-09-30 10:01:18,Sell,10,6435.75,Market
2527,2,2025-09-30 10:43:40,Buy,10,6442.25,Stop
2528,1,2025-09-30 10:01:19,Sell,10,6435.75,Market
2528,2,2025-09-30 10:44:06,Buy,10,6442.25,Stop
2529,1,2025-09-30 10:01:19,Sell,10,6435.75,Market
2529,2,2025-09-30 10:43:28,Buy,10,6442.25,Stop
2530,1,2025-09-30 12:22:00,Sell,10,2001.2,Limit
2530,2,2025-09-30 12:38:40,Buy,10,1996.7,Limit
2531,1,2025-09-30 12:22:00,Sell,10,2001.1,Market
2531,2,2025-09-30 12:38:27,Buy,10,1996.8,Limit
2532,1,2025-09-30 12:22:02,Sell,10,2001.2,Market
2532,2,2025-09-30 12:30:04,Buy,5,1998.5,Limit
2532,3,2025-09-30 12:38:06,Buy,5,1994.9,Limit
2533,1,2025-09-30 12:22:02,Sell,10,2001.2,Market
2533,2,2025-09-30 12:30:20.500000,Buy,5,1998.5,Limit
2533,3,2025-09-30 12:38:39,Buy,5,1994.9,Limit
2534,1,2025-09-30 12:22:03,Sell,10,2001.2,Limit
2534,2,2025-09-30 12:38:26,Buy,10,1996.7,Limit
2535,1,2025-09-30 12:22:01,Sell,10,2001.1,Limit
2535,2,2025-09-30 12:30:01,Buy,5,1998.5,Limit
2535,3,2025-09-30 12:38:01,Buy,5,1995.1,Limit
2536,1,2025-09-30 10:29:35,Sell,6,24114.5,Limit
2536,2,2025-09-30 11:30:54,Buy,6,24071.75,Limit
2537,1,2025-09-30 10:29:38,Sell,6,24114.25,Limit
2537,2,2025-09-30 11:00:24.500000,Buy,3,24089.0,Limit
2537,3,2025-09-30 11:31:11,Buy,3,24055.0,Limit
2538,1,2025-09-30 10:29:38,Sell,6,24114.25,Limit
2538,2,2025-09-30 11:00:25,Buy,3,24089.0,Limit
2538,3,2025-09-30 11:31:12,Buy,3,24055.0,Limit
2539,1,2025-09-30 10:29:38,Sell,6,24114.5,Market
2539,2,2025-09-30 11:31:30,Buy,6,24071.75,Limit
2540,1,2025-09-30 10:29:37,Sell,6,24114.25,Market
2540,2,2025-09-30 11:30:48,Buy,6,24071.75,Limit
2541,1,2025-09-30 03:15:51,Buy,5,3251.1,Market
2541,2,2025-09-30 04:26:33,Sell,5,3245.3,Stop
2542,1,2025-09-30 03:15:52,Buy,5,3251.2,Market
2542,2,2025-09-30 04:25:59,Sell,5,3245.2,Stop
2543,1,2025-09-30 03:15:51,Buy,5,3251.1,Market
2543,2,2025-09-30 04:26:02,Sell,5,3245.3,Stop
2544,1,2025-09-30 03:15:51,Buy,5,3251.1,Market
2544,2,2025-09-30 04:26:27,Sell,5,3245.3,Stop
2545,1,2025-09-30 03:15:54,Buy,5,3251.2,Market
2545,2,2025-09-30 04:26:09,Sell,5,3245.2,Stop
2546,1,2025-09-30 03:15:53,Buy,5,3251.1,Market
2546,2,2025-09-30 04:26:41,Sell,5,3245.3,Stop
2547,1,2025-10-01 10:04:07,Sell,6,24209.5,Limit
2547,2,2025-10-01 10:08:17,Buy,3,24185.0,Limit
2547,3,2025-10-01 10:12:27,Buy,3,24152.5,Limit
2548,1,2025-10-01 10:04:07,Sell,6,24209.25,Limit
2548,2,2025-10-01 10:08:10.500000,Buy,3,24185.0,Limit
2548,3,2025-10-01 10:12:14,Buy,3,24153.0,Limit
2549,1,2025-10-01 10:04:07,Sell,6,24209.5,Limit
2549,2,2025-10-01 10:12:49,Buy,6,24168.75,Limit
2550,1,2025-10-01 10:04:07,Sell,6,24209.25,Market
2550,2,2025-10-01 10:08:25,Buy,3,24185.0,Limit
2550,3,2025-10-01 10:12:43,Buy,3,24153.0,Limit
2551,1,2025-10-01 10:04:08,Sell,6,24209.25,Market
2551,2,2025-10-01 10:08:37.500000,Buy,3,24185.0,Limit
2551,3,2025-10-01 10:13:07,Buy,3,24153.0,Limit
2552,1,2025-10-01 10:04:10,Sell,6,24209.5,Limit
2552,2,2025-10-01 10:08:10.500000,Buy,3,24185.0,Limit
2552,3,2025-10-01 10:12:11,Buy,3,24152.5,Limit
2553,1,2025-10-02 10:21:52,Sell,10,45.88,Market
2553,2,2025-10-02 10:36:06.500000,Buy,5,45.57,Limit
2553,3,2025-10-02 10:50:21,Buy,5,45.15,Limit
2554,1,2025-10-02 10:21:54,Sell,10,45.88,Market
2554,2,2025-10-02 10:50:15,Buy,10,45.36,Limit
2555,1,2025-10-02 10:21:55,Sell,10,45.87,Market
2555,2,2025-10-02 10:36:19,Buy,5,45.56,Limit
2555,3,2025-10-02 10:50:43,Buy,5,45.16,Limit
2556,1,2025-10-02 10:21:54,Sell,10,45.87,Market
2556,2,2025-10-02 10:35:58,Buy,5,45.56,Limit
2556,3,2025-10-02 10:50:02,Buy,5,45.16,Limit
2557,1,2025-10-02 10:21:55,Sell,10,45.88,Limit
2557,2,2025-10-02 10:36:17.500000,Buy,5,45.57,Limit
2557,3,2025-10-02 10:50:40,Buy,5,45.15,Limit
2558,1,2025-10-03 10:00:04,Sell,10,6380.75,Limit
2558,2,2025-10-03 10:54:28,Buy,10,6370.5,Limit
2559,1,2025-10-03 10:00:06,Sell,10,6380.75,Market
2559,2,2025-10-03 10:27:15.500000,Buy,5,6374.5,Limit
2559,3,2025-10-03 10:54:25,Buy,5,6366.5,Limit
2560,1,2025-10-03 10:00:06,Sell,10,6380.75,Market
2560,2,2025-10-03 10:54:17,Buy,10,6370.5,Limit
2561,1,2025-10-03 10:00:05,Sell,10,6380.75,Market
2561,2,2025-10-03 10:27:18,Buy,5,6374.5,Limit
2561,3,2025-10-03 10:54:31,Buy,5,6366.5,Limit
2562,1,2025-10-03 10:00:04,Sell,10,6380.75,Limit
2562,2,2025-10-03 10:27:27,Buy,5,6374.5,Limit
2562,3,2025-10-03 10:54:50,Buy,5,6366.5,Limit
2563,1,2025-10-03 10:00:06,Sell,10,6380.75,Market
2563,2,2025-10-03 10:55:01,Buy,10,6370.5,Limit
2564,1,2025-10-03 12:19:07,Buy,10,1952.9,Market
2564,2,2025-10-03 12:28:44,Sell,10,1947.9,Stop
2565,1,2025-10-03 12:19:07,Buy,10,1952.9,Limit
2565,2,2025-10-03 12:28:27,Sell,10,1947.9,Stop
2566,1,2025-10-03 12:19:07,Buy,10,1953.0,Limit
2566,2,2025-10-03 12:28:55,Sell,10,1947.8,Stop
2567,1,2025-10-03 12:19:08,Buy,10,1952.9,Limit
2567,2,2025-10-03 12:28:09,Sell,10,1947.9,Stop
2568,1,2025-10-03 12:19:10,Buy,10,1952.9,Market
2568,2,2025-10-03 12:28:11,Sell,10,1947.9,Stop
2569,1,2025-10-03 12:19:10,Buy,10,1952.9,Market
2569,2,2025-10-03 12:28:46,Sell,10,1947.9,Stop
2570,1,2025-10-03 12:19:08,Buy,10,1953.0,Limit
2570,2,2025-10-03 12:28:24,Sell,10,1947.8,Stop
2571,1,2025-10-03 08:52:44,Sell,6,24518.75,Limit
2571,2,2025-10-03 08:58:05.500000,Buy,3,24506.0,Limit
2571,3,2025-10-03 09:03:27,Buy,3,24489.0,Limit
2572,1,2025-10-03 08:52:44,Sell,6,24518.5,Market
2572,2,2025-10-03 09:03:21,Buy,6,24497.5,Limit
2573,1,2025-10-03 08:52:44,Sell,6,24518.75,Market
2573,2,2025-10-03 09:02:58,Buy,6,24497.5,Limit
2574,1,2025-10-03 08:52:45,Sell,6,24518.75,Limit
2574,2,2025-10-03 09:03:35,Buy,6,24497.5,Limit
2575,1,2025-10-03 08:52:45,Sell,6,24518.5,Market
2575,2,2025-10-03 09:02:59,Buy,6,24497.75,Limit
2576,1,2025-10-03 08:52:45,Sell,6,24518.75,Market
2576,2,2025-10-03 09:02:45,Buy,6,24497.5,Limit
2577,1,2025-10-03 08:52:44,Sell,6,24518.75,Market
2577,2,2025-10-03 08:58:05,Buy,3,24506.0,Limit
2577,3,2025-10-03 09:03:26,Buy,3,24489.0,Limit
2578,1,2025-10-06 12:14:17,Sell,10,1946.1,Limit
2578,2,2025-10-06 12:32:31,Buy,10,1940.3,Limit
2579,1,2025-10-06 12:14:20,Sell,10,1946.1,Market
2579,2,2025-10-06 12:32:58,Buy,10,1940.3,Limit
2580,1,2025-10-06 12:14:19,Sell,10,1946.1,Limit
2580,2,2025-10-06 12:23:23.500000,Buy,5,1942.6,Limit
2580,3,2025-10-06 12:32:28,Buy,5,1938.0,Limit
2581,1,2025-10-06 12:14:18,Sell,10,1946.0,Limit
2581,2,2025-10-06 12:23:26,Buy,5,1942.6,Limit
2581,3,2025-10-06 12:32:34,Buy,5,1938.0,Limit
2582,1,2025-10-06 12:14:20,Sell,10,1946.0,Limit
2582,2,2025-10-06 12:32:52,Buy,10,1940.4,Limit
2583,1,2025-10-06 12:14:19,Sell,10,1946.1,Limit
2583,2,2025-10-06 12:23:37.500000,Buy,5,1942.6,Limit
2583,3,2025-10-06 12:32:56,Buy,5,1938.0,Limit
2584,1,2025-10-06 12:14:19,Sell,10,1946.0,Market
2584,2,2025-10-06 12:23:24.500000,Buy,5,1942.6,Limit
2584,3,2025-10-06 12:32:30,Buy,5,1938.2,Limit
2585,1,2025-10-06 12:14:17,Sell,10,1946.1,Limit
2585,2,2025-10-06 12:32:34,Buy,10,1940.3,Limit
2586,1,2025-10-06 03:15:51,Sell,5,3229.7,Market
2586,2,2025-10-06 03:44:18.500000,Buy,2,3225.2,Limit
2586,3,2025-10-06 04:12:46,Buy,3,3220.2,Limit
2587,1,2025-10-06 03:15:52,Sell,5,3229.7,Limit
2587,2,2025-10-06 04:12:46,Buy,5,3222.2,Limit
2588,1,2025-10-06 03:15:51,Sell,5,3229.6,Limit
2588,2,2025-10-06 04:12:01,Buy,5,3222.2,Limit
2589,1,2025-10-06 03:15:54,Sell,5,3229.7,Limit
2589,2,2025-10-06 04:12:34,Buy,5,3222.2,Limit
2590,1,2025-10-06 03:15:53,Sell,5,3229.7,Limit
2590,2,2025-10-06 04:12:51,Buy,5,3222.2,Limit
2591,1,2025-10-06 03:15:51,Sell,5,3229.7,Market
2591,2,2025-10-06 04:12:06,Buy,5,3222.2,Limit
2592,1,2025-10-07 09:48:02,Buy,10,39800.0,Market
2592,2,2025-10-07 09:59:38,Sell,10,39894.0,Limit
2593,1,2025-10-07 09:48:02,Buy,10,39800.0,Market
2593,2,2025-10-07 09:53:50.500000,Sell,5,39856.0,Limit
2593,3,2025-10-07 09:59:39,Sell,5,39932.0,Limit
2594,1,2025-10-07 09:48:02,Buy,10,39800.0,Limit
2594,2,2025-10-07 09:54:01,Sell,5,39856.0,Limit
2594,3,2025-10-07 10:00:00,Sell,5,39932.0,Limit
2595,1,2025-10-07 09:48:04,Buy,10,39801.0,Limit
2595,2,2025-10-07 09:53:45,Sell,5,39856.0,Limit
2595,3,2025-10-07 09:59:26,Sell,5,39930.0,Limit
2596,1,2025-10-07 09:48:04,Buy,10,39800.0,Market
2596,2,2025-10-07 09:53:41.500000,Sell,5,39856.0,Limit
2596,3,2025-10-07 09:59:19,Sell,5,39932.0,Limit
2597,1,2025-10-07 09:48:05,Buy,10,39801.0,Limit
2597,2,2025-10-07 09:53:58.500000,Sell,5,39857.0,Limit
2597,3,2025-10-07 09:59:52,Sell,5,39931.0,Limit
2598,1,2025-10-07 09:48:04,Buy,10,39800.0,Market
2598,2,2025-10-07 09:59:19,Sell,10,39894.0,Limit
2599,1,2025-10-07 09:48:05,Buy,10,39800.0,Market
2599,2,2025-10-07 09:53:35,Sell,5,39856.0,Limit
2599,3,2025-10-07 09:59:05,Sell,5,39932.0,Limit
2600,1,2025-10-07 12:24:10,Sell,10,1958.4,Market
2600,2,2025-10-07 12:29:38,Buy,10,1953.8,Limit
2601,1,2025-10-07 12:24:10,Sell,10,1958.3,Market
2601,2,2025-10-07 12:26:56.500000,Buy,5,1955.6,Limit
2601,3,2025-10-07 12:29:43,Buy,5,1952.0,Limit
2602,1,2025-10-07 12:24:10,Sell,10,1958.4,Market
2602,2,2025-10-07 12:30:08,Buy,10,1953.8,Limit
2603,1,2025-10-07 12:24:11,Sell,10,1958.4,Limit
2603,2,2025-10-07 12:27:02,Buy,5,1955.6,Limit
2603,3,2025-10-07 12:29:53,Buy,5,1952.0,Limit
2604,1,2025-10-07 12:24:12,Sell,10,1958.3,Limit
2604,2,2025-10-07 12:30:05,Buy,10,1953.9,Limit
2605,1,2025-10-07 12:24:10,Sell,10,1958.3,Limit
2605,2,2025-10-07 12:29:35,Buy,10,1953.8,Limit
2606,1,2025-10-07 12:24:13,Sell,10,1958.4,Market
2606,2,2025-10-07 12:27:08.500000,Buy,5,1955.6,Limit
2606,3,2025-10-07 12:30:04,Buy,5,1952.0,Limit
2607,1,2025-10-07 03:23:15,Buy,5,3166.5,Limit
2607,2,2025-10-07 04:51:38,Sell,5,3161.3,Stop
2608,1,2025-10-07 03:23:18,Buy,5,3166.5,Limit
2608,2,2025-10-07 04:51:34,Sell,5,3161.3,Stop
2609,1,2025-10-07 03:23:18,Buy,5,3166.5,Limit
2609,2,2025-10-07 04:51:30,Sell,5,3161.3,Stop
2610,1,2025-10-07 03:23:16,Buy,5,3166.5,Market
2610,2,2025-10-07 04:51:48,Sell,5,3161.3,Stop
2611,1,2025-10-07 03:23:16,Buy,5,3166.6,Limit
2611,2,2025-10-07 04:51:24,Sell,5,3161.2,Stop
2612,1,2025-10-07 03:23:17,Buy,5,3166.6,Market
2612,2,2025-10-07 04:51:43,Sell,5,3161.2,Stop
2613,1,2025-10-07 03:23:17,Buy,5,3166.5,Limit
2613,2,2025-10-07 04:51:34,Sell,5,3161.3,Stop
2614,1,2025-10-08 10:40:55,Buy,10,46.25,Limit
2614,2,2025-10-08 11:11:47,Sell,5,46.56,Limit
2614,3,2025-10-08 11:42:39,Sell,5,46.98,Limit
2615,1,2025-10-08 10:40:58,Buy,10,46.25,Limit
2615,2,2025-10-08 11:11:38,Sell,5,46.56,Limit
2615,3,2025-10-08 11:42:18,Sell,5,46.98,Limit
2616,1,2025-10-08 10:40:56,Buy,10,46.25,Limit
2616,2,2025-10-08 11:42:44,Sell,10,46.77,Limit
2617,1,2025-10-08 10:40:56,Buy,10,46.25,Limit
2617,2,2025-10-08 11:11:41.500000,Sell,5,46.56,Limit
2617,3,2025-10-08 11:42:27,Sell,5,46.98,Limit
2618,1,2025-10-08 10:40:55,Buy,10,46.25,Limit
2618,2,2025-10-08 11:11:31,Sell,5,46.56,Limit
2618,3,2025-10-08 11:42:07,Sell,5,46.98,Limit
2619,1,2025-10-08 10:40:56,Buy,10,46.25,Market
2619,2,2025-10-08 11:41:56,Sell,10,46.77,Limit
2620,1,2025-10-08 10:40:57,Buy,10,46.25,Limit
2620,2,2025-10-08 11:11:48.500000,Sell,5,46.56,Limit
2620,3,2025-10-08 11:42:40,Sell,5,46.98,Limit
2621,1,2025-10-08 10:40:57,Buy,10,46.26,Market
2621,2,2025-10-08 11:11:37.500000,Sell,5,46.57,Limit
2621,3,2025-10-08 11:42:18,Sell,5,46.97,Limit
2622,1,2025-10-09 09:46:16,Sell,10,6222.75,Limit
2622,2,2025-10-09 10:48:48,Buy,10,6227.75,Stop
2623,1,2025-10-09 09:46:19,Sell,10,6222.75,Market
2623,2,2025-10-09 10:48:35,Buy,10,6227.75,Stop
2624,1,2025-10-09 09:46:16,Sell,10,6222.75,Market
2624,2,2025-10-09 10:48:16,Buy,10,6227.75,Stop
2625,1,2025-10-09 09:46:18,Sell,10,6222.75,Limit
2625,2,2025-10-09 10:49:11,Buy,10,6227.75,Stop
2626,1,2025-10-09 09:46:17,Sell,10,6222.5,Limit
2626,2,2025-10-09 10:48:40,Buy,10,6228.0,Stop
2627,1,2025-10-09 09:46:18,Sell,10,6222.5,Limit
2627,2,2025-10-09 10:48:43,Buy,10,6228.0,Stop
2628,1,2025-10-09 09:46:17,Sell,10,6222.75,Market
2628,2,2025-10-09 10:49:05,Buy,10,6227.75,Stop
2629,1,2025-10-09 12:11:59,Sell,10,6231.25,Limit
2629,2,2025-10-09 12:29:19,Buy,10,6236.5,Stop
2630,1,2025-10-09 12:12:00,Sell,10,6231.25,Market
2630,2,2025-10-09 12:29:15,Buy,10,6236.5,Stop
2631,1,2025-10-09 12:12:01,Sell,10,6231.25,Market
2631,2,2025-10-09 12:29:49,Buy,10,6236.5,Stop
2632,1,2025-10-09 12:11:59,Sell,10,6231.25,Limit
2632,2,2025-10-09 12:29:44,Buy,10,6236.5,Stop
2633,1,2025-10-09 12:12:02,Sell,10,6231.25,Market
2633,2,2025-10-09 12:29:35,Buy,10,6236.5,Stop
2634,1,2025-10-09 12:12:01,Sell,10,6231.25,Limit
2634,2,2025-10-09 12:29:52,Buy,10,6236.5,Stop
2635,1,2025-10-09 12:12:02,Sell,10,6231.25,Market
2635,2,2025-10-09 12:29:17,Buy,10,6236.5,Stop
2636,1,2025-10-09 12:12:00,Sell,10,6231.25,Market
2636,2,2025-10-09 12:29:18,Buy,10,6236.5,Stop
2637,1,2025-10-09 03:28:28,Buy,10,46.81,Market
2637,2,2025-10-09 03:41:06,Sell,5,47.09,Limit
2637,3,2025-10-09 03:53:44,Sell,5,47.47,Limit
2638,1,2025-10-09 03:28:30,Buy,10,46.81,Limit
2638,2,2025-10-09 03:41:22.500000,Sell,5,47.09,Limit
2638,3,2025-10-09 03:54:15,Sell,5,47.47,Limit
2639,1,2025-10-09 03:28:30,Buy,10,46.82,Limit
2639,2,2025-10-09 03:54:03,Sell,10,47.28,Limit
2640,1,2025-10-09 03:28:30,Buy,10,46.82,Limit
2640,2,2025-10-09 03:41:25,Sell,5,47.1,Limit
2640,3,2025-10-09 03:54:20,Sell,5,47.46,Limit
2641,1,2025-10-09 03:28:29,Buy,10,46.81,Market
2641,2,2025-10-09 03:41:15.500000,Sell,5,47.09,Limit
2641,3,2025-10-09 03:54:02,Sell,5,47.47,Limit
2642,1,2025-10-09 03:28:31,Buy,10,46.82,Limit
2642,2,2025-10-09 03:53:50,Sell,10,47.27,Limit
2643,1,2025-10-09 03:28:30,Buy,10,46.81,Limit
2643,2,2025-10-09 03:53:57,Sell,10,47.28,Limit
2644,1,2025-10-10 12:30:01,Sell,10,6257.75,Limit
2644,2,2025-10-10 12:52:46,Buy,10,6263.5,Stop
2645,1,2025-10-10 12:30:02,Sell,10,6257.5,Limit
2645,2,2025-10-10 12:53:00,Buy,10,6263.75,Stop
2646,1,2025-10-10 12:30:04,Sell,10,6257.75,Market
2646,2,2025-10-10 12:52:49,Buy,10,6263.5,Stop
2647,1,2025-10-10 12:30:04,Sell,10,6257.75,Limit
2647,2,2025-10-10 12:52:46,Buy,10,6263.5,Stop
2648,1,2025-10-10 12:30:04,Sell,10,6257.5,Market
2648,2,2025-10-10 12:52:26,Buy,10,6263.75,Stop
2649,1,2025-10-10 12:30:01,Sell,10,6257.75,Market
2649,2,2025-10-10 12:52:40,Buy,10,6263.5,Stop
2650,1,2025-10-10 12:30:01,Sell,10,6257.75,Limit
2650,2,2025-10-10 12:52:45,Buy,10,6263.5,Stop
2651,1,2025-10-10 10:30:38,Sell,6,23897.75,Market
2651,2,2025-10-10 11:30:16,Buy,6,23856.5,Limit
2652,1,2025-10-10 10:30:40,Sell,6,23897.75,Limit
2652,2,2025-10-10 11:00:30,Buy,3,23873.0,Limit
2652,3,2025-10-10 11:30:20,Buy,3,23840.0,Limit
2653,1,2025-10-10 10:30:40,Sell,6,23897.5,Limit
2653,2,2025-10-10 11:30:25,Buy,6,23856.75,Limit
2654,1,2025-10-10 10:30:38,Sell,6,23897.5,Market
2654,2,2025-10-10 11:00:30,Buy,3,23873.0,Limit
2654,3,2025-10-10 11:30:22,Buy,3,23840.0,Limit
2655,1,2025-10-10 10:30:38,Sell,6,23897.5,Limit
2655,2,2025-10-10 11:30:07,Buy,6,23856.75,Limit
2656,1,2025-10-10 10:30:39,Sell,6,23897.5,Limit
2656,2,2025-10-10 11:00:19,Buy,3,23873.0,Limit
2656,3,2025-10-10 11:29:59,Buy,3,23840.5,Limit
2657,1,2025-10-10 03:19:00,Sell,10,47.23,Limit
2657,2,2025-10-10 04:19:29,Buy,10,47.52,Stop
2658,1,2025-10-10 03:19:03,Sell,10,47.23,Market
2658,2,2025-10-10 04:19:58,Buy,10,47.52,Stop
2659,1,2025-10-10 03:19:00,Sell,10,47.22,Limit
2659,2,2025-10-10 04:19:39,Buy,10,47.53,Stop
2660,1,2025-10-10 03:19:00,Sell,10,47.23,Limit
2660,2,2025-10-10 04:19:43,Buy,10,47.52,Stop
2661,1,2025-10-10 03:19:01,Sell,10,47.22,Limit
2661,2,2025-10-10 04:19:48,Buy,10,47.53,Stop
2662,1,2025-10-10 03:19:03,Sell,10,47.22,Market
2662,2,2025-10-10 04:19:28,Buy,10,47.52,Stop
2663,1,2025-10-10 03:19:01,Sell,10,47.23,Limit
2663,2,2025-10-10 04:19:35,Buy,10,47.52,Stop
2664,1,2025-10-13 09:59:08,Sell,10,39347.0,Market
2664,2,2025-10-13 10:43:01,Buy,10,39412.0,Stop
2665,1,2025-10-13 09:59:11,Sell,10,39347.0,Limit
2665,2,2025-10-13 10:42:55,Buy,10,39412.0,Stop
2666,1,2025-10-13 09:59:10,Sell,10,39347.0,Market
2666,2,2025-10-13 10:42:25,Buy,10,39412.0,Stop
2667,1,2025-10-13 09:59:09,Sell,10,39347.0,Market
2667,2,2025-10-13 10:42:52,Buy,10,39412.0,Stop
2668,1,2025-10-13 09:59:09,Sell,10,39346.0,Limit
2668,2,2025-10-13 10:42:38,Buy,10,39413.0,Stop
2669,1,2025-10-13 09:59:09,Sell,2,39347.0,Market
2669,2,2025-10-13 10:42:39,Buy,2,39412.0,Stop
2670,1,2025-10-13 10:28:48,Sell,5,3264.2,Market
2670,2,2025-10-13 11:08:49,Buy,5,3269.6,Stop
2671,1,2025-10-13 10:28:49,Sell,5,3264.1,Market
2671,2,2025-10-13 11:09:38,Buy,5,3269.6,Stop
2672,1,2025-10-13 10:28:49,Sell,5,3264.1,Limit
2672,2,2025-10-13 11:08:57,Buy,5,3269.6,Stop
2673,1,2025-10-13 10:28:48,Sell,5,3264.2,Market
2673,2,2025-10-13 11:09:14,Buy,5,3269.6,Stop
2674,1,2025-10-13 10:28:51,Sell,5,3264.2,Market
2674,2,2025-10-13 11:09:21,Buy,5,3269.6,Stop
2675,1,2025-10-13 10:28:51,Sell,5,3264.1,Limit
2675,2,2025-10-13 11:09:36,Buy,5,3269.6,Stop
2676,1,2025-10-13 10:28:48,Sell,5,3264.1,Limit
2676,2,2025-10-13 11:09:00,Buy,5,3269.7,Stop
2677,1,2025-10-13 10:28:48,Sell,5,3264.2,Market
2677,2,2025-10-13 11:09:08,Buy,5,3269.6,Stop
2678,1,2025-10-13 10:28:49,Sell,1,3264.2,Limit
2678,2,2025-10-13 11:09:36,Buy,1,3269.6,Stop
2679,1,2025-10-14 09:59:40,Buy,10,39025.0,Market
2679,2,2025-10-14 10:49:31,Sell,10,38957.0,Stop
2680,1,2025-10-14 09:59:40,Buy,10,39025.0,Limit
2680,2,2025-10-14 10:49:32,Sell,10,38957.0,Stop
2681,1,2025-10-14 09:59:42,Buy,10,39025.0,Market
2681,2,2025-10-14 10:49:11,Sell,10,38957.0,Stop
2682,1,2025-10-14 09:59:42,Buy,10,39025.0,Market
2682,2,2025-10-14 10:49:34,Sell,10,38957.0,Stop
2683,1,2025-10-14 09:59:43,Buy,10,39026.0,Market
2683,2,2025-10-14 10:49:40,Sell,10,38956.0,Stop
2684,1,2025-10-14 09:59:43,Buy,10,39026.0,Market
2684,2,2025-10-14 10:48:51,Sell,10,38957.0,Stop
2685,1,2025-10-14 09:59:42,Buy,10,39026.0,Limit
2685,2,2025-10-14 10:49:38,Sell,10,38956.0,Stop
2686,1,2025-10-14 09:59:40,Buy,10,39026.0,Market
2686,2,2025-10-14 10:49:10,Sell,10,38956.0,Stop
2687,1,2025-10-14 09:59:40,Buy,2,39025.0,Market
2687,2,2025-10-14 10:49:14,Sell,2,38957.0,Stop
2688,1,2025-10-14 09:59:41,Buy,10,39026.0,Limit
2688,2,2025-10-14 10:48:41,Sell,10,38956.0,Stop
2689,1,2025-10-14 12:11:46,Sell,10,1911.3,Limit
2689,2,2025-10-14 12:22:54.500000,Buy,5,1908.5,Limit
2689,3,2025-10-14 12:34:03,Buy,5,1904.9,Limit
2690,1,2025-10-14 12:11:49,Sell,10,1911.3,Market
2690,2,2025-10-14 12:22:58,Buy,5,1908.5,Limit
2690,3,2025-10-14 12:34:07,Buy,5,1904.9,Limit
2691,1,2025-10-14 12:11:49,Sell,10,1911.3,Limit
2691,2,2025-10-14 12:34:15,Buy,10,1906.7,Limit
2692,1,2025-10-14 12:11:46,Sell,10,1911.3,Market
2692,2,2025-10-14 12:34:00,Buy,10,1906.7,Limit
2693,1,2025-10-14 12:11:48,Sell,10,1911.3,Limit
2693,2,2025-10-14 12:34:40,Buy,10,1906.7,Limit
2694,1,2025-10-14 12:11:47,Sell,10,1911.3,Market
2694,2,2025-10-14 12:33:56,Buy,10,1906.7,Limit
2695,1,2025-10-14 12:11:48,Sell,2,1911.3,Market
2695,2,2025-10-14 12:34:46,Buy,2,1906.7,Limit
2696,1,2025-10-14 12:11:48,Sell,10,1911.2,Market
2696,2,2025-10-14 12:34:40,Buy,10,1906.7,Limit
2697,1,2025-10-14 10:20:10,Sell,6,23744.5,Market
2697,2,2025-10-14 10:38:53,Buy,6,23772.25,Stop
2698,1,2025-10-14 10:20:12,Sell,6,23744.5,Limit
2698,2,2025-10-14 10:38:47,Buy,6,23772.25,Stop
2699,1,2025-10-14 10:20:11,Sell,6,23744.25,Limit
2699,2,2025-10-14 10:38:36,Buy,6,23772.25,Stop
2700,1,2025-10-14 10:20:12,Sell,6,23744.5,Limit
2700,2,2025-10-14 10:39:08,Buy,6,23772.25,Stop
2701,1,2025-10-14 10:20:13,Sell,6,23744.5,Market
2701,2,2025-10-14 10:38:52,Buy,6,23772.25,Stop
2702,1,2025-10-14 10:20:12,Sell,6,23744.25,Limit
2702,2,2025-10-14 10:38:30,Buy,6,23772.5,Stop
2703,1,2025-10-14 10:20:13,Sell,6,23744.5,Market
2703,2,2025-10-14 10:38:36,Buy,6,23772.25,Stop
2704,1,2025-10-14 10:20:11,Sell,6,23744.25,Market
2704,2,2025-10-14 10:38:15,Buy,6,23772.5,Stop
2705,1,2025-10-14 10:20:13,Sell,2,23744.25,Market
2705,2,2025-10-14 10:38:56,Buy,2,23772.25,Stop
2706,1,2025-10-14 10:20:11,Sell,6,23744.5,Limit
2706,2,2025-10-14 10:38:16,Buy,6,23772.25,Stop
2707,1,2025-10-14 03:29:16,Sell,10,47.57,Limit
2707,2,2025-10-14 04:43:40,Buy,10,47.88,Stop
2708,1,2025-10-14 03:29:17,Sell,10,47.56,Limit
2708,2,2025-10-14 04:44:12,Buy,10,47.89,Stop
2709,1,2025-10-14 03:29:16,Sell,10,47.56,Market
2709,2,2025-10-14 04:43:51,Buy,10,47.89,Stop
2710,1,2025-10-14 03:29:18,Sell,10,47.57,Limit
2710,2,2025-10-14 04:43:33,Buy,10,47.88,Stop
2711,1,2025-10-14 03:29:18,Sell,10,47.56,Limit
2711,2,2025-10-14 04:43:46,Buy,10,47.88,Stop
2712,1,2025-10-14 03:29:19,Sell,10,47.56,Market
2712,2,2025-10-14 04:44:06,Buy,10,47.88,Stop
2713,1,2025-10-14 03:29:18,Sell,10,47.56,Market
2713,2,2025-10-14 04:44:16,Buy,10,47.88,Stop
2714,1,2025-10-14 03:29:16,Sell,10,47.57,Limit
2714,2,2025-10-14 04:44:15,Buy,10,47.88,Stop
2715,1,2025-10-14 03:29:17,Sell,2,47.56,Limit
2715,2,2025-10-14 04:43:30,Buy,2,47.88,Stop
2716,1,2025-10-14 03:29:17,Sell,10,47.57,Market
2716,2,2025-10-14 04:43:29,Buy,10,47.88,Stop
2717,1,2025-10-14 08:34:36,Sell,10,6272.0,Market
2717,2,2025-10-14 08:38:53,Buy,5,6268.5,Limit
2717,3,2025-10-14 08:43:10,Buy,5,6264.0,Limit
2718,1,2025-10-14 08:34:37,Sell,10,6271.75,Limit
2718,2,2025-10-14 08:42:45,Buy,10,6266.25,Limit
2719,1,2025-10-14 08:34:39,Sell,10,6272.0,Market
2719,2,2025-10-14 08:39:01.500000,Buy,5,6268.5,Limit
2719,3,2025-10-14 08:43:24,Buy,5,6264.0,Limit
2720,1,2025-10-14 08:34:38,Sell,10,6272.0,Market
2720,2,2025-10-14 08:38:39.500000,Buy,5,6268.5,Limit
2720,3,2025-10-14 08:42:41,Buy,5,6264.0,Limit
2721,1,2025-10-14 08:34:37,Sell,10,6271.75,Market
2721,2,2025-10-14 08:38:46,Buy,5,6268.5,Limit
2721,3,2025-10-14 08:42:55,Buy,5,6264.0,Limit
2722,1,2025-10-14 08:34:37,Sell,10,6272.0,Limit
2722,2,2025-10-14 08:38:45,Buy,5,6268.5,Limit
2722,3,2025-10-14 08:42:53,Buy,5,6264.0,Limit
2723,1,2025-10-14 08:34:38,Sell,10,6271.75,Limit
2723,2,2025-10-14 08:38:58,Buy,5,6268.5,Limit
2723,3,2025-10-14 08:43:18,Buy,5,6264.5,Limit
2724,1,2025-10-14 08:34:37,Sell,10,6272.0,Limit
2724,2,2025-10-14 08:42:44,Buy,10,6266.25,Limit
2725,1,2025-10-14 08:34:37,Sell,2,6271.75,Market
2725,2,2025-10-14 08:38:58.500000,Buy,1,6268.5,Limit
2725,3,2025-10-14 08:43:20,Buy,1,6264.0,Limit
2726,1,2025-10-14 08:34:38,Sell,10,6272.0,Market
2726,2,2025-10-14 08:43:06,Buy,10,6266.25,Limit
2727,1,2025-10-15 12:17:44,Sell,10,1906.1,Market
2727,2,2025-10-15 12:30:00,Buy,10,1912.5,Stop
2728,1,2025-10-15 12:17:46,Sell,10,1906.1,Market
2728,2,2025-10-15 12:29:51,Buy,10,1912.5,Stop
2729,1,2025-10-15 12:17:46,Sell,10,1906.0,Limit
2729,2,2025-10-15 12:30:42,Buy,10,1912.5,Stop
2730,1,2025-10-15 12:17:44,Sell,10,1906.0,Market
2730,2,2025-10-15 12:30:05,Buy,10,1912.5,Stop
2731,1,2025-10-15 12:17:44,Sell,10,1906.1,Limit
2731,2,2025-10-15 12:30:02,Buy,10,1912.5,Stop
2732,1,2025-10-15 12:17:46,Sell,10,1906.1,Market
2732,2,2025-10-15 12:29:53,Buy,10,1912.5,Stop
2733,1,2025-10-15 12:17:44,Sell,2,1906.1,Market
2733,2,2025-10-15 12:29:54,Buy,2,1912.5,Stop
2734,1,2025-10-15 12:17:47,Sell,10,1906.0,Limit
2734,2,2025-10-15 12:30:27,Buy,10,1912.6,Stop
2735,1,2025-10-15 12:17:47,Sell,10,1906.0,Market
2735,2,2025-10-15 12:30:39,Buy,10,1912.6,Stop
2736,1,2025-10-15 10:22:43,Buy,6,24172.5,Limit
2736,2,2025-10-15 10:39:35,Sell,6,24144.0,Stop
2737,1,2025-10-15 10:22:45,Buy,6,24172.75,Market
2737,2,2025-10-15 10:39:16,Sell,6,24144.0,Stop
2738,1,2025-10-15 10:22:44,Buy,6,24172.5,Limit
2738,2,2025-10-15 10:39:33,Sell,6,24144.0,Stop
2739,1,2025-10-15 10:22:44,Buy,6,24172.5,Market
2739,2,2025-10-15 10:38:59,Sell,6,24144.0,Stop
2740,1,2025-10-15 10:22:46,Buy,6,24172.5,Market
2740,2,2025-10-15 10:39:21,Sell,6,24144.0,Stop
2741,1,2025-10-15 10:22:45,Buy,2,24172.5,Limit
2741,2,2025-10-15 10:39:26,Sell,2,24144.0,Stop
2742,1,2025-10-15 10:22:44,Buy,6,24172.75,Market
2742,2,2025-10-15 10:39:40,Sell,6,24144.0,Stop
2743,1,2025-10-15 10:22:44,Buy,6,24172.5,Limit
2743,2,2025-10-15 10:39:12,Sell,6,24144.0,Stop
2744,1,2025-10-16 09:56:53,Sell,10,39256.0,Limit
2744,2,2025-10-16 10:22:18,Buy,10,39315.0,Stop
2745,1,2025-10-16 09:56:56,Sell,10,39255.0,Limit
2745,2,2025-10-16 10:22:20,Buy,10,39315.0,Stop
2746,1,2025-10-16 09:56:54,Sell,10,39256.0,Market
2746,2,2025-10-16 10:22:13,Buy,10,39315.0,Stop
2747,1,2025-10-16 09:56:54,Sell,2,39256.0,Limit
2747,2,2025-10-16 10:22:15,Buy,2,39315.0,Stop
2748,1,2025-10-16 09:56:56,Sell,10,39255.0,Market
2748,2,2025-10-16 10:22:31,Buy,10,39315.0,Stop
2749,1,2025-10-16 09:56:54,Sell,10,39256.0,Market
2749,2,2025-10-16 10:22:36,Buy,10,39315.0,Stop
2750,1,2025-10-16 09:56:53,Sell,10,39256.0,Market
2750,2,2025-10-16 10:22:49,Buy,10,39315.0,Stop
2751,1,2025-10-16 12:11:45,Sell,10,6238.75,Market
2751,2,2025-10-16 12:26:39,Buy,10,6244.5,Stop
2752,1,2025-10-16 12:11:46,Sell,2,6238.5,Market
2752,2,2025-10-16 12:26:26,Buy,2,6244.5,Stop
2753,1,2025-10-16 12:11:45,Sell,10,6238.5,Limit
2753,2,2025-10-16 12:26:09,Buy,10,6244.75,Stop
2754,1,2025-10-16 12:11:48,Sell,10,6238.5,Market
2754,2,2025-10-16 12:26:05,Buy,10,6244.5,Stop
2755,1,2025-10-16 12:11:45,Sell,10,6238.75,Limit
2755,2,2025-10-16 12:25:59,Buy,10,6244.5,Stop
2756,1,2025-10-16 10:20:21,Sell,10,47.52,Market
2756,2,2025-10-16 10:42:51,Buy,10,47.02,Limit
2757,1,2025-10-16 10:20:21,Sell,10,47.52,Limit
2757,2,2025-10-16 10:42:30,Buy,10,47.02,Limit
2758,1,2025-10-16 10:20:21,Sell,10,47.52,Market
2758,2,2025-10-16 10:42:22,Buy,10,47.02,Limit
2759,1,2025-10-16 10:20:21,Sell,2,47.52,Market
2759,2,2025-10-16 10:42:24,Buy,2,47.02,Limit
2760,1,2025-10-16 10:20:24,Sell,10,47.52,Limit
2760,2,2025-10-16 10:31:40.500000,Buy,5,47.22,Limit
2760,3,2025-10-16 10:42:57,Buy,5,46.82,Limit
2761,1,2025-10-16 10:20:23,Sell,10,47.51,Market
2761,2,2025-10-16 10:42:37,Buy,10,47.02,Limit
2762,1,2025-10-16 10:20:24,Sell,10,47.52,Limit
2762,2,2025-10-16 10:31:26,Buy,5,47.22,Limit
2762,3,2025-10-16 10:42:28,Buy,5,46.82,Limit
2763,1,2025-10-17 09:49:58,Sell,6,23980.25,Market
2763,2,2025-10-17 10:42:43,Buy,6,23930.25,Limit
2764,1,2025-10-17 09:49:59,Sell,6,23980.25,Market
2764,2,2025-10-17 10:16:14,Buy,3,23950.25,Limit
2764,3,2025-10-17 10:42:29,Buy,3,23910.25,Limit
2765,1,2025-10-17 09:50:00,Sell,6,23980.0,Market
2765,2,2025-10-17 10:16:24.500000,Buy,3,23950.25,Limit
2765,3,2025-10-17 10:42:49,Buy,3,23910.75,Limit
2766,1,2025-10-17 09:49:58,Sell,6,23980.0,Market
2766,2,2025-10-17 10:42:56,Buy,6,23930.5,Limit
2767,1,2025-10-17 09:49:58,Sell,6,23980.25,Limit
2767,2,2025-10-17 10:41:59,Buy,6,23930.25,Limit
2768,1,2025-10-17 09:50:01,Sell,6,23980.25,Market
2768,2,2025-10-17 10:42:17,Buy,6,23930.25,Limit
2769,1,2025-10-17 09:50:00,Sell,2,23980.25,Limit
2769,2,2025-10-17 10:42:31,Buy,2,23930.25,Limit
2770,1,2025-10-17 10:30:12,Sell,6,23962.75,Limit
2770,2,2025-10-17 11:41:43,Buy,6,23991.75,Stop
2771,1,2025-10-17 10:30:12,Sell,6,23962.75,Market
2771,2,2025-10-17 11:41:15,Buy,6,23991.75,Stop
2772,1,2025-10-17 10:30:13,Sell,6,23962.75,Limit
2772,2,2025-10-17 11:41:56,Buy,6,23991.75,Stop
2773,1,2025-10-17 10:30:14,Sell,6,23962.75,Market
2773,2,2025-10-17 11:42:08,Buy,6,23991.75,Stop
2774,1,2025-10-17 10:30:13,Sell,6,23962.75,Limit
2774,2,2025-10-17 11:41:20,Buy,6,23991.75,Stop
2775,1,2025-10-17 10:30:15,Sell,6,23962.75,Limit
2775,2,2025-10-17 11:41:29,Buy,6,23991.75,Stop
2776,1,2025-10-17 03:23:31,Buy,5,3315.6,Market
2776,2,2025-10-17 04:01:43,Sell,5,3309.5,Stop
2777,1,2025-10-17 03:23:31,Buy,5,3315.6,Limit
2777,2,2025-10-17 04:02:11,Sell,5,3309.5,Stop
2778,1,2025-10-17 03:23:33,Buy,5,3315.6,Market
2778,2,2025-10-17 04:02:07,Sell,5,3309.5,Stop
2779,1,2025-10-17 03:23:32,Buy,5,3315.6,Limit
2779,2,2025-10-17 04:02:15,Sell,5,3309.5,Stop
2780,1,2025-10-17 03:23:34,Buy,5,3315.7,Limit
2780,2,2025-10-17 04:01:39,Sell,5,3309.4,Stop
2781,1,2025-10-17 03:23:34,Buy,5,3315.6,Limit
2781,2,2025-10-17 04:01:34,Sell,5,3309.5,Stop
2782,1,2025-10-17 03:23:31,Buy,1,3315.6,Market
2782,2,2025-10-17 04:01:58,Sell,1,3309.5,Stop
2783,1,2025-10-20 09:54:51,Sell,10,6063.0,Limit
2783,2,2025-10-20 10:35:26,Buy,10,6070.0,Stop
2784,1,2025-10-20 09:54:52,Sell,10,6062.75,Limit
2784,2,2025-10-20 10:35:40,Buy,10,6070.25,Stop
2785,1,2025-10-20 09:54:54,Sell,10,6063.0,Limit
2785,2,2025-10-20 10:35:51,Buy,10,6070.0,Stop
2786,1,2025-10-20 09:54:52,Sell,10,6063.0,Market
2786,2,2025-10-20 10:35:46,Buy,10,6070.0,Stop
2787,1,2025-10-20 09:54:53,Sell,10,6063.0,Market
2787,2,2025-10-20 10:35:01,Buy,10,6070.0,Stop
2788,1,2025-10-20 09:54:51,Sell,10,6063.0,Market
2788,2,2025-10-20 10:35:17,Buy,10,6070.0,Stop
2789,1,2025-10-20 10:38:19,Sell,6,24211.25,Limit
2789,2,2025-10-20 12:05:09,Buy,6,24232.0,Stop
2790,1,2025-10-20 10:38:22,Sell,6,24211.0,Market
2790,2,2025-10-20 12:05:06,Buy,6,24232.0,Stop
2791,1,2025-10-20 10:38:21,Sell,6,24211.25,Market
2791,2,2025-10-20 12:04:43,Buy,6,24232.0,Stop
2792,1,2025-10-20 10:38:21,Sell,6,24211.25,Limit
2792,2,2025-10-20 12:04:42,Buy,6,24232.0,Stop
2793,1,2025-10-20 10:38:22,Sell,6,24211.25,Market
2793,2,2025-10-20 12:05:19,Buy,6,24232.0,Stop
2794,1,2025-10-20 10:38:21,Sell,2,24211.0,Market
2794,2,2025-10-20 12:05:13,Buy,2,24232.0,Stop
2795,1,2025-10-21 10:03:09,Sell,10,6014.5,Limit
2795,2,2025-10-21 10:16:08,Buy,10,6019.25,Stop
2796,1,2025-10-21 10:03:11,Sell,10,6014.5,Limit
2796,2,2025-10-21 10:16:04,Buy,10,6019.25,Stop
2797,1,2025-10-21 10:03:12,Sell,10,6014.5,Market
2797,2,2025-10-21 10:15:48,Buy,10,6019.25,Stop
2798,1,2025-10-21 10:03:12,Sell,2,6014.25,Limit
2798,2,2025-10-21 10:15:26,Buy,2,6019.25,Stop
2799,1,2025-10-21 03:33:33,Sell,10,46.71,Market
2799,2,2025-10-21 03:52:34.500000,Buy,5,46.35,Limit
2799,3,2025-10-21 04:11:36,Buy,5,45.87,Limit
2800,1,2025-10-21 03:33:36,Sell,10,46.71,Market
2800,2,2025-10-21 04:12:07,Buy,10,46.11,Limit
2801,1,2025-10-21 03:33:35,Sell,10,46.71,Limit
2801,2,2025-10-21 04:12:33,Buy,10,46.11,Limit
2802,1,2025-10-21 03:33:36,Sell,2,46.71,Limit
2802,2,2025-10-21 04:11:56,Buy,2,46.11,Limit
2803,1,2025-10-22 09:47:58,Sell,10,6060.75,Limit
2803,2,2025-10-22 10:56:54,Buy,10,6066.75,Stop
2804,1,2025-10-22 09:48:00,Sell,10,6060.75,Limit
2804,2,2025-10-22 10:56:00,Buy,10,6066.75,Stop
2805,1,2025-10-22 09:47:59,Sell,10,6060.5,Limit
2805,2,2025-10-22 10:56:20,Buy,10,6066.75,Stop
2806,1,2025-10-22 09:47:58,Sell,2,6060.5,Limit
2806,2,2025-10-22 10:56:03,Buy,2,6067.0,Stop
2807,1,2025-10-22 09:47:58,Sell,10,6060.75,Market
2807,2,2025-10-22 10:56:14,Buy,10,6066.75,Stop
2808,1,2025-10-22 12:13:41,Sell,10,6076.25,Market
2808,2,2025-10-22 12:29:23,Buy,10,6081.5,Stop
2809,1,2025-10-22 12:13:42,Sell,10,6076.25,Limit
2809,2,2025-10-22 12:29:21,Buy,10,6081.5,Stop
2810,1,2025-10-22 12:13:44,Sell,10,6076.0,Limit
2810,2,2025-10-22 12:28:54,Buy,10,6081.5,Stop
2811,1,2025-10-22 12:13:44,Sell,2,6076.25,Market
2811,2,2025-10-22 12:28:45,Buy,2,6081.5,Stop
2812,1,2025-10-22 12:13:43,Sell,10,6076.0,Limit
2812,2,2025-10-22 12:29:02,Buy,10,6081.75,Stop
2813,1,2025-10-22 10:30:03,Buy,10,45.97,Limit
2813,2,2025-10-22 10:55:58.500000,Sell,5,46.31,Limit
2813,3,2025-10-22 11:21:54,Sell,5,46.75,Limit
2814,1,2025-10-22 10:30:05,Buy,10,45.97,Market
2814,2,2025-10-22 10:56:00.500000,Sell,5,46.31,Limit
2814,3,2025-10-22 11:21:56,Sell,5,46.75,Limit
2815,1,2025-10-22 10:30:06,Buy,2,45.98,Limit
2815,2,2025-10-22 11:21:52,Sell,2,46.53,Limit
2816,1,2025-10-22 10:30:06,Buy,10,45.97,Limit
2816,2,2025-10-22 11:21:47,Sell,10,46.53,Limit
2817,1,2025-10-22 03:28:34,Sell,5,3394.5,Market
2817,2,2025-10-22 04:34:01,Buy,5,3400.2,Stop
2818,1,2025-10-22 03:28:37,Sell,5,3394.4,Limit
2818,2,2025-10-22 04:34:05,Buy,5,3400.3,Stop
2819,1,2025-10-22 03:28:36,Sell,5,3394.4,Market
2819,2,2025-10-22 04:34:28,Buy,5,3400.2,Stop
2820,1,2025-10-22 03:28:35,Sell,5,3394.5,Limit
2820,2,2025-10-22 04:33:50,Buy,5,3400.2,Stop
2821,1,2025-10-23 09:58:55,Sell,10,39672.0,Limit
2821,2,2025-10-23 11:14:22,Buy,10,39585.0,Limit
2822,1,2025-10-23 09:58:58,Sell,10,39672.0,Market
2822,2,2025-10-23 11:14:08,Buy,10,39585.0,Limit
2823,1,2025-10-23 09:58:55,Sell,10,39671.0,Market
2823,2,2025-10-23 10:36:51.500000,Buy,5,39619.0,Limit
2823,3,2025-10-23 11:14:48,Buy,5,39551.0,Limit
2824,1,2025-10-23 09:58:57,Sell,2,39671.0,Market
2824,2,2025-10-23 11:14:16,Buy,2,39586.0,Limit
2825,1,2025-10-23 09:58:57,Sell,10,39671.0,Market
2825,2,2025-10-23 10:36:44,Buy,5,39619.0,Limit
2825,3,2025-10-23 11:14:31,Buy,5,39551.0,Limit
2826,1,2025-10-23 03:16:42,Buy,5,3408.4,Limit
2826,2,2025-10-23 03:50:33,Sell,5,3403.2,Stop
2827,1,2025-10-23 03:16:45,Buy,5,3408.4,Limit
2827,2,2025-10-23 03:50:04,Sell,5,3403.2,Stop
2828,1,2025-10-23 03:16:43,Buy,5,3408.5,Market
2828,2,2025-10-23 03:50:26,Sell,5,3403.2,Stop
2829,1,2025-10-23 03:16:44,Buy,1,3408.5,Market
2829,2,2025-10-23 03:50:03,Sell,1,3403.2,Stop
2830,1,2025-10-23 03:16:42,Buy,5,3408.4,Market
2830,2,2025-10-23 03:49:52,Sell,5,3403.2,Stop
2831,1,2025-10-24 10:06:46,Buy,6,24159.5,Market
2831,2,2025-10-24 10:54:12.500000,Sell,3,24185.0,Limit
2831,3,2025-10-24 11:41:39,Sell,3,24219.0,Limit
2832,1,2025-10-24 10:06:48,Buy,6,24159.75,Limit
2832,2,2025-10-24 10:54:02,Sell,3,24185.0,Limit
2832,3,2025-10-24 11:41:16,Sell,3,24219.0,Limit
2833,1,2025-10-24 10:06:49,Buy,2,24159.75,Market
2833,2,2025-10-24 11:40:56,Sell,2,24201.75,Limit
2834,1,2025-10-24 10:06:46,Buy,6,24159.5,Limit
2834,2,2025-10-24 11:41:37,Sell,6,24202.0,Limit
2835,1,2025-10-24 10:06:47,Buy,6,24159.5,Limit
2835,2,2025-10-24 11:41:42,Sell,6,24202.0,Limit
2836,1,2025-10-24 10:31:22,Buy,10,44.05,Limit
2836,2,2025-10-24 11:10:44,Sell,10,43.77,Stop
2837,1,2025-10-24 10:31:23,Buy,10,44.05,Limit
2837,2,2025-10-24 11:11:01,Sell,10,43.77,Stop
2838,1,2025-10-24 10:31:24,Buy,10,44.05,Limit
2838,2,2025-10-24 11:11:16,Sell,10,43.77,Stop
2839,1,2025-10-24 10:31:22,Buy,2,44.06,Limit
2839,2,2025-10-24 11:11:15,Sell,2,43.76,Stop
2840,1,2025-10-24 10:31:22,Buy,10,44.05,Market
2840,2,2025-10-24 11:10:52,Sell,10,43.77,Stop
2841,1,2025-10-24 10:31:23,Buy,10,44.05,Market
2841,2,2025-10-24 11:10:31,Sell,10,43.77,Stop
2842,1,2025-10-27 09:49:42,Buy,6,24200.5,Limit
2842,2,2025-10-27 10:30:07,Sell,6,24171.75,Stop
2843,1,2025-10-27 09:49:44,Buy,6,24200.5,Market
2843,2,2025-10-27 10:30:34,Sell,6,24171.75,Stop
2844,1,2025-10-27 09:49:44,Buy,6,24200.5,Market
2844,2,2025-10-27 10:30:35,Sell,6,24171.75,Stop
2845,1,2025-10-27 09:49:43,Buy,2,24200.5,Limit
2845,2,2025-10-27 10:30:02,Sell,2,24171.75,Stop
2846,1,2025-10-27 09:49:45,Buy,6,24200.75,Market
2846,2,2025-10-27 10:30:06,Sell,6,24171.75,Stop
2847,1,2025-10-27 09:49:43,Buy,6,24200.5,Limit
2847,2,2025-10-27 10:30:30,Sell,6,24171.75,Stop
2848,1,2025-10-27 12:18:20,Buy,10,6123.5,Limit
2848,2,2025-10-27 12:39:12,Sell,10,6117.25,Stop
2849,1,2025-10-27 12:18:23,Buy,10,6123.5,Market
2849,2,2025-10-27 12:38:46,Sell,10,6117.25,Stop
2850,1,2025-10-27 12:18:22,Buy,10,6123.5,Market
2850,2,2025-10-27 12:38:35,Sell,10,6117.25,Stop
2851,1,2025-10-27 12:18:23,Buy,2,6123.5,Market
2851,2,2025-10-27 12:38:40,Sell,2,6117.25,Stop
2852,1,2025-10-27 12:18:22,Buy,10,6123.75,Market
2852,2,2025-10-27 12:39:18,Sell,10,6117.25,Stop
2853,1,2025-10-27 12:18:22,Buy,10,6123.5,Market
2853,2,2025-10-27 12:39:04,Sell,10,6117.25,Stop
2854,1,2025-10-27 10:22:18,Sell,5,3399.3,Market
2854,2,2025-10-27 10:32:04,Buy,5,3388.2,Limit
2855,1,2025-10-27 10:22:20,Sell,5,3399.2,Market
2855,2,2025-10-27 10:31:30,Buy,5,3388.3,Limit
2856,1,2025-10-27 10:22:20,Sell,5,3399.3,Limit
2856,2,2025-10-27 10:32:03,Buy,5,3388.2,Limit
2857,1,2025-10-27 10:22:19,Sell,1,3399.3,Market
2857,2,2025-10-27 10:31:45,Buy,1,3388.2,Limit
2858,1,2025-10-27 10:22:20,Sell,5,3399.3,Limit
2858,2,2025-10-27 10:26:52.500000,Buy,2,3392.6,Limit
2858,3,2025-10-27 10:31:25,Buy,3,3385.3,Limit
2859,1,2025-10-27 10:22:18,Sell,5,3399.3,Market
2859,2,2025-10-27 10:31:52,Buy,5,3388.2,Limit
2860,1,2025-10-27 03:16:15,Buy,5,3389.1,Market
2860,2,2025-10-27 03:22:16,Sell,2,3394.5,Limit
2860,3,2025-10-27 03:28:17,Sell,3,3400.5,Limit
2861,1,2025-10-27 03:16:15,Buy,5,3389.1,Limit
2861,2,2025-10-27 03:22:40,Sell,2,3394.5,Limit
2861,3,2025-10-27 03:29:05,Sell,3,3400.5,Limit
2862,1,2025-10-27 03:16:17,Buy,5,3389.1,Limit
2862,2,2025-10-27 03:22:42,Sell,2,3394.5,Limit
2862,3,2025-10-27 03:29:07,Sell,3,3400.5,Limit
2863,1,2025-10-27 03:16:17,Buy,1,3389.1,Limit
2863,2,2025-10-27 03:28:42,Sell,1,3398.1,Limit
2864,1,2025-10-27 03:16:15,Buy,5,3389.1,Market
2864,2,2025-10-27 03:22:22.500000,Sell,2,3394.5,Limit
2864,3,2025-10-27 03:28:30,Sell,3,3400.5,Limit
2865,1,2025-10-27 03:16:16,Buy,5,3389.2,Market
2865,2,2025-10-27 03:28:34,Sell,5,3398.0,Limit
2866,1,2025-10-28 09:59:02,Sell,6,23850.25,Limit
2866,2,2025-10-28 11:06:26,Buy,6,23875.5,Stop
2867,1,2025-10-28 09:59:05,Sell,6,23850.0,Market
2867,2,2025-10-28 11:06:18,Buy,6,23875.75,Stop
2868,1,2025-10-28 09:59:02,Sell,2,23850.25,Market
2868,2,2025-10-28 11:06:53,Buy,2,23875.5,Stop
2869,1,2025-10-28 09:59:05,Sell,6,23850.0,Limit
2869,2,2025-10-28 11:06:59,Buy,6,23875.5,Stop
2870,1,2025-10-28 09:59:03,Sell,6,23850.0,Market
2870,2,2025-10-28 11:06:37,Buy,6,23875.5,Stop
2871,1,2025-10-28 12:20:47,Buy,10,6228.0,Limit
2871,2,2025-10-28 12:27:58,Sell,10,6233.0,Limit
2872,1,2025-10-28 12:20:50,Buy,10,6228.0,Market
2872,2,2025-10-28 12:28:01,Sell,10,6233.0,Limit
2873,1,2025-10-28 12:20:47,Buy,10,6228.25,Market
2873,2,2025-10-28 12:24:31,Sell,5,6231.0,Limit
2873,3,2025-10-28 12:28:15,Sell,5,6234.5,Limit
2874,1,2025-10-28 12:20:47,Buy,2,6228.0,Market
2874,2,2025-10-28 12:28:36,Sell,2,6233.0,Limit
2875,1,2025-10-28 12:20:49,Buy,10,6228.0,Limit
2875,2,2025-10-28 12:27:52,Sell,10,6233.0,Limit
2876,1,2025-10-28 12:20:47,Buy,10,6228.25,Limit
2876,2,2025-10-28 12:28:34,Sell,10,6232.75,Limit
2877,1,2025-10-28 10:33:16,Buy,6,24166.0,Market
2877,2,2025-10-28 11:07:33,Sell,6,24145.75,Stop
2878,1,2025-10-28 10:33:17,Buy,6,24166.25,Market
2878,2,2025-10-28 11:08:04,Sell,6,24145.5,Stop
2879,1,2025-10-28 10:33:16,Buy,2,24166.25,Market
2879,2,2025-10-28 11:07:20,Sell,2,24145.5,Stop
2880,1,2025-10-28 10:33:16,Buy,6,24166.0,Market
2880,2,2025-10-28 11:07:55,Sell,6,24145.75,Stop
2881,1,2025-10-28 10:33:16,Buy,6,24166.0,Limit
2881,2,2025-10-28 11:07:37,Sell,6,24145.75,Stop
2882,1,2025-10-28 03:21:47,Buy,10,44.63,Market
2882,2,2025-10-28 04:48:45,Sell,10,44.38,Stop
2883,1,2025-10-28 03:21:49,Buy,10,44.63,Market
2883,2,2025-10-28 04:48:23,Sell,10,44.38,Stop
2884,1,2025-10-28 03:21:47,Buy,10,44.64,Market
2884,2,2025-10-28 04:48:16,Sell,10,44.37,Stop
2885,1,2025-10-28 03:21:48,Buy,2,44.63,Market
2885,2,2025-10-28 04:48:14,Sell,2,44.38,Stop
2886,1,2025-10-28 03:21:50,Buy,10,44.63,Market
2886,2,2025-10-28 04:48:15,Sell,10,44.38,Stop
2887,1,2025-10-29 10:04:43,Sell,6,24414.75,Market
2887,2,2025-10-29 10:23:46,Buy,6,24440.0,Stop
2888,1,2025-10-29 10:04:44,Sell,6,24414.5,Limit
2888,2,2025-10-29 10:24:43,Buy,6,24440.25,Stop
2889,1,2025-10-29 10:04:46,Sell,6,24414.75,Limit
2889,2,2025-10-29 10:24:27,Buy,6,24440.0,Stop
2890,1,2025-10-29 10:04:43,Sell,2,24414.75,Market
2890,2,2025-10-29 10:24:11,Buy,2,24440.0,Stop
2891,1,2025-10-29 10:04:44,Sell,6,24414.5,Market
2891,2,2025-10-29 10:24:39,Buy,6,24440.0,Stop
2892,1,2025-10-29 10:24:37,Buy,5,3445.3,Limit
2892,2,2025-10-29 10:44:56,Sell,5,3456.1,Limit
2893,1,2025-10-29 10:24:38,Buy,5,3445.4,Limit
2893,2,2025-10-29 10:45:13,Sell,5,3456.0,Limit
2894,1,2025-10-29 10:24:40,Buy,5,3445.3,Market
2894,2,2025-10-29 10:45:03,Sell,5,3456.1,Limit
2895,1,2025-10-29 10:24:38,Buy,1,3445.3,Limit
2895,2,2025-10-29 10:45:21,Sell,1,3456.1,Limit
2896,1,2025-10-29 10:24:39,Buy,5,3445.4,Limit
2896,2,2025-10-29 10:44:54,Sell,5,3456.0,Limit
2897,1,2025-10-29 10:24:39,Buy,5,3445.3,Limit
2897,2,2025-10-29 10:34:53.500000,Sell,2,3451.8,Limit
2897,3,2025-10-29 10:45:08,Sell,3,3459.0,Limit
2898,1,2025-10-30 09:55:50,Buy,10,6262.0,Market
2898,2,2025-10-30 10:32:44,Sell,10,6256.0,Stop
2899,1,2025-10-30 09:55:53,Buy,10,6262.0,Limit
2899,2,2025-10-30 10:32:36,Sell,10,6256.0,Stop
2900,1,2025-10-30 09:55:52,Buy,2,6262.0,Market
2900,2,2025-10-30 10:32:26,Sell,2,6256.0,Stop
2901,1,2025-10-30 09:55:52,Buy,10,6262.25,Market
2901,2,2025-10-30 10:32:46,Sell,10,6255.75,Stop
2902,1,2025-10-30 09:55:53,Buy,10,6262.0,Market
2902,2,2025-10-30 10:31:54,Sell,10,6256.0,Stop
2903,1,2025-10-30 12:12:54,Buy,10,1874.7,Market
2903,2,2025-10-30 12:24:23.500000,Sell,5,1878.2,Limit
2903,3,2025-10-30 12:35:53,Sell,5,1882.8,Limit
2904,1,2025-10-30 12:12:56,Buy,10,1874.7,Market
2904,2,2025-10-30 12:35:02,Sell,10,1880.5,Limit
2905,1,2025-10-30 12:12:56,Buy,2,1874.8,Limit
2905,2,2025-10-30 12:35:40,Sell,2,1880.4,Limit
2906,1,2025-10-30 12:12:55,Buy,10,1874.8,Market
2906,2,2025-10-30 12:24:14.500000,Sell,5,1878.2,Limit
2906,3,2025-10-30 12:35:34,Sell,5,1882.6,Limit
2907,1,2025-10-30 12:12:56,Buy,10,1874.7,Market
2907,2,2025-10-30 12:35:40,Sell,10,1880.5,Limit
2908,1,2025-10-31 12:17:45,Buy,10,1870.5,Market
2908,2,2025-10-31 12:38:39,Sell,10,1863.8,Stop
2909,1,2025-10-31 12:17:45,Buy,10,1870.5,Limit
2909,2,2025-10-31 12:38:35,Sell,10,1863.8,Stop
2910,1,2025-10-31 12:17:45,Buy,10,1870.6,Limit
2910,2,2025-10-31 12:38:10,Sell,10,1863.7,Stop
2911,1,2025-10-31 12:17:46,Buy,2,1870.6,Limit
2911,2,2025-10-31 12:38:21,Sell,2,1863.7,Stop
2912,1,2025-10-31 12:17:47,Buy,10,1870.5,Market
2912,2,2025-10-31 12:38:38,Sell,10,1863.8,Stop
2913,1,2025-10-31 12:17:45,Buy,10,1870.5,Market
2913,2,2025-10-31 12:38:13,Sell,10,1863.8,Stop
2914,1,2025-11-03 09:53:15,Buy,6,25281.25,Market
2914,2,2025-11-03 11:18:30,Sell,6,25251.75,Stop
2915,1,2025-11-03 09:53:18,Buy,6,25281.25,Limit
2915,2,2025-11-03 11:19:14,Sell,6,25251.75,Stop
2916,1,2025-11-03 09:53:18,Buy,2,25281.5,Limit
2916,2,2025-11-03 11:19:17,Sell,2,25251.75,Stop
2917,1,2025-11-03 09:53:16,Buy,6,25281.5,Market
2917,2,2025-11-03 11:19:06,Sell,6,25251.75,Stop
2918,1,2025-11-03 09:53:16,Buy,6,25281.5,Limit
2918,2,2025-11-03 11:18:25,Sell,6,25251.5,Stop
2919,1,2025-11-03 12:14:57,Buy,10,1799.9,Limit
2919,2,2025-11-03 12:32:45,Sell,10,1793.8,Stop
2920,1,2025-11-03 12:15:00,Buy,2,1799.9,Market
2920,2,2025-11-03 12:32:08,Sell,2,1793.8,Stop
2921,1,2025-11-03 12:15:00,Buy,10,1800.0,Limit
2921,2,2025-11-03 12:32:49,Sell,10,1793.7,Stop
2922,1,2025-11-03 12:15:00,Buy,10,1800.0,Limit
2922,2,2025-11-03 12:32:27,Sell,10,1793.7,Stop
2923,1,2025-11-03 10:38:45,Buy,6,25115.75,Limit
2923,2,2025-11-03 11:47:26,Sell,6,25092.75,Stop
2924,1,2025-11-03 10:38:45,Buy,6,25115.75,Limit
2924,2,2025-11-03 11:47:00,Sell,6,25092.75,Stop
2925,1,2025-11-03 10:38:47,Buy,6,25116.0,Market
2925,2,2025-11-03 11:47:12,Sell,6,25092.5,Stop
2926,1,2025-11-03 10:38:45,Buy,2,25116.0,Limit
2926,2,2025-11-03 11:47:44,Sell,2,25092.5,Stop
2927,1,2025-11-03 10:38:46,Buy,6,25116.0,Market
2927,2,2025-11-03 11:46:47,Sell,6,25092.75,Stop
2928,1,2025-11-03 10:38:45,Buy,6,25115.75,Limit
2928,2,2025-11-03 11:46:50,Sell,6,25092.75,Stop
2929,1,2025-11-04 12:16:08,Buy,10,1814.0,Limit
2929,2,2025-11-04 12:24:14,Sell,10,1807.7,Stop
2930,1,2025-11-04 12:16:10,Buy,10,1814.0,Limit
2930,2,2025-11-04 12:24:46,Sell,10,1807.7,Stop
2931,1,2025-11-04 12:16:10,Buy,10,1814.1,Limit
2931,2,2025-11-04 12:24:55,Sell,10,1807.6,Stop
2932,1,2025-11-04 12:16:09,Buy,10,1814.0,Limit
2932,2,2025-11-04 12:24:16,Sell,10,1807.7,Stop
2933,1,2025-11-04 12:16:09,Buy,10,1814.0,Market
2933,2,2025-11-04 12:24:39,Sell,10,1807.7,Stop
2934,1,2025-11-04 10:29:53,Buy,6,24562.0,Limit
2934,2,2025-11-04 10:42:28,Sell,6,24539.25,Stop
2935,1,2025-11-04 10:29:56,Buy,6,24562.0,Market
2935,2,2025-11-04 10:41:59,Sell,6,24539.25,Stop
2936,1,2025-11-04 10:29:53,Buy,6,24562.25,Market
2936,2,2025-11-04 10:42:19,Sell,6,24539.0,Stop
2937,1,2025-11-04 10:29:54,Buy,6,24562.0,Market
2937,2,2025-11-04 10:42:06,Sell,6,24539.25,Stop
2938,1,2025-11-04 10:29:54,Buy,6,24562.0,Limit
2938,2,2025-11-04 10:42:26,Sell,6,24539.25,Stop
2939,1,2025-11-04 03:34:47,Sell,10,43.42,Market
2939,2,2025-11-04 04:51:42,Buy,10,43.04,Limit
2940,1,2025-11-04 03:34:48,Sell,10,43.41,Market
2940,2,2025-11-04 04:51:11,Buy,10,43.04,Limit
2941,1,2025-11-04 03:34:47,Sell,10,43.41,Market
2941,2,2025-11-04 04:13:01,Buy,5,43.19,Limit
2941,3,2025-11-04 04:51:15,Buy,5,42.89,Limit
2942,1,2025-11-04 03:34:50,Sell,10,43.41,Market
2942,2,2025-11-04 04:51:46,Buy,10,43.05,Limit
2943,1,2025-11-04 03:34:49,Sell,10,43.41,Market
2943,2,2025-11-04 04:51:07,Buy,10,43.05,Limit
2944,1,2025-11-05 10:03:23,Buy,6,24762.0,Market
2944,2,2025-11-05 11:14:30,Sell,6,24739.25,Stop
2945,1,2025-11-05 10:03:24,Buy,6,24762.25,Market
2945,2,2025-11-05 11:14:50,Sell,6,24739.25,Stop
2946,1,2025-11-05 10:03:24,Buy,6,24762.0,Limit
2946,2,2025-11-05 11:14:37,Sell,6,24739.25,Stop
2947,1,2025-11-05 12:26:03,Buy,10,1787.2,Market
2947,2,2025-11-05 12:33:57,Sell,5,1790.3,Limit
2947,3,2025-11-05 12:41:51,Sell,5,1794.5,Limit
2948,1,2025-11-05 12:26:06,Buy,10,1787.3,Limit
2948,2,2025-11-05 12:34:05,Sell,5,1790.4,Limit
2948,3,2025-11-05 12:42:04,Sell,5,1794.4,Limit
2949,1,2025-11-05 12:26:04,Buy,10,1787.2,Market
2949,2,2025-11-05 12:41:12,Sell,10,1792.4,Limit
2950,1,2025-11-06 10:34:29,Sell,5,3397.7,Limit
2950,2,2025-11-06 11:53:44,Buy,5,3385.8,Limit
2951,1,2025-11-06 10:34:30,Sell,5,3397.7,Market
2951,2,2025-11-06 11:14:17,Buy,2,3390.6,Limit
2951,3,2025-11-06 11:54:04,Buy,3,3382.6,Limit
2952,1,2025-11-06 10:34:30,Sell,5,3397.6,Limit
2952,2,2025-11-06 11:53:49,Buy,5,3385.8,Limit
2953,1,2025-11-07 12:28:00,Sell,10,6119.5,Limit
2953,2,2025-11-07 12:40:23.500000,Buy,5,6117.25,Limit
2953,3,2025-11-07 12:52:47,Buy,5,6114.25,Limit
2954,1,2025-11-07 12:28:01,Sell,10,6119.5,Limit
2954,2,2025-11-07 12:40:07,Buy,5,6117.25,Limit
2954,3,2025-11-07 12:52:13,Buy,5,6114.25,Limit
2955,1,2025-11-07 12:28:00,Sell,10,6119.5,Limit
2955,2,2025-11-07 12:40:13.500000,Buy,5,6117.25,Limit
2955,3,2025-11-07 12:52:27,Buy,5,6114.25,Limit
2956,1,2025-11-07 12:28:00,Sell,10,6119.25,Market
2956,2,2025-11-07 12:52:26,Buy,10,6116.0,Limit
2957,1,2025-11-07 10:26:23,Buy,6,24531.0,Limit
2957,2,2025-11-07 10:31:56,Sell,3,24562.0,Limit
2957,3,2025-11-07 10:37:29,Sell,3,24603.0,Limit
2958,1,2025-11-07 10:26:26,Buy,6,24531.25,Market
2958,2,2025-11-07 10:37:47,Sell,6,24582.5,Limit
2959,1,2025-11-07 10:26:25,Buy,6,24531.0,Limit
2959,2,2025-11-07 10:32:14,Sell,3,24562.0,Limit
2959,3,2025-11-07 10:38:03,Sell,3,24603.0,Limit
2960,1,2025-11-07 03:34:47,Sell,5,3425.8,Market
2960,2,2025-11-07 03:47:28,Buy,5,3432.1,Stop
2961,1,2025-11-07 03:34:48,Sell,5,3425.7,Limit
2961,2,2025-11-07 03:47:45,Buy,5,3432.1,Stop
2962,1,2025-11-07 03:34:49,Sell,5,3425.7,Market
2962,2,2025-11-07 03:47:21,Buy,5,3432.1,Stop
2963,1,2025-11-07 03:34:47,Sell,5,3425.8,Limit
2963,2,2025-11-07 03:47:14,Buy,5,3432.1,Stop
2964,1,2025-11-07 08:48:10,Buy,10,6169.5,Limit
2964,2,2025-11-07 09:08:52,Sell,10,6176.0,Limit
2965,1,2025-11-07 08:48:11,Buy,10,6169.5,Market
2965,2,2025-11-07 09:09:00,Sell,10,6176.0,Limit
2966,1,2025-11-07 08:48:12,Buy,10,6169.75,Limit
2966,2,2025-11-07 09:08:44,Sell,10,6175.75,Limit
2967,1,2025-11-07 08:48:10,Buy,10,6169.5,Market
2967,2,2025-11-07 09:08:49,Sell,10,6176.0,Limit
2968,1,2025-11-10 10:25:54,Buy,10,40.98,Market
2968,2,2025-11-10 10:41:59,Sell,10,40.7,Stop
2969,1,2025-11-10 10:25:55,Buy,10,40.98,Market
2969,2,2025-11-10 10:42:06,Sell,10,40.7,Stop
2970,1,2025-11-10 10:25:57,Buy,10,40.99,Market
2970,2,2025-11-10 10:42:25,Sell,10,40.69,Stop
2971,1,2025-11-10 10:25:55,Buy,10,40.99,Limit
2971,2,2025-11-10 10:42:52,Sell,10,40.7,Stop
2972,1,2025-11-10 10:25:54,Buy,2,40.99,Limit
2972,2,2025-11-10 10:42:15,Sell,2,40.7,Stop
2973,1,2025-11-11 12:26:29,Buy,10,1928.3,Market
2973,2,2025-11-11 12:43:03,Sell,10,1921.6,Stop
2974,1,2025-11-11 12:26:31,Buy,10,1928.4,Limit
2974,2,2025-11-11 12:42:51,Sell,10,1921.5,Stop
2975,1,2025-11-11 12:26:30,Buy,10,1928.3,Market
2975,2,2025-11-11 12:43:15,Sell,10,1921.6,Stop
2976,1,2025-11-11 12:26:29,Buy,10,1928.3,Limit
2976,2,2025-11-11 12:42:39,Sell,10,1921.6,Stop
2977,1,2025-11-11 12:26:30,Buy,2,1928.3,Market
2977,2,2025-11-11 12:43:25,Sell,2,1921.6,Stop
2978,1,2025-11-11 12:26:32,Buy,10,1928.3,Market
2978,2,2025-11-11 12:42:44,Sell,10,1921.6,Stop
2979,1,2025-11-11 10:31:14,Buy,10,39.26,Limit
2979,2,2025-11-11 11:06:02,Sell,10,39.03,Stop
2980,1,2025-11-11 10:31:14,Buy,10,39.26,Market
2980,2,2025-11-11 11:06:07,Sell,10,39.03,Stop
2981,1,2025-11-11 10:31:15,Buy,10,39.26,Limit
2981,2,2025-11-11 11:05:24,Sell,10,39.03,Stop
2982,1,2025-11-11 10:31:16,Buy,10,39.27,Market
2982,2,2025-11-11 11:05:33,Sell,10,39.02,Stop
2983,1,2025-11-11 10:31:15,Buy,2,39.26,Limit
2983,2,2025-11-11 11:05:37,Sell,2,39.03,Stop
2984,1,2025-11-11 10:31:17,Buy,10,39.26,Limit
2984,2,2025-11-11 11:05:52,Sell,10,39.03,Stop
2985,1,2025-11-11 08:50:29,Sell,10,6181.75,Market
2985,2,2025-11-11 09:10:17,Buy,10,6176.75,Limit
2986,1,2025-11-11 08:50:29,Sell,10,6181.75,Market
2986,2,2025-11-11 09:00:28,Buy,5,6178.75,Limit
2986,3,2025-11-11 09:10:27,Buy,5,6174.75,Limit
2987,1,2025-11-11 08:50:30,Sell,10,6181.5,Market
2987,2,2025-11-11 09:00:11.500000,Buy,5,6178.75,Limit
2987,3,2025-11-11 09:09:53,Buy,5,6175.25,Limit
2988,1,2025-11-11 08:50:31,Sell,2,6181.75,Limit
2988,2,2025-11-11 09:00:15.500000,Buy,1,6178.75,Limit
2988,3,2025-11-11 09:10:00,Buy,1,6174.75,Limit
2989,1,2025-11-11 08:50:30,Sell,10,6181.5,Market
2989,2,2025-11-11 09:10:12,Buy,10,6177.0,Limit
2990,1,2025-11-12 09:48:21,Buy,6,23816.0,Market
2990,2,2025-11-12 10:55:30,Sell,6,23790.5,Stop
2991,1,2025-11-12 09:48:24,Buy,6,23816.0,Limit
2991,2,2025-11-12 10:56:09,Sell,6,23790.5,Stop
2992,1,2025-11-12 09:48:24,Buy,6,23816.0,Limit
2992,2,2025-11-12 10:55:59,Sell,6,23790.5,Stop
2993,1,2025-11-12 09:48:22,Buy,6,23816.0,Limit
2993,2,2025-11-12 10:55:35,Sell,6,23790.5,Stop
2994,1,2025-11-12 09:48:22,Buy,2,23816.25,Limit
2994,2,2025-11-12 10:55:46,Sell,2,23790.5,Stop
2995,1,2025-11-12 09:48:21,Buy,6,23816.0,Market
2995,2,2025-11-12 10:55:44,Sell,6,23790.5,Stop
2996,1,2025-11-12 12:29:19,Buy,10,6263.75,Market
2996,2,2025-11-12 12:43:02,Sell,10,6258.25,Stop
2997,1,2025-11-12 12:29:21,Buy,10,6263.75,Limit
2997,2,2025-11-12 12:42:36,Sell,10,6258.25,Stop
2998,1,2025-11-12 12:29:20,Buy,10,6263.75,Market
2998,2,2025-11-12 12:43:05,Sell,10,6258.25,Stop
2999,1,2025-11-12 12:29:19,Buy,10,6263.75,Limit
2999,2,2025-11-12 12:42:25,Sell,10,6258.25,Stop
3000,1,2025-11-12 12:29:20,Buy,2,6263.75,Market
3000,2,2025-11-12 12:42:39,Sell,2,6258.25,Stop
3001,1,2025-11-12 12:29:20,Buy,10,6264.0,Limit
3001,2,2025-11-12 12:43:01,Sell,10,6258.0,Stop
3002,1,2025-11-13 10:06:54,Buy,10,40441.0,Market
3002,2,2025-11-13 10:38:35,Sell,10,40380.0,Stop
3003,1,2025-11-13 10:06:57,Buy,10,40441.0,Limit
3003,2,2025-11-13 10:38:35,Sell,10,40380.0,Stop
3004,1,2025-11-13 10:06:57,Buy,10,40442.0,Limit
3004,2,2025-11-13 10:38:51,Sell,10,40380.0,Stop
3005,1,2025-11-13 10:06:56,Buy,10,40442.0,Market
3005,2,2025-11-13 10:38:42,Sell,10,40380.0,Stop
3006,1,2025-11-13 10:06:57,Buy,2,40442.0,Market
3006,2,2025-11-13 10:37:58,Sell,2,40380.0,Stop
3007,1,2025-11-13 10:06:57,Buy,10,40442.0,Market
3007,2,2025-11-13 10:37:57,Sell,10,40379.0,Stop
3008,1,2025-11-13 12:16:58,Sell,10,6282.5,Market
3008,2,2025-11-13 12:22:56,Buy,5,6279.25,Limit
3008,3,2025-11-13 12:28:54,Buy,5,6275.25,Limit
3009,1,2025-11-13 12:17:00,Sell,10,6282.25,Limit
3009,2,2025-11-13 12:22:47,Buy,5,6279.25,Limit
3009,3,2025-11-13 12:28:34,Buy,5,6275.25,Limit
3010,1,2025-11-13 12:16:58,Sell,10,6282.25,Market
3010,2,2025-11-13 12:22:55,Buy,5,6279.25,Limit
3010,3,2025-11-13 12:28:52,Buy,5,6275.25,Limit
3011,1,2025-11-13 12:17:00,Sell,2,6282.5,Market
3011,2,2025-11-13 12:28:58,Buy,2,6277.25,Limit
3012,1,2025-11-13 12:16:59,Sell,10,6282.25,Limit
3012,2,2025-11-13 12:22:48,Buy,5,6279.5,Limit
3012,3,2025-11-13 12:28:37,Buy,5,6275.5,Limit
3013,1,2025-11-13 10:32:02,Sell,10,41.21,Market
3013,2,2025-11-13 11:54:33,Buy,10,40.6,Limit
3014,1,2025-11-13 10:32:04,Sell,10,41.2,Market
3014,2,2025-11-13 11:13:14.500000,Buy,5,40.84,Limit
3014,3,2025-11-13 11:54:25,Buy,5,40.36,Limit
3015,1,2025-11-13 10:32:04,Sell,10,41.2,Market
3015,2,2025-11-13 11:13:17.500000,Buy,5,40.84,Limit
3015,3,2025-11-13 11:54:31,Buy,5,40.36,Limit
3016,1,2025-11-13 10:32:05,Sell,10,41.2,Limit
3016,2,2025-11-13 11:55:02,Buy,10,40.61,Limit
3017,1,2025-11-14 12:27:52,Buy,10,6291.5,Limit
3017,2,2025-11-14 12:36:38,Sell,10,6286.75,Stop
3018,1,2025-11-14 12:27:54,Buy,10,6291.5,Limit
3018,2,2025-11-14 12:36:34,Sell,10,6286.75,Stop
3019,1,2025-11-14 12:27:55,Buy,10,6291.5,Limit
3019,2,2025-11-14 12:36:48,Sell,10,6286.75,Stop
3020,1,2025-11-14 12:27:54,Buy,10,6291.5,Market
3020,2,2025-11-14 12:36:01,Sell,10,6286.75,Stop
3021,1,2025-11-14 12:27:53,Buy,10,6291.75,Market
3021,2,2025-11-14 12:36:45,Sell,10,6286.5,Stop
3022,1,2025-11-14 10:25:54,Buy,6,23450.75,Market
3022,2,2025-11-14 10:44:50,Sell,6,23422.75,Stop
3023,1,2025-11-14 10:25:54,Buy,6,23450.75,Limit
3023,2,2025-11-14 10:44:51,Sell,6,23422.75,Stop
3024,1,2025-11-14 10:25:56,Buy,6,23451.0,Limit
3024,2,2025-11-14 10:43:56,Sell,6,23422.75,Stop
3025,1,2025-11-14 10:25:55,Buy,6,23451.0,Limit
3025,2,2025-11-14 10:44:22,Sell,6,23422.75,Stop
3026,1,2025-11-14 10:25:54,Buy,2,23450.75,Market
3026,2,2025-11-14 10:44:23,Sell,2,23422.75,Stop
3027,1,2025-11-14 10:25:57,Buy,6,23450.75,Limit
3027,2,2025-11-14 10:44:21,Sell,6,23422.75,Stop
3028,1,2025-11-17 10:04:05,Buy,6,23694.75,Market
3028,2,2025-11-17 11:08:52,Sell,6,23669.0,Stop
3029,1,2025-11-17 10:04:05,Buy,6,23694.75,Limit
3029,2,2025-11-17 11:08:30,Sell,6,23669.0,Stop
3030,1,2025-11-17 10:04:08,Buy,2,23695.0,Market
3030,2,2025-11-17 11:08:14,Sell,2,23668.75,Stop
3031,1,2025-11-17 10:04:05,Buy,6,23694.75,Limit
3031,2,2025-11-17 11:08:21,Sell,6,23669.0,Stop
3032,1,2025-11-17 03:17:41,Sell,10,40.11,Limit
3032,2,2025-11-17 03:45:38,Buy,10,39.67,Limit
3033,1,2025-11-17 03:17:43,Sell,10,40.1,Market
3033,2,2025-11-17 03:31:42.500000,Buy,5,39.84,Limit
3033,3,2025-11-17 03:45:42,Buy,5,39.5,Limit
3034,1,2025-11-17 03:17:44,Sell,10,40.1,Limit
3034,2,2025-11-17 03:31:33.500000,Buy,5,39.84,Limit
3034,3,2025-11-17 03:45:23,Buy,5,39.5,Limit
3035,1,2025-11-17 03:17:42,Sell,2,40.11,Limit
3035,2,2025-11-17 03:44:44,Buy,2,39.67,Limit
3036,1,2025-11-17 03:17:42,Sell,10,40.11,Market
3036,2,2025-11-17 03:31:18.500000,Buy,5,39.85,Limit
3036,3,2025-11-17 03:44:55,Buy,5,39.49,Limit
3037,1,2025-11-18 12:16:56,Buy,10,6177.5,Limit
3037,2,2025-11-18 12:31:43,Sell,10,6171.25,Stop
3038,1,2025-11-18 12:16:59,Buy,10,6177.75,Limit
3038,2,2025-11-18 12:31:26,Sell,10,6171.25,Stop
3039,1,2025-11-18 12:16:59,Buy,10,6177.75,Market
3039,2,2025-11-18 12:31:53,Sell,10,6171.25,Stop
3040,1,2025-11-18 12:16:57,Buy,2,6177.75,Limit
3040,2,2025-11-18 12:31:52,Sell,2,6171.0,Stop
3041,1,2025-11-18 12:16:57,Buy,10,6177.5,Limit
3041,2,2025-11-18 12:30:57,Sell,10,6171.25,Stop
3042,1,2025-11-18 12:16:58,Buy,10,6177.5,Limit
3042,2,2025-11-18 12:31:52,Sell,10,6171.25,Stop
3043,1,2025-11-18 03:15:31,Buy,10,39.97,Market
3043,2,2025-11-18 03:34:19,Sell,5,40.22,Limit
3043,3,2025-11-18 03:53:07,Sell,5,40.56,Limit
3044,1,2025-11-18 03:15:31,Buy,10,39.97,Market
3044,2,2025-11-18 03:52:53,Sell,10,40.39,Limit
3045,1,2025-11-18 03:15:31,Buy,2,39.97,Market
3045,2,2025-11-18 03:52:56,Sell,2,40.39,Limit
3046,1,2025-11-18 03:15:31,Buy,10,39.97,Market
3046,2,2025-11-18 03:52:43,Sell,10,40.39,Limit
3047,1,2025-11-18 03:15:33,Buy,10,39.97,Limit
3047,2,2025-11-18 03:52:57,Sell,10,40.39,Limit
3048,1,2025-11-20 12:18:46,Sell,10,6119.75,Market
3048,2,2025-11-20 12:38:13,Buy,10,6125.5,Stop
3049,1,2025-11-20 12:18:46,Sell,10,6119.5,Limit
3049,2,2025-11-20 12:37:50,Buy,10,6125.75,Stop
3050,1,2025-11-20 12:18:48,Sell,10,6119.75,Market
3050,2,2025-11-20 12:37:49,Buy,10,6125.5,Stop
3051,1,2025-11-20 12:18:49,Sell,2,6119.5,Limit
3051,2,2025-11-20 12:38:24,Buy,2,6125.5,Stop
3052,1,2025-11-20 12:18:49,Sell,10,6119.75,Market
3052,2,2025-11-20 12:38:45,Buy,10,6125.5,Stop
3053,1,2025-11-20 12:18:49,Sell,10,6119.75,Limit
3053,2,2025-11-20 12:38:47,Buy,10,6125.5,Stop
3054,1,2025-11-20 10:39:07,Sell,10,40.12,Market
3054,2,2025-11-20 11:38:53,Buy,10,40.46,Stop
3055,1,2025-11-20 10:39:09,Sell,10,40.12,Market
3055,2,2025-11-20 11:38:34,Buy,10,40.46,Stop
3056,1,2025-11-20 10:39:07,Sell,10,40.11,Limit
3056,2,2025-11-20 11:39:04,Buy,10,40.47,Stop
3057,1,2025-11-20 10:39:10,Sell,2,40.12,Limit
3057,2,2025-11-20 11:38:56,Buy,2,40.46,Stop
3058,1,2025-11-20 10:39:07,Sell,10,40.11,Limit
3058,2,2025-11-20 11:38:30,Buy,10,40.47,Stop
3059,1,2025-11-20 10:39:10,Sell,10,40.12,Limit
3059,2,2025-11-20 11:39:00,Buy,10,40.46,Stop
3060,1,2025-11-20 03:24:36,Sell,5,3421.6,Limit
3060,2,2025-11-20 04:10:59.500000,Buy,2,3415.7,Limit
3060,3,2025-11-20 04:57:23,Buy,3,3409.2,Limit
3061,1,2025-11-20 03:24:39,Sell,5,3421.6,Market
3061,2,2025-11-20 04:57:35,Buy,5,3411.8,Limit
3062,1,2025-11-20 03:24:38,Sell,5,3421.6,Limit
3062,2,2025-11-20 04:56:39,Buy,5,3411.8,Limit
3063,1,2025-11-20 03:24:38,Sell,1,3421.5,Limit
3063,2,2025-11-20 04:56:59,Buy,1,3411.9,Limit
3064,1,2025-11-20 03:24:37,Sell,5,3421.6,Market
3064,2,2025-11-20 04:57:21,Buy,5,3411.8,Limit
3065,1,2025-11-20 03:24:37,Sell,5,3421.5,Limit
3065,2,2025-11-20 04:57:27,Buy,5,3411.9,Limit
3066,1,2025-11-21 03:32:46,Buy,10,39.82,Limit
3066,2,2025-11-21 04:05:47,Sell,10,39.55,Stop
3067,1,2025-11-21 03:32:48,Buy,10,39.82,Market
3067,2,2025-11-21 04:06:15,Sell,10,39.55,Stop
3068,1,2025-11-21 03:32:46,Buy,2,39.82,Limit
3068,2,2025-11-21 04:06:23,Sell,2,39.55,Stop
3069,1,2025-11-21 03:32:48,Buy,10,39.82,Market
3069,2,2025-11-21 04:06:41,Sell,10,39.55,Stop
3070,1,2025-11-21 03:32:49,Buy,10,39.82,Limit
3070,2,2025-11-21 04:06:45,Sell,10,39.55,Stop
3071,1,2025-11-24 12:29:55,Buy,10,1935.3,Limit
3071,2,2025-11-24 12:53:44,Sell,10,1929.4,Stop
3072,1,2025-11-24 12:29:58,Buy,10,1935.4,Limit
3072,2,2025-11-24 12:53:57,Sell,10,1929.4,Stop
3073,1,2025-11-24 12:29:56,Buy,10,1935.4,Limit
3073,2,2025-11-24 12:53:24,Sell,10,1929.4,Stop
3074,1,2025-11-24 12:29:55,Buy,10,1935.3,Market
3074,2,2025-11-24 12:53:20,Sell,10,1929.4,Stop
3075,1,2025-11-24 12:29:57,Buy,10,1935.3,Market
3075,2,2025-11-24 12:53:55,Sell,10,1929.4,Stop
3076,1,2025-11-24 10:39:32,Buy,10,37.8,Limit
3076,2,2025-11-24 11:03:30.500000,Sell,5,38.26,Limit
3076,3,2025-11-24 11:27:29,Sell,5,38.86,Limit
3077,1,2025-11-24 10:39:32,Buy,10,37.81,Market
3077,2,2025-11-24 11:03:11,Sell,5,38.26,Limit
3077,3,2025-11-24 11:26:50,Sell,5,38.86,Limit
3078,1,2025-11-24 10:39:35,Buy,10,37.8,Market
3078,2,2025-11-24 11:03:06.500000,Sell,5,38.26,Limit
3078,3,2025-11-24 11:26:38,Sell,5,38.86,Limit
3079,1,2025-11-24 10:39:35,Buy,10,37.8,Market
3079,2,2025-11-24 11:03:33,Sell,5,38.26,Limit
3079,3,2025-11-24 11:27:31,Sell,5,38.86,Limit
3080,1,2025-11-24 10:39:32,Buy,10,37.81,Limit
3080,2,2025-11-24 11:27:09,Sell,10,38.56,Limit
3081,1,2025-11-24 10:39:33,Buy,10,37.81,Limit
3081,2,2025-11-24 11:26:50,Sell,10,38.55,Limit
3082,1,2025-11-24 03:19:25,Sell,10,37.61,Market
3082,2,2025-11-24 03:54:40,Buy,10,37.88,Stop
3083,1,2025-11-24 03:19:26,Sell,10,37.61,Limit
3083,2,2025-11-24 03:55:14,Buy,10,37.88,Stop
3084,1,2025-11-24 03:19:26,Sell,10,37.6,Limit
3084,2,2025-11-24 03:55:15,Buy,10,37.89,Stop
3085,1,2025-11-24 03:19:27,Sell,10,37.61,Limit
3085,2,2025-11-24 03:54:52,Buy,10,37.88,Stop
3086,1,2025-11-24 03:19:27,Sell,10,37.61,Market
3086,2,2025-11-24 03:54:49,Buy,10,37.88,Stop
3087,1,2025-11-24 03:19:28,Sell,10,37.61,Market
3087,2,2025-11-24 03:54:36,Buy,10,37.88,Stop
3088,1,2025-11-25 12:10:44,Sell,10,6264.0,Market
3088,2,2025-11-25 12:28:43,Buy,10,6269.5,Stop
3089,1,2025-11-25 12:10:45,Sell,10,6264.0,Limit
3089,2,2025-11-25 12:28:44,Buy,10,6269.5,Stop
3090,1,2025-11-25 12:10:47,Sell,10,6264.0,Market
3090,2,2025-11-25 12:28:20,Buy,10,6269.5,Stop
3091,1,2025-11-25 12:10:45,Sell,10,6264.0,Market
3091,2,2025-11-25 12:28:29,Buy,10,6269.5,Stop
3092,1,2025-11-25 12:10:47,Sell,10,6264.0,Limit
3092,2,2025-11-25 12:28:46,Buy,10,6269.5,Stop
3093,1,2025-11-25 12:10:47,Sell,10,6263.75,Market
3093,2,2025-11-25 12:28:35,Buy,10,6269.5,Stop
3094,1,2025-11-25 03:26:34,Sell,10,37.6,Market
3094,2,2025-11-25 03:47:41.500000,Buy,5,37.37,Limit
3094,3,2025-11-25 04:08:49,Buy,5,37.05,Limit
3095,1,2025-11-25 03:26:36,Sell,10,37.6,Limit
3095,2,2025-11-25 04:08:41,Buy,10,37.21,Limit
3096,1,2025-11-25 03:26:35,Sell,10,37.59,Limit
3096,2,2025-11-25 03:48:01.500000,Buy,5,37.37,Limit
3096,3,2025-11-25 04:09:28,Buy,5,37.07,Limit
3097,1,2025-11-25 03:26:37,Sell,10,37.6,Limit
3097,2,2025-11-25 03:47:54.500000,Buy,5,37.37,Limit
3097,3,2025-11-25 04:09:12,Buy,5,37.05,Limit
3098,1,2025-11-25 03:26:34,Sell,10,37.6,Market
3098,2,2025-11-25 03:47:55,Buy,5,37.37,Limit
3098,3,2025-11-25 04:09:16,Buy,5,37.05,Limit
3099,1,2025-11-25 03:26:36,Sell,10,37.6,Limit
3099,2,2025-11-25 03:48:04,Buy,5,37.37,Limit
3099,3,2025-11-25 04:09:32,Buy,5,37.05,Limit
3100,1,2025-11-26 09:56:11,Sell,10,6221.25,Market
3100,2,2025-11-26 10:34:21,Buy,10,6215.0,Limit
3101,1,2025-11-26 09:56:12,Sell,10,6221.0,Market
3101,2,2025-11-26 10:34:49,Buy,10,6215.0,Limit
3102,1,2025-11-26 09:56:11,Sell,10,6221.0,Limit
3102,2,2025-11-26 10:34:25,Buy,10,6215.0,Limit
3103,1,2025-11-26 09:56:11,Sell,10,6221.25,Market
3103,2,2025-11-26 10:15:33.500000,Buy,5,6217.5,Limit
3103,3,2025-11-26 10:34:56,Buy,5,6212.5,Limit
3104,1,2025-11-26 09:56:13,Sell,10,6221.0,Limit
3104,2,2025-11-26 10:35:08,Buy,10,6215.25,Limit
3105,1,2025-11-26 09:56:14,Sell,10,6221.0,Limit
3105,2,2025-11-26 10:15:40.500000,Buy,5,6217.5,Limit
3105,3,2025-11-26 10:35:07,Buy,5,6212.5,Limit
3106,1,2025-11-26 12:27:21,Buy,10,6233.25,Market
3106,2,2025-11-26 12:30:05,Sell,5,6236.75,Limit
3106,3,2025-11-26 12:32:49,Sell,5,6241.25,Limit
3107,1,2025-11-26 12:27:22,Buy,10,6233.25,Limit
3107,2,2025-11-26 12:32:55,Sell,10,6239.0,Limit
3108,1,2025-11-26 12:27:24,Buy,10,6233.25,Market
3108,2,2025-11-26 12:32:55,Sell,10,6239.0,Limit
3109,1,2025-11-26 12:27:24,Buy,10,6233.5,Market
3109,2,2025-11-26 12:32:27,Sell,10,6238.75,Limit
3110,1,2025-11-26 12:27:23,Buy,10,6233.25,Market
3110,2,2025-11-26 12:30:12.500000,Sell,5,6236.75,Limit
3110,3,2025-11-26 12:33:02,Sell,5,6241.25,Limit
3111,1,2025-11-26 10:35:19,Sell,5,3480.4,Market
3111,2,2025-11-26 10:59:14,Buy,5,3469.9,Limit
3112,1,2025-11-26 10:35:19,Sell,5,3480.3,Limit
3112,2,2025-11-26 10:58:47,Buy,5,3470.0,Limit
3113,1,2025-11-26 10:35:21,Sell,5,3480.4,Limit
3113,2,2025-11-26 10:58:37,Buy,5,3469.9,Limit
3114,1,2025-11-26 10:35:19,Sell,5,3480.4,Market
3114,2,2025-11-26 10:47:16,Buy,2,3474.1,Limit
3114,3,2025-11-26 10:59:13,Buy,3,3467.1,Limit
3115,1,2025-11-26 10:35:21,Sell,5,3480.3,Limit
3115,2,2025-11-26 10:46:55,Buy,2,3474.1,Limit
3115,3,2025-11-26 10:58:29,Buy,3,3467.3,Limit
3116,1,2025-11-26 10:35:22,Sell,5,3480.3,Limit
3116,2,2025-11-26 10:59:03,Buy,5,3469.9,Limit
3117,1,2025-11-27 10:02:11,Buy,10,40868.0,Limit
3117,2,2025-11-27 11:35:17,Sell,10,40816.0,Stop
3118,1,2025-11-27 10:02:11,Buy,10,40868.0,Market
3118,2,2025-11-27 11:35:35,Sell,10,40816.0,Stop
3119,1,2025-11-27 10:02:12,Buy,10,40868.0,Market
3119,2,2025-11-27 11:35:43,Sell,10,40816.0,Stop
3120,1,2025-11-27 10:02:11,Buy,10,40868.0,Market
3120,2,2025-11-27 11:35:51,Sell,10,40816.0,Stop
3121,1,2025-11-27 10:02:11,Buy,10,40869.0,Market
3121,2,2025-11-27 11:35:31,Sell,10,40815.0,Stop
3122,1,2025-11-27 10:02:13,Buy,10,40868.0,Limit
3122,2,2025-11-27 11:35:26,Sell,10,40816.0,Stop
3123,1,2025-11-27 03:29:24,Sell,5,3473.0,Market
3123,2,2025-11-27 04:43:49,Buy,5,3478.2,Stop
3124,1,2025-11-27 03:29:24,Sell,5,3473.0,Market
3124,2,2025-11-27 04:43:37,Buy,5,3478.2,Stop
3125,1,2025-11-27 03:29:27,Sell,5,3473.0,Limit
3125,2,2025-11-27 04:44:11,Buy,5,3478.2,Stop
3126,1,2025-11-27 03:29:25,Sell,5,3473.0,Limit
3126,2,2025-11-27 04:43:35,Buy,5,3478.2,Stop
3127,1,2025-11-27 03:29:27,Sell,5,3472.9,Limit
3127,2,2025-11-27 04:43:43,Buy,5,3478.3,Stop
3128,1,2025-11-27 03:29:26,Sell,5,3473.0,Market
3128,2,2025-11-27 04:44:15,Buy,5,3478.2,Stop
3129,1,2025-11-28 10:00:02,Buy,10,40769.0,Limit
3129,2,2025-11-28 11:15:03,Sell,10,40700.0,Stop
3130,1,2025-11-28 10:00:03,Buy,10,40769.0,Limit
3130,2,2025-11-28 11:15:24,Sell,10,40700.0,Stop
3131,1,2025-11-28 10:00:02,Buy,10,40769.0,Limit
3131,2,2025-11-28 11:15:19,Sell,10,40700.0,Stop
3132,1,2025-11-28 10:00:02,Buy,10,40770.0,Market
3132,2,2025-11-28 11:15:02,Sell,10,40699.0,Stop
3133,1,2025-11-28 10:00:03,Buy,10,40770.0,Market
3133,2,2025-11-28 11:15:56,Sell,10,40700.0,Stop
3134,1,2025-11-28 12:15:16,Sell,10,6161.0,Market
3134,2,2025-11-28 12:24:16,Buy,10,6166.25,Stop
3135,1,2025-11-28 12:15:19,Sell,10,6160.75,Market
3135,2,2025-11-28 12:25:14,Buy,10,6166.5,Stop
3136,1,2025-11-28 12:15:18,Sell,10,6160.75,Market
3136,2,2025-11-28 12:24:19,Buy,10,6166.5,Stop
3137,1,2025-11-28 12:15:18,Sell,10,6161.0,Market
3137,2,2025-11-28 12:24:51,Buy,10,6166.25,Stop
3138,1,2025-11-28 12:15:19,Sell,10,6161.0,Limit
3138,2,2025-11-28 12:24:44,Buy,10,6166.25,Stop
3139,1,2025-12-01 10:36:52,Buy,10,35.88,Limit
3139,2,2025-12-01 12:07:44,Sell,10,35.57,Stop
3140,1,2025-12-01 10:36:53,Buy,10,35.88,Market
3140,2,2025-12-01 12:07:29,Sell,10,35.57,Stop
3141,1,2025-12-01 10:36:54,Buy,10,35.88,Limit
3141,2,2025-12-01 12:07:44,Sell,10,35.57,Stop
3142,1,2025-12-01 10:36:54,Buy,10,35.88,Market
3142,2,2025-12-01 12:07:40,Sell,10,35.57,Stop
3143,1,2025-12-01 10:36:54,Buy,10,35.88,Limit
3143,2,2025-12-01 12:07:21,Sell,10,35.57,Stop
3144,1,2025-12-01 10:36:53,Buy,10,35.89,Limit
3144,2,2025-12-01 12:07:19,Sell,10,35.56,Stop
3145,1,2025-12-01 03:34:40,Sell,10,35.63,Limit
3145,2,2025-12-01 04:25:28,Buy,10,35.23,Limit
3146,1,2025-12-01 03:34:43,Sell,10,35.63,Market
3146,2,2025-12-01 04:24:46,Buy,10,35.23,Limit
3147,1,2025-12-01 03:34:43,Sell,10,35.62,Market
3147,2,2025-12-01 04:24:57,Buy,10,35.23,Limit
3148,1,2025-12-01 03:34:41,Sell,10,35.63,Market
3148,2,2025-12-01 04:25:18,Buy,10,35.23,Limit
3149,1,2025-12-01 03:34:40,Sell,10,35.62,Limit
3149,2,2025-12-01 04:00:07,Buy,5,35.39,Limit
3149,3,2025-12-01 04:25:34,Buy,5,35.09,Limit
3150,1,2025-12-02 12:21:35,Sell,10,1956.7,Market
3150,2,2025-12-02 12:25:38,Buy,10,1961.7,Stop
3151,1,2025-12-02 12:21:35,Sell,10,1956.6,Market
3151,2,2025-12-02 12:25:48,Buy,10,1961.7,Stop
3152,1,2025-12-02 12:21:38,Sell,10,1956.6,Market
3152,2,2025-12-02 12:26:36,Buy,10,1961.7,Stop
3153,1,2025-12-02 12:21:36,Sell,10,1956.7,Limit
3153,2,2025-12-02 12:25:38,Buy,10,1961.7,Stop
3154,1,2025-12-02 12:21:38,Sell,10,1956.7,Limit
3154,2,2025-12-02 12:26:31,Buy,10,1961.7,Stop
3155,1,2025-12-02 12:21:37,Sell,10,1956.6,Market
3155,2,2025-12-02 12:25:58,Buy,10,1961.7,Stop
3156,1,2025-12-02 03:19:48,Buy,10,37.49,Limit
3156,2,2025-12-02 03:56:42.500000,Sell,5,37.75,Limit
3156,3,2025-12-02 04:33:37,Sell,5,38.09,Limit
3157,1,2025-12-02 03:19:50,Buy,10,37.5,Limit
3157,2,2025-12-02 04:33:01,Sell,10,37.91,Limit
3158,1,2025-12-02 03:19:50,Buy,10,37.49,Limit
3158,2,2025-12-02 03:56:36,Sell,5,37.75,Limit
3158,3,2025-12-02 04:33:22,Sell,5,38.09,Limit
3159,1,2025-12-02 03:19:49,Buy,10,37.49,Market
3159,2,2025-12-02 03:56:33.500000,Sell,5,37.75,Limit
3159,3,2025-12-02 04:33:18,Sell,5,38.09,Limit
3160,1,2025-12-02 03:19:50,Buy,10,37.49,Limit
3160,2,2025-12-02 03:56:21.500000,Sell,5,37.75,Limit
3160,3,2025-12-02 04:32:53,Sell,5,38.09,Limit
3161,1,2025-12-02 03:19:50,Buy,10,37.49,Limit
3161,2,2025-12-02 03:56:36.500000,Sell,5,37.75,Limit
3161,3,2025-12-02 04:33:23,Sell,5,38.09,Limit
3162,1,2025-12-03 10:00:27,Sell,6,22139.75,Limit
3162,2,2025-12-03 10:32:34,Buy,3,22114.0,Limit
3162,3,2025-12-03 11:04:41,Buy,3,22079.5,Limit
3163,1,2025-12-03 10:00:30,Sell,6,22139.75,Limit
3163,2,2025-12-03 10:32:32.500000,Buy,3,22114.0,Limit
3163,3,2025-12-03 11:04:35,Buy,3,22079.5,Limit
3164,1,2025-12-03 10:00:27,Sell,6,22139.75,Limit
3164,2,2025-12-03 10:32:39,Buy,3,22114.0,Limit
3164,3,2025-12-03 11:04:51,Buy,3,22079.5,Limit
3165,1,2025-12-03 10:00:27,Sell,6,22139.5,Limit
3165,2,2025-12-03 11:04:49,Buy,6,22097.0,Limit
3166,1,2025-12-03 10:00:27,Sell,6,22139.75,Limit
3166,2,2025-12-03 10:32:42,Buy,3,22114.0,Limit
3166,3,2025-12-03 11:04:57,Buy,3,22079.5,Limit
3167,1,2025-12-03 10:00:28,Sell,6,22139.5,Market
3167,2,2025-12-03 10:32:42.500000,Buy,3,22113.75,Limit
3167,3,2025-12-03 11:04:57,Buy,3,22079.75,Limit
3168,1,2025-12-03 12:26:16,Buy,10,6012.0,Market
3168,2,2025-12-03 12:37:29,Sell,10,6005.25,Stop
3169,1,2025-12-03 12:26:17,Buy,10,6012.0,Market
3169,2,2025-12-03 12:38:04,Sell,10,6005.25,Stop
3170,1,2025-12-03 12:26:19,Buy,10,6012.25,Market
3170,2,2025-12-03 12:38:09,Sell,10,6005.25,Stop
3171,1,2025-12-03 12:26:17,Buy,10,6012.0,Limit
3171,2,2025-12-03 12:37:49,Sell,10,6005.25,Stop
3172,1,2025-12-03 12:26:18,Buy,10,6012.0,Limit
3172,2,2025-12-03 12:37:25,Sell,10,6005.25,Stop
3173,1,2025-12-03 10:24:56,Buy,10,37.91,Market
3173,2,2025-12-03 11:25:34,Sell,10,37.62,Stop
3174,1,2025-12-03 10:24:56,Buy,10,37.91,Limit
3174,2,2025-12-03 11:25:41,Sell,10,37.62,Stop
3175,1,2025-12-03 10:24:58,Buy,10,37.92,Market
3175,2,2025-12-03 11:25:04,Sell,10,37.61,Stop
3176,1,2025-12-03 10:24:59,Buy,10,37.91,Limit
3176,2,2025-12-03 11:25:38,Sell,10,37.62,Stop
3177,1,2025-12-03 10:24:56,Buy,10,37.91,Market
3177,2,2025-12-03 11:25:34,Sell,10,37.62,Stop
3178,1,2025-12-04 10:29:23,Buy,10,38.6,Limit
3178,2,2025-12-04 10:56:31,Sell,10,38.31,Stop
3179,1,2025-12-04 10:29:25,Buy,10,38.61,Market
3179,2,2025-12-04 10:57:02,Sell,10,38.3,Stop
3180,1,2025-12-04 10:29:25,Buy,10,38.61,Market
3180,2,2025-12-04 10:57:18,Sell,10,38.3,Stop
3181,1,2025-12-04 10:29:26,Buy,10,38.61,Market
3181,2,2025-12-04 10:56:40,Sell,10,38.31,Stop
3182,1,2025-12-04 10:29:26,Buy,10,38.6,Market
3182,2,2025-12-04 10:56:56,Sell,10,38.31,Stop
3183,1,2025-12-04 10:29:23,Buy,10,38.6,Limit
3183,2,2025-12-04 10:56:44,Sell,10,38.31,Stop
3184,1,2025-12-05 12:29:35,Buy,10,6028.75,Limit
3184,2,2025-12-05 12:39:45,Sell,10,6034.75,Limit
3185,1,2025-12-05 12:29:38,Buy,10,6028.75,Limit
3185,2,2025-12-05 12:34:38.500000,Sell,5,6032.25,Limit
3185,3,2025-12-05 12:39:39,Sell,5,6037.25,Limit
3186,1,2025-12-05 12:29:35,Buy,10,6029.0,Limit
3186,2,2025-12-05 12:40:12,Sell,10,6034.75,Limit
3187,1,2025-12-05 12:29:35,Buy,10,6029.0,Limit
3187,2,2025-12-05 12:40:31,Sell,10,6034.5,Limit
3188,1,2025-12-05 12:29:37,Buy,10,6029.0,Market
3188,2,2025-12-05 12:35:02,Sell,5,6032.25,Limit
3188,3,2025-12-05 12:40:27,Sell,5,6036.75,Limit
3189,1,2025-12-05 12:29:37,Buy,10,6029.0,Limit
3189,2,2025-12-05 12:34:38.500000,Sell,5,6032.25,Limit
3189,3,2025-12-05 12:39:40,Sell,5,6036.75,Limit
3190,1,2025-12-05 10:25:54,Buy,5,3362.2,Limit
3190,2,2025-12-05 10:44:19,Sell,5,3356.4,Stop
3191,1,2025-12-05 10:25:57,Buy,5,3362.3,Limit
3191,2,2025-12-05 10:44:03,Sell,5,3356.3,Stop
3192,1,2025-12-05 10:25:57,Buy,5,3362.2,Limit
3192,2,2025-12-05 10:44:06,Sell,5,3356.4,Stop
3193,1,2025-12-05 10:25:55,Buy,5,3362.2,Market
3193,2,2025-12-05 10:44:03,Sell,5,3356.4,Stop
3194,1,2025-12-05 10:25:56,Buy,5,3362.3,Market
3194,2,2025-12-05 10:44:55,Sell,5,3356.3,Stop
3195,1,2025-12-05 10:25:55,Buy,5,3362.2,Market
3195,2,2025-12-05 10:44:38,Sell,5,3356.4,Stop
3196,1,2025-12-05 08:51:01,Sell,10,6090.75,Limit
3196,2,2025-12-05 09:14:04,Buy,10,6083.75,Limit
3197,1,2025-12-05 08:51:02,Sell,10,6090.5,Market
3197,2,2025-12-05 09:14:52,Buy,10,6084.0,Limit
3198,1,2025-12-05 08:51:02,Sell,10,6090.5,Limit
3198,2,2025-12-05 09:03:01,Buy,5,6086.5,Limit
3198,3,2025-12-05 09:15:00,Buy,5,6081.0,Limit
3199,1,2025-12-05 08:51:03,Sell,10,6090.75,Market
3199,2,2025-12-05 09:14:11,Buy,10,6083.75,Limit
3200,1,2025-12-05 08:51:03,Sell,10,6090.75,Market
3200,2,2025-12-05 09:02:56,Buy,5,6086.5,Limit
3200,3,2025-12-05 09:14:49,Buy,5,6081.0,Limit
3201,1,2025-12-05 08:51:04,Sell,10,6090.5,Limit
3201,2,2025-12-05 09:14:42,Buy,10,6084.0,Limit
3202,1,2025-12-08 09:57:09,Sell,6,21790.5,Limit
3202,2,2025-12-08 11:32:02,Buy,6,21818.5,Stop
3203,1,2025-12-08 09:57:10,Sell,6,21790.25,Limit
3203,2,2025-12-08 11:31:26,Buy,6,21818.75,Stop
3204,1,2025-12-08 09:57:09,Sell,6,21790.25,Market
3204,2,2025-12-08 11:32:07,Buy,6,21818.5,Stop
3205,1,2025-12-08 09:57:11,Sell,6,21790.5,Market
3205,2,2025-12-08 11:32:06,Buy,6,21818.5,Stop
3206,1,2025-12-08 09:57:10,Sell,6,21790.5,Limit
3206,2,2025-12-08 11:31:58,Buy,6,21818.5,Stop
3207,1,2025-12-09 12:13:52,Sell,10,1960.6,Market
3207,2,2025-12-09 12:22:14,Buy,10,1966.5,Stop
3208,1,2025-12-09 12:13:53,Sell,10,1960.5,Limit
3208,2,2025-12-09 12:22:11,Buy,10,1966.6,Stop
3209,1,2025-12-09 12:13:54,Sell,10,1960.5,Market
3209,2,2025-12-09 12:22:53,Buy,10,1966.6,Stop
3210,1,2025-12-09 12:13:55,Sell,10,1960.6,Limit
3210,2,2025-12-09 12:22:05,Buy,10,1966.5,Stop
3211,1,2025-12-09 12:13:55,Sell,10,1960.5,Limit
3211,2,2025-12-09 12:21:56,Buy,10,1966.6,Stop
3212,1,2025-12-10 10:00:28,Buy,10,41277.0,Market
3212,2,2025-12-10 10:08:05,Sell,5,41324.0,Limit
3212,3,2025-12-10 10:15:42,Sell,5,41388.0,Limit
3213,1,2025-12-10 10:00:29,Buy,10,41277.0,Market
3213,2,2025-12-10 10:08:06,Sell,5,41324.0,Limit
3213,3,2025-12-10 10:15:43,Sell,5,41388.0,Limit
3214,1,2025-12-10 10:00:29,Buy,10,41278.0,Market
3214,2,2025-12-10 10:15:59,Sell,10,41355.0,Limit
3215,1,2025-12-10 10:00:28,Buy,10,41277.0,Limit
3215,2,2025-12-10 10:08:22.500000,Sell,5,41324.0,Limit
3215,3,2025-12-10 10:16:17,Sell,5,41388.0,Limit
3216,1,2025-12-10 10:00:29,Buy,10,41277.0,Limit
3216,2,2025-12-10 10:15:48,Sell,10,41356.0,Limit
3217,1,2025-12-10 10:00:30,Buy,2,41277.0,Market
3217,2,2025-12-10 10:08:18,Sell,1,41324.0,Limit
3217,3,2025-12-10 10:16:06,Sell,1,41388.0,Limit
3218,1,2025-12-10 12:22:20,Sell,10,5948.75,Limit
3218,2,2025-12-10 12:29:28.500000,Buy,5,5945.75,Limit
3218,3,2025-12-10 12:36:37,Buy,5,5941.75,Limit
3219,1,2025-12-10 12:22:23,Sell,10,5948.5,Market
3219,2,2025-12-10 12:36:47,Buy,10,5943.75,Limit
3220,1,2025-12-10 12:22:23,Sell,10,5948.75,Limit
3220,2,2025-12-10 12:36:35,Buy,10,5943.75,Limit
3221,1,2025-12-10 12:22:23,Sell,10,5948.75,Limit
3221,2,2025-12-10 12:29:26.500000,Buy,5,5945.75,Limit
3221,3,2025-12-10 12:36:30,Buy,5,5941.75,Limit
3222,1,2025-12-10 10:24:25,Sell,10,36.65,Limit
3222,2,2025-12-10 11:12:14,Buy,10,37.0,Stop
3223,1,2025-12-10 10:24:28,Sell,10,36.65,Limit
3223,2,2025-12-10 11:11:41,Buy,10,37.0,Stop
3224,1,2025-12-10 10:24:26,Sell,10,36.64,Limit
3224,2,2025-12-10 11:11:34,Buy,10,37.01,Stop
3225,1,2025-12-10 10:24:25,Sell,10,36.65,Limit
3225,2,2025-12-10 11:12:12,Buy,10,37.0,Stop
3226,1,2025-12-10 10:24:27,Sell,10,36.65,Limit
3226,2,2025-12-10 11:12:21,Buy,10,37.0,Stop
3227,1,2025-12-10 10:24:28,Sell,2,36.65,Market
3227,2,2025-12-10 11:12:12,Buy,2,37.0,Stop
3228,1,2025-12-10 08:38:42,Sell,10,5973.75,Market
3228,2,2025-12-10 08:59:59,Buy,10,5979.75,Stop
3229,1,2025-12-10 08:38:42,Sell,10,5973.5,Market
3229,2,2025-12-10 09:00:26,Buy,10,5979.75,Stop
3230,1,2025-12-10 08:38:45,Sell,10,5973.5,Market
3230,2,2025-12-10 09:00:34,Buy,10,5979.75,Stop
3231,1,2025-12-10 08:38:42,Sell,10,5973.75,Limit
3231,2,2025-12-10 08:59:46,Buy,10,5979.75,Stop
3232,1,2025-12-10 08:38:45,Sell,10,5973.5,Market
3232,2,2025-12-10 08:59:57,Buy,10,5979.75,Stop
3233,1,2025-12-10 08:38:42,Sell,2,5973.75,Market
3233,2,2025-12-10 09:00:37,Buy,2,5979.75,Stop
3234,1,2025-12-11 10:04:58,Buy,10,41345.0,Market
3234,2,2025-12-11 10:15:49.500000,Sell,5,41427.0,Limit
3234,3,2025-12-11 10:26:41,Sell,5,41537.0,Limit
3235,1,2025-12-11 10:05:00,Buy,10,41345.0,Market
3235,2,2025-12-11 10:26:08,Sell,10,41482.0,Limit
3236,1,2025-12-11 10:05:01,Buy,10,41345.0,Limit
3236,2,2025-12-11 10:15:48.500000,Sell,5,41427.0,Limit
3236,3,2025-12-11 10:26:36,Sell,5,41537.0,Limit
3237,1,2025-12-11 10:04:58,Buy,10,41345.0,Limit
3237,2,2025-12-11 10:15:32,Sell,5,41427.0,Limit
3237,3,2025-12-11 10:26:06,Sell,5,41537.0,Limit
3238,1,2025-12-11 10:04:58,Buy,2,41346.0,Limit
3238,2,2025-12-11 10:26:51,Sell,2,41481.0,Limit
3239,1,2025-12-11 10:30:41,Sell,5,3366.8,Market
3239,2,2025-12-11 11:33:42,Buy,5,3357.3,Limit
3240,1,2025-12-11 10:30:44,Sell,5,3366.8,Limit
3240,2,2025-12-11 11:34:09,Buy,5,3357.3,Limit
3241,1,2025-12-11 10:30:42,Sell,5,3366.7,Limit
3241,2,2025-12-11 11:02:33.500000,Buy,2,3361.1,Limit
3241,3,2025-12-11 11:34:25,Buy,3,3354.9,Limit
3242,1,2025-12-11 10:30:44,Sell,5,3366.8,Limit
3242,2,2025-12-11 11:02:35.500000,Buy,2,3361.1,Limit
3242,3,2025-12-11 11:34:27,Buy,3,3354.8,Limit
3243,1,2025-12-11 10:30:43,Sell,1,3366.8,Market
3243,2,2025-12-11 11:34:11,Buy,1,3357.3,Limit
3244,1,2025-12-12 10:22:22,Sell,6,22005.25,Market
3244,2,2025-12-12 11:38:27,Buy,6,22028.25,Stop
3245,1,2025-12-12 10:22:24,Sell,6,22005.25,Market
3245,2,2025-12-12 11:39:20,Buy,6,22028.25,Stop
3246,1,2025-12-12 10:22:24,Sell,6,22005.0,Market
3246,2,2025-12-12 11:38:58,Buy,6,22028.25,Stop
3247,1,2025-12-12 10:22:24,Sell,6,22005.0,Limit
3247,2,2025-12-12 11:39:15,Buy,6,22028.25,Stop
3248,1,2025-12-12 10:22:23,Sell,6,22005.25,Limit
3248,2,2025-12-12 11:39:14,Buy,6,22028.25,Stop
3249,1,2025-12-12 10:22:24,Sell,2,22005.0,Market
3249,2,2025-12-12 11:38:50,Buy,2,22028.25,Stop
3250,1,2025-12-12 03:18:03,Buy,10,37.59,Market
3250,2,2025-12-12 04:28:53,Sell,10,38.03,Limit
3251,1,2025-12-12 03:18:05,Buy,10,37.6,Market
3251,2,2025-12-12 03:53:14,Sell,5,37.85,Limit
3251,3,2025-12-12 04:28:23,Sell,5,38.19,Limit
3252,1,2025-12-12 03:18:05,Buy,10,37.6,Market
3252,2,2025-12-12 03:53:16,Sell,5,37.85,Limit
3252,3,2025-12-12 04:28:27,Sell,5,38.19,Limit
3253,1,2025-12-12 03:18:06,Buy,10,37.6,Market
3253,2,2025-12-12 04:29:04,Sell,10,38.03,Limit
3254,1,2025-12-12 03:18:06,Buy,10,37.59,Market
3254,2,2025-12-12 03:53:20,Sell,5,37.85,Limit
3254,3,2025-12-12 04:28:34,Sell,5,38.21,Limit
3255,1,2025-12-12 03:18:06,Buy,2,37.59,Market
3255,2,2025-12-12 03:53:34.500000,Sell,1,37.85,Limit
3255,3,2025-12-12 04:29:03,Sell,1,38.21,Limit
3256,1,2025-12-15 03:21:39,Buy,5,3371.7,Limit
3256,2,2025-12-15 04:27:38,Sell,5,3365.6,Stop
3257,1,2025-12-15 03:21:40,Buy,5,3371.7,Market
3257,2,2025-12-15 04:26:50,Sell,5,3365.6,Stop
3258,1,2025-12-15 03:21:40,Buy,5,3371.8,Market
3258,2,2025-12-15 04:27:35,Sell,5,3365.5,Stop
3259,1,2025-12-15 03:21:40,Buy,5,3371.8,Limit
3259,2,2025-12-15 04:27:24,Sell,5,3365.5,Stop
3260,1,2025-12-15 03:21:42,Buy,1,3371.8,Limit
3260,2,2025-12-15 04:27:15,Sell,1,3365.6,Stop
3261,1,2025-12-16 10:00:25,Buy,6,21820.0,Limit
3261,2,2025-12-16 10:46:04.500000,Sell,3,21842.25,Limit
3261,3,2025-12-16 11:31:44,Sell,3,21871.75,Limit
3262,1,2025-12-16 10:00:25,Buy,6,21820.0,Market
3262,2,2025-12-16 11:32:15,Sell,6,21857.0,Limit
3263,1,2025-12-16 10:00:28,Buy,6,21820.0,Limit
3263,2,2025-12-16 10:46:15,Sell,3,21842.25,Limit
3263,3,2025-12-16 11:32:02,Sell,3,21871.75,Limit
3264,1,2025-12-16 10:00:27,Buy,6,21820.0,Limit
3264,2,2025-12-16 10:46:03,Sell,3,21842.25,Limit
3264,3,2025-12-16 11:31:39,Sell,3,21871.75,Limit
3265,1,2025-12-16 10:00:28,Buy,2,21820.0,Market
3265,2,2025-12-16 11:32:23,Sell,2,21857.0,Limit
3266,1,2025-12-16 03:29:37,Sell,10,38.32,Market
3266,2,2025-12-16 04:16:07.500000,Buy,5,38.08,Limit
3266,3,2025-12-16 05:02:38,Buy,5,37.76,Limit
3267,1,2025-12-16 03:29:39,Sell,10,38.31,Market
3267,2,2025-12-16 04:16:21.500000,Buy,5,38.08,Limit
3267,3,2025-12-16 05:03:04,Buy,5,37.76,Limit
3268,1,2025-12-16 03:29:40,Sell,10,38.32,Limit
3268,2,2025-12-16 04:16:27,Buy,5,38.08,Limit
3268,3,2025-12-16 05:03:14,Buy,5,37.76,Limit
3269,1,2025-12-16 03:29:37,Sell,10,38.32,Limit
3269,2,2025-12-16 04:16:11.500000,Buy,5,38.08,Limit
3269,3,2025-12-16 05:02:46,Buy,5,37.76,Limit
3270,1,2025-12-16 03:29:39,Sell,10,38.31,Limit
3270,2,2025-12-16 04:16:33.500000,Buy,5,38.08,Limit
3270,3,2025-12-16 05:03:28,Buy,5,37.76,Limit
3271,1,2025-12-16 03:29:38,Sell,2,38.32,Market
3271,2,2025-12-16 05:03:02,Buy,2,37.92,Limit
3272,1,2025-12-17 12:17:06,Sell,10,5862.0,Limit
3272,2,2025-12-17 12:30:58,Buy,10,5868.75,Stop
3273,1,2025-12-17 12:17:09,Sell,10,5861.75,Limit
3273,2,2025-12-17 12:30:42,Buy,10,5868.75,Stop
3274,1,2025-12-17 12:17:06,Sell,10,5862.0,Market
3274,2,2025-12-17 12:31:02,Buy,10,5868.75,Stop
3275,1,2025-12-17 12:17:07,Sell,10,5861.75,Market
3275,2,2025-12-17 12:31:06,Buy,10,5869.0,Stop
3276,1,2025-12-17 12:17:09,Sell,10,5862.0,Limit
3276,2,2025-12-17 12:30:54,Buy,10,5868.75,Stop
3277,1,2025-12-17 12:17:07,Sell,2,5861.75,Limit
3277,2,2025-12-17 12:30:18,Buy,2,5868.75,Stop
3278,1,2025-12-18 10:21:34,Sell,6,21615.0,Limit
3278,2,2025-12-18 10:29:35,Buy,6,21571.0,Limit
3279,1,2025-12-18 10:21:35,Sell,6,21615.0,Market
3279,2,2025-12-18 10:30:15,Buy,6,21571.0,Limit
3280,1,2025-12-18 10:21:36,Sell,6,21614.75,Market
3280,2,2025-12-18 10:30:28,Buy,6,21571.25,Limit
3281,1,2025-12-18 10:21:37,Sell,6,21614.75,Limit
3281,2,2025-12-18 10:30:12,Buy,6,21571.0,Limit
3282,1,2025-12-18 10:21:37,Sell,2,21615.0,Market
3282,2,2025-12-18 10:25:56.500000,Buy,1,21588.5,Limit
3282,3,2025-12-18 10:30:16,Buy,1,21553.5,Limit
3283,1,2025-12-18 03:19:02,Buy,10,38.22,Market
3283,2,2025-12-18 03:35:40,Sell,10,37.9,Stop
3284,1,2025-12-18 03:19:02,Buy,10,38.22,Limit
3284,2,2025-12-18 03:35:06,Sell,10,37.9,Stop
3285,1,2025-12-18 03:19:03,Buy,10,38.23,Market
3285,2,2025-12-18 03:35:56,Sell,10,37.89,Stop
3286,1,2025-12-18 03:19:03,Buy,10,38.22,Limit
3286,2,2025-12-18 03:35:14,Sell,10,37.9,Stop
3287,1,2025-12-18 03:19:02,Buy,10,38.23,Market
3287,2,2025-12-18 03:35:49,Sell,10,37.9,Stop
3288,1,2025-12-18 03:19:05,Buy,2,38.22,Market
3288,2,2025-12-18 03:35:51,Sell,2,37.9,Stop
3289,1,2025-12-19 12:14:59,Sell,10,1939.7,Limit
3289,2,2025-12-19 12:40:53,Buy,10,1945.7,Stop
3290,1,2025-12-19 12:15:01,Sell,10,1939.7,Market
3290,2,2025-12-19 12:40:11,Buy,10,1945.7,Stop
3291,1,2025-12-19 12:15:01,Sell,10,1939.7,Limit
3291,2,2025-12-19 12:40:35,Buy,10,1945.7,Stop
3292,1,2025-12-19 12:15:01,Sell,10,1939.6,Market
3292,2,2025-12-19 12:40:04,Buy,10,1945.7,Stop
3293,1,2025-12-19 12:15:02,Sell,10,1939.7,Limit
3293,2,2025-12-19 12:40:45,Buy,10,1945.7,Stop
3294,1,2025-12-19 12:14:59,Sell,2,1939.7,Market
3294,2,2025-12-19 12:39:59,Buy,2,1945.7,Stop
3295,1,2025-12-19 10:32:05,Buy,5,3426.0,Market
3295,2,2025-12-19 12:00:25,Sell,5,3436.4,Limit
3296,1,2025-12-19 10:32:05,Buy,5,3426.1,Market
3296,2,2025-12-19 12:00:26,Sell,5,3436.3,Limit
3297,1,2025-12-19 10:32:07,Buy,5,3426.1,Market
3297,2,2025-12-19 12:00:32,Sell,5,3436.4,Limit
3298,1,2025-12-19 10:32:07,Buy,5,3426.1,Limit
3298,2,2025-12-19 12:00:11,Sell,5,3436.4,Limit
3299,1,2025-12-19 10:32:07,Buy,5,3426.0,Market
3299,2,2025-12-19 12:01:04,Sell,5,3436.4,Limit
3300,1,2025-12-22 09:54:54,Sell,10,41562.0,Limit
3300,2,2025-12-22 10:33:02,Buy,10,41609.0,Stop
3301,1,2025-12-22 09:54:54,Sell,10,41561.0,Market
3301,2,2025-12-22 10:33:21,Buy,10,41610.0,Stop
3302,1,2025-12-22 09:54:55,Sell,10,41561.0,Market
3302,2,2025-12-22 10:33:24,Buy,10,41609.0,Stop
3303,1,2025-12-22 09:54:54,Sell,10,41561.0,Market
3303,2,2025-12-22 10:33:25,Buy,10,41610.0,Stop
3304,1,2025-12-22 09:54:54,Sell,2,41562.0,Limit
3304,2,2025-12-22 10:33:36,Buy,2,41609.0,Stop
3305,1,2025-12-22 12:18:05,Buy,10,1927.8,Limit
3305,2,2025-12-22 12:36:40,Sell,10,1920.9,Stop
3306,1,2025-12-22 12:18:07,Buy,10,1927.8,Limit
3306,2,2025-12-22 12:37:06,Sell,10,1920.9,Stop
3307,1,2025-12-22 12:18:05,Buy,10,1927.8,Market
3307,2,2025-12-22 12:36:31,Sell,10,1920.9,Stop
3308,1,2025-12-22 12:18:07,Buy,10,1927.8,Market
3308,2,2025-12-22 12:37:04,Sell,10,1920.9,Stop
3309,1,2025-12-22 10:23:36,Sell,6,21575.25,Market
3309,2,2025-12-22 11:36:48,Buy,6,21596.25,Stop
3310,1,2025-12-22 10:23:37,Sell,6,21575.25,Market
3310,2,2025-12-22 11:37:27,Buy,6,21596.25,Stop
3311,1,2025-12-22 10:23:36,Sell,6,21575.0,Market
3311,2,2025-12-22 11:36:45,Buy,6,21596.25,Stop
3312,1,2025-12-22 10:23:39,Sell,6,21575.0,Market
3312,2,2025-12-22 11:36:53,Buy,6,21596.25,Stop
3313,1,2025-12-22 10:23:38,Sell,2,21575.0,Limit
3313,2,2025-12-22 11:36:52,Buy,2,21596.25,Stop
3314,1,2025-12-23 03:20:06,Sell,5,3406.3,Market
3314,2,2025-12-23 04:32:18,Buy,5,3411.8,Stop
3315,1,2025-12-23 03:20:08,Sell,5,3406.2,Limit
3315,2,2025-12-23 04:32:09,Buy,5,3411.8,Stop
3316,1,2025-12-23 03:20:09,Sell,5,3406.3,Market
3316,2,2025-12-23 04:32:58,Buy,5,3411.8,Stop
3317,1,2025-12-23 03:20:09,Sell,5,3406.3,Limit
3317,2,2025-12-23 04:32:19,Buy,5,3411.8,Stop
3318,1,2025-12-23 03:20:09,Sell,5,3406.3,Limit
3318,2,2025-12-23 04:33:00,Buy,5,3411.8,Stop
3319,1,2025-12-23 03:20:09,Sell,1,3406.2,Limit
3319,2,2025-12-23 04:32:15,Buy,1,3411.8,Stop
3320,1,2025-12-24 09:49:22,Sell,6,21784.0,Limit
3320,2,2025-12-24 10:36:43,Buy,6,21812.5,Stop
3321,1,2025-12-24 09:49:22,Sell,6,21783.75,Market
3321,2,2025-12-24 10:37:14,Buy,6,21812.75,Stop
3322,1,2025-12-24 09:49:25,Sell,6,21783.75,Market
3322,2,2025-12-24 10:37:12,Buy,6,21812.5,Stop
3323,1,2025-12-24 09:49:23,Sell,6,21783.75,Limit
3323,2,2025-12-24 10:36:59,Buy,6,21812.75,Stop
3324,1,2025-12-24 09:49:23,Sell,6,21783.75,Limit
3324,2,2025-12-24 10:36:39,Buy,6,21812.75,Stop
3325,1,2025-12-24 09:49:23,Sell,2,21783.75,Limit
3325,2,2025-12-24 10:36:49,Buy,2,21812.75,Stop
3326,1,2025-12-24 10:26:25,Sell,6,21961.25,Limit
3326,2,2025-12-24 11:18:50,Buy,6,21982.25,Stop
3327,1,2025-12-24 10:26:27,Sell,6,21961.25,Limit
3327,2,2025-12-24 11:19:02,Buy,6,21982.25,Stop
3328,1,2025-12-24 10:26:26,Sell,6,21961.25,Limit
3328,2,2025-12-24 11:18:39,Buy,6,21982.25,Stop
3329,1,2025-12-24 10:26:25,Sell,6,21961.0,Limit
3329,2,2025-12-24 11:18:42,Buy,6,21982.25,Stop
3330,1,2025-12-24 10:26:28,Sell,6,21961.0,Limit
3330,2,2025-12-24 11:18:36,Buy,6,21982.25,Stop
3331,1,2025-12-24 10:26:25,Sell,2,21961.0,Market
3331,2,2025-12-24 11:19:03,Buy,2,21982.25,Stop
3332,1,2025-12-24 03:26:01,Sell,10,38.66,Market
3332,2,2025-12-24 04:23:09,Buy,10,38.95,Stop
3333,1,2025-12-24 03:26:03,Sell,10,38.66,Limit
3333,2,2025-12-24 04:23:24,Buy,10,38.95,Stop
3334,1,2025-12-24 03:26:04,Sell,10,38.65,Limit
3334,2,2025-12-24 04:23:54,Buy,10,38.96,Stop
3335,1,2025-12-24 03:26:02,Sell,10,38.66,Market
3335,2,2025-12-24 04:23:33,Buy,10,38.95,Stop
3336,1,2025-12-24 03:26:04,Sell,10,38.66,Limit
3336,2,2025-12-24 04:23:18,Buy,10,38.95,Stop
3337,1,2025-12-24 03:26:04,Sell,2,38.66,Market
3337,2,2025-12-24 04:23:44,Buy,2,38.95,Stop
3338,1,2025-12-25 09:55:12,Buy,10,41832.0,Limit
3338,2,2025-12-25 10:25:25,Sell,10,41764.0,Stop
3339,1,2025-12-25 09:55:15,Buy,10,41832.0,Market
3339,2,2025-12-25 10:25:18,Sell,10,41764.0,Stop
3340,1,2025-12-25 09:55:15,Buy,10,41832.0,Market
3340,2,2025-12-25 10:25:48,Sell,10,41764.0,Stop
3341,1,2025-12-25 09:55:15,Buy,10,41833.0,Limit
3341,2,2025-12-25 10:25:26,Sell,10,41764.0,Stop
3342,1,2025-12-25 12:22:25,Buy,10,5769.0,Limit
3342,2,2025-12-25 12:35:55,Sell,10,5763.0,Stop
3343,1,2025-12-25 12:22:26,Buy,10,5769.0,Limit
3343,2,2025-12-25 12:36:22,Sell,10,5763.0,Stop
3344,1,2025-12-25 12:22:27,Buy,10,5769.0,Market
3344,2,2025-12-25 12:36:15,Sell,10,5763.0,Stop
3345,1,2025-12-25 10:37:29,Sell,5,3437.6,Limit
3345,2,2025-12-25 11:38:47,Buy,5,3443.6,Stop
3346,1,2025-12-25 10:37:31,Sell,5,3437.6,Limit
3346,2,2025-12-25 11:38:56,Buy,5,3443.6,Stop
3347,1,2025-12-25 10:37:31,Sell,5,3437.5,Limit
3347,2,2025-12-25 11:39:07,Buy,5,3443.6,Stop
3348,1,2025-12-25 10:37:32,Sell,5,3437.6,Limit
3348,2,2025-12-25 11:39:05,Buy,5,3443.6,Stop
3349,1,2025-12-26 10:00:07,Sell,10,5754.0,Market
3349,2,2025-12-26 11:10:11,Buy,10,5760.25,Stop
3350,1,2025-12-26 10:00:09,Sell,10,5753.75,Market
3350,2,2025-12-26 11:10:27,Buy,10,5760.5,Stop
3351,1,2025-12-26 10:00:08,Sell,10,5754.0,Limit
3351,2,2025-12-26 11:10:52,Buy,10,5760.25,Stop
3352,1,2025-12-26 12:15:21,Buy,10,5768.75,Limit
3352,2,2025-12-26 12:29:36,Sell,10,5773.0,Limit
3353,1,2025-12-26 12:15:21,Buy,10,5768.75,Limit
3353,2,2025-12-26 12:30:03,Sell,10,5773.0,Limit
3354,1,2025-12-26 12:15:23,Buy,10,5768.75,Market
3354,2,2025-12-26 12:22:43,Sell,5,5771.25,Limit
3354,3,2025-12-26 12:30:03,Sell,5,5774.75,Limit
3355,1,2025-12-26 10:38:44,Sell,6,21277.0,Limit
3355,2,2025-12-26 11:34:07,Buy,6,21297.5,Stop
3356,1,2025-12-26 10:38:46,Sell,6,21277.0,Market
3356,2,2025-12-26 11:34:38,Buy,6,21297.5,Stop
3357,1,2025-12-26 10:38:47,Sell,6,21277.0,Limit
3357,2,2025-12-26 11:34:09,Buy,6,21297.5,Stop
3358,1,2025-12-29 09:58:16,Sell,10,41859.0,Market
3358,2,2025-12-29 11:10:46,Buy,10,41912.0,Stop
3359,1,2025-12-29 09:58:19,Sell,10,41859.0,Limit
3359,2,2025-12-29 11:10:47,Buy,10,41912.0,Stop
3360,1,2025-12-29 09:58:19,Sell,10,41858.0,Limit
3360,2,2025-12-29 11:10:48,Buy,10,41913.0,Stop
3361,1,2025-12-29 12:10:26,Sell,10,1819.9,Limit
3361,2,2025-12-29 12:19:18,Buy,10,1825.8,Stop
3362,1,2025-12-29 12:10:26,Sell,10,1819.9,Market
3362,2,2025-12-29 12:18:26,Buy,10,1825.8,Stop
3363,1,2025-12-29 12:10:26,Sell,10,1819.8,Market
3363,2,2025-12-29 12:18:29,Buy,10,1825.9,Stop
3364,1,2025-12-30 03:35:02,Sell,10,37.4,Limit
3364,2,2025-12-30 04:17:48,Buy,5,37.15,Limit
3364,3,2025-12-30 05:00:34,Buy,5,36.83,Limit
3365,1,2025-12-30 03:35:04,Sell,10,37.39,Market
3365,2,2025-12-30 05:00:32,Buy,10,37.0,Limit
3366,1,2025-12-30 03:35:03,Sell,10,37.4,Limit
3366,2,2025-12-30 04:17:50.500000,Buy,5,37.15,Limit
3366,3,2025-12-30 05:00:38,Buy,5,36.83,Limit
3367,1,2025-12-30 03:35:05,Sell,10,37.39,Market
3367,2,2025-12-30 04:17:58,Buy,5,37.15,Limit
3367,3,2025-12-30 05:00:51,Buy,5,36.83,Limit
3368,1,2025-12-31 09:55:25,Buy,10,41889.0,Limit
3368,2,2025-12-31 10:34:52,Sell,10,41969.0,Limit
3369,1,2025-12-31 09:55:25,Buy,10,41890.0,Limit
3369,2,2025-12-31 10:34:55,Sell,10,41968.0,Limit
3370,1,2025-12-31 09:55:26,Buy,10,41890.0,Limit
3370,2,2025-12-31 10:15:23,Sell,5,41937.0,Limit
3370,3,2025-12-31 10:35:20,Sell,5,42001.0,Limit
3371,1,2025-12-31 09:55:26,Buy,10,41889.0,Limit
3371,2,2025-12-31 10:15:07.500000,Sell,5,41937.0,Limit
3371,3,2025-12-31 10:34:49,Sell,5,42001.0,Limit
3372,1,2025-12-31 09:55:27,Buy,10,41890.0,Market
3372,2,2025-12-31 10:15:10,Sell,5,41937.0,Limit
3372,3,2025-12-31 10:34:53,Sell,5,41999.0,Limit
3373,1,2025-12-31 12:10:25,Sell,10,5980.5,Limit
3373,2,2025-12-31 12:20:00,Buy,5,5977.75,Limit
3373,3,2025-12-31 12:29:35,Buy,5,5974.25,Limit
3374,1,2025-12-31 12:10:28,Sell,10,5980.5,Market
3374,2,2025-12-31 12:30:26,Buy,10,5976.0,Limit
3375,1,2025-12-31 12:10:26,Sell,10,5980.25,Limit
3375,2,2025-12-31 12:30:13,Buy,10,5976.0,Limit
3376,1,2025-12-31 12:10:27,Sell,10,5980.5,Market
3376,2,2025-12-31 12:20:23,Buy,5,5977.75,Limit
3376,3,2025-12-31 12:30:19,Buy,5,5974.25,Limit
3377,1,2025-12-31 12:10:26,Sell,10,5980.5,Limit
3377,2,2025-12-31 12:29:43,Buy,10,5976.0,Limit
3378,1,2025-12-31 10:28:51,Buy,10,38.08,Limit
3378,2,2025-12-31 10:54:56,Sell,10,38.83,Limit
3379,1,2025-12-31 10:28:54,Buy,10,38.09,Limit
3379,2,2025-12-31 10:42:14.500000,Sell,5,38.53,Limit
3379,3,2025-12-31 10:55:35,Sell,5,39.13,Limit
3380,1,2025-12-31 10:28:51,Buy,10,38.09,Limit
3380,2,2025-12-31 10:55:18,Sell,10,38.82,Limit
3381,1,2025-12-31 10:28:54,Buy,10,38.08,Market
3381,2,2025-12-31 10:54:58,Sell,10,38.83,Limit
3382,1,2025-12-31 10:28:53,Buy,10,38.08,Limit
3382,2,2025-12-31 10:55:43,Sell,10,38.83,Limit
3383,1,2025-12-31 03:18:09,Buy,10,37.98,Market
3383,2,2025-12-31 04:06:51,Sell,10,37.73,Stop
3384,1,2025-12-31 03:18:10,Buy,10,37.98,Limit
3384,2,2025-12-31 04:06:20,Sell,10,37.73,Stop
3385,1,2025-12-31 03:18:10,Buy,10,37.98,Market
3385,2,2025-12-31 04:06:15,Sell,10,37.73,Stop
3386,1,2025-12-31 03:18:11,Buy,10,37.98,Market
3386,2,2025-12-31 04:07:01,Sell,10,37.73,Stop
3387,1,2026-01-01 12:24:27,Buy,10,5906.0,Limit
3387,2,2026-01-01 12:47:02,Sell,10,5911.0,Limit
3388,1,2026-01-01 12:24:28,Buy,10,5906.0,Limit
3388,2,2026-01-01 12:47:07,Sell,10,5911.0,Limit
3389,1,2026-01-01 12:24:29,Buy,10,5906.25,Limit
3389,2,2026-01-01 12:35:57.500000,Sell,5,5909.0,Limit
3389,3,2026-01-01 12:47:26,Sell,5,5912.5,Limit
3390,1,2026-01-01 12:24:28,Buy,10,5906.25,Limit
3390,2,2026-01-01 12:35:38.500000,Sell,5,5909.0,Limit
3390,3,2026-01-01 12:46:49,Sell,5,5913.0,Limit
3391,1,2026-01-01 12:24:30,Buy,10,5906.0,Market
3391,2,2026-01-01 12:47:13,Sell,10,5911.0,Limit
3392,1,2026-01-01 12:24:29,Buy,10,5906.0,Limit
3392,2,2026-01-01 12:35:37.500000,Sell,5,5909.0,Limit
3392,3,2026-01-01 12:46:46,Sell,5,5913.0,Limit
3393,1,2026-01-01 03:26:34,Sell,5,3382.5,Limit
3393,2,2026-01-01 03:54:43,Buy,5,3374.3,Limit
3394,1,2026-01-01 03:26:35,Sell,5,3382.5,Market
3394,2,2026-01-01 03:55:08,Buy,5,3374.3,Limit
3395,1,2026-01-01 03:26:34,Sell,5,3382.4,Limit
3395,2,2026-01-01 03:54:54,Buy,5,3374.3,Limit
3396,1,2026-01-01 03:26:37,Sell,5,3382.4,Limit
3396,2,2026-01-01 03:54:45,Buy,5,3374.4,Limit
3397,1,2026-01-01 03:26:36,Sell,5,3382.5,Market
3397,2,2026-01-01 03:41:03.500000,Buy,2,3377.6,Limit
3397,3,2026-01-01 03:55:31,Buy,3,3372.1,Limit
3398,1,2026-01-01 03:26:36,Sell,5,3382.4,Limit
3398,2,2026-01-01 03:40:53.500000,Buy,2,3377.5,Limit
3398,3,2026-01-01 03:55:11,Buy,3,3372.2,Limit
3399,1,2026-01-02 09:48:41,Buy,6,19929.0,Limit
3399,2,2026-01-02 10:50:10,Sell,6,19899.0,Stop
3400,1,2026-01-02 09:48:43,Buy,6,19929.0,Market
3400,2,2026-01-02 10:49:59,Sell,6,19899.0,Stop
3401,1,2026-01-02 09:48:43,Buy,6,19929.25,Limit
3401,2,2026-01-02 10:50:39,Sell,6,19899.0,Stop
3402,1,2026-01-02 09:48:42,Buy,6,19929.0,Limit
3402,2,2026-01-02 10:50:30,Sell,6,19899.0,Stop
3403,1,2026-01-02 09:48:44,Buy,6,19929.25,Limit
3403,2,2026-01-02 10:50:23,Sell,6,19898.75,Stop
3404,1,2026-01-02 12:22:26,Sell,10,5907.0,Limit
3404,2,2026-01-02 12:26:48,Buy,10,5913.75,Stop
3405,1,2026-01-02 12:22:28,Sell,10,5907.0,Market
3405,2,2026-01-02 12:26:28,Buy,10,5913.75,Stop
3406,1,2026-01-02 12:22:29,Sell,10,5906.75,Limit
3406,2,2026-01-02 12:27:27,Buy,10,5913.75,Stop
3407,1,2026-01-02 12:22:28,Sell,10,5907.0,Limit
3407,2,2026-01-02 12:26:38,Buy,10,5913.75,Stop
3408,1,2026-01-02 12:22:26,Sell,10,5907.0,Limit
3408,2,2026-01-02 12:26:28,Buy,10,5913.75,Stop
3409,1,2026-01-02 12:22:29,Sell,10,5907.0,Market
3409,2,2026-01-02 12:26:46,Buy,10,5913.75,Stop
3410,1,2026-01-02 10:33:15,Buy,5,3435.8,Market
3410,2,2026-01-02 11:32:50,Sell,5,3430.2,Stop
3411,1,2026-01-02 10:33:18,Buy,5,3435.8,Market
3411,2,2026-01-02 11:32:26,Sell,5,3430.2,Stop
3412,1,2026-01-02 10:33:17,Buy,5,3435.9,Limit
3412,2,2026-01-02 11:32:44,Sell,5,3430.2,Stop
3413,1,2026-01-02 10:33:17,Buy,5,3435.9,Limit
3413,2,2026-01-02 11:32:19,Sell,5,3430.2,Stop
3414,1,2026-01-02 10:33:15,Buy,5,3435.9,Market
3414,2,2026-01-02 11:32:56,Sell,5,3430.2,Stop
3415,1,2026-01-02 10:33:16,Buy,5,3435.9,Limit
3415,2,2026-01-02 11:33:12,Sell,5,3430.1,Stop
3416,1,2026-01-02 03:19:30,Buy,5,3460.7,Market
3416,2,2026-01-02 04:55:26,Sell,5,3454.3,Stop
3417,1,2026-01-02 03:19:31,Buy,5,3460.8,Market
3417,2,2026-01-02 04:54:58,Sell,5,3454.2,Stop
3418,1,2026-01-02 03:19:32,Buy,5,3460.7,Market
3418,2,2026-01-02 04:54:42,Sell,5,3454.3,Stop
3419,1,2026-01-02 03:19:32,Buy,5,3460.7,Market
3419,2,2026-01-02 04:54:39,Sell,5,3454.3,Stop
3420,1,2026-01-02 03:19:33,Buy,5,3460.7,Limit
3420,2,2026-01-02 04:55:15,Sell,5,3454.3,Stop
3421,1,2026-01-02 08:53:12,Buy,10,5872.5,Market
3421,2,2026-01-02 08:59:20.500000,Sell,5,5876.0,Limit
3421,3,2026-01-02 09:05:29,Sell,5,5881.0,Limit
3422,1,2026-01-02 08:53:13,Buy,10,5872.75,Market
3422,2,2026-01-02 09:05:51,Sell,10,5878.25,Limit
3423,1,2026-01-02 08:53:13,Buy,10,5872.75,Market
3423,2,2026-01-02 09:05:38,Sell,10,5878.25,Limit
3424,1,2026-01-02 08:53:13,Buy,10,5872.5,Limit
3424,2,2026-01-02 09:05:50,Sell,10,5878.5,Limit
3425,1,2026-01-02 08:53:12,Buy,10,5872.75,Market
3425,2,2026-01-02 09:05:16,Sell,10,5878.5,Limit
3426,1,2026-01-02 08:53:15,Buy,10,5872.5,Market
3426,2,2026-01-02 09:05:51,Sell,10,5878.5,Limit
3427,1,2026-01-05 09:51:08,Sell,10,5870.25,Limit
3427,2,2026-01-05 11:17:08,Buy,10,5876.0,Stop
3428,1,2026-01-05 09:51:09,Sell,10,5870.0,Market
3428,2,2026-01-05 11:17:47,Buy,10,5876.25,Stop
3429,1,2026-01-05 09:51:10,Sell,10,5870.25,Market
3429,2,2026-01-05 11:17:56,Buy,10,5876.0,Stop
3430,1,2026-01-05 09:51:11,Sell,10,5870.0,Limit
3430,2,2026-01-05 11:17:23,Buy,10,5876.0,Stop
3431,1,2026-01-05 09:51:08,Sell,10,5870.0,Market
3431,2,2026-01-05 11:17:31,Buy,10,5876.25,Stop
3432,1,2026-01-05 09:51:11,Sell,10,5870.25,Limit
3432,2,2026-01-05 11:17:27,Buy,10,5876.0,Stop
3433,1,2026-01-07 10:05:55,Buy,10,5963.0,Limit
3433,2,2026-01-07 11:28:14,Sell,10,5958.5,Stop
3434,1,2026-01-07 10:05:58,Buy,10,5963.0,Limit
3434,2,2026-01-07 11:28:16,Sell,10,5958.5,Stop
3435,1,2026-01-07 10:05:57,Buy,10,5963.25,Market
3435,2,2026-01-07 11:28:29,Sell,10,5958.25,Stop
3436,1,2026-01-07 10:05:55,Buy,10,5963.25,Limit
3436,2,2026-01-07 11:28:03,Sell,10,5958.25,Stop
3437,1,2026-01-07 10:05:57,Buy,10,5963.0,Limit
3437,2,2026-01-07 11:28:29,Sell,10,5958.5,Stop
3438,1,2026-01-07 10:05:56,Buy,10,5963.0,Limit
3438,2,2026-01-07 11:28:20,Sell,10,5958.5,Stop
3439,1,2026-01-07 12:11:43,Buy,10,1758.1,Limit
3439,2,2026-01-07 12:31:28,Sell,10,1751.6,Stop
3440,1,2026-01-07 12:11:43,Buy,10,1758.1,Limit
3440,2,2026-01-07 12:30:48,Sell,10,1751.6,Stop
3441,1,2026-01-07 12:11:45,Buy,10,1758.1,Market
3441,2,2026-01-07 12:31:03,Sell,10,1751.6,Stop
3442,1,2026-01-07 12:11:44,Buy,10,1758.2,Limit
3442,2,2026-01-07 12:30:57,Sell,10,1751.6,Stop
3443,1,2026-01-07 12:11:43,Buy,10,1758.2,Limit
3443,2,2026-01-07 12:30:52,Sell,10,1751.5,Stop
3444,1,2026-01-08 10:06:00,Sell,10,42351.0,Limit
3444,2,2026-01-08 11:30:10,Buy,10,42408.0,Stop
3445,1,2026-01-08 10:06:03,Sell,10,42351.0,Limit
3445,2,2026-01-08 11:30:25,Buy,10,42408.0,Stop
3446,1,2026-01-08 10:06:03,Sell,10,42350.0,Market
3446,2,2026-01-08 11:30:15,Buy,10,42409.0,Stop
3447,1,2026-01-08 10:06:01,Sell,10,42351.0,Market
3447,2,2026-01-08 11:30:56,Buy,10,42408.0,Stop
3448,1,2026-01-08 10:06:00,Sell,10,42351.0,Limit
3448,2,2026-01-08 11:30:39,Buy,10,42408.0,Stop
3449,1,2026-01-08 10:33:21,Buy,6,21303.5,Limit
3449,2,2026-01-08 11:19:59,Sell,6,21282.0,Stop
3450,1,2026-01-08 10:33:23,Buy,6,21303.5,Market
3450,2,2026-01-08 11:20:13,Sell,6,21282.0,Stop
3451,1,2026-01-08 10:33:21,Buy,6,21303.5,Limit
3451,2,2026-01-08 11:19:27,Sell,6,21282.0,Stop
3452,1,2026-01-08 10:33:22,Buy,6,21303.5,Limit
3452,2,2026-01-08 11:20:20,Sell,6,21282.0,Stop
3453,1,2026-01-08 10:33:22,Buy,6,21303.75,Limit
3453,2,2026-01-08 11:19:34,Sell,6,21282.0,Stop
3454,1,2026-01-08 10:33:22,Buy,6,21303.5,Limit
3454,2,2026-01-08 11:19:40,Sell,6,21282.0,Stop
3455,1,2026-01-09 10:01:24,Buy,10,5995.0,Limit
3455,2,2026-01-09 11:21:01,Sell,10,5989.5,Stop
3456,1,2026-01-09 10:01:26,Buy,10,5995.0,Limit
3456,2,2026-01-09 11:21:10,Sell,10,5989.5,Stop
3457,1,2026-01-09 10:36:38,Buy,6,21089.25,Market
3457,2,2026-01-09 10:53:44,Sell,6,21058.25,Stop
3458,1,2026-01-09 10:36:39,Buy,6,21089.25,Limit
3458,2,2026-01-09 10:54:05,Sell,6,21058.25,Stop
3459,1,2026-01-12 09:51:28,Sell,10,5997.25,Market
3459,2,2026-01-12 10:14:47,Buy,5,5992.75,Limit
3459,3,2026-01-12 10:38:06,Buy,5,5986.75,Limit
3460,1,2026-01-13 12:30:29,Buy,10,1776.4,Market
3460,2,2026-01-13 12:35:49,Sell,5,1780.1,Limit
3460,3,2026-01-13 12:41:09,Sell,5,1785.1,Limit
3461,1,2026-01-13 12:30:30,Buy,10,1776.5,Limit
3461,2,2026-01-13 12:35:42,Sell,5,1780.2,Limit
3461,3,2026-01-13 12:40:54,Sell,5,1785.0,Limit
3462,1,2026-01-13 08:35:13,Buy,6,20848.25,Limit
3462,2,2026-01-13 08:55:04,Sell,6,20826.75,Stop
3463,1,2026-01-13 08:35:16,Buy,6,20848.5,Limit
3463,2,2026-01-13 08:55:01,Sell,6,20826.75,Stop
3464,1,2026-01-13 08:35:14,Buy,6,20848.25,Limit
3464,2,2026-01-13 08:54:28,Sell,6,20826.75,Stop
3465,1,2026-01-14 09:52:04,Buy,6,20424.5,Market
3465,2,2026-01-14 10:19:36.500000,Sell,3,20453.25,Limit
3465,3,2026-01-14 10:47:09,Sell,3,20491.75,Limit
3466,1,2026-01-14 09:52:06,Buy,6,20424.75,Limit
3466,2,2026-01-14 10:47:12,Sell,6,20472.5,Limit
3467,1,2026-01-14 09:52:04,Buy,6,20424.75,Limit
3467,2,2026-01-14 10:19:44,Sell,3,20453.25,Limit
3467,3,2026-01-14 10:47:24,Sell,3,20491.25,Limit
3468,1,2026-01-14 12:28:28,Buy,10,5937.25,Market
3468,2,2026-01-14 12:34:39,Sell,10,5931.25,Stop
3469,1,2026-01-14 12:28:28,Buy,10,5937.5,Limit
3469,2,2026-01-14 12:34:29,Sell,10,5931.25,Stop
3470,1,2026-01-14 12:28:31,Buy,10,5937.5,Market
3470,2,2026-01-14 12:34:49,Sell,10,5931.0,Stop
3471,1,2026-01-14 12:28:30,Buy,10,5937.25,Limit
3471,2,2026-01-14 12:35:16,Sell,10,5931.25,Stop
3472,1,2026-01-14 10:26:01,Sell,10,34.29,Limit
3472,2,2026-01-14 11:36:30,Buy,10,34.61,Stop
3473,1,2026-01-14 10:26:01,Sell,10,34.28,Market
3473,2,2026-01-14 11:36:08,Buy,10,34.61,Stop
3474,1,2026-01-14 10:26:02,Sell,10,34.29,Limit
3474,2,2026-01-14 11:36:10,Buy,10,34.61,Stop
3475,1,2026-01-14 10:26:02,Sell,10,34.29,Limit
3475,2,2026-01-14 11:36:32,Buy,10,34.61,Stop
3476,1,2026-01-14 03:28:33,Sell,5,3440.2,Limit
3476,2,2026-01-14 03:48:35,Buy,5,3445.0,Stop
3477,1,2026-01-14 03:28:35,Sell,5,3440.2,Market
3477,2,2026-01-14 03:48:53,Buy,5,3445.0,Stop
3478,1,2026-01-14 03:28:34,Sell,5,3440.1,Market
3478,2,2026-01-14 03:49:14,Buy,5,3445.1,Stop
3479,1,2026-01-14 03:28:35,Sell,5,3440.2,Limit
3479,2,2026-01-14 03:48:51,Buy,5,3445.0,Stop
3480,1,2026-01-15 09:54:02,Buy,6,20617.0,Market
3480,2,2026-01-15 10:12:03,Sell,6,20591.75,Stop
3481,1,2026-01-15 09:54:04,Buy,6,20617.0,Limit
3481,2,2026-01-15 10:12:54,Sell,6,20591.75,Stop
3482,1,2026-01-15 09:54:05,Buy,6,20617.25,Market
3482,2,2026-01-15 10:12:12,Sell,6,20591.75,Stop
3483,1,2026-01-15 12:27:24,Buy,10,6043.5,Market
3483,2,2026-01-15 12:37:02.500000,Sell,5,6046.75,Limit
3483,3,2026-01-15 12:46:41,Sell,5,6050.75,Limit
3484,1,2026-01-15 12:27:25,Buy,10,6043.5,Market
3484,2,2026-01-15 12:37:00.500000,Sell,5,6046.75,Limit
3484,3,2026-01-15 12:46:36,Sell,5,6050.75,Limit
3485,1,2026-01-15 12:27:26,Buy,10,6043.75,Market
3485,2,2026-01-15 12:37:24.500000,Sell,5,6046.75,Limit
3485,3,2026-01-15 12:47:23,Sell,5,6050.75,Limit
3486,1,2026-01-15 12:27:27,Buy,10,6043.75,Limit
3486,2,2026-01-15 12:47:13,Sell,10,6048.5,Limit
3487,1,2026-01-15 03:30:53,Sell,5,3436.0,Limit
3487,2,2026-01-15 03:45:42.500000,Buy,2,3430.1,Limit
3487,3,2026-01-15 04:00:32,Buy,3,3423.6,Limit
3488,1,2026-01-15 03:30:55,Sell,5,3436.0,Limit
3488,2,2026-01-15 03:45:39,Buy,2,3430.1,Limit
3488,3,2026-01-15 04:00:23,Buy,3,3423.6,Limit
3489,1,2026-01-15 03:30:53,Sell,5,3435.9,Market
3489,2,2026-01-15 03:45:37,Buy,2,3430.1,Limit
3489,3,2026-01-15 04:00:21,Buy,3,3423.6,Limit
3490,1,2026-01-16 12:19:45,Buy,10,5953.5,Market
3490,2,2026-01-16 12:32:13,Sell,10,5947.25,Stop
3491,1,2026-01-16 12:19:48,Buy,10,5953.75,Market
3491,2,2026-01-16 12:31:55,Sell,10,5947.25,Stop
3492,1,2026-01-16 12:19:46,Buy,10,5953.75,Market
3492,2,2026-01-16 12:32:11,Sell,10,5947.25,Stop
3493,1,2026-01-16 12:19:48,Buy,10,5953.5,Market
3493,2,2026-01-16 12:32:47,Sell,10,5947.25,Stop
3494,1,2026-01-16 12:19:45,Buy,10,5953.5,Market
3494,2,2026-01-16 12:32:19,Sell,10,5947.25,Stop
3495,1,2026-01-16 10:35:56,Sell,6,21069.0,Limit
3495,2,2026-01-16 11:13:38,Buy,6,21089.25,Stop
3496,1,2026-01-16 10:35:56,Sell,6,21069.0,Market
3496,2,2026-01-16 11:13:20,Buy,6,21089.25,Stop
3497,1,2026-01-16 10:35:59,Sell,6,21069.0,Market
3497,2,2026-01-16 11:13:25,Buy,6,21089.25,Stop
3498,1,2026-01-19 10:25:05,Buy,5,3375.7,Market
3498,2,2026-01-19 11:18:10,Sell,5,3369.0,Stop
3499,1,2026-01-19 10:25:05,Buy,5,3375.7,Limit
3499,2,2026-01-19 11:18:57,Sell,5,3369.0,Stop
3500,1,2026-01-19 10:25:05,Buy,5,3375.7,Limit
3500,2,2026-01-19 11:18:10,Sell,5,3369.0,Stop
3501,1,2026-01-19 10:25:08,Buy,5,3375.8,Market
3501,2,2026-01-19 11:18:57,Sell,5,3369.0,Stop
3502,1,2026-01-19 10:25:05,Buy,5,3375.8,Market
3502,2,2026-01-19 11:18:08,Sell,5,3369.0,Stop
3503,1,2026-01-19 10:25:05,Buy,5,3375.8,Market
3503,2,2026-01-19 11:18:33,Sell,5,3368.9,Stop
3504,1,2026-01-19 03:35:09,Sell,10,33.32,Market
3504,2,2026-01-19 04:49:47,Buy,10,33.68,Stop
3505,1,2026-01-19 03:35:09,Sell,10,33.32,Market
3505,2,2026-01-19 04:49:23,Buy,10,33.68,Stop
3506,1,2026-01-19 03:35:11,Sell,10,33.32,Limit
3506,2,2026-01-19 04:49:43,Buy,10,33.68,Stop
3507,1,2026-01-19 03:35:09,Sell,10,33.32,Limit
3507,2,2026-01-19 04:49:09,Buy,10,33.68,Stop
3508,1,2026-01-19 03:35:11,Sell,10,33.32,Limit
3508,2,2026-01-19 04:49:18,Buy,10,33.68,Stop
3509,1,2026-01-19 03:35:12,Sell,10,33.31,Market
3509,2,2026-01-19 04:49:45,Buy,10,33.69,Stop
3510,1,2026-01-20 09:50:23,Sell,10,43579.0,Market
3510,2,2026-01-20 10:12:02.500000,Buy,5,43533.0,Limit
3510,3,2026-01-20 10:33:42,Buy,5,43473.0,Limit
3511,1,2026-01-20 09:50:26,Sell,10,43578.0,Market
3511,2,2026-01-20 10:34:23,Buy,10,43504.0,Limit
3512,1,2026-01-20 09:50:25,Sell,10,43579.0,Limit
3512,2,2026-01-20 10:12:20.500000,Buy,5,43533.0,Limit
3512,3,2026-01-20 10:34:16,Buy,5,43473.0,Limit
3513,1,2026-01-20 09:50:24,Sell,10,43578.0,Market
3513,2,2026-01-20 10:33:41,Buy,10,43504.0,Limit
3514,1,2026-01-20 12:25:18,Buy,10,1729.4,Market
3514,2,2026-01-20 12:28:29,Sell,5,1732.5,Limit
3514,3,2026-01-20 12:31:40,Sell,5,1736.7,Limit
3515,1,2026-01-20 12:25:18,Buy,10,1729.4,Market
3515,2,2026-01-20 12:31:52,Sell,10,1734.6,Limit
3516,1,2026-01-20 12:25:19,Buy,10,1729.4,Market
3516,2,2026-01-20 12:28:38,Sell,5,1732.5,Limit
3516,3,2026-01-20 12:31:57,Sell,5,1736.7,Limit
3517,1,2026-01-20 12:25:18,Buy,10,1729.4,Market
3517,2,2026-01-20 12:32:04,Sell,10,1734.6,Limit
3518,1,2026-01-20 10:31:23,Sell,5,3354.7,Market
3518,2,2026-01-20 11:53:28,Buy,5,3340.3,Limit
3519,1,2026-01-20 10:31:24,Sell,5,3354.7,Market
3519,2,2026-01-20 11:53:52,Buy,5,3340.3,Limit
3520,1,2026-01-20 10:31:26,Sell,5,3354.7,Limit
3520,2,2026-01-20 11:12:27.500000,Buy,2,3346.1,Limit
3520,3,2026-01-20 11:53:29,Buy,3,3336.4,Limit
3521,1,2026-01-20 10:31:25,Sell,5,3354.7,Market
3521,2,2026-01-20 11:54:24,Buy,5,3340.3,Limit
3522,1,2026-01-20 10:31:24,Sell,5,3354.6,Limit
3522,2,2026-01-20 11:12:31,Buy,2,3346.1,Limit
3522,3,2026-01-20 11:53:38,Buy,3,3336.6,Limit
3523,1,2026-01-20 10:31:24,Sell,5,3354.6,Limit
3523,2,2026-01-20 11:12:42.500000,Buy,2,3346.1,Limit
3523,3,2026-01-20 11:54:01,Buy,3,3336.6,Limit
3524,1,2026-01-20 03:23:28,Buy,5,3367.2,Market
3524,2,2026-01-20 04:19:41,Sell,5,3360.4,Stop
3525,1,2026-01-20 03:23:29,Buy,5,3367.2,Limit
3525,2,2026-01-20 04:19:38,Sell,5,3360.4,Stop
3526,1,2026-01-20 03:23:28,Buy,5,3367.2,Market
3526,2,2026-01-20 04:20:13,Sell,5,3360.4,Stop
3527,1,2026-01-20 03:23:29,Buy,5,3367.2,Limit
3527,2,2026-01-20 04:20:25,Sell,5,3360.4,Stop
3528,1,2026-01-20 03:23:28,Buy,5,3367.2,Market
3528,2,2026-01-20 04:19:34,Sell,5,3360.4,Stop
3529,1,2026-01-20 03:23:28,Buy,5,3367.2,Limit
3529,2,2026-01-20 04:20:16,Sell,5,3360.4,Stop
3530,1,2026-01-21 10:34:10,Buy,10,33.03,Market
3530,2,2026-01-21 11:06:04,Sell,10,33.67,Limit
3531,1,2026-01-21 10:34:11,Buy,10,33.03,Market
3531,2,2026-01-21 11:05:32,Sell,10,33.67,Limit
3532,1,2026-01-21 10:34:11,Buy,10,33.04,Limit
3532,2,2026-01-21 10:50:01.500000,Sell,5,33.42,Limit
3532,3,2026-01-21 11:05:52,Sell,5,33.92,Limit
3533,1,2026-01-21 10:34:11,Buy,10,33.04,Limit
3533,2,2026-01-21 11:05:32,Sell,10,33.67,Limit
3534,1,2026-01-21 03:18:35,Buy,5,3349.6,Limit
3534,2,2026-01-21 04:33:56,Sell,5,3344.0,Stop
3535,1,2026-01-21 03:18:38,Buy,5,3349.6,Market
3535,2,2026-01-21 04:34:23,Sell,5,3344.0,Stop
3536,1,2026-01-21 03:18:38,Buy,5,3349.6,Market
3536,2,2026-01-21 04:33:57,Sell,5,3344.0,Stop
3537,1,2026-01-21 03:18:36,Buy,5,3349.7,Market
3537,2,2026-01-21 04:33:37,Sell,5,3343.9,Stop
3538,1,2026-01-21 03:18:38,Buy,5,3349.6,Limit
3538,2,2026-01-21 04:34:17,Sell,5,3344.0,Stop
3539,1,2026-01-22 10:06:59,Buy,10,5848.75,Limit
3539,2,2026-01-22 10:26:48,Sell,10,5856.25,Limit
3540,1,2026-01-22 10:07:02,Buy,10,5849.0,Limit
3540,2,2026-01-22 10:16:38.500000,Sell,5,5853.25,Limit
3540,3,2026-01-22 10:26:15,Sell,5,5859.25,Limit
3541,1,2026-01-22 10:07:00,Buy,10,5848.75,Limit
3541,2,2026-01-22 10:26:38,Sell,10,5856.25,Limit
3542,1,2026-01-22 10:07:00,Buy,10,5849.0,Limit
3542,2,2026-01-22 10:16:33,Sell,5,5853.25,Limit
3542,3,2026-01-22 10:26:06,Sell,5,5858.75,Limit
3543,1,2026-01-22 10:27:10,Buy,10,33.17,Limit
3543,2,2026-01-22 11:49:38,Sell,10,32.87,Stop
3544,1,2026-01-22 10:27:13,Buy,10,33.17,Market
3544,2,2026-01-22 11:50:11,Sell,10,32.87,Stop
3545,1,2026-01-22 10:27:10,Buy,10,33.17,Limit
3545,2,2026-01-22 11:49:57,Sell,10,32.87,Stop
3546,1,2026-01-22 10:27:12,Buy,10,33.17,Market
3546,2,2026-01-22 11:50:11,Sell,10,32.87,Stop
3547,1,2026-01-22 10:27:10,Buy,10,33.18,Limit
3547,2,2026-01-22 11:49:39,Sell,10,32.87,Stop
3548,1,2026-01-22 10:27:13,Buy,10,33.17,Market
3548,2,2026-01-22 11:49:24,Sell,10,32.87,Stop
3549,1,2026-01-23 10:01:58,Sell,10,5777.5,Market
3549,2,2026-01-23 10:59:44,Buy,10,5767.25,Limit
3550,1,2026-01-23 10:02:00,Sell,10,5777.5,Market
3550,2,2026-01-23 10:30:56.500000,Buy,5,5771.25,Limit
3550,3,2026-01-23 10:59:53,Buy,5,5763.25,Limit
3551,1,2026-01-23 10:02:01,Sell,10,5777.5,Market
3551,2,2026-01-23 10:30:44,Buy,5,5771.25,Limit
3551,3,2026-01-23 10:59:27,Buy,5,5763.25,Limit
3552,1,2026-01-23 10:02:00,Sell,10,5777.5,Limit
3552,2,2026-01-23 10:30:53,Buy,5,5771.25,Limit
3552,3,2026-01-23 10:59:46,Buy,5,5763.25,Limit
3553,1,2026-01-23 10:01:58,Sell,10,5777.5,Limit
3553,2,2026-01-23 10:59:13,Buy,10,5767.25,Limit
3554,1,2026-01-26 10:35:55,Sell,6,21389.75,Market
3554,2,2026-01-26 11:13:51.500000,Buy,3,21365.5,Limit
3554,3,2026-01-26 11:51:48,Buy,3,21333.5,Limit
3555,1,2026-01-26 10:35:57,Sell,6,21389.5,Limit
3555,2,2026-01-26 11:13:30,Buy,3,21365.5,Limit
3555,3,2026-01-26 11:51:03,Buy,3,21333.5,Limit
3556,1,2026-01-26 10:35:55,Sell,6,21389.75,Market
3556,2,2026-01-26 11:13:27,Buy,3,21365.5,Limit
3556,3,2026-01-26 11:50:59,Buy,3,21333.5,Limit
3557,1,2026-01-26 10:35:56,Sell,6,21389.75,Limit
3557,2,2026-01-26 11:51:35,Buy,6,21349.5,Limit
3558,1,2026-01-26 10:35:57,Sell,6,21389.75,Market
3558,2,2026-01-26 11:51:08,Buy,6,21349.5,Limit
3559,1,2026-01-26 10:35:56,Sell,6,21389.75,Market
3559,2,2026-01-26 11:13:37,Buy,3,21365.5,Limit
3559,3,2026-01-26 11:51:18,Buy,3,21333.5,Limit
3560,1,2026-01-26 03:29:53,Buy,10,32.55,Limit
3560,2,2026-01-26 03:40:16,Sell,10,32.29,Stop
3561,1,2026-01-26 03:29:54,Buy,10,32.56,Market
3561,2,2026-01-26 03:40:49,Sell,10,32.29,Stop
3562,1,2026-01-26 03:29:56,Buy,10,32.55,Limit
3562,2,2026-01-26 03:40:47,Sell,10,32.29,Stop
3563,1,2026-01-26 03:29:55,Buy,10,32.56,Limit
3563,2,2026-01-26 03:40:49,Sell,10,32.29,Stop
3564,1,2026-01-26 03:29:53,Buy,10,32.55,Limit
3564,2,2026-01-26 03:40:11,Sell,10,32.29,Stop
3565,1,2026-01-26 03:29:56,Buy,10,32.56,Market
3565,2,2026-01-26 03:40:17,Sell,10,32.28,Stop
3566,1,2026-01-27 09:54:51,Sell,6,21114.0,Limit
3566,2,2026-01-27 10:37:58,Buy,6,21138.0,Stop
3567,1,2026-01-27 09:54:54,Sell,6,21114.0,Limit
3567,2,2026-01-27 10:37:54,Buy,6,21138.0,Stop
3568,1,2026-01-27 09:54:52,Sell,6,21113.75,Limit
3568,2,2026-01-27 10:38:14,Buy,6,21138.25,Stop
3569,1,2026-01-27 09:54:53,Sell,6,21114.0,Limit
3569,2,2026-01-27 10:38:12,Buy,6,21138.0,Stop
3570,1,2026-01-27 09:54:53,Sell,6,21114.0,Limit
3570,2,2026-01-27 10:38:04,Buy,6,21138.0,Stop
3571,1,2026-01-27 09:54:54,Sell,6,21114.0,Market
3571,2,2026-01-27 10:38:43,Buy,6,21138.0,Stop
3572,1,2026-01-27 12:23:24,Sell,10,5899.0,Limit
3572,2,2026-01-27 12:35:35,Buy,10,5895.0,Limit
3573,1,2026-01-27 12:23:25,Sell,10,5899.0,Market
3573,2,2026-01-27 12:29:47,Buy,5,5896.5,Limit
3573,3,2026-01-27 12:36:09,Buy,5,5893.5,Limit
3574,1,2026-01-27 12:23:26,Sell,10,5898.75,Market
3574,2,2026-01-27 12:36:18,Buy,10,5895.25,Limit
3575,1,2026-01-27 12:23:25,Sell,10,5899.0,Limit
3575,2,2026-01-27 12:29:26.500000,Buy,5,5896.5,Limit
3575,3,2026-01-27 12:35:28,Buy,5,5893.5,Limit
3576,1,2026-01-27 12:23:26,Sell,10,5898.75,Market
3576,2,2026-01-27 12:29:37,Buy,5,5896.5,Limit
3576,3,2026-01-27 12:35:48,Buy,5,5893.5,Limit
3577,1,2026-01-27 12:23:27,Sell,10,5899.0,Market
3577,2,2026-01-27 12:36:19,Buy,10,5895.0,Limit
3578,1,2026-01-27 03:15:04,Sell,5,3392.1,Limit
3578,2,2026-01-27 03:31:02,Buy,5,3383.1,Limit
3579,1,2026-01-27 03:15:05,Sell,5,3392.0,Market
3579,2,2026-01-27 03:30:55,Buy,5,3383.1,Limit
3580,1,2026-01-27 03:15:07,Sell,5,3392.0,Limit
3580,2,2026-01-27 03:30:59,Buy,5,3383.2,Limit
3581,1,2026-01-27 03:15:04,Sell,5,3392.0,Market
3581,2,2026-01-27 03:30:09,Buy,5,3383.2,Limit
3582,1,2026-01-28 09:47:08,Sell,10,42953.0,Market
3582,2,2026-01-28 11:05:50,Buy,10,43007.0,Stop
3583,1,2026-01-28 09:47:10,Sell,10,42953.0,Limit
3583,2,2026-01-28 11:05:58,Buy,10,43007.0,Stop
3584,1,2026-01-28 09:47:08,Sell,10,42952.0,Limit
3584,2,2026-01-28 11:06:03,Buy,10,43007.0,Stop
3585,1,2026-01-28 09:47:08,Sell,10,42953.0,Market
3585,2,2026-01-28 11:05:30,Buy,10,43007.0,Stop
3586,1,2026-01-28 09:47:11,Sell,10,42953.0,Market
3586,2,2026-01-28 11:05:50,Buy,10,43007.0,Stop
3587,1,2026-01-28 09:47:11,Sell,10,42953.0,Market
3587,2,2026-01-28 11:05:12,Buy,10,43007.0,Stop
3588,1,2026-01-28 10:20:40,Buy,5,3439.4,Market
3588,2,2026-01-28 10:50:16,Sell,5,3434.5,Stop
3589,1,2026-01-28 10:20:43,Buy,5,3439.5,Market
3589,2,2026-01-28 10:49:59,Sell,5,3434.5,Stop
3590,1,2026-01-28 10:20:42,Buy,5,3439.4,Market
3590,2,2026-01-28 10:50:19,Sell,5,3434.5,Stop
3591,1,2026-01-28 10:20:41,Buy,5,3439.4,Market
3591,2,2026-01-28 10:49:59,Sell,5,3434.5,Stop
3592,1,2026-01-28 10:20:40,Buy,5,3439.5,Market
3592,2,2026-01-28 10:50:09,Sell,5,3434.5,Stop
3593,1,2026-01-29 09:46:43,Sell,10,5827.5,Limit
3593,2,2026-01-29 10:56:30,Buy,10,5833.75,Stop
3594,1,2026-01-29 09:46:46,Sell,10,5827.5,Limit
3594,2,2026-01-29 10:56:31,Buy,10,5833.75,Stop
3595,1,2026-01-29 09:46:43,Sell,10,5827.25,Market
3595,2,2026-01-29 10:56:17,Buy,10,5833.75,Stop
3596,1,2026-01-29 09:46:43,Sell,10,5827.5,Market
3596,2,2026-01-29 10:56:10,Buy,10,5833.75,Stop
3597,1,2026-01-29 09:46:45,Sell,10,5827.5,Market
3597,2,2026-01-29 10:56:05,Buy,10,5833.75,Stop
3598,1,2026-01-29 12:24:22,Buy,10,1770.7,Market
3598,2,2026-01-29 12:30:00,Sell,10,1775.0,Limit
3599,1,2026-01-29 12:24:22,Buy,10,1770.7,Limit
3599,2,2026-01-29 12:26:56,Sell,5,1773.3,Limit
3599,3,2026-01-29 12:29:30,Sell,5,1776.7,Limit
3600,1,2026-01-29 12:24:24,Buy,10,1770.8,Market
3600,2,2026-01-29 12:27:00.500000,Sell,5,1773.3,Limit
3600,3,2026-01-29 12:29:37,Sell,5,1776.5,Limit
3601,1,2026-01-29 12:24:22,Buy,10,1770.7,Market
3601,2,2026-01-29 12:27:08,Sell,5,1773.3,Limit
3601,3,2026-01-29 12:29:54,Sell,5,1776.7,Limit
3602,1,2026-01-29 12:24:22,Buy,10,1770.7,Limit
3602,2,2026-01-29 12:27:08.500000,Sell,5,1773.3,Limit
3602,3,2026-01-29 12:29:55,Sell,5,1776.7,Limit
3603,1,2026-01-29 12:24:24,Buy,10,1770.8,Market
3603,2,2026-01-29 12:27:02,Sell,5,1773.3,Limit
3603,3,2026-01-29 12:29:40,Sell,5,1776.7,Limit
3604,1,2026-01-29 10:24:02,Sell,6,21213.5,Market
3604,2,2026-01-29 11:56:11,Buy,6,21174.0,Limit
3605,1,2026-01-29 10:24:03,Sell,6,21213.5,Limit
3605,2,2026-01-29 11:10:26,Buy,3,21189.75,Limit
3605,3,2026-01-29 11:56:49,Buy,3,21158.25,Limit
3606,1,2026-01-29 10:24:04,Sell,6,21213.5,Limit
3606,2,2026-01-29 11:10:27,Buy,3,21189.75,Limit
3606,3,2026-01-29 11:56:50,Buy,3,21158.25,Limit
3607,1,2026-01-29 10:24:02,Sell,6,21213.5,Limit
3607,2,2026-01-29 11:56:23,Buy,6,21174.0,Limit
3608,1,2026-01-29 10:24:05,Sell,6,21213.5,Limit
3608,2,2026-01-29 11:10:20.500000,Buy,3,21189.75,Limit
3608,3,2026-01-29 11:56:36,Buy,3,21158.25,Limit
3609,1,2026-01-29 10:24:02,Sell,6,21213.5,Market
3609,2,2026-01-29 11:56:07,Buy,6,21174.0,Limit
3610,1,2026-01-29 03:33:20,Buy,10,31.65,Market
3610,2,2026-01-29 04:25:31,Sell,10,31.35,Stop
3611,1,2026-01-29 03:33:20,Buy,10,31.65,Market
3611,2,2026-01-29 04:25:57,Sell,10,31.35,Stop
3612,1,2026-01-29 03:33:21,Buy,10,31.66,Limit
3612,2,2026-01-29 04:25:33,Sell,10,31.34,Stop
3613,1,2026-01-29 03:33:23,Buy,10,31.65,Limit
3613,2,2026-01-29 04:26:08,Sell,10,31.35,Stop
3614,1,2026-01-29 03:33:22,Buy,10,31.66,Limit
3614,2,2026-01-29 04:25:33,Sell,10,31.34,Stop
3615,1,2026-01-30 03:33:30,Buy,5,3434.2,Market
3615,2,2026-01-30 03:54:38,Sell,5,3427.3,Stop
3616,1,2026-01-30 03:33:30,Buy,5,3434.2,Limit
3616,2,2026-01-30 03:55:16,Sell,5,3427.3,Stop
3617,1,2026-01-30 03:33:32,Buy,5,3434.2,Market
3617,2,2026-01-30 03:55:29,Sell,5,3427.3,Stop
3618,1,2026-01-30 03:33:33,Buy,5,3434.2,Limit
3618,2,2026-01-30 03:55:21,Sell,5,3427.3,Stop
3619,1,2026-01-30 03:33:33,Buy,5,3434.2,Limit
3619,2,2026-01-30 03:54:36,Sell,5,3427.3,Stop
3620,1,2026-02-02 09:48:17,Sell,6,20810.75,Market
3620,2,2026-02-02 11:10:28,Buy,6,20770.25,Limit
3621,1,2026-02-02 09:48:17,Sell,6,20810.5,Limit
3621,2,2026-02-02 10:29:18,Buy,3,20786.5,Limit
3621,3,2026-02-02 11:10:19,Buy,3,20754.5,Limit
3622,1,2026-02-02 09:48:19,Sell,6,20810.5,Limit
3622,2,2026-02-02 11:11:00,Buy,6,20770.25,Limit
3623,1,2026-02-02 09:48:18,Sell,6,20810.75,Market
3623,2,2026-02-02 10:29:46.500000,Buy,3,20786.5,Limit
3623,3,2026-02-02 11:11:15,Buy,3,20754.0,Limit
3624,1,2026-02-02 09:48:19,Sell,6,20810.75,Limit
3624,2,2026-02-02 11:11:13,Buy,6,20770.25,Limit
3625,1,2026-02-02 09:48:19,Sell,6,20810.75,Limit
3625,2,2026-02-02 10:29:40,Buy,3,20786.5,Limit
3625,3,2026-02-02 11:11:01,Buy,3,20754.0,Limit
3626,1,2026-02-02 03:29:22,Buy,5,3495.5,Market
3626,2,2026-02-02 03:57:27,Sell,5,3490.7,Stop
3627,1,2026-02-02 03:29:24,Buy,5,3495.5,Market
3627,2,2026-02-02 03:57:53,Sell,5,3490.7,Stop
3628,1,2026-02-02 03:29:25,Buy,5,3495.6,Market
3628,2,2026-02-02 03:57:45,Sell,5,3490.6,Stop
3629,1,2026-02-02 03:29:23,Buy,5,3495.6,Market
3629,2,2026-02-02 03:58:00,Sell,5,3490.6,Stop
3630,1,2026-02-02 03:29:23,Buy,5,3495.5,Market
3630,2,2026-02-02 03:57:50,Sell,5,3490.7,Stop
3631,1,2026-02-02 03:29:25,Buy,5,3495.5,Limit
3631,2,2026-02-02 03:58:16,Sell,5,3490.7,Stop
3632,1,2026-02-03 09:58:45,Sell,10,5946.5,Market
3632,2,2026-02-03 10:33:34,Buy,10,5951.5,Stop
3633,1,2026-02-03 09:58:48,Sell,10,5946.5,Limit
3633,2,2026-02-03 10:33:43,Buy,10,5951.5,Stop
3634,1,2026-02-03 09:58:46,Sell,10,5946.25,Market
3634,2,2026-02-03 10:33:17,Buy,10,5951.5,Stop
3635,1,2026-02-03 09:58:45,Sell,10,5946.5,Limit
3635,2,2026-02-03 10:33:34,Buy,10,5951.5,Stop
3636,1,2026-02-03 09:58:48,Sell,10,5946.25,Market
3636,2,2026-02-03 10:33:08,Buy,10,5951.75,Stop
3637,1,2026-02-03 10:26:37,Sell,10,30.87,Limit
3637,2,2026-02-03 11:01:41,Buy,10,31.18,Stop
3638,1,2026-02-03 10:26:37,Sell,10,30.86,Limit
3638,2,2026-02-03 11:02:13,Buy,10,31.19,Stop
3639,1,2026-02-03 10:26:40,Sell,10,30.87,Market
3639,2,2026-02-03 11:02:28,Buy,10,31.18,Stop
3640,1,2026-02-03 10:26:40,Sell,10,30.86,Market
3640,2,2026-02-03 11:02:14,Buy,10,31.18,Stop
3641,1,2026-02-03 10:26:37,Sell,10,30.87,Market
3641,2,2026-02-03 11:02:09,Buy,10,31.18,Stop
3642,1,2026-02-03 03:34:19,Sell,10,30.47,Limit
3642,2,2026-02-03 04:05:58,Buy,10,30.79,Stop
3643,1,2026-02-03 03:34:22,Sell,10,30.47,Market
3643,2,2026-02-03 04:05:42,Buy,10,30.79,Stop
3644,1,2026-02-03 03:34:19,Sell,10,30.47,Limit
3644,2,2026-02-03 04:05:53,Buy,10,30.79,Stop
3645,1,2026-02-03 03:34:21,Sell,10,30.47,Market
3645,2,2026-02-03 04:05:53,Buy,10,30.79,Stop
3646,1,2026-02-03 03:34:21,Sell,10,30.47,Limit
3646,2,2026-02-03 04:05:53,Buy,10,30.79,Stop
3647,1,2026-02-03 03:34:19,Sell,10,30.47,Limit
3647,2,2026-02-03 04:05:37,Buy,10,30.79,Stop
3648,1,2026-02-04 10:05:44,Sell,10,41939.0,Limit
3648,2,2026-02-04 10:33:52,Buy,10,41827.0,Limit
3649,1,2026-02-04 10:05:47,Sell,10,41939.0,Market
3649,2,2026-02-04 10:20:02.500000,Buy,5,41872.0,Limit
3649,3,2026-02-04 10:34:18,Buy,5,41782.0,Limit
3650,1,2026-02-04 10:05:45,Sell,10,41938.0,Limit
3650,2,2026-02-04 10:19:49,Buy,5,41872.0,Limit
3650,3,2026-02-04 10:33:53,Buy,5,41784.0,Limit
3651,1,2026-02-04 10:05:46,Sell,10,41938.0,Limit
3651,2,2026-02-04 10:34:40,Buy,10,41827.0,Limit
3652,1,2026-02-04 12:23:36,Sell,10,5991.75,Market
3652,2,2026-02-04 12:48:54,Buy,10,5987.5,Limit
3653,1,2026-02-04 12:23:38,Sell,10,5991.75,Limit
3653,2,2026-02-04 12:49:36,Buy,10,5987.5,Limit
3654,1,2026-02-04 12:23:37,Sell,10,5991.5,Limit
3654,2,2026-02-04 12:36:32.500000,Buy,5,5989.25,Limit
3654,3,2026-02-04 12:49:28,Buy,5,5986.25,Limit
3655,1,2026-02-04 12:23:36,Sell,10,5991.75,Limit
3655,2,2026-02-04 12:36:35,Buy,5,5989.25,Limit
3655,3,2026-02-04 12:49:34,Buy,5,5985.75,Limit
3656,1,2026-02-04 12:23:39,Sell,10,5991.75,Limit
3656,2,2026-02-04 12:49:03,Buy,10,5987.5,Limit
3657,1,2026-02-04 10:32:44,Sell,6,20234.25,Market
3657,2,2026-02-04 12:06:29,Buy,6,20258.25,Stop
3658,1,2026-02-04 10:32:44,Sell,6,20234.0,Limit
3658,2,2026-02-04 12:06:12,Buy,6,20258.25,Stop
3659,1,2026-02-04 10:32:45,Sell,6,20234.25,Limit
3659,2,2026-02-04 12:06:04,Buy,6,20258.25,Stop
3660,1,2026-02-04 10:32:47,Sell,6,20234.25,Market
3660,2,2026-02-04 12:06:15,Buy,6,20258.25,Stop
3661,1,2026-02-04 10:32:45,Sell,6,20234.0,Limit
3661,2,2026-02-04 12:05:47,Buy,6,20258.25,Stop
3662,1,2026-02-04 10:32:45,Sell,6,20234.0,Limit
3662,2,2026-02-04 12:06:27,Buy,6,20258.25,Stop
3663,1,2026-02-04 03:21:10,Buy,5,3501.1,Market
3663,2,2026-02-04 04:44:26,Sell,5,3494.9,Stop
3664,1,2026-02-04 03:21:10,Buy,5,3501.2,Market
3664,2,2026-02-04 04:45:04,Sell,5,3494.9,Stop
3665,1,2026-02-04 03:21:11,Buy,5,3501.2,Market
3665,2,2026-02-04 04:45:08,Sell,5,3494.9,Stop
3666,1,2026-02-04 03:21:10,Buy,5,3501.2,Limit
3666,2,2026-02-04 04:44:30,Sell,5,3494.9,Stop
3667,1,2026-02-04 03:21:12,Buy,5,3501.1,Limit
3667,2,2026-02-04 04:45:11,Sell,5,3494.9,Stop
3668,1,2026-02-05 03:25:33,Buy,5,3541.7,Limit
3668,2,2026-02-05 04:14:07,Sell,5,3534.9,Stop
3669,1,2026-02-05 03:25:33,Buy,5,3541.7,Market
3669,2,2026-02-05 04:14:28,Sell,5,3534.9,Stop
3670,1,2026-02-05 03:25:34,Buy,5,3541.8,Limit
3670,2,2026-02-05 04:13:52,Sell,5,3534.9,Stop
3671,1,2026-02-05 03:25:34,Buy,5,3541.7,Market
3671,2,2026-02-05 04:14:32,Sell,5,3534.9,Stop
3672,1,2026-02-05 03:25:33,Buy,5,3541.8,Market
3672,2,2026-02-05 04:14:32,Sell,5,3534.8,Stop
3673,1,2026-02-05 03:25:36,Buy,5,3541.7,Limit
3673,2,2026-02-05 04:13:48,Sell,5,3534.9,Stop
3674,1,2026-02-06 03:26:59,Buy,5,3547.5,Limit
3674,2,2026-02-06 04:26:28,Sell,5,3540.9,Stop
3675,1,2026-02-06 03:27:02,Buy,5,3547.6,Limit
3675,2,2026-02-06 04:26:57,Sell,5,3540.8,Stop
3676,1,2026-02-06 03:26:59,Buy,5,3547.6,Market
3676,2,2026-02-06 04:26:32,Sell,5,3540.9,Stop
3677,1,2026-02-06 03:27:01,Buy,5,3547.6,Market
3677,2,2026-02-06 04:26:46,Sell,5,3540.9,Stop
3678,1,2026-02-09 09:50:41,Sell,6,19906.75,Market
3678,2,2026-02-09 10:56:33,Buy,6,19930.75,Stop
3679,1,2026-02-09 09:50:41,Sell,6,19906.75,Market
3679,2,2026-02-09 10:56:35,Buy,6,19930.75,Stop
3680,1,2026-02-09 09:50:41,Sell,6,19906.5,Limit
3680,2,2026-02-09 10:56:15,Buy,6,19930.75,Stop
3681,1,2026-02-09 12:13:49,Buy,10,1698.1,Limit
3681,2,2026-02-09 12:17:31.500000,Sell,5,1701.9,Limit
3681,3,2026-02-09 12:21:14,Sell,5,1707.1,Limit
3682,1,2026-02-09 12:13:49,Buy,10,1698.1,Market
3682,2,2026-02-09 12:20:55,Sell,10,1704.5,Limit
3683,1,2026-02-09 12:13:50,Buy,10,1698.2,Market
3683,2,2026-02-09 12:17:41,Sell,5,1702.0,Limit
3683,3,2026-02-09 12:21:32,Sell,5,1707.0,Limit
3684,1,2026-02-09 12:13:49,Buy,10,1698.1,Limit
3684,2,2026-02-09 12:21:40,Sell,10,1704.5,Limit
3685,1,2026-02-09 03:21:07,Sell,5,3518.2,Market
3685,2,2026-02-09 04:25:45,Buy,5,3511.0,Limit
3686,1,2026-02-09 03:21:08,Sell,5,3518.1,Limit
3686,2,2026-02-09 03:53:34.500000,Buy,2,3513.8,Limit
3686,3,2026-02-09 04:26:01,Buy,3,3509.1,Limit
3687,1,2026-02-09 03:21:09,Sell,5,3518.2,Market
3687,2,2026-02-09 03:53:17,Buy,2,3513.9,Limit
3687,3,2026-02-09 04:25:25,Buy,3,3509.1,Limit
3688,1,2026-02-09 03:21:07,Sell,5,3518.1,Market
3688,2,2026-02-09 03:53:07,Buy,2,3513.8,Limit
3688,3,2026-02-09 04:25:07,Buy,3,3509.1,Limit
3689,1,2026-02-09 03:21:07,Sell,5,3518.2,Limit
3689,2,2026-02-09 04:25:26,Buy,5,3511.0,Limit
3690,1,2026-02-10 10:05:14,Sell,6,19685.5,Market
3690,2,2026-02-10 10:21:55,Buy,6,19628.25,Limit
3691,1,2026-02-10 10:05:14,Sell,6,19685.5,Market
3691,2,2026-02-10 10:21:45,Buy,6,19628.25,Limit
3692,1,2026-02-10 10:05:15,Sell,6,19685.5,Limit
3692,2,2026-02-10 10:21:52,Buy,6,19628.25,Limit
3693,1,2026-02-10 10:05:14,Sell,6,19685.5,Limit
3693,2,2026-02-10 10:22:10,Buy,6,19628.25,Limit
3694,1,2026-02-10 10:05:15,Sell,6,19685.5,Market
3694,2,2026-02-10 10:13:23.500000,Buy,3,19651.25,Limit
3694,3,2026-02-10 10:21:32,Buy,3,19605.25,Limit
3695,1,2026-02-10 03:25:49,Buy,5,3504.1,Market
3695,2,2026-02-10 04:09:32.500000,Sell,2,3510.6,Limit
3695,3,2026-02-10 04:53:16,Sell,3,3517.9,Limit
3696,1,2026-02-10 03:25:51,Buy,5,3504.1,Market
3696,2,2026-02-10 04:53:47,Sell,5,3515.0,Limit
3697,1,2026-02-10 03:25:50,Buy,5,3504.2,Market
3697,2,2026-02-10 04:53:04,Sell,5,3514.9,Limit
3698,1,2026-02-10 03:25:50,Buy,5,3504.1,Limit
3698,2,2026-02-10 04:09:29,Sell,2,3510.6,Limit
3698,3,2026-02-10 04:53:08,Sell,3,3517.9,Limit
3699,1,2026-02-10 03:25:50,Buy,5,3504.1,Limit
3699,2,2026-02-10 04:53:17,Sell,5,3515.0,Limit
3700,1,2026-02-10 08:49:42,Sell,10,6189.75,Limit
3700,2,2026-02-10 09:08:50,Buy,10,6195.75,Stop
3701,1,2026-02-10 08:49:45,Sell,10,6189.5,Limit
3701,2,2026-02-10 09:09:01,Buy,10,6196.0,Stop
3702,1,2026-02-10 08:49:45,Sell,10,6189.5,Limit
3702,2,2026-02-10 09:09:06,Buy,10,6195.75,Stop
3703,1,2026-02-10 08:49:43,Sell,10,6189.75,Market
3703,2,2026-02-10 09:09:41,Buy,10,6195.75,Stop
3704,1,2026-02-11 12:12:39,Buy,10,1722.0,Market
3704,2,2026-02-11 12:28:10,Sell,10,1717.1,Stop
3705,1,2026-02-11 12:12:39,Buy,10,1722.0,Market
3705,2,2026-02-11 12:28:17,Sell,10,1717.1,Stop
3706,1,2026-02-11 12:12:39,Buy,10,1722.0,Limit
3706,2,2026-02-11 12:27:51,Sell,10,1717.1,Stop
3707,1,2026-02-11 12:12:41,Buy,10,1722.1,Limit
3707,2,2026-02-11 12:28:32,Sell,10,1717.0,Stop
3708,1,2026-02-11 12:12:40,Buy,10,1722.0,Market
3708,2,2026-02-11 12:28:33,Sell,10,1717.1,Stop
3709,1,2026-02-11 10:20:21,Buy,6,19812.75,Market
3709,2,2026-02-11 11:43:01,Sell,6,19849.5,Limit
3710,1,2026-02-11 10:20:22,Buy,6,19813.0,Market
3710,2,2026-02-11 11:01:43,Sell,3,19835.0,Limit
3710,3,2026-02-11 11:43:04,Sell,3,19864.0,Limit
3711,1,2026-02-11 10:20:22,Buy,6,19813.0,Market
3711,2,2026-02-11 11:43:20,Sell,6,19849.25,Limit
3712,1,2026-02-11 10:20:21,Buy,6,19812.75,Market
3712,2,2026-02-11 11:01:38.500000,Sell,3,19834.75,Limit
3712,3,2026-02-11 11:42:56,Sell,3,19864.25,Limit
3713,1,2026-02-11 10:20:21,Buy,6,19813.0,Limit
3713,2,2026-02-11 11:01:31,Sell,3,19835.0,Limit
3713,3,2026-02-11 11:42:41,Sell,3,19864.0,Limit
3714,1,2026-02-11 03:23:43,Sell,10,30.68,Market
3714,2,2026-02-11 04:48:37,Buy,10,30.9,Stop
3715,1,2026-02-11 03:23:46,Sell,10,30.68,Market
3715,2,2026-02-11 04:48:21,Buy,10,30.9,Stop
3716,1,2026-02-11 03:23:43,Sell,10,30.68,Limit
3716,2,2026-02-11 04:47:50,Buy,10,30.9,Stop
3717,1,2026-02-11 03:23:43,Sell,10,30.68,Market
3717,2,2026-02-11 04:47:45,Buy,10,30.9,Stop
3718,1,2026-02-12 10:06:52,Buy,10,41758.0,Limit
3718,2,2026-02-12 11:32:38,Sell,10,41711.0,Stop
3719,1,2026-02-12 10:06:54,Buy,10,41758.0,Limit
3719,2,2026-02-12 11:32:53,Sell,10,41711.0,Stop
3720,1,2026-02-12 10:06:52,Buy,10,41758.0,Limit
3720,2,2026-02-12 11:32:25,Sell,10,41711.0,Stop
3721,1,2026-02-12 10:06:54,Buy,10,41758.0,Limit
3721,2,2026-02-12 11:31:58,Sell,10,41711.0,Stop
3722,1,2026-02-12 10:06:53,Buy,10,41759.0,Market
3722,2,2026-02-12 11:32:06,Sell,10,41711.0,Stop
3723,1,2026-02-12 03:31:40,Sell,5,3465.4,Market
3723,2,2026-02-12 04:44:17,Buy,5,3472.1,Stop
3724,1,2026-02-12 03:31:43,Sell,5,3465.3,Market
3724,2,2026-02-12 04:44:27,Buy,5,3472.1,Stop
3725,1,2026-02-12 03:31:40,Sell,5,3465.4,Limit
3725,2,2026-02-12 04:43:40,Buy,5,3472.1,Stop
3726,1,2026-02-12 03:31:43,Sell,5,3465.3,Market
3726,2,2026-02-12 04:44:38,Buy,5,3472.2,Stop
3727,1,2026-02-12 03:31:40,Sell,5,3465.4,Market
3727,2,2026-02-12 04:44:08,Buy,5,3472.1,Stop
3728,1,2026-02-12 03:31:41,Sell,5,3465.3,Market
3728,2,2026-02-12 04:43:44,Buy,5,3472.1,Stop
3729,1,2026-02-13 12:27:46,Buy,10,6188.25,Market
3729,2,2026-02-13 12:38:44.500000,Sell,5,6190.75,Limit
3729,3,2026-02-13 12:49:43,Sell,5,6194.25,Limit
3730,1,2026-02-13 12:27:49,Buy,10,6188.25,Market
3730,2,2026-02-13 12:38:21.500000,Sell,5,6190.75,Limit
3730,3,2026-02-13 12:48:54,Sell,5,6194.25,Limit
3731,1,2026-02-13 12:27:49,Buy,10,6188.5,Market
3731,2,2026-02-13 12:49:42,Sell,10,6192.5,Limit
3732,1,2026-02-13 12:27:46,Buy,10,6188.25,Market
3732,2,2026-02-13 12:38:27,Sell,5,6190.75,Limit
3732,3,2026-02-13 12:49:08,Sell,5,6194.25,Limit
3733,1,2026-02-13 12:27:47,Buy,10,6188.5,Market
3733,2,2026-02-13 12:49:10,Sell,10,6192.25,Limit
3734,1,2026-02-13 12:27:49,Buy,10,6188.5,Limit
3734,2,2026-02-13 12:49:04,Sell,10,6192.25,Limit
3735,1,2026-02-13 10:30:09,Sell,5,3477.2,Limit
3735,2,2026-02-13 10:53:42,Buy,5,3461.0,Limit
3736,1,2026-02-13 10:30:09,Sell,5,3477.2,Market
3736,2,2026-02-13 10:41:59,Buy,2,3467.5,Limit
3736,3,2026-02-13 10:53:49,Buy,3,3456.7,Limit
3737,1,2026-02-13 10:30:12,Sell,5,3477.2,Limit
3737,2,2026-02-13 10:53:22,Buy,5,3461.0,Limit
3738,1,2026-02-13 10:30:09,Sell,5,3477.1,Limit
3738,2,2026-02-13 10:53:33,Buy,5,3461.1,Limit
3739,1,2026-02-13 10:30:11,Sell,5,3477.2,Market
3739,2,2026-02-13 10:53:31,Buy,5,3461.0,Limit
3740,1,2026-02-13 10:30:12,Sell,5,3477.2,Market
3740,2,2026-02-13 10:53:46,Buy,5,3461.0,Limit
3741,1,2026-02-16 09:59:18,Buy,10,6200.75,Limit
3741,2,2026-02-16 11:00:39,Sell,10,6194.5,Stop
3742,1,2026-02-16 09:59:20,Buy,10,6200.75,Market
3742,2,2026-02-16 11:00:55,Sell,10,6194.5,Stop
3743,1,2026-02-16 09:59:20,Buy,10,6200.75,Market
3743,2,2026-02-16 11:00:22,Sell,10,6194.5,Stop
3744,1,2026-02-16 09:59:19,Buy,10,6200.75,Market
3744,2,2026-02-16 11:00:24,Sell,10,6194.5,Stop
3745,1,2026-02-16 09:59:20,Buy,10,6201.0,Limit
3745,2,2026-02-16 11:01:05,Sell,10,6194.25,Stop
3746,1,2026-02-16 09:59:21,Buy,10,6200.75,Market
3746,2,2026-02-16 11:00:38,Sell,10,6194.5,Stop
3747,1,2026-02-16 12:12:09,Buy,10,6231.75,Market
3747,2,2026-02-16 12:16:31,Sell,10,6236.5,Limit
3748,1,2026-02-16 12:12:09,Buy,10,6231.75,Market
3748,2,2026-02-16 12:14:17,Sell,5,6234.5,Limit
3748,3,2026-02-16 12:16:25,Sell,5,6238.5,Limit
3749,1,2026-02-16 12:12:11,Buy,10,6231.75,Market
3749,2,2026-02-16 12:14:36,Sell,5,6234.5,Limit
3749,3,2026-02-16 12:17:01,Sell,5,6238.5,Limit
3750,1,2026-02-16 12:12:10,Buy,10,6231.75,Market
3750,2,2026-02-16 12:16:42,Sell,10,6236.5,Limit
3751,1,2026-02-16 12:12:10,Buy,10,6231.75,Limit
3751,2,2026-02-16 12:14:33.500000,Sell,5,6234.5,Limit
3751,3,2026-02-16 12:16:57,Sell,5,6238.5,Limit
3752,1,2026-02-16 12:12:12,Buy,10,6232.0,Limit
3752,2,2026-02-16 12:16:45,Sell,10,6236.25,Limit
3753,1,2026-02-16 10:24:16,Buy,10,31.38,Market
3753,2,2026-02-16 10:45:01,Sell,10,31.12,Stop
3754,1,2026-02-16 10:24:18,Buy,10,31.39,Limit
3754,2,2026-02-16 10:45:08,Sell,10,31.11,Stop
3755,1,2026-02-16 10:24:17,Buy,10,31.39,Limit
3755,2,2026-02-16 10:44:25,Sell,10,31.12,Stop
3756,1,2026-02-16 10:24:19,Buy,10,31.38,Market
3756,2,2026-02-16 10:45:01,Sell,10,31.12,Stop
3757,1,2026-02-16 10:24:17,Buy,10,31.38,Market
3757,2,2026-02-16 10:45:08,Sell,10,31.12,Stop
3758,1,2026-02-16 03:21:02,Buy,5,3510.5,Limit
3758,2,2026-02-16 04:44:13,Sell,5,3504.4,Stop
3759,1,2026-02-16 03:21:05,Buy,5,3510.6,Market
3759,2,2026-02-16 04:44:32,Sell,5,3504.4,Stop
3760,1,2026-02-16 03:21:05,Buy,5,3510.5,Market
3760,2,2026-02-16 04:44:05,Sell,5,3504.4,Stop
3761,1,2026-02-16 03:21:03,Buy,5,3510.6,Limit
3761,2,2026-02-16 04:44:15,Sell,5,3504.3,Stop
3762,1,2026-02-16 03:21:03,Buy,5,3510.6,Limit
3762,2,2026-02-16 04:44:14,Sell,5,3504.4,Stop
3763,1,2026-02-16 03:21:05,Buy,5,3510.6,Market
3763,2,2026-02-16 04:44:59,Sell,5,3504.4,Stop
3764,1,2026-02-17 03:33:31,Sell,10,31.47,Limit
3764,2,2026-02-17 03:46:08,Buy,5,31.15,Limit
3764,3,2026-02-17 03:58:45,Buy,5,30.71,Limit
3765,1,2026-02-17 03:33:33,Sell,10,31.47,Market
3765,2,2026-02-17 03:46:20.500000,Buy,5,31.15,Limit
3765,3,2026-02-17 03:59:08,Buy,5,30.71,Limit
3766,1,2026-02-17 03:33:34,Sell,10,31.47,Market
3766,2,2026-02-17 03:46:32.500000,Buy,5,31.15,Limit
3766,3,2026-02-17 03:59:31,Buy,5,30.71,Limit
3767,1,2026-02-17 03:33:32,Sell,10,31.46,Limit
3767,2,2026-02-17 03:58:40,Buy,10,30.93,Limit
3768,1,2026-02-17 03:33:34,Sell,10,31.47,Limit
3768,2,2026-02-17 03:59:21,Buy,10,30.93,Limit
3769,1,2026-02-17 03:33:31,Sell,10,31.47,Limit
3769,2,2026-02-17 03:59:06,Buy,10,30.93,Limit
3770,1,2026-02-18 12:17:22,Sell,10,1696.2,Market
3770,2,2026-02-18 12:20:50.500000,Buy,5,1691.8,Limit
3770,3,2026-02-18 12:24:19,Buy,5,1685.8,Limit
3771,1,2026-02-18 12:17:25,Sell,10,1696.2,Limit
3771,2,2026-02-18 12:23:59,Buy,10,1688.8,Limit
3772,1,2026-02-18 12:17:25,Sell,10,1696.1,Market
3772,2,2026-02-18 12:20:30.500000,Buy,5,1691.8,Limit
3772,3,2026-02-18 12:23:36,Buy,5,1686.0,Limit
3773,1,2026-02-18 12:17:22,Sell,10,1696.2,Limit
3773,2,2026-02-18 12:20:37.500000,Buy,5,1691.8,Limit
3773,3,2026-02-18 12:23:53,Buy,5,1685.8,Limit
3774,1,2026-02-18 12:17:24,Sell,10,1696.2,Limit
3774,2,2026-02-18 12:20:32.500000,Buy,5,1691.8,Limit
3774,3,2026-02-18 12:23:41,Buy,5,1685.8,Limit
3775,1,2026-02-18 12:17:25,Sell,10,1696.1,Limit
3775,2,2026-02-18 12:20:47.500000,Buy,5,1691.7,Limit
3775,3,2026-02-18 12:24:10,Buy,5,1685.9,Limit
3776,1,2026-02-18 10:21:46,Sell,6,19671.0,Market
3776,2,2026-02-18 10:54:31.500000,Buy,3,19638.25,Limit
3776,3,2026-02-18 11:27:17,Buy,3,19594.25,Limit
3777,1,2026-02-18 10:21:48,Sell,6,19670.75,Market
3777,2,2026-02-18 10:54:44,Buy,3,19638.0,Limit
3777,3,2026-02-18 11:27:40,Buy,3,19594.5,Limit
3778,1,2026-02-18 10:21:46,Sell,6,19670.75,Limit
3778,2,2026-02-18 11:27:25,Buy,6,19616.5,Limit
3779,1,2026-02-18 10:21:48,Sell,6,19671.0,Market
3779,2,2026-02-18 10:54:19,Buy,3,19638.25,Limit
3779,3,2026-02-18 11:26:50,Buy,3,19594.25,Limit
3780,1,2026-02-18 10:21:47,Sell,6,19670.75,Market
3780,2,2026-02-18 11:27:00,Buy,6,19616.5,Limit
3781,1,2026-02-18 03:17:50,Buy,10,31.15,Market
3781,2,2026-02-18 04:22:37,Sell,10,30.9,Stop
3782,1,2026-02-18 03:17:52,Buy,10,31.16,Limit
3782,2,2026-02-18 04:22:08,Sell,10,30.89,Stop
3783,1,2026-02-18 03:17:50,Buy,10,31.15,Market
3783,2,2026-02-18 04:22:25,Sell,10,30.9,Stop
3784,1,2026-02-18 03:17:51,Buy,10,31.16,Limit
3784,2,2026-02-18 04:21:57,Sell,10,30.89,Stop
3785,1,2026-02-18 03:17:50,Buy,10,31.15,Market
3785,2,2026-02-18 04:22:45,Sell,10,30.9,Stop
3786,1,2026-02-18 03:17:52,Buy,10,31.16,Market
3786,2,2026-02-18 04:22:50,Sell,10,30.9,Stop
3787,1,2026-02-19 12:21:49,Sell,10,1695.3,Limit
3787,2,2026-02-19 12:37:56,Buy,10,1702.2,Stop
3788,1,2026-02-19 12:21:49,Sell,10,1695.3,Limit
3788,2,2026-02-19 12:38:46,Buy,10,1702.2,Stop
3789,1,2026-02-19 12:21:52,Sell,10,1695.3,Limit
3789,2,2026-02-19 12:38:32,Buy,10,1702.2,Stop
3790,1,2026-02-19 12:21:51,Sell,10,1695.3,Limit
3790,2,2026-02-19 12:38:26,Buy,10,1702.2,Stop
3791,1,2026-02-19 12:21:50,Sell,10,1695.3,Market
3791,2,2026-02-19 12:38:27,Buy,10,1702.2,Stop
3792,1,2026-02-19 12:21:49,Sell,10,1695.3,Limit
3792,2,2026-02-19 12:37:52,Buy,10,1702.2,Stop
3793,1,2026-02-19 10:20:51,Buy,5,3469.8,Limit
3793,2,2026-02-19 10:33:09,Sell,5,3464.7,Stop
3794,1,2026-02-19 10:20:53,Buy,5,3469.8,Market
3794,2,2026-02-19 10:33:27,Sell,5,3464.7,Stop
3795,1,2026-02-19 10:20:54,Buy,5,3469.9,Limit
3795,2,2026-02-19 10:33:31,Sell,5,3464.6,Stop
3796,1,2026-02-19 10:20:54,Buy,5,3469.8,Market
3796,2,2026-02-19 10:33:40,Sell,5,3464.7,Stop
3797,1,2026-02-19 10:20:53,Buy,5,3469.8,Market
3797,2,2026-02-19 10:33:19,Sell,5,3464.7,Stop
3798,1,2026-02-19 10:20:51,Buy,5,3469.8,Limit
3798,2,2026-02-19 10:32:56,Sell,5,3464.7,Stop
3799,1,2026-02-19 03:26:56,Buy,10,31.64,Market
3799,2,2026-02-19 03:58:30,Sell,10,31.32,Stop
3800,1,2026-02-19 03:26:59,Buy,10,31.64,Limit
3800,2,2026-02-19 03:58:31,Sell,10,31.32,Stop
3801,1,2026-02-19 03:26:58,Buy,10,31.64,Limit
3801,2,2026-02-19 03:58:38,Sell,10,31.32,Stop
3802,1,2026-02-19 03:26:56,Buy,10,31.65,Market
3802,2,2026-02-19 03:58:37,Sell,10,31.31,Stop
3803,1,2026-02-19 03:26:58,Buy,10,31.64,Market
3803,2,2026-02-19 03:58:34,Sell,10,31.32,Stop
3804,1,2026-02-19 03:26:57,Buy,10,31.64,Limit
3804,2,2026-02-19 03:58:55,Sell,10,31.32,Stop
3805,1,2026-02-20 10:32:30,Sell,5,3478.7,Market
3805,2,2026-02-20 10:43:03,Buy,2,3474.0,Limit
3805,3,2026-02-20 10:53:36,Buy,3,3468.8,Limit
3806,1,2026-02-20 10:32:30,Sell,5,3478.7,Market
3806,2,2026-02-20 10:54:08,Buy,5,3470.9,Limit
3807,1,2026-02-20 10:32:31,Sell,5,3478.7,Market
3807,2,2026-02-20 10:43:07.500000,Buy,2,3474.0,Limit
3807,3,2026-02-20 10:53:44,Buy,3,3468.8,Limit
3808,1,2026-02-20 10:32:32,Sell,5,3478.7,Limit
3808,2,2026-02-20 10:54:10,Buy,5,3470.9,Limit
3809,1,2026-02-20 10:32:30,Sell,5,3478.7,Limit
3809,2,2026-02-20 10:53:59,Buy,5,3470.9,Limit
3810,1,2026-02-23 09:46:23,Sell,10,43169.0,Market
3810,2,2026-02-23 10:02:56,Buy,10,43232.0,Stop
3811,1,2026-02-23 09:46:23,Sell,10,43168.0,Market
3811,2,2026-02-23 10:03:19,Buy,10,43233.0,Stop
3812,1,2026-02-23 09:46:25,Sell,10,43169.0,Market
3812,2,2026-02-23 10:02:38,Buy,10,43232.0,Stop
3813,1,2026-02-23 09:46:24,Sell,10,43169.0,Market
3813,2,2026-02-23 10:03:06,Buy,10,43232.0,Stop
3814,1,2026-02-23 09:46:25,Sell,10,43169.0,Limit
3814,2,2026-02-23 10:03:22,Buy,10,43232.0,Stop
3815,1,2026-02-23 12:16:23,Sell,10,6113.25,Limit
3815,2,2026-02-23 12:27:29,Buy,10,6118.75,Stop
3816,1,2026-02-23 12:16:24,Sell,10,6113.0,Limit
3816,2,2026-02-23 12:28:06,Buy,10,6119.0,Stop
3817,1,2026-02-23 12:16:23,Sell,10,6113.25,Limit
3817,2,2026-02-23 12:27:36,Buy,10,6118.75,Stop
3818,1,2026-02-23 12:16:25,Sell,10,6113.0,Market
3818,2,2026-02-23 12:27:30,Buy,10,6119.0,Stop
3819,1,2026-02-23 12:16:26,Sell,10,6113.25,Limit
3819,2,2026-02-23 12:28:14,Buy,10,6118.75,Stop
3820,1,2026-02-23 10:29:32,Buy,10,31.53,Market
3820,2,2026-02-23 10:58:16,Sell,10,31.16,Stop
3821,1,2026-02-23 10:29:34,Buy,10,31.53,Market
3821,2,2026-02-23 10:58:09,Sell,10,31.16,Stop
3822,1,2026-02-23 10:29:33,Buy,10,31.53,Limit
3822,2,2026-02-23 10:58:17,Sell,10,31.16,Stop
3823,1,2026-02-23 10:29:34,Buy,10,31.53,Limit
3823,2,2026-02-23 10:57:47,Sell,10,31.16,Stop
3824,1,2026-02-23 10:29:33,Buy,10,31.54,Market
3824,2,2026-02-23 10:58:28,Sell,10,31.15,Stop
3825,1,2026-02-23 10:29:33,Buy,10,31.53,Limit
3825,2,2026-02-23 10:57:33,Sell,10,31.16,Stop
3826,1,2026-02-24 09:49:09,Buy,10,6182.25,Limit
3826,2,2026-02-24 10:10:48,Sell,10,6175.5,Stop
3827,1,2026-02-24 09:49:10,Buy,10,6182.25,Limit
3827,2,2026-02-24 10:10:55,Sell,10,6175.5,Stop
3828,1,2026-02-24 09:49:12,Buy,10,6182.25,Limit
3828,2,2026-02-24 10:10:54,Sell,10,6175.5,Stop
3829,1,2026-02-24 09:49:11,Buy,10,6182.25,Market
3829,2,2026-02-24 10:10:29,Sell,10,6175.5,Stop
3830,1,2026-02-24 12:19:18,Buy,10,1732.6,Limit
3830,2,2026-02-24 12:31:20,Sell,10,1738.3,Limit
3831,1,2026-02-24 12:19:18,Buy,10,1732.7,Limit
3831,2,2026-02-24 12:31:49,Sell,10,1738.3,Limit
3832,1,2026-02-24 12:19:18,Buy,10,1732.6,Limit
3832,2,2026-02-24 12:31:25,Sell,10,1738.3,Limit
3833,1,2026-02-24 12:19:21,Buy,10,1732.6,Market
3833,2,2026-02-24 12:31:49,Sell,10,1738.3,Limit
3834,1,2026-02-24 12:19:21,Buy,10,1732.6,Market
3834,2,2026-02-24 12:25:41.500000,Sell,5,1736.0,Limit
3834,3,2026-02-24 12:32:02,Sell,5,1740.6,Limit
3835,1,2026-02-24 10:26:38,Sell,5,3473.3,Market
3835,2,2026-02-24 10:41:57.500000,Buy,2,3465.9,Limit
3835,3,2026-02-24 10:57:17,Buy,3,3457.6,Limit
3836,1,2026-02-24 10:26:39,Sell,5,3473.3,Limit
3836,2,2026-02-24 10:57:29,Buy,5,3460.9,Limit
3837,1,2026-02-24 10:26:41,Sell,5,3473.2,Market
3837,2,2026-02-24 10:41:41.500000,Buy,2,3465.9,Limit
3837,3,2026-02-24 10:56:42,Buy,3,3457.7,Limit
3838,1,2026-02-24 10:26:38,Sell,5,3473.3,Limit
3838,2,2026-02-24 10:42:01.500000,Buy,2,3465.9,Limit
3838,3,2026-02-24 10:57:25,Buy,3,3457.6,Limit
3839,1,2026-02-25 09:48:46,Buy,10,6199.75,Market
3839,2,2026-02-25 11:18:10,Sell,10,6194.25,Stop
3840,1,2026-02-25 09:48:49,Buy,10,6199.75,Limit
3840,2,2026-02-25 11:18:04,Sell,10,6194.25,Stop
3841,1,2026-02-25 09:48:47,Buy,10,6200.0,Limit
3841,2,2026-02-25 11:18:35,Sell,10,6194.0,Stop
3842,1,2026-02-25 09:48:46,Buy,10,6199.75,Limit
3842,2,2026-02-25 11:18:42,Sell,10,6194.25,Stop
3843,1,2026-02-25 09:48:48,Buy,10,6199.75,Limit
3843,2,2026-02-25 11:18:23,Sell,10,6194.25,Stop
3844,1,2026-02-25 09:48:48,Buy,10,6200.0,Market
3844,2,2026-02-25 11:18:39,Sell,10,6194.25,Stop
3845,1,2026-02-25 12:17:18,Buy,10,6181.75,Limit
3845,2,2026-02-25 12:21:26,Sell,5,6184.5,Limit
3845,3,2026-02-25 12:25:34,Sell,5,6188.0,Limit
3846,1,2026-02-25 12:17:19,Buy,10,6181.75,Limit
3846,2,2026-02-25 12:25:52,Sell,10,6186.25,Limit
3847,1,2026-02-25 12:17:20,Buy,10,6182.0,Market
3847,2,2026-02-25 12:21:44,Sell,5,6184.5,Limit
3847,3,2026-02-25 12:26:08,Sell,5,6187.5,Limit
3848,1,2026-02-25 12:17:20,Buy,10,6181.75,Market
3848,2,2026-02-25 12:21:29.500000,Sell,5,6184.5,Limit
3848,3,2026-02-25 12:25:39,Sell,5,6188.0,Limit
3849,1,2026-02-25 12:17:20,Buy,10,6181.75,Limit
3849,2,2026-02-25 12:26:16,Sell,10,6186.25,Limit
3850,1,2026-02-26 09:48:42,Sell,10,6218.0,Limit
3850,2,2026-02-26 09:57:06,Buy,10,6224.25,Stop
3851,1,2026-02-26 09:48:44,Sell,10,6218.0,Market
3851,2,2026-02-26 09:57:11,Buy,10,6224.25,Stop
3852,1,2026-02-26 09:48:44,Sell,10,6217.75,Limit
3852,2,2026-02-26 09:57:29,Buy,10,6224.5,Stop
3853,1,2026-02-26 09:48:45,Sell,10,6218.0,Limit
3853,2,2026-02-26 09:56:47,Buy,10,6224.25,Stop
3854,1,2026-02-26 09:48:42,Sell,10,6218.0,Limit
3854,2,2026-02-26 09:57:11,Buy,10,6224.25,Stop
3855,1,2026-02-26 09:48:45,Sell,10,6218.0,Limit
3855,2,2026-02-26 09:57:05,Buy,10,6224.25,Stop
3856,1,2026-02-26 10:24:01,Sell,6,19659.5,Limit
3856,2,2026-02-26 10:45:02,Buy,6,19678.75,Stop
3857,1,2026-02-26 10:24:01,Sell,6,19659.25,Market
3857,2,2026-02-26 10:46:00,Buy,6,19679.0,Stop
3858,1,2026-02-26 10:24:04,Sell,6,19659.25,Limit
3858,2,2026-02-26 10:45:43,Buy,6,19679.0,Stop
3859,1,2026-02-26 10:24:04,Sell,6,19659.5,Limit
3859,2,2026-02-26 10:45:32,Buy,6,19678.75,Stop
3860,1,2026-02-26 10:24:02,Sell,6,19659.5,Limit
3860,2,2026-02-26 10:45:11,Buy,6,19678.75,Stop
3861,1,2026-02-26 03:15:58,Sell,10,33.07,Market
3861,2,2026-02-26 03:27:47,Buy,10,32.72,Limit
3862,1,2026-02-26 03:15:58,Sell,10,33.07,Limit
3862,2,2026-02-26 03:21:37,Buy,5,32.86,Limit
3862,3,2026-02-26 03:27:16,Buy,5,32.58,Limit
3863,1,2026-02-26 03:16:00,Sell,10,33.07,Limit
3863,2,2026-02-26 03:27:18,Buy,10,32.72,Limit
3864,1,2026-02-26 03:16:01,Sell,10,33.07,Limit
3864,2,2026-02-26 03:27:08,Buy,10,32.72,Limit
3865,1,2026-02-26 03:16:00,Sell,10,33.07,Limit
3865,2,2026-02-26 03:27:29,Buy,10,32.72,Limit
3866,1,2026-02-27 09:53:55,Buy,10,41986.0,Limit
3866,2,2026-02-27 10:39:18,Sell,5,42056.0,Limit
3866,3,2026-02-27 11:24:41,Sell,5,42148.0,Limit
3867,1,2026-02-27 09:53:56,Buy,10,41986.0,Market
3867,2,2026-02-27 10:39:16.500000,Sell,5,42056.0,Limit
3867,3,2026-02-27 11:24:37,Sell,5,42148.0,Limit
3868,1,2026-02-27 09:53:56,Buy,10,41986.0,Limit
3868,2,2026-02-27 11:24:55,Sell,10,42102.0,Limit
3869,1,2026-02-27 09:53:56,Buy,10,41986.0,Market
3869,2,2026-02-27 11:24:18,Sell,10,42102.0,Limit
3870,1,2026-02-27 09:53:57,Buy,10,41987.0,Market
3870,2,2026-02-27 11:24:08,Sell,10,42102.0,Limit
3871,1,2026-02-27 09:53:56,Buy,10,41986.0,Market
3871,2,2026-02-27 10:39:02.500000,Sell,5,42056.0,Limit
3871,3,2026-02-27 11:24:09,Sell,5,42148.0,Limit
3872,1,2026-03-02 10:05:46,Buy,10,6396.5,Market
3872,2,2026-03-02 11:07:52,Sell,10,6391.5,Stop
3873,1,2026-03-02 10:05:46,Buy,10,6396.5,Limit
3873,2,2026-03-02 11:08:22,Sell,10,6391.5,Stop
3874,1,2026-03-02 10:05:48,Buy,10,6396.5,Limit
3874,2,2026-03-02 11:08:41,Sell,10,6391.5,Stop
3875,1,2026-03-02 10:05:46,Buy,10,6396.5,Market
3875,2,2026-03-02 11:08:24,Sell,10,6391.5,Stop
3876,1,2026-03-02 10:05:46,Buy,10,6396.5,Market
3876,2,2026-03-02 11:08:28,Sell,10,6391.5,Stop
3877,1,2026-03-02 12:30:46,Buy,10,1674.9,Limit
3877,2,2026-03-02 12:47:34,Sell,10,1681.4,Limit
3878,1,2026-03-02 12:30:48,Buy,10,1674.9,Market
3878,2,2026-03-02 12:46:48,Sell,10,1681.4,Limit
3879,1,2026-03-02 12:30:47,Buy,10,1674.9,Limit
3879,2,2026-03-02 12:47:13,Sell,10,1681.4,Limit
3880,1,2026-03-02 12:30:48,Buy,10,1674.9,Market
3880,2,2026-03-02 12:38:59.500000,Sell,5,1678.8,Limit
3880,3,2026-03-02 12:47:11,Sell,5,1684.0,Limit
3881,1,2026-03-02 12:30:46,Buy,10,1675.0,Limit
3881,2,2026-03-02 12:38:54,Sell,5,1678.8,Limit
3881,3,2026-03-02 12:47:02,Sell,5,1684.0,Limit
3882,1,2026-03-02 12:30:47,Buy,10,1675.0,Limit
3882,2,2026-03-02 12:39:15,Sell,5,1678.8,Limit
3882,3,2026-03-02 12:47:43,Sell,5,1684.0,Limit
3883,1,2026-03-03 12:17:26,Sell,10,1672.0,Market
3883,2,2026-03-03 12:29:41.500000,Buy,5,1669.2,Limit
3883,3,2026-03-03 12:41:57,Buy,5,1665.4,Limit
3884,1,2026-03-03 12:17:28,Sell,10,1672.0,Limit
3884,2,2026-03-03 12:29:42.500000,Buy,5,1669.2,Limit
3884,3,2026-03-03 12:41:57,Buy,5,1665.4,Limit
3885,1,2026-03-03 12:17:28,Sell,10,1671.9,Limit
3885,2,2026-03-03 12:42:06,Buy,10,1667.3,Limit
3886,1,2026-03-03 12:17:29,Sell,10,1671.9,Limit
3886,2,2026-03-03 12:29:41.500000,Buy,5,1669.2,Limit
3886,3,2026-03-03 12:41:54,Buy,5,1665.6,Limit
3887,1,2026-03-03 12:17:26,Sell,10,1672.0,Market
3887,2,2026-03-03 12:29:40.500000,Buy,5,1669.2,Limit
3887,3,2026-03-03 12:41:55,Buy,5,1665.4,Limit
3888,1,2026-03-03 12:17:27,Sell,10,1672.0,Limit
3888,2,2026-03-03 12:42:04,Buy,10,1667.3,Limit
3889,1,2026-03-03 10:26:54,Buy,6,20743.0,Limit
3889,2,2026-03-03 11:11:20,Sell,6,20720.75,Stop
3890,1,2026-03-03 10:26:54,Buy,6,20743.25,Market
3890,2,2026-03-03 11:11:28,Sell,6,20720.75,Stop
3891,1,2026-03-03 10:26:55,Buy,6,20743.25,Limit
3891,2,2026-03-03 11:11:32,Sell,6,20720.75,Stop
3892,1,2026-03-03 10:26:57,Buy,6,20743.25,Limit
3892,2,2026-03-03 11:11:04,Sell,6,20720.5,Stop
3893,1,2026-03-03 10:26:54,Buy,6,20743.25,Market
3893,2,2026-03-03 11:11:38,Sell,6,20720.5,Stop
3894,1,2026-03-03 03:21:08,Sell,5,3555.0,Limit
3894,2,2026-03-03 04:32:24,Buy,5,3561.4,Stop
3895,1,2026-03-03 03:21:09,Sell,5,3555.0,Market
3895,2,2026-03-03 04:32:34,Buy,5,3561.4,Stop
3896,1,2026-03-03 03:21:08,Sell,5,3555.0,Limit
3896,2,2026-03-03 04:32:27,Buy,5,3561.4,Stop
3897,1,2026-03-03 03:21:09,Sell,5,3555.0,Limit
3897,2,2026-03-03 04:32:27,Buy,5,3561.4,Stop
3898,1,2026-03-03 03:21:10,Sell,5,3555.0,Market
3898,2,2026-03-03 04:32:50,Buy,5,3561.4,Stop
3899,1,2026-03-03 03:21:08,Sell,5,3555.0,Market
3899,2,2026-03-03 04:33:05,Buy,5,3561.4,Stop
3900,1,2026-03-04 10:40:31,Sell,6,21219.75,Market
3900,2,2026-03-04 11:04:59,Buy,6,21247.25,Stop
3901,1,2026-03-04 10:40:31,Sell,6,21219.75,Limit
3901,2,2026-03-04 11:05:23,Buy,6,21247.25,Stop
3902,1,2026-03-04 10:40:32,Sell,6,21219.75,Limit
3902,2,2026-03-04 11:04:41,Buy,6,21247.25,Stop
3903,1,2026-03-04 10:40:34,Sell,6,21219.75,Market
3903,2,2026-03-04 11:04:40,Buy,6,21247.25,Stop
3904,1,2026-03-04 10:40:34,Sell,6,21219.75,Market
3904,2,2026-03-04 11:05:11,Buy,6,21247.25,Stop
3905,1,2026-03-04 10:40:31,Sell,6,21219.5,Limit
3905,2,2026-03-04 11:05:30,Buy,6,21247.5,Stop
3906,1,2026-03-04 03:30:03,Buy,10,32.94,Market
3906,2,2026-03-04 04:35:02,Sell,10,32.7,Stop
3907,1,2026-03-04 03:30:03,Buy,10,32.95,Limit
3907,2,2026-03-04 04:34:33,Sell,10,32.7,Stop
3908,1,2026-03-04 03:30:06,Buy,10,32.95,Market
3908,2,2026-03-04 04:34:29,Sell,10,32.7,Stop
3909,1,2026-03-04 03:30:04,Buy,10,32.94,Limit
3909,2,2026-03-04 04:34:12,Sell,10,32.7,Stop
3910,1,2026-03-04 03:30:04,Buy,10,32.95,Limit
3910,2,2026-03-04 04:34:57,Sell,10,32.69,Stop
3911,1,2026-03-04 03:30:06,Buy,10,32.95,Limit
3911,2,2026-03-04 04:34:28,Sell,10,32.69,Stop
3912,1,2026-03-05 10:06:34,Sell,10,6343.5,Market
3912,2,2026-03-05 11:37:03,Buy,10,6350.0,Stop
3913,1,2026-03-05 10:06:34,Sell,10,6343.5,Limit
3913,2,2026-03-05 11:37:28,Buy,10,6350.0,Stop
3914,1,2026-03-05 10:06:34,Sell,10,6343.25,Limit
3914,2,2026-03-05 11:37:31,Buy,10,6350.25,Stop
3915,1,2026-03-05 10:06:34,Sell,10,6343.25,Market
3915,2,2026-03-05 11:36:36,Buy,10,6350.25,Stop
3916,1,2026-03-05 10:06:36,Sell,10,6343.5,Market
3916,2,2026-03-05 11:37:30,Buy,10,6350.0,Stop
3917,1,2026-03-05 10:32:36,Sell,6,21353.25,Limit
3917,2,2026-03-05 11:43:20,Buy,6,21374.25,Stop
3918,1,2026-03-05 10:32:38,Sell,6,21353.0,Limit
3918,2,2026-03-05 11:42:46,Buy,6,21374.25,Stop
3919,1,2026-03-05 10:32:36,Sell,6,21353.25,Market
3919,2,2026-03-05 11:43:25,Buy,6,21374.25,Stop
3920,1,2026-03-05 10:32:38,Sell,6,21353.25,Limit
3920,2,2026-03-05 11:43:03,Buy,6,21374.25,Stop
3921,1,2026-03-05 10:32:37,Sell,6,21353.0,Limit
3921,2,2026-03-05 11:43:17,Buy,6,21374.5,Stop
3922,1,2026-03-05 03:16:54,Sell,10,31.95,Limit
3922,2,2026-03-05 03:32:14,Buy,10,32.27,Stop
3923,1,2026-03-05 03:16:56,Sell,10,31.95,Limit
3923,2,2026-03-05 03:32:41,Buy,10,32.27,Stop
3924,1,2026-03-05 03:16:56,Sell,10,31.95,Market
3924,2,2026-03-05 03:32:54,Buy,10,32.27,Stop
3925,1,2026-03-05 03:16:54,Sell,10,31.94,Limit
3925,2,2026-03-05 03:31:56,Buy,10,32.27,Stop
3926,1,2026-03-05 03:16:55,Sell,10,31.95,Market
3926,2,2026-03-05 03:32:22,Buy,10,32.27,Stop
3927,1,2026-03-06 12:20:23,Sell,10,1693.6,Market
3927,2,2026-03-06 12:29:31,Buy,10,1699.3,Stop
3928,1,2026-03-06 12:20:25,Sell,10,1693.6,Limit
3928,2,2026-03-06 12:29:49,Buy,10,1699.3,Stop
3929,1,2026-03-06 12:20:24,Sell,10,1693.6,Limit
3929,2,2026-03-06 12:30:21,Buy,10,1699.3,Stop
3930,1,2026-03-06 12:20:25,Sell,10,1693.6,Market
3930,2,2026-03-06 12:30:08,Buy,10,1699.3,Stop
3931,1,2026-03-06 03:29:16,Buy,5,3515.2,Market
3931,2,2026-03-06 04:08:36,Sell,2,3520.8,Limit
3931,3,2026-03-06 04:47:56,Sell,3,3527.1,Limit
3932,1,2026-03-06 03:29:19,Buy,5,3515.3,Limit
3932,2,2026-03-06 04:48:16,Sell,5,3524.5,Limit
3933,1,2026-03-06 03:29:16,Buy,5,3515.2,Market
3933,2,2026-03-06 04:47:26,Sell,5,3524.6,Limit
3934,1,2026-03-06 03:29:16,Buy,5,3515.2,Market
3934,2,2026-03-06 04:08:27,Sell,2,3520.8,Limit
3934,3,2026-03-06 04:47:38,Sell,3,3527.1,Limit
3935,1,2026-03-06 08:52:02,Buy,10,6320.25,Market
3935,2,2026-03-06 09:13:49,Sell,10,6314.5,Stop
3936,1,2026-03-06 08:52:03,Buy,10,6320.5,Market
3936,2,2026-03-06 09:13:27,Sell,10,6314.25,Stop
3937,1,2026-03-06 08:52:04,Buy,10,6320.25,Market
3937,2,2026-03-06 09:13:33,Sell,10,6314.5,Stop
3938,1,2026-03-06 08:52:04,Buy,10,6320.5,Market
3938,2,2026-03-06 09:13:34,Sell,10,6314.5,Stop
3939,1,2026-03-09 09:51:17,Sell,10,42529.0,Market
3939,2,2026-03-09 10:52:01,Buy,10,42408.0,Limit
3940,1,2026-03-09 09:51:18,Sell,10,42528.0,Market
3940,2,2026-03-09 10:21:46,Buy,5,42457.0,Limit
3940,3,2026-03-09 10:52:14,Buy,5,42361.0,Limit
3941,1,2026-03-09 09:51:17,Sell,10,42528.0,Market
3941,2,2026-03-09 10:21:26,Buy,5,42457.0,Limit
3941,3,2026-03-09 10:51:35,Buy,5,42361.0,Limit
3942,1,2026-03-09 09:51:20,Sell,10,42528.0,Market
3942,2,2026-03-09 10:21:37.500000,Buy,5,42457.0,Limit
3942,3,2026-03-09 10:51:55,Buy,5,42361.0,Limit
3943,1,2026-03-09 12:21:56,Buy,10,6375.25,Market
3943,2,2026-03-09 12:28:17.500000,Sell,5,6378.0,Limit
3943,3,2026-03-09 12:34:39,Sell,5,6381.5,Limit
3944,1,2026-03-09 12:21:59,Buy,10,6375.5,Limit
3944,2,2026-03-09 12:34:25,Sell,10,6379.5,Limit
3945,1,2026-03-09 12:21:56,Buy,10,6375.5,Market
3945,2,2026-03-09 12:28:09.500000,Sell,5,6378.0,Limit
3945,3,2026-03-09 12:34:23,Sell,5,6381.0,Limit
3946,1,2026-03-09 12:21:58,Buy,10,6375.25,Limit
3946,2,2026-03-09 12:34:16,Sell,10,6379.75,Limit
3947,1,2026-03-10 09:50:53,Buy,6,21471.5,Market
3947,2,2026-03-10 11:00:01,Sell,6,21502.75,Limit
3948,1,2026-03-10 09:50:56,Buy,6,21471.75,Limit
3948,2,2026-03-10 10:25:49.500000,Sell,3,21490.25,Limit
3948,3,2026-03-10 11:00:43,Sell,3,21514.75,Limit
3949,1,2026-03-10 09:50:55,Buy,6,21471.75,Limit
3949,2,2026-03-10 10:25:46.500000,Sell,3,21490.25,Limit
3949,3,2026-03-10 11:00:38,Sell,3,21515.25,Limit
3950,1,2026-03-10 09:50:54,Buy,6,21471.75,Limit
3950,2,2026-03-10 10:25:25.500000,Sell,3,21490.25,Limit
3950,3,2026-03-10 10:59:57,Sell,3,21514.75,Limit
3951,1,2026-03-10 12:24:34,Sell,10,6389.5,Limit
3951,2,2026-03-10 12:44:28,Buy,10,6394.75,Stop
3952,1,2026-03-10 12:24:36,Sell,10,6389.5,Limit
3952,2,2026-03-10 12:44:01,Buy,10,6394.75,Stop
3953,1,2026-03-10 12:24:36,Sell,10,6389.5,Limit
3953,2,2026-03-10 12:44:22,Buy,10,6394.75,Stop
3954,1,2026-03-10 12:24:35,Sell,10,6389.5,Market
3954,2,2026-03-10 12:44:27,Buy,10,6394.75,Stop
3955,1,2026-03-10 08:39:42,Buy,10,6390.25,Market
3955,2,2026-03-10 08:58:30,Sell,10,6385.0,Stop
3956,1,2026-03-10 08:39:45,Buy,10,6390.25,Market
3956,2,2026-03-10 08:58:24,Sell,10,6385.0,Stop
3957,1,2026-03-10 08:39:45,Buy,10,6390.25,Market
3957,2,2026-03-10 08:58:24,Sell,10,6385.0,Stop
3958,1,2026-03-11 09:58:00,Sell,6,20990.75,Limit
3958,2,2026-03-11 10:39:53,Buy,6,20958.25,Limit
3959,1,2026-03-11 09:58:00,Sell,6,20990.75,Limit
3959,2,2026-03-11 10:18:39.500000,Buy,3,20971.25,Limit
3959,3,2026-03-11 10:39:19,Buy,3,20945.25,Limit
3960,1,2026-03-11 09:58:00,Sell,6,20990.5,Limit
3960,2,2026-03-11 10:18:31,Buy,3,20971.25,Limit
3960,3,2026-03-11 10:39:02,Buy,3,20945.75,Limit
3961,1,2026-03-11 09:58:00,Sell,6,20990.5,Limit
3961,2,2026-03-11 10:18:36.500000,Buy,3,20971.25,Limit
3961,3,2026-03-11 10:39:13,Buy,3,20945.25,Limit
3962,1,2026-03-11 12:27:42,Buy,10,1709.1,Limit
3962,2,2026-03-11 12:44:31,Sell,10,1702.9,Stop
3963,1,2026-03-11 12:27:44,Buy,10,1709.1,Market
3963,2,2026-03-11 12:44:42,Sell,10,1702.9,Stop
3964,1,2026-03-11 12:27:44,Buy,10,1709.1,Limit
3964,2,2026-03-11 12:43:46,Sell,10,1702.9,Stop
3965,1,2026-03-11 03:32:46,Sell,5,3488.8,Market
3965,2,2026-03-11 04:50:43,Buy,5,3477.9,Limit
3966,1,2026-03-11 03:32:49,Sell,5,3488.8,Market
3966,2,2026-03-11 04:50:40,Buy,5,3477.9,Limit
3967,1,2026-03-11 03:32:48,Sell,5,3488.8,Limit
3967,2,2026-03-11 04:11:44,Buy,2,3482.3,Limit
3967,3,2026-03-11 04:50:40,Buy,3,3475.0,Limit
3968,1,2026-03-11 03:32:47,Sell,5,3488.8,Market
3968,2,2026-03-11 04:49:59,Buy,5,3477.9,Limit
3969,1,2026-03-12 12:12:20,Buy,10,6273.5,Limit
3969,2,2026-03-12 12:31:03,Sell,10,6267.25,Stop
3970,1,2026-03-12 12:12:22,Buy,10,6273.75,Market
3970,2,2026-03-12 12:30:44,Sell,10,6267.25,Stop
3971,1,2026-03-12 12:12:23,Buy,10,6273.75,Limit
3971,2,2026-03-12 12:31:13,Sell,10,6267.25,Stop
3972,1,2026-03-12 12:12:21,Buy,10,6273.75,Market
3972,2,2026-03-12 12:30:44,Sell,10,6267.0,Stop
3973,1,2026-03-12 12:12:22,Buy,10,6273.75,Market
3973,2,2026-03-12 12:31:04,Sell,10,6267.25,Stop
3974,1,2026-03-12 10:20:56,Buy,6,21279.5,Market
3974,2,2026-03-12 10:49:41.500000,Sell,3,21304.0,Limit
3974,3,2026-03-12 11:18:27,Sell,3,21336.5,Limit
3975,1,2026-03-12 10:20:57,Buy,6,21279.5,Market
3975,2,2026-03-12 10:49:52,Sell,3,21304.0,Limit
3975,3,2026-03-12 11:18:47,Sell,3,21336.5,Limit
3976,1,2026-03-12 10:20:59,Buy,6,21279.75,Market
3976,2,2026-03-12 10:49:39,Sell,3,21304.0,Limit
3976,3,2026-03-12 11:18:19,Sell,3,21336.5,Limit
3977,1,2026-03-12 10:20:56,Buy,6,21279.5,Market
3977,2,2026-03-12 11:18:30,Sell,6,21320.25,Limit
3978,1,2026-03-12 10:20:59,Buy,6,21279.5,Market
3978,2,2026-03-12 10:49:50.500000,Sell,3,21304.0,Limit
3978,3,2026-03-12 11:18:42,Sell,3,21336.5,Limit
3979,1,2026-03-12 03:28:16,Sell,5,3526.2,Market
3979,2,2026-03-12 04:19:52,Buy,5,3533.4,Stop
3980,1,2026-03-12 03:28:19,Sell,5,3526.1,Limit
3980,2,2026-03-12 04:19:56,Buy,5,3533.5,Stop
3981,1,2026-03-12 03:28:19,Sell,5,3526.1,Limit
3981,2,2026-03-12 04:20:14,Buy,5,3533.5,Stop
3982,1,2026-03-12 03:28:16,Sell,5,3526.2,Limit
3982,2,2026-03-12 04:19:20,Buy,5,3533.4,Stop
3983,1,2026-03-12 03:28:18,Sell,5,3526.1,Limit
3983,2,2026-03-12 04:19:45,Buy,5,3533.5,Stop
3984,1,2026-03-13 09:50:38,Sell,10,43144.0,Market
3984,2,2026-03-13 10:39:31,Buy,10,43029.0,Limit
3985,1,2026-03-13 09:50:41,Sell,10,43144.0,Market
3985,2,2026-03-13 10:39:21,Buy,10,43029.0,Limit
3986,1,2026-03-13 09:50:38,Sell,10,43143.0,Limit
3986,2,2026-03-13 10:14:43,Buy,5,43075.0,Limit
3986,3,2026-03-13 10:38:48,Buy,5,42985.0,Limit
3987,1,2026-03-13 09:50:38,Sell,10,43143.0,Limit
3987,2,2026-03-13 10:14:41,Buy,5,43075.0,Limit
3987,3,2026-03-13 10:38:44,Buy,5,42985.0,Limit
3988,1,2026-03-13 09:50:40,Sell,10,43144.0,Limit
3988,2,2026-03-13 10:14:54.500000,Buy,5,43075.0,Limit
3988,3,2026-03-13 10:39:09,Buy,5,42983.0,Limit
3989,1,2026-03-13 12:22:50,Buy,10,1734.0,Market
3989,2,2026-03-13 12:29:57,Sell,10,1728.3,Stop
3990,1,2026-03-13 12:22:51,Buy,10,1734.1,Limit
3990,2,2026-03-13 12:30:29,Sell,10,1728.3,Stop
3991,1,2026-03-13 12:22:50,Buy,10,1734.0,Market
3991,2,2026-03-13 12:30:34,Sell,10,1728.3,Stop
3992,1,2026-03-13 12:22:52,Buy,10,1734.1,Limit
3992,2,2026-03-13 12:29:57,Sell,10,1728.3,Stop
3993,1,2026-03-13 12:22:52,Buy,10,1734.1,Limit
3993,2,2026-03-13 12:30:00,Sell,10,1728.2,Stop
3994,1,2026-03-13 10:21:22,Buy,10,33.26,Market
3994,2,2026-03-13 11:24:25,Sell,10,33.01,Stop
3995,1,2026-03-13 10:21:22,Buy,10,33.26,Market
3995,2,2026-03-13 11:25:11,Sell,10,33.01,Stop
3996,1,2026-03-13 10:21:25,Buy,10,33.26,Limit
3996,2,2026-03-13 11:25:17,Sell,10,33.01,Stop
3997,1,2026-03-13 10:21:23,Buy,10,33.26,Limit
3997,2,2026-03-13 11:24:42,Sell,10,33.01,Stop
3998,1,2026-03-13 10:21:22,Buy,10,33.26,Market
3998,2,2026-03-13 11:25:18,Sell,10,33.01,Stop
3999,1,2026-03-13 03:22:37,Sell,10,33.3,Market
3999,2,2026-03-13 04:05:08,Buy,10,33.53,Stop
4000,1,2026-03-13 03:22:40,Sell,10,33.3,Limit
4000,2,2026-03-13 04:05:21,Buy,10,33.53,Stop
4001,1,2026-03-13 03:22:39,Sell,10,33.3,Limit
4001,2,2026-03-13 04:04:47,Buy,10,33.53,Stop
4002,1,2026-03-13 03:22:40,Sell,10,33.29,Market
4002,2,2026-03-13 04:05:12,Buy,10,33.54,Stop
4003,1,2026-03-13 03:22:37,Sell,10,33.3,Limit
4003,2,2026-03-13 04:04:56,Buy,10,33.53,Stop
4004,1,2026-03-16 09:49:12,Sell,10,43170.0,Limit
4004,2,2026-03-16 11:08:45,Buy,10,43217.0,Stop
4005,1,2026-03-16 09:49:15,Sell,10,43169.0,Market
4005,2,2026-03-16 11:09:13,Buy,10,43218.0,Stop
4006,1,2026-03-16 09:49:14,Sell,10,43170.0,Limit
4006,2,2026-03-16 11:09:01,Buy,10,43217.0,Stop
4007,1,2026-03-16 09:49:15,Sell,10,43170.0,Market
4007,2,2026-03-16 11:09:05,Buy,10,43217.0,Stop
4008,1,2026-03-16 09:49:12,Sell,10,43170.0,Market
4008,2,2026-03-16 11:08:49,Buy,10,43217.0,Stop
4009,1,2026-03-16 12:27:39,Sell,10,1699.5,Limit
4009,2,2026-03-16 12:33:45,Buy,10,1704.8,Stop
4010,1,2026-03-16 12:27:42,Sell,10,1699.5,Limit
4010,2,2026-03-16 12:34:35,Buy,10,1704.8,Stop
4011,1,2026-03-16 12:27:39,Sell,10,1699.5,Market
4011,2,2026-03-16 12:34:37,Buy,10,1704.8,Stop
4012,1,2026-03-16 12:27:39,Sell,10,1699.5,Market
4012,2,2026-03-16 12:33:43,Buy,10,1704.8,Stop
4013,1,2026-03-16 12:27:42,Sell,10,1699.5,Limit
4013,2,2026-03-16 12:34:19,Buy,10,1704.8,Stop
4014,1,2026-03-16 10:28:44,Sell,10,34.93,Market
4014,2,2026-03-16 11:32:57,Buy,10,35.25,Stop
4015,1,2026-03-16 10:28:44,Sell,10,34.92,Market
4015,2,2026-03-16 11:33:17,Buy,10,35.25,Stop
4016,1,2026-03-16 10:28:46,Sell,10,34.93,Market
4016,2,2026-03-16 11:33:25,Buy,10,35.25,Stop
4017,1,2026-03-16 10:28:44,Sell,10,34.93,Limit
4017,2,2026-03-16 11:33:33,Buy,10,35.25,Stop
4018,1,2026-03-16 03:15:39,Sell,10,35.02,Market
4018,2,2026-03-16 03:58:04,Buy,5,34.73,Limit
4018,3,2026-03-16 04:40:29,Buy,5,34.35,Limit
4019,1,2026-03-16 03:15:39,Sell,10,35.02,Market
4019,2,2026-03-16 04:40:16,Buy,10,34.54,Limit
4020,1,2026-03-16 03:15:41,Sell,10,35.02,Market
4020,2,2026-03-16 04:39:55,Buy,10,34.54,Limit
4021,1,2026-03-16 03:15:39,Sell,10,35.02,Limit
4021,2,2026-03-16 03:57:44.500000,Buy,5,34.73,Limit
4021,3,2026-03-16 04:39:50,Buy,5,34.35,Limit
4022,1,2026-03-16 03:15:40,Sell,10,35.01,Market
4022,2,2026-03-16 03:58:04.500000,Buy,5,34.73,Limit
4022,3,2026-03-16 04:40:29,Buy,5,34.35,Limit
4023,1,2026-03-17 12:27:17,Buy,10,6336.0,Limit
4023,2,2026-03-17 12:44:33,Sell,10,6341.0,Limit
4024,1,2026-03-17 12:27:19,Buy,10,6336.25,Market
4024,2,2026-03-17 12:44:40,Sell,10,6341.0,Limit
4025,1,2026-03-17 12:27:19,Buy,10,6336.25,Market
4025,2,2026-03-17 12:36:18,Sell,5,6339.0,Limit
4025,3,2026-03-17 12:45:17,Sell,5,6342.5,Limit
4026,1,2026-03-17 12:27:20,Buy,10,6336.0,Market
4026,2,2026-03-17 12:44:41,Sell,10,6341.0,Limit
4027,1,2026-03-17 12:27:18,Buy,10,6336.25,Market
4027,2,2026-03-17 12:45:12,Sell,10,6341.0,Limit
4028,1,2026-03-17 12:27:17,Buy,10,6336.0,Limit
4028,2,2026-03-17 12:44:21,Sell,10,6341.0,Limit
4029,1,2026-03-17 03:35:28,Sell,10,34.7,Market
4029,2,2026-03-17 05:05:24,Buy,10,35.06,Stop
4030,1,2026-03-17 03:35:29,Sell,10,34.69,Market
4030,2,2026-03-17 05:05:01,Buy,10,35.07,Stop
4031,1,2026-03-17 03:35:28,Sell,10,34.69,Limit
4031,2,2026-03-17 05:04:37,Buy,10,35.06,Stop
4032,1,2026-03-17 03:35:28,Sell,10,34.7,Limit
4032,2,2026-03-17 05:05:23,Buy,10,35.06,Stop
4033,1,2026-03-17 03:35:30,Sell,10,34.7,Limit
4033,2,2026-03-17 05:04:31,Buy,10,35.06,Stop
4034,1,2026-03-17 03:35:30,Sell,10,34.69,Limit
4034,2,2026-03-17 05:04:47,Buy,10,35.07,Stop
4035,1,2026-03-19 10:03:49,Sell,10,43505.0,Limit
4035,2,2026-03-19 11:04:11,Buy,10,43556.0,Stop
4036,1,2026-03-19 10:03:51,Sell,10,43505.0,Market
4036,2,2026-03-19 11:04:10,Buy,10,43556.0,Stop
4037,1,2026-03-19 10:03:49,Sell,10,43504.0,Limit
4037,2,2026-03-19 11:04:09,Buy,10,43556.0,Stop
4038,1,2026-03-19 10:03:49,Sell,10,43504.0,Limit
4038,2,2026-03-19 11:04:13,Buy,10,43557.0,Stop
4039,1,2026-03-19 10:03:50,Sell,10,43505.0,Market
4039,2,2026-03-19 11:04:38,Buy,10,43556.0,Stop
4040,1,2026-03-19 10:03:50,Sell,10,43505.0,Limit
4040,2,2026-03-19 11:04:09,Buy,10,43556.0,Stop
4041,1,2026-03-19 10:30:47,Buy,5,3566.3,Limit
4041,2,2026-03-19 10:41:10,Sell,2,3573.4,Limit
4041,3,2026-03-19 10:51:33,Sell,3,3581.4,Limit
4042,1,2026-03-19 10:30:50,Buy,5,3566.3,Market
4042,2,2026-03-19 10:41:10.500000,Sell,2,3573.4,Limit
4042,3,2026-03-19 10:51:31,Sell,3,3581.4,Limit
4043,1,2026-03-19 10:30:47,Buy,5,3566.4,Limit
4043,2,2026-03-19 10:51:02,Sell,5,3578.2,Limit
4044,1,2026-03-19 10:30:47,Buy,5,3566.3,Limit
4044,2,2026-03-19 10:51:22,Sell,5,3578.2,Limit
4045,1,2026-03-20 09:52:22,Sell,10,43665.0,Market
4045,2,2026-03-20 10:23:27.500000,Buy,5,43608.0,Limit
4045,3,2026-03-20 10:54:33,Buy,5,43532.0,Limit
4046,1,2026-03-20 09:52:24,Sell,10,43665.0,Limit
4046,2,2026-03-20 10:23:49,Buy,5,43608.0,Limit
4046,3,2026-03-20 10:55:14,Buy,5,43532.0,Limit
4047,1,2026-03-20 09:52:23,Sell,10,43665.0,Market
4047,2,2026-03-20 10:23:33.500000,Buy,5,43608.0,Limit
4047,3,2026-03-20 10:54:44,Buy,5,43532.0,Limit
4048,1,2026-03-20 09:52:22,Sell,10,43665.0,Limit
4048,2,2026-03-20 10:23:47,Buy,5,43608.0,Limit
4048,3,2026-03-20 10:55:12,Buy,5,43532.0,Limit
4049,1,2026-03-20 09:52:24,Sell,10,43665.0,Limit
4049,2,2026-03-20 10:54:35,Buy,10,43570.0,Limit
4050,1,2026-03-20 12:28:04,Buy,10,6456.0,Limit
4050,2,2026-03-20 12:48:59,Sell,10,6451.25,Stop
4051,1,2026-03-20 12:28:04,Buy,10,6456.0,Limit
4051,2,2026-03-20 12:48:16,Sell,10,6451.25,Stop
4052,1,2026-03-20 12:28:04,Buy,10,6456.25,Market
4052,2,2026-03-20 12:48:31,Sell,10,6451.0,Stop
4053,1,2026-03-20 12:28:04,Buy,10,6456.0,Market
4053,2,2026-03-20 12:48:45,Sell,10,6451.25,Stop
4054,1,2026-03-20 12:28:06,Buy,10,6456.25,Market
4054,2,2026-03-20 12:48:59,Sell,10,6451.25,Stop
4055,1,2026-03-20 10:32:59,Buy,5,3457.9,Market
4055,2,2026-03-20 12:07:16,Sell,5,3452.6,Stop
4056,1,2026-03-20 10:32:59,Buy,5,3458.0,Market
4056,2,2026-03-20 12:07:32,Sell,5,3452.5,Stop
4057,1,2026-03-20 10:33:02,Buy,5,3457.9,Limit
4057,2,2026-03-20 12:08:01,Sell,5,3452.6,Stop
4058,1,2026-03-20 10:33:00,Buy,5,3457.9,Limit
4058,2,2026-03-20 12:07:42,Sell,5,3452.6,Stop
4059,1,2026-03-20 03:25:03,Buy,5,3483.4,Limit
4059,2,2026-03-20 03:52:14,Sell,2,3489.6,Limit
4059,3,2026-03-20 04:19:25,Sell,3,3496.6,Limit
4060,1,2026-03-20 03:25:03,Buy,5,3483.5,Limit
4060,2,2026-03-20 04:19:15,Sell,5,3493.8,Limit
4061,1,2026-03-20 03:25:05,Buy,5,3483.4,Limit
4061,2,2026-03-20 04:19:54,Sell,5,3493.8,Limit
4062,1,2026-03-20 03:25:05,Buy,5,3483.4,Limit
4062,2,2026-03-20 04:19:06,Sell,5,3493.8,Limit
4063,1,2026-03-20 03:25:05,Buy,5,3483.4,Limit
4063,2,2026-03-20 03:52:34,Sell,2,3489.6,Limit
4063,3,2026-03-20 04:20:03,Sell,3,3496.6,Limit
4064,1,2026-03-20 03:25:05,Buy,5,3483.5,Market
4064,2,2026-03-20 04:19:20,Sell,5,3493.7,Limit
4065,1,2026-03-23 10:05:41,Sell,10,44523.0,Market
4065,2,2026-03-23 10:36:56,Buy,10,44593.0,Stop
4066,1,2026-03-23 10:05:42,Sell,10,44522.0,Market
4066,2,2026-03-23 10:37:29,Buy,10,44593.0,Stop
4067,1,2026-03-23 10:05:41,Sell,10,44522.0,Market
4067,2,2026-03-23 10:37:22,Buy,10,44593.0,Stop
4068,1,2026-03-23 10:05:43,Sell,10,44523.0,Market
4068,2,2026-03-23 10:37:21,Buy,10,44593.0,Stop
4069,1,2026-03-23 10:05:42,Sell,10,44523.0,Limit
4069,2,2026-03-23 10:37:23,Buy,10,44593.0,Stop
4070,1,2026-03-23 12:26:57,Buy,10,1653.4,Market
4070,2,2026-03-23 12:46:53,Sell,10,1658.0,Limit
4071,1,2026-03-23 12:27:00,Buy,10,1653.4,Limit
4071,2,2026-03-23 12:36:52,Sell,5,1656.2,Limit
4071,3,2026-03-23 12:46:44,Sell,5,1659.8,Limit
4072,1,2026-03-23 12:26:57,Buy,10,1653.4,Market
4072,2,2026-03-23 12:36:51,Sell,5,1656.2,Limit
4072,3,2026-03-23 12:46:45,Sell,5,1659.8,Limit
4073,1,2026-03-23 12:26:57,Buy,10,1653.5,Limit
4073,2,2026-03-23 12:46:17,Sell,10,1658.0,Limit
4074,1,2026-03-23 12:26:59,Buy,10,1653.5,Limit
4074,2,2026-03-23 12:36:58,Sell,5,1656.1,Limit
4074,3,2026-03-23 12:46:57,Sell,5,1659.7,Limit
4075,1,2026-03-23 12:26:57,Buy,10,1653.4,Market
4075,2,2026-03-23 12:46:06,Sell,10,1658.0,Limit
4076,1,2026-03-23 03:23:29,Sell,5,3436.0,Market
4076,2,2026-03-23 03:45:00,Buy,5,3440.7,Stop
4077,1,2026-03-23 03:23:29,Sell,5,3435.9,Limit
4077,2,2026-03-23 03:44:36,Buy,5,3440.8,Stop
4078,1,2026-03-23 03:23:31,Sell,5,3436.0,Limit
4078,2,2026-03-23 03:45:02,Buy,5,3440.7,Stop
4079,1,2026-03-23 03:23:32,Sell,5,3436.0,Limit
4079,2,2026-03-23 03:45:27,Buy,5,3440.7,Stop
4080,1,2026-03-23 03:23:32,Sell,5,3436.0,Market
4080,2,2026-03-23 03:45:13,Buy,5,3440.7,Stop
4081,1,2026-03-23 03:23:31,Sell,5,3436.0,Market
4081,2,2026-03-23 03:44:51,Buy,5,3440.7,Stop
4082,1,2026-03-24 12:28:30,Sell,10,1683.0,Limit
4082,2,2026-03-24 12:34:29,Buy,5,1678.6,Limit
4082,3,2026-03-24 12:40:28,Buy,5,1672.8,Limit
4083,1,2026-03-24 12:28:32,Sell,10,1682.9,Market
4083,2,2026-03-24 12:39:54,Buy,10,1675.7,Limit
4084,1,2026-03-24 12:28:32,Sell,10,1682.9,Limit
4084,2,2026-03-24 12:40:16,Buy,10,1675.8,Limit
4085,1,2026-03-24 12:28:30,Sell,10,1683.0,Limit
4085,2,2026-03-24 12:34:11.500000,Buy,5,1678.6,Limit
4085,3,2026-03-24 12:39:53,Buy,5,1672.8,Limit
4086,1,2026-03-24 12:28:33,Sell,10,1683.0,Limit
4086,2,2026-03-24 12:34:08,Buy,5,1678.6,Limit
4086,3,2026-03-24 12:39:43,Buy,5,1672.8,Limit
4087,1,2026-03-24 12:28:30,Sell,10,1682.9,Market
4087,2,2026-03-24 12:40:07,Buy,10,1675.7,Limit
4088,1,2026-03-25 10:05:53,Buy,6,20618.5,Limit
4088,2,2026-03-25 10:17:55.500000,Sell,3,20647.5,Limit
4088,3,2026-03-25 10:29:58,Sell,3,20686.0,Limit
4089,1,2026-03-25 10:05:55,Buy,6,20618.75,Limit
4089,2,2026-03-25 10:30:08,Sell,6,20666.75,Limit
4090,1,2026-03-25 10:05:54,Buy,6,20618.5,Limit
4090,2,2026-03-25 10:30:48,Sell,6,20666.75,Limit
4091,1,2026-03-25 10:05:53,Buy,6,20618.5,Market
4091,2,2026-03-25 10:17:58,Sell,3,20647.5,Limit
4091,3,2026-03-25 10:30:03,Sell,3,20686.0,Limit
4092,1,2026-03-25 10:05:54,Buy,6,20618.5,Limit
4092,2,2026-03-25 10:30:21,Sell,6,20666.75,Limit
4093,1,2026-03-25 10:22:12,Buy,5,3560.8,Limit
4093,2,2026-03-25 11:34:21,Sell,5,3554.7,Stop
4094,1,2026-03-25 10:22:15,Buy,5,3560.9,Market
4094,2,2026-03-25 11:34:57,Sell,5,3554.6,Stop
4095,1,2026-03-25 10:22:14,Buy,5,3560.9,Limit
4095,2,2026-03-25 11:34:34,Sell,5,3554.7,Stop
4096,1,2026-03-25 10:22:12,Buy,5,3560.9,Limit
4096,2,2026-03-25 11:34:49,Sell,5,3554.7,Stop
4097,1,2026-03-25 10:22:13,Buy,5,3560.8,Market
4097,2,2026-03-25 11:34:44,Sell,5,3554.7,Stop
4098,1,2026-03-25 10:22:14,Buy,5,3560.8,Market
4098,2,2026-03-25 11:35:02,Sell,5,3554.7,Stop
4099,1,2026-03-25 03:33:20,Buy,5,3558.1,Market
4099,2,2026-03-25 04:52:39,Sell,5,3552.6,Stop
4100,1,2026-03-25 03:33:23,Buy,5,3558.2,Limit
4100,2,2026-03-25 04:52:23,Sell,5,3552.5,Stop
4101,1,2026-03-25 03:33:22,Buy,5,3558.2,Limit
4101,2,2026-03-25 04:52:46,Sell,5,3552.6,Stop
4102,1,2026-03-25 03:33:20,Buy,5,3558.1,Limit
4102,2,2026-03-25 04:52:53,Sell,5,3552.6,Stop
4103,1,2026-03-25 03:33:22,Buy,5,3558.1,Limit
4103,2,2026-03-25 04:52:43,Sell,5,3552.6,Stop
4104,1,2026-03-26 12:13:54,Sell,10,1714.1,Market
4104,2,2026-03-26 12:25:18,Buy,5,1710.9,Limit
4104,3,2026-03-26 12:36:42,Buy,5,1706.7,Limit
4105,1,2026-03-26 12:13:54,Sell,10,1714.1,Limit
4105,2,2026-03-26 12:36:46,Buy,10,1708.8,Limit
4106,1,2026-03-26 12:13:56,Sell,10,1714.0,Market
4106,2,2026-03-26 12:24:57.500000,Buy,5,1710.9,Limit
4106,3,2026-03-26 12:35:59,Buy,5,1706.7,Limit
4107,1,2026-03-26 12:13:54,Sell,10,1714.1,Market
4107,2,2026-03-26 12:36:01,Buy,10,1708.8,Limit
4108,1,2026-03-26 12:13:54,Sell,10,1714.0,Market
4108,2,2026-03-26 12:25:06.500000,Buy,5,1710.9,Limit
4108,3,2026-03-26 12:36:19,Buy,5,1706.9,Limit
4109,1,2026-03-26 12:13:57,Sell,10,1714.0,Market
4109,2,2026-03-26 12:25:26.500000,Buy,5,1710.9,Limit
4109,3,2026-03-26 12:36:56,Buy,5,1706.9,Limit
4110,1,2026-03-26 03:26:59,Buy,10,32.55,Limit
4110,2,2026-03-26 04:01:38,Sell,5,32.8,Limit
4110,3,2026-03-26 04:36:17,Sell,5,33.12,Limit
4111,1,2026-03-26 03:27:02,Buy,10,32.55,Market
4111,2,2026-03-26 04:01:38.500000,Sell,5,32.8,Limit
4111,3,2026-03-26 04:36:15,Sell,5,33.12,Limit
4112,1,2026-03-26 03:27:02,Buy,10,32.55,Limit
4112,2,2026-03-26 04:36:24,Sell,10,32.96,Limit
4113,1,2026-03-26 03:27:00,Buy,10,32.56,Market
4113,2,2026-03-26 04:36:09,Sell,10,32.95,Limit
4114,1,2026-03-26 03:26:59,Buy,10,32.55,Limit
4114,2,2026-03-26 04:01:32,Sell,5,32.8,Limit
4114,3,2026-03-26 04:36:05,Sell,5,33.12,Limit
4115,1,2026-03-26 03:27:00,Buy,10,32.55,Market
4115,2,2026-03-26 04:36:37,Sell,10,32.96,Limit
4116,1,2026-03-27 09:57:52,Sell,6,20145.75,Market
4116,2,2026-03-27 11:30:21,Buy,6,20172.75,Stop
4117,1,2026-03-27 09:57:52,Sell,6,20145.75,Market
4117,2,2026-03-27 11:29:55,Buy,6,20172.75,Stop
4118,1,2026-03-27 09:57:54,Sell,6,20145.75,Market
4118,2,2026-03-27 11:30:08,Buy,6,20172.75,Stop
4119,1,2026-03-27 09:57:55,Sell,6,20145.5,Market
4119,2,2026-03-27 11:30:40,Buy,6,20173.0,Stop
4120,1,2026-03-27 09:57:55,Sell,6,20145.5,Market
4120,2,2026-03-27 11:30:10,Buy,6,20172.75,Stop
4121,1,2026-03-27 09:57:52,Sell,6,20145.75,Market
4121,2,2026-03-27 11:30:09,Buy,6,20172.75,Stop
4122,1,2026-03-27 10:30:30,Sell,10,31.98,Market
4122,2,2026-03-27 10:56:56,Buy,10,32.33,Stop
4123,1,2026-03-27 10:30:30,Sell,10,31.98,Market
4123,2,2026-03-27 10:56:51,Buy,10,32.33,Stop
4124,1,2026-03-27 10:30:30,Sell,10,31.97,Limit
4124,2,2026-03-27 10:56:42,Buy,10,32.34,Stop
4125,1,2026-03-27 10:30:33,Sell,10,31.97,Limit
4125,2,2026-03-27 10:56:44,Buy,10,32.33,Stop
4126,1,2026-03-27 10:30:30,Sell,10,31.97,Market
4126,2,2026-03-27 10:56:49,Buy,10,32.33,Stop
4127,1,2026-03-31 03:27:03,Sell,5,3565.9,Limit
4127,2,2026-03-31 04:44:40,Buy,5,3555.3,Limit
4128,1,2026-03-31 03:27:03,Sell,5,3565.8,Market
4128,2,2026-03-31 04:05:38,Buy,2,3559.5,Limit
4128,3,2026-03-31 04:44:13,Buy,3,3552.5,Limit
4129,1,2026-03-31 03:27:05,Sell,5,3565.9,Market
4129,2,2026-03-31 04:05:53.500000,Buy,2,3559.5,Limit
4129,3,2026-03-31 04:44:42,Buy,3,3552.5,Limit
4130,1,2026-03-31 03:27:05,Sell,5,3565.9,Market
4130,2,2026-03-31 04:05:39.500000,Buy,2,3559.5,Limit
4130,3,2026-03-31 04:44:14,Buy,3,3552.5,Limit
4131,1,2026-03-31 03:27:04,Sell,5,3565.8,Market
4131,2,2026-03-31 04:44:24,Buy,5,3555.3,Limit
4132,1,2026-03-31 03:27:05,Sell,5,3565.9,Market
4132,2,2026-03-31 04:06:04,Buy,2,3559.5,Limit
4132,3,2026-03-31 04:45:03,Buy,3,3552.5,Limit
4133,1,2026-04-01 12:13:26,Sell,10,6273.75,Market
4133,2,2026-04-01 12:19:49,Buy,10,6269.25,Limit
4134,1,2026-04-01 12:13:27,Sell,10,6273.5,Market
4134,2,2026-04-01 12:16:52.500000,Buy,5,6271.0,Limit
4134,3,2026-04-01 12:20:18,Buy,5,6268.0,Limit
4135,1,2026-04-01 12:13:27,Sell,10,6273.5,Limit
4135,2,2026-04-01 12:19:32,Buy,10,6269.5,Limit
4136,1,2026-04-01 12:13:29,Sell,10,6273.75,Market
4136,2,2026-04-01 12:16:41.500000,Buy,5,6271.0,Limit
4136,3,2026-04-01 12:19:54,Buy,5,6267.5,Limit
4137,1,2026-04-01 12:13:29,Sell,10,6273.75,Market
4137,2,2026-04-01 12:20:02,Buy,10,6269.25,Limit
4138,1,2026-04-01 03:25:47,Sell,5,3624.0,Limit
4138,2,2026-04-01 04:27:06,Buy,5,3613.9,Limit
4139,1,2026-04-01 03:25:47,Sell,5,3624.0,Limit
4139,2,2026-04-01 03:56:44.500000,Buy,2,3617.9,Limit
4139,3,2026-04-01 04:27:42,Buy,3,3611.2,Limit
4140,1,2026-04-01 03:25:50,Sell,5,3624.0,Market
4140,2,2026-04-01 03:56:33,Buy,2,3617.9,Limit
4140,3,2026-04-01 04:27:16,Buy,3,3611.2,Limit
4141,1,2026-04-01 03:25:49,Sell,5,3624.0,Limit
4141,2,2026-04-01 03:56:35.500000,Buy,2,3617.9,Limit
4141,3,2026-04-01 04:27:22,Buy,3,3611.2,Limit
4142,1,2026-04-01 03:25:47,Sell,5,3623.9,Limit
4142,2,2026-04-01 04:27:02,Buy,5,3613.9,Limit
4143,1,2026-04-02 10:05:35,Sell,6,19683.5,Market
4143,2,2026-04-02 10:14:22,Buy,6,19706.0,Stop
4144,1,2026-04-02 10:05:38,Sell,6,19683.25,Market
4144,2,2026-04-02 10:13:40,Buy,6,19706.25,Stop
4145,1,2026-04-02 10:05:36,Sell,6,19683.25,Limit
4145,2,2026-04-02 10:14:18,Buy,6,19706.25,Stop
4146,1,2026-04-02 10:05:37,Sell,6,19683.25,Market
4146,2,2026-04-02 10:13:40,Buy,6,19706.0,Stop
4147,1,2026-04-02 10:05:37,Sell,6,19683.5,Market
4147,2,2026-04-02 10:14:25,Buy,6,19706.0,Stop
4148,1,2026-04-02 10:05:36,Sell,6,19683.25,Limit
4148,2,2026-04-02 10:13:54,Buy,6,19706.0,Stop
4149,1,2026-04-02 10:21:20,Buy,10,32.18,Market
4149,2,2026-04-02 11:22:55,Sell,10,31.91,Stop
4150,1,2026-04-02 10:21:22,Buy,10,32.18,Market
4150,2,2026-04-02 11:22:47,Sell,10,31.91,Stop
4151,1,2026-04-02 10:21:20,Buy,10,32.19,Market
4151,2,2026-04-02 11:22:47,Sell,10,31.91,Stop
4152,1,2026-04-02 10:21:23,Buy,10,32.18,Limit
4152,2,2026-04-02 11:22:54,Sell,10,31.91,Stop
4153,1,2026-04-02 10:21:22,Buy,10,32.18,Limit
4153,2,2026-04-02 11:22:45,Sell,10,31.91,Stop
4154,1,2026-04-02 03:27:33,Sell,5,3647.9,Market
4154,2,2026-04-02 03:55:22,Buy,5,3654.1,Stop
4155,1,2026-04-02 03:27:36,Sell,5,3647.8,Limit
4155,2,2026-04-02 03:55:07,Buy,5,3654.2,Stop
4156,1,2026-04-02 03:27:33,Sell,5,3647.9,Market
4156,2,2026-04-02 03:54:48,Buy,5,3654.1,Stop
4157,1,2026-04-02 03:27:34,Sell,5,3647.9,Limit
4157,2,2026-04-02 03:55:20,Buy,5,3654.1,Stop
4158,1,2026-04-02 03:27:35,Sell,5,3647.8,Market
4158,2,2026-04-02 03:54:54,Buy,5,3654.2,Stop
4159,1,2026-04-02 03:27:36,Sell,5,3647.9,Limit
4159,2,2026-04-02 03:54:36,Buy,5,3654.1,Stop
4160,1,2026-04-03 09:52:13,Buy,6,19622.75,Market
4160,2,2026-04-03 10:39:02,Sell,3,19645.5,Limit
4160,3,2026-04-03 11:25:51,Sell,3,19675.5,Limit
4161,1,2026-04-03 09:52:16,Buy,6,19622.75,Market
4161,2,2026-04-03 11:25:18,Sell,6,19660.5,Limit
4162,1,2026-04-03 09:52:15,Buy,6,19622.75,Market
4162,2,2026-04-03 10:39:14.500000,Sell,3,19645.5,Limit
4162,3,2026-04-03 11:26:14,Sell,3,19675.5,Limit
4163,1,2026-04-03 09:52:16,Buy,6,19623.0,Market
4163,2,2026-04-03 11:25:18,Sell,6,19660.25,Limit
4164,1,2026-04-03 09:52:13,Buy,6,19623.0,Limit
4164,2,2026-04-03 10:39:09.500000,Sell,3,19645.5,Limit
4164,3,2026-04-03 11:26:06,Sell,3,19675.5,Limit
4165,1,2026-04-03 12:11:27,Sell,10,1664.8,Limit
4165,2,2026-04-03 12:17:29,Buy,10,1660.1,Limit
4166,1,2026-04-03 12:11:28,Sell,10,1664.8,Limit
4166,2,2026-04-03 12:17:55,Buy,10,1660.1,Limit
4167,1,2026-04-03 12:11:29,Sell,10,1664.7,Market
4167,2,2026-04-03 12:18:10,Buy,10,1660.1,Limit
4168,1,2026-04-03 12:11:28,Sell,10,1664.8,Market
4168,2,2026-04-03 12:14:30,Buy,5,1662.0,Limit
4168,3,2026-04-03 12:17:32,Buy,5,1658.2,Limit
4169,1,2026-04-03 12:11:28,Sell,10,1664.8,Limit
4169,2,2026-04-03 12:17:58,Buy,10,1660.1,Limit
4170,1,2026-04-03 12:11:28,Sell,10,1664.7,Market
4170,2,2026-04-03 12:18:06,Buy,10,1660.1,Limit
4171,1,2026-04-03 12:11:28,Sell,10,1664.8,Market
4171,2,2026-04-03 12:14:38.500000,Buy,5,1662.0,Limit
4171,3,2026-04-03 12:17:49,Buy,5,1658.2,Limit
4172,1,2026-04-03 08:46:46,Buy,10,6341.75,Market
4172,2,2026-04-03 09:06:38,Sell,10,6335.5,Stop
4173,1,2026-04-03 08:46:46,Buy,10,6341.75,Market
4173,2,2026-04-03 09:06:01,Sell,10,6335.5,Stop
4174,1,2026-04-03 08:46:46,Buy,10,6342.0,Limit
4174,2,2026-04-03 09:05:48,Sell,10,6335.5,Stop
4175,1,2026-04-03 08:46:49,Buy,10,6341.75,Limit
4175,2,2026-04-03 09:05:49,Sell,10,6335.5,Stop
4176,1,2026-04-03 08:46:48,Buy,10,6342.0,Limit
4176,2,2026-04-03 09:06:17,Sell,10,6335.25,Stop
4177,1,2026-04-03 08:46:48,Buy,10,6341.75,Market
4177,2,2026-04-03 09:06:41,Sell,10,6335.5,Stop
4178,1,2026-04-06 09:53:47,Buy,6,19865.75,Market
4178,2,2026-04-06 10:55:05,Sell,6,19844.25,Stop
4179,1,2026-04-06 09:53:47,Buy,6,19865.75,Market
4179,2,2026-04-06 10:55:32,Sell,6,19844.25,Stop
4180,1,2026-04-06 09:53:49,Buy,6,19866.0,Market
4180,2,2026-04-06 10:55:02,Sell,6,19844.25,Stop
4181,1,2026-04-06 09:53:49,Buy,6,19865.75,Limit
4181,2,2026-04-06 10:54:59,Sell,6,19844.25,Stop
4182,1,2026-04-06 09:53:50,Buy,6,19865.75,Limit
4182,2,2026-04-06 10:55:22,Sell,6,19844.25,Stop
4183,1,2026-04-06 09:53:50,Buy,6,19866.0,Market
4183,2,2026-04-06 10:54:55,Sell,6,19844.25,Stop
4184,1,2026-04-06 09:53:48,Buy,6,19866.0,Market
4184,2,2026-04-06 10:55:31,Sell,6,19844.25,Stop
4185,1,2026-04-06 12:24:16,Sell,10,6365.5,Market
4185,2,2026-04-06 12:30:34,Buy,10,6370.5,Stop
4186,1,2026-04-06 12:24:16,Sell,10,6365.5,Limit
4186,2,2026-04-06 12:30:55,Buy,10,6370.5,Stop
4187,1,2026-04-06 12:24:16,Sell,10,6365.25,Market
4187,2,2026-04-06 12:30:16,Buy,10,6370.5,Stop
4188,1,2026-04-06 12:24:19,Sell,10,6365.5,Market
4188,2,2026-04-06 12:31:11,Buy,10,6370.5,Stop
4189,1,2026-04-06 12:24:16,Sell,10,6365.25,Limit
4189,2,2026-04-06 12:30:21,Buy,10,6370.75,Stop
4190,1,2026-04-06 12:24:17,Sell,10,6365.5,Limit
4190,2,2026-04-06 12:30:33,Buy,10,6370.5,Stop
4191,1,2026-04-06 12:24:18,Sell,10,6365.25,Limit
4191,2,2026-04-06 12:31:00,Buy,10,6370.75,Stop
4192,1,2026-04-07 09:56:25,Buy,10,6398.0,Limit
4192,2,2026-04-07 10:09:49,Sell,10,6391.5,Stop
4193,1,2026-04-07 09:56:27,Buy,10,6398.0,Market
4193,2,2026-04-07 10:09:29,Sell,10,6391.5,Stop
4194,1,2026-04-07 09:56:27,Buy,10,6398.25,Limit
4194,2,2026-04-07 10:09:36,Sell,10,6391.25,Stop
4195,1,2026-04-07 09:56:27,Buy,10,6398.25,Limit
4195,2,2026-04-07 10:09:43,Sell,10,6391.25,Stop
4196,1,2026-04-07 09:56:26,Buy,10,6398.0,Limit
4196,2,2026-04-07 10:09:46,Sell,10,6391.5,Stop
4197,1,2026-04-07 12:25:10,Sell,10,6395.75,Limit
4197,2,2026-04-07 12:42:16,Buy,10,6401.5,Stop
4198,1,2026-04-07 12:25:11,Sell,10,6395.5,Market
4198,2,2026-04-07 12:43:07,Buy,10,6401.5,Stop
4199,1,2026-04-07 12:25:10,Sell,10,6395.75,Limit
4199,2,2026-04-07 12:42:13,Buy,10,6401.5,Stop
4200,1,2026-04-07 12:25:11,Sell,10,6395.75,Limit
4200,2,2026-04-07 12:42:32,Buy,10,6401.5,Stop
4201,1,2026-04-07 12:25:13,Sell,10,6395.75,Market
4201,2,2026-04-07 12:42:46,Buy,10,6401.5,Stop
4202,1,2026-04-07 12:25:13,Sell,10,6395.75,Market
4202,2,2026-04-07 12:42:47,Buy,10,6401.5,Stop
4203,1,2026-04-07 10:27:04,Buy,6,19686.25,Limit
4203,2,2026-04-07 11:59:57,Sell,6,19661.5,Stop
4204,1,2026-04-07 10:27:07,Buy,6,19686.25,Market
4204,2,2026-04-07 11:59:12,Sell,6,19661.5,Stop
4205,1,2026-04-07 10:27:07,Buy,6,19686.25,Market
4205,2,2026-04-07 11:59:21,Sell,6,19661.5,Stop
4206,1,2026-04-07 10:27:05,Buy,6,19686.25,Limit
4206,2,2026-04-07 11:59:28,Sell,6,19661.5,Stop
4207,1,2026-04-07 10:27:06,Buy,6,19686.25,Market
4207,2,2026-04-07 11:59:37,Sell,6,19661.5,Stop
4208,1,2026-04-07 10:27:07,Buy,6,19686.5,Market
4208,2,2026-04-07 11:59:54,Sell,6,19661.5,Stop
4209,1,2026-04-07 03:22:02,Buy,10,31.66,Market
4209,2,2026-04-07 03:46:13,Sell,5,31.87,Limit
4209,3,2026-04-07 04:10:24,Sell,5,32.15,Limit
4210,1,2026-04-07 03:22:03,Buy,10,31.67,Limit
4210,2,2026-04-07 03:46:14.500000,Sell,5,31.87,Limit
4210,3,2026-04-07 04:10:26,Sell,5,32.13,Limit
4211,1,2026-04-07 03:22:03,Buy,10,31.66,Market
4211,2,2026-04-07 03:46:28,Sell,5,31.87,Limit
4211,3,2026-04-07 04:10:53,Sell,5,32.15,Limit
4212,1,2026-04-07 03:22:04,Buy,10,31.67,Limit
4212,2,2026-04-07 03:46:33.500000,Sell,5,31.87,Limit
4212,3,2026-04-07 04:11:03,Sell,5,32.13,Limit
4213,1,2026-04-07 03:22:03,Buy,10,31.67,Limit
4213,2,2026-04-07 04:10:44,Sell,10,32.0,Limit
4214,1,2026-04-07 03:22:05,Buy,10,31.66,Limit
4214,2,2026-04-07 03:46:08,Sell,5,31.87,Limit
4214,3,2026-04-07 04:10:11,Sell,5,32.15,Limit
4215,1,2026-04-08 09:48:37,Sell,6,19832.75,Limit
4215,2,2026-04-08 11:01:26,Buy,6,19861.25,Stop
4216,1,2026-04-08 09:48:40,Sell,6,19832.75,Limit
4216,2,2026-04-08 11:00:53,Buy,6,19861.25,Stop
4217,1,2026-04-08 09:48:40,Sell,6,19832.5,Limit
4217,2,2026-04-08 11:01:20,Buy,6,19861.5,Stop
4218,1,2026-04-08 09:48:37,Sell,6,19832.75,Limit
4218,2,2026-04-08 11:00:42,Buy,6,19861.25,Stop
4219,1,2026-04-08 09:48:40,Sell,6,19832.75,Limit
4219,2,2026-04-08 11:00:51,Buy,6,19861.25,Stop
4220,1,2026-04-08 09:48:40,Sell,6,19832.5,Limit
4220,2,2026-04-08 11:01:22,Buy,6,19861.5,Stop
4221,1,2026-04-08 10:23:25,Buy,5,3730.1,Limit
4221,2,2026-04-08 10:41:11,Sell,2,3737.1,Limit
4221,3,2026-04-08 10:58:57,Sell,3,3744.9,Limit
4222,1,2026-04-08 10:23:26,Buy,5,3730.1,Market
4222,2,2026-04-08 10:41:08,Sell,2,3737.1,Limit
4222,3,2026-04-08 10:58:50,Sell,3,3744.9,Limit
4223,1,2026-04-08 10:23:27,Buy,5,3730.2,Limit
4223,2,2026-04-08 10:58:51,Sell,5,3741.7,Limit
4224,1,2026-04-08 10:23:28,Buy,5,3730.2,Limit
4224,2,2026-04-08 10:58:44,Sell,5,3741.8,Limit
4225,1,2026-04-08 10:23:25,Buy,5,3730.1,Market
4225,2,2026-04-08 10:58:35,Sell,5,3741.8,Limit
4226,1,2026-04-08 10:23:27,Buy,5,3730.1,Market
4226,2,2026-04-08 10:41:16,Sell,2,3737.1,Limit
4226,3,2026-04-08 10:59:05,Sell,3,3744.9,Limit
4227,1,2026-04-08 10:23:26,Buy,5,3730.2,Market
4227,2,2026-04-08 10:41:08,Sell,2,3737.2,Limit
4227,3,2026-04-08 10:58:50,Sell,3,3744.9,Limit
4228,1,2026-04-09 09:50:59,Sell,10,42634.0,Limit
4228,2,2026-04-09 10:40:55,Buy,10,42700.0,Stop
4229,1,2026-04-09 09:51:02,Sell,10,42634.0,Market
4229,2,2026-04-09 10:40:21,Buy,10,42700.0,Stop
4230,1,2026-04-09 09:51:01,Sell,10,42633.0,Market
4230,2,2026-04-09 10:40:46,Buy,10,42700.0,Stop
4231,1,2026-04-09 09:51:02,Sell,10,42634.0,Market
4231,2,2026-04-09 10:40:43,Buy,10,42700.0,Stop
4232,1,2026-04-09 09:50:59,Sell,10,42633.0,Limit
4232,2,2026-04-09 10:40:38,Buy,10,42700.0,Stop
4233,1,2026-04-09 10:23:45,Sell,5,3737.5,Limit
4233,2,2026-04-09 10:42:04,Buy,5,3744.0,Stop
4234,1,2026-04-09 10:23:47,Sell,5,3737.5,Limit
4234,2,2026-04-09 10:42:23,Buy,5,3744.0,Stop
4235,1,2026-04-09 10:23:47,Sell,5,3737.5,Limit
4235,2,2026-04-09 10:42:44,Buy,5,3744.0,Stop
4236,1,2026-04-09 10:23:45,Sell,5,3737.5,Limit
4236,2,2026-04-09 10:41:59,Buy,5,3744.0,Stop
4237,1,2026-04-09 10:23:46,Sell,5,3737.5,Limit
4237,2,2026-04-09 10:41:47,Buy,5,3744.0,Stop
4238,1,2026-04-09 03:19:44,Sell,5,3739.8,Market
4238,2,2026-04-09 04:27:06,Buy,5,3745.8,Stop
4239,1,2026-04-09 03:19:45,Sell,5,3739.8,Limit
4239,2,2026-04-09 04:27:08,Buy,5,3745.8,Stop
4240,1,2026-04-09 03:19:47,Sell,5,3739.8,Limit
4240,2,2026-04-09 04:27:37,Buy,5,3745.8,Stop
4241,1,2026-04-09 03:19:45,Sell,5,3739.8,Market
4241,2,2026-04-09 04:27:42,Buy,5,3745.8,Stop
4242,1,2026-04-09 03:19:45,Sell,5,3739.7,Market
4242,2,2026-04-09 04:27:04,Buy,5,3745.8,Stop
4243,1,2026-04-09 03:19:46,Sell,5,3739.8,Limit
4243,2,2026-04-09 04:27:10,Buy,5,3745.8,Stop
4244,1,2026-04-09 03:19:46,Sell,5,3739.8,Market
4244,2,2026-04-09 04:26:56,Buy,5,3745.8,Stop
4245,1,2026-04-10 09:58:46,Buy,10,42305.0,Limit
4245,2,2026-04-10 10:31:01,Sell,10,42238.0,Stop
4246,1,2026-04-10 09:58:49,Buy,10,42305.0,Market
4246,2,2026-04-10 10:31:31,Sell,10,42238.0,Stop
4247,1,2026-04-10 09:58:47,Buy,10,42306.0,Market
4247,2,2026-04-10 10:30:53,Sell,10,42238.0,Stop
4248,1,2026-04-10 09:58:49,Buy,10,42305.0,Limit
4248,2,2026-04-10 10:31:31,Sell,10,42238.0,Stop
4249,1,2026-04-10 09:58:48,Buy,10,42305.0,Limit
4249,2,2026-04-10 10:30:48,Sell,10,42238.0,Stop
4250,1,2026-04-10 10:40:34,Buy,6,20373.5,Limit
4250,2,2026-04-10 10:57:18,Sell,6,20342.5,Stop
4251,1,2026-04-10 10:40:34,Buy,6,20373.75,Market
4251,2,2026-04-10 10:57:09,Sell,6,20342.25,Stop
4252,1,2026-04-10 10:40:37,Buy,6,20373.5,Market
4252,2,2026-04-10 10:57:12,Sell,6,20342.5,Stop
4253,1,2026-04-10 10:40:34,Buy,6,20373.5,Limit
4253,2,2026-04-10 10:57:22,Sell,6,20342.5,Stop
4254,1,2026-04-10 03:30:48,Sell,5,3767.5,Market
4254,2,2026-04-10 05:00:19,Buy,5,3759.4,Limit
4255,1,2026-04-10 03:30:48,Sell,5,3767.4,Market
4255,2,2026-04-10 04:15:24.500000,Buy,2,3762.6,Limit
4255,3,2026-04-10 05:00:01,Buy,3,3757.3,Limit
4256,1,2026-04-10 03:30:51,Sell,5,3767.4,Limit
4256,2,2026-04-10 05:00:20,Buy,5,3759.5,Limit
4257,1,2026-04-10 03:30:50,Sell,5,3767.5,Market
4257,2,2026-04-10 05:00:30,Buy,5,3759.4,Limit
4258,1,2026-04-13 09:55:15,Buy,10,6364.0,Market
4258,2,2026-04-13 10:19:11,Sell,10,6358.0,Stop
4259,1,2026-04-13 09:55:15,Buy,10,6364.0,Limit
4259,2,2026-04-13 10:18:16,Sell,10,6358.0,Stop
4260,1,2026-04-13 09:55:15,Buy,10,6364.25,Limit
4260,2,2026-04-13 10:18:44,Sell,10,6358.0,Stop
4261,1,2026-04-13 09:55:18,Buy,10,6364.0,Market
4261,2,2026-04-13 10:18:41,Sell,10,6358.0,Stop
4262,1,2026-04-13 09:55:17,Buy,2,6364.0,Limit
4262,2,2026-04-13 10:18:25,Sell,2,6358.0,Stop
4263,1,2026-04-13 12:25:35,Sell,10,1703.2,Limit
4263,2,2026-04-13 12:40:50,Buy,10,1708.5,Stop
4264,1,2026-04-13 12:25:36,Sell,10,1703.2,Market
4264,2,2026-04-13 12:41:19,Buy,10,1708.5,Stop
4265,1,2026-04-13 12:25:37,Sell,10,1703.2,Market
4265,2,2026-04-13 12:41:26,Buy,10,1708.5,Stop
4266,1,2026-04-13 12:25:36,Sell,10,1703.1,Limit
4266,2,2026-04-13 12:40:49,Buy,10,1708.5,Stop
4267,1,2026-04-13 12:25:38,Sell,10,1703.2,Limit
4267,2,2026-04-13 12:40:51,Buy,10,1708.5,Stop
4268,1,2026-04-13 12:25:37,Sell,2,1703.2,Limit
4268,2,2026-04-13 12:40:40,Buy,2,1708.5,Stop
4269,1,2026-04-13 03:28:15,Sell,5,3810.4,Market
4269,2,2026-04-13 04:48:16,Buy,5,3816.3,Stop
4270,1,2026-04-13 03:28:16,Sell,5,3810.4,Market
4270,2,2026-04-13 04:48:26,Buy,5,3816.3,Stop
4271,1,2026-04-13 03:28:17,Sell,5,3810.4,Market
4271,2,2026-04-13 04:48:49,Buy,5,3816.3,Stop
4272,1,2026-04-13 03:28:16,Sell,5,3810.3,Market
4272,2,2026-04-13 04:48:32,Buy,5,3816.3,Stop
4273,1,2026-04-13 03:28:16,Sell,1,3810.4,Market
4273,2,2026-04-13 04:48:31,Buy,1,3816.3,Stop
4274,1,2026-04-14 10:25:15,Sell,10,31.33,Market
4274,2,2026-04-14 11:12:31.500000,Buy,5,30.9,Limit
4274,3,2026-04-14 11:59:48,Buy,5,30.34,Limit
4275,1,2026-04-14 10:25:18,Sell,10,31.33,Market
4275,2,2026-04-14 11:12:46,Buy,5,30.9,Limit
4275,3,2026-04-14 12:00:14,Buy,5,30.34,Limit
4276,1,2026-04-14 10:25:18,Sell,10,31.32,Market
4276,2,2026-04-14 11:12:44.500000,Buy,5,30.9,Limit
4276,3,2026-04-14 12:00:11,Buy,5,30.34,Limit
4277,1,2026-04-14 10:25:18,Sell,10,31.33,Limit
4277,2,2026-04-14 11:12:41.500000,Buy,5,30.9,Limit
4277,3,2026-04-14 12:00:05,Buy,5,30.34,Limit
4278,1,2026-04-14 10:25:17,Sell,2,31.32,Market
4278,2,2026-04-14 11:12:27,Buy,1,30.9,Limit
4278,3,2026-04-14 11:59:37,Buy,1,30.34,Limit
4279,1,2026-04-14 10:25:16,Sell,10,31.33,Market
4279,2,2026-04-14 11:59:30,Buy,10,30.62,Limit
4280,1,2026-04-14 03:23:47,Sell,5,3755.0,Limit
4280,2,2026-04-14 03:58:18,Buy,5,3760.7,Stop
4281,1,2026-04-14 03:23:49,Sell,5,3755.0,Market
4281,2,2026-04-14 03:57:54,Buy,5,3760.7,Stop
4282,1,2026-04-14 03:23:49,Sell,5,3754.9,Limit
4282,2,2026-04-14 03:57:58,Buy,5,3760.8,Stop
4283,1,2026-04-14 03:23:49,Sell,1,3754.9,Market
4283,2,2026-04-14 03:58:26,Buy,1,3760.7,Stop
4284,1,2026-04-14 03:23:50,Sell,5,3754.9,Market
4284,2,2026-04-14 03:58:14,Buy,5,3760.8,Stop
4285,1,2026-04-14 08:35:27,Buy,10,6426.75,Limit
4285,2,2026-04-14 08:38:36,Sell,5,6430.5,Limit
4285,3,2026-04-14 08:41:45,Sell,5,6435.5,Limit
4286,1,2026-04-14 08:35:28,Buy,10,6426.75,Limit
4286,2,2026-04-14 08:41:34,Sell,10,6433.0,Limit
4287,1,2026-04-14 08:35:30,Buy,10,6426.75,Limit
4287,2,2026-04-14 08:38:45.500000,Sell,5,6430.5,Limit
4287,3,2026-04-14 08:42:01,Sell,5,6435.5,Limit
4288,1,2026-04-14 08:35:29,Buy,10,6427.0,Limit
4288,2,2026-04-14 08:41:42,Sell,10,6433.0,Limit
4289,1,2026-04-14 08:35:30,Buy,2,6427.0,Market
4289,2,2026-04-14 08:41:58,Sell,2,6432.75,Limit
4290,1,2026-04-14 08:35:30,Buy,10,6426.75,Market
4290,2,2026-04-14 08:42:01,Sell,10,6433.0,Limit
4291,1,2026-04-15 09:55:28,Sell,6,20037.5,Limit
4291,2,2026-04-15 10:15:49,Buy,6,20064.25,Stop
4292,1,2026-04-15 09:55:31,Sell,6,20037.5,Market
4292,2,2026-04-15 10:16:03,Buy,6,20064.25,Stop
4293,1,2026-04-15 09:55:28,Sell,6,20037.5,Market
4293,2,2026-04-15 10:16:22,Buy,6,20064.25,Stop
4294,1,2026-04-15 09:55:28,Sell,6,20037.5,Market
4294,2,2026-04-15 10:16:09,Buy,6,20064.25,Stop
4295,1,2026-04-15 09:55:29,Sell,2,20037.25,Limit
4295,2,2026-04-15 10:16:10,Buy,2,20064.25,Stop
4296,1,2026-04-15 09:55:28,Sell,6,20037.5,Limit
4296,2,2026-04-15 10:15:46,Buy,6,20064.25,Stop
4297,1,2026-04-15 10:30:46,Buy,10,32.09,Limit
4297,2,2026-04-15 10:41:52,Sell,10,32.56,Limit
4298,1,2026-04-15 10:30:47,Buy,10,32.09,Limit
4298,2,2026-04-15 10:42:42,Sell,10,32.56,Limit
4299,1,2026-04-15 10:30:48,Buy,10,32.1,Limit
4299,2,2026-04-15 10:36:43.500000,Sell,5,32.37,Limit
4299,3,2026-04-15 10:42:39,Sell,5,32.73,Limit
4300,1,2026-04-15 10:30:46,Buy,10,32.09,Market
4300,2,2026-04-15 10:36:21.500000,Sell,5,32.37,Limit
4300,3,2026-04-15 10:41:57,Sell,5,32.75,Limit
4301,1,2026-04-15 10:30:47,Buy,2,32.09,Limit
4301,2,2026-04-15 10:41:51,Sell,2,32.56,Limit
4302,1,2026-04-15 10:30:47,Buy,10,32.09,Market
4302,2,2026-04-15 10:42:10,Sell,10,32.56,Limit
4303,1,2026-04-16 10:28:54,Sell,5,3737.0,Limit
4303,2,2026-04-16 11:02:40,Buy,5,3742.8,Stop
4304,1,2026-04-16 10:28:57,Sell,5,3737.0,Limit
4304,2,2026-04-16 11:02:02,Buy,5,3742.8,Stop
4305,1,2026-04-16 10:28:54,Sell,5,3737.0,Limit
4305,2,2026-04-16 11:01:57,Buy,5,3742.8,Stop
4306,1,2026-04-16 10:28:57,Sell,5,3736.9,Limit
4306,2,2026-04-16 11:02:37,Buy,5,3742.8,Stop
4307,1,2026-04-16 10:28:55,Sell,1,3736.9,Market
4307,2,2026-04-16 11:02:46,Buy,1,3742.8,Stop
4308,1,2026-04-16 10:28:55,Sell,5,3737.0,Limit
4308,2,2026-04-16 11:02:40,Buy,5,3742.8,Stop
4309,1,2026-04-16 03:28:28,Buy,5,3735.4,Market
4309,2,2026-04-16 04:10:24.500000,Sell,2,3740.6,Limit
4309,3,2026-04-16 04:52:21,Sell,3,3746.4,Limit
4310,1,2026-04-16 03:28:30,Buy,5,3735.4,Market
4310,2,2026-04-16 04:51:40,Sell,5,3744.1,Limit
4311,1,2026-04-16 03:28:28,Buy,5,3735.5,Market
4311,2,2026-04-16 04:10:27.500000,Sell,2,3740.7,Limit
4311,3,2026-04-16 04:52:27,Sell,3,3746.4,Limit
4312,1,2026-04-16 03:28:30,Buy,5,3735.4,Limit
4312,2,2026-04-16 04:51:51,Sell,5,3744.1,Limit
4313,1,2026-04-16 03:28:29,Buy,1,3735.4,Market
4313,2,2026-04-16 04:51:56,Sell,1,3744.1,Limit
4314,1,2026-04-16 03:28:29,Buy,5,3735.5,Limit
4314,2,2026-04-16 04:51:44,Sell,5,3744.1,Limit
4315,1,2026-04-17 09:51:27,Buy,10,41514.0,Limit
4315,2,2026-04-17 10:02:18,Sell,10,41449.0,Stop
4316,1,2026-04-17 09:51:28,Buy,10,41515.0,Limit
4316,2,2026-04-17 10:01:57,Sell,10,41449.0,Stop
4317,1,2026-04-17 09:51:27,Buy,10,41515.0,Limit
4317,2,2026-04-17 10:02:14,Sell,10,41449.0,Stop
4318,1,2026-04-17 09:51:28,Buy,10,41515.0,Market
4318,2,2026-04-17 10:02:03,Sell,10,41449.0,Stop
4319,1,2026-04-17 09:51:27,Buy,2,41514.0,Limit
4319,2,2026-04-17 10:01:59,Sell,2,41449.0,Stop
4320,1,2026-04-17 09:51:30,Buy,10,41514.0,Limit
4320,2,2026-04-17 10:02:24,Sell,10,41449.0,Stop
4321,1,2026-04-20 10:06:03,Sell,10,6274.75,Limit
4321,2,2026-04-20 10:28:55,Buy,5,6268.5,Limit
4321,3,2026-04-20 10:51:47,Buy,5,6260.5,Limit
4322,1,2026-04-20 10:06:05,Sell,10,6274.5,Limit
4322,2,2026-04-20 10:28:51.500000,Buy,5,6268.75,Limit
4322,3,2026-04-20 10:51:38,Buy,5,6260.75,Limit
4323,1,2026-04-20 10:06:06,Sell,10,6274.5,Limit
4323,2,2026-04-20 10:51:39,Buy,10,6264.75,Limit
4324,1,2026-04-20 10:06:05,Sell,10,6274.5,Market
4324,2,2026-04-20 10:51:58,Buy,10,6264.5,Limit
4325,1,2026-04-20 10:06:06,Sell,2,6274.75,Market
4325,2,2026-04-20 10:51:38,Buy,2,6264.5,Limit
4326,1,2026-04-20 10:06:04,Sell,10,6274.75,Limit
4326,2,2026-04-20 10:51:14,Buy,10,6264.5,Limit
4327,1,2026-04-20 12:15:02,Buy,10,1743.0,Limit
4327,2,2026-04-20 12:33:09,Sell,10,1736.9,Stop
4328,1,2026-04-20 12:15:05,Buy,10,1743.0,Limit
4328,2,2026-04-20 12:33:31,Sell,10,1736.9,Stop
4329,1,2026-04-20 12:15:04,Buy,10,1743.1,Market
4329,2,2026-04-20 12:33:19,Sell,10,1736.9,Stop
4330,1,2026-04-20 12:15:05,Buy,10,1743.1,Market
4330,2,2026-04-20 12:33:08,Sell,10,1736.8,Stop
4331,1,2026-04-20 10:27:13,Sell,5,3787.2,Market
4331,2,2026-04-20 11:40:13,Buy,5,3778.7,Limit
4332,1,2026-04-20 10:27:15,Sell,5,3787.2,Market
4332,2,2026-04-20 11:41:10,Buy,5,3778.7,Limit
4333,1,2026-04-20 10:27:16,Sell,5,3787.2,Market
4333,2,2026-04-20 11:40:54,Buy,5,3778.7,Limit
4334,1,2026-04-20 10:27:13,Sell,1,3787.2,Limit
4334,2,2026-04-20 11:40:47,Buy,1,3778.7,Limit
4335,1,2026-04-20 10:27:15,Sell,5,3787.2,Limit
4335,2,2026-04-20 11:40:20,Buy,5,3778.7,Limit
4336,1,2026-04-20 03:20:31,Buy,5,3786.1,Market
4336,2,2026-04-20 04:34:35,Sell,5,3780.1,Stop
4337,1,2026-04-20 03:20:33,Buy,5,3786.1,Limit
4337,2,2026-04-20 04:34:53,Sell,5,3780.1,Stop
4338,1,2026-04-20 03:20:34,Buy,5,3786.1,Market
4338,2,2026-04-20 04:34:53,Sell,5,3780.1,Stop
4339,1,2026-04-20 03:20:32,Buy,5,3786.1,Market
4339,2,2026-04-20 04:35:27,Sell,5,3780.1,Stop
4340,1,2026-04-20 03:20:33,Buy,1,3786.1,Limit
4340,2,2026-04-20 04:34:43,Sell,1,3780.1,Stop
4341,1,2026-04-20 03:20:33,Buy,5,3786.2,Market
4341,2,2026-04-20 04:35:07,Sell,5,3780.1,Stop
4342,1,2026-04-21 09:49:10,Sell,10,41627.0,Limit
4342,2,2026-04-21 10:48:29,Buy,10,41675.0,Stop
4343,1,2026-04-21 09:49:13,Sell,10,41627.0,Limit
4343,2,2026-04-21 10:48:44,Buy,10,41675.0,Stop
4344,1,2026-04-21 09:49:13,Sell,10,41626.0,Limit
4344,2,2026-04-21 10:48:47,Buy,10,41676.0,Stop
4345,1,2026-04-21 09:49:12,Sell,10,41627.0,Market
4345,2,2026-04-21 10:48:44,Buy,10,41675.0,Stop
4346,1,2026-04-21 09:49:10,Sell,2,41626.0,Market
4346,2,2026-04-21 10:48:20,Buy,2,41675.0,Stop
4347,1,2026-04-21 09:49:13,Sell,10,41626.0,Market
4347,2,2026-04-21 10:48:34,Buy,10,41675.0,Stop
4348,1,2026-04-21 10:26:46,Buy,5,3789.5,Limit
4348,2,2026-04-21 10:51:00,Sell,5,3784.5,Stop
4349,1,2026-04-21 10:26:47,Buy,5,3789.6,Market
4349,2,2026-04-21 10:50:57,Sell,5,3784.4,Stop
4350,1,2026-04-21 10:26:49,Buy,5,3789.5,Market
4350,2,2026-04-21 10:51:24,Sell,5,3784.5,Stop
4351,1,2026-04-21 10:26:46,Buy,5,3789.5,Limit
4351,2,2026-04-21 10:51:02,Sell,5,3784.5,Stop
4352,1,2026-04-21 10:26:46,Buy,5,3789.5,Market
4352,2,2026-04-21 10:50:47,Sell,5,3784.5,Stop
4353,1,2026-04-21 03:26:50,Sell,5,3775.6,Market
4353,2,2026-04-21 04:21:46,Buy,5,3782.4,Stop
4354,1,2026-04-21 03:26:50,Sell,5,3775.5,Market
4354,2,2026-04-21 04:21:10,Buy,5,3782.4,Stop
4355,1,2026-04-21 03:26:51,Sell,5,3775.6,Limit
4355,2,2026-04-21 04:21:30,Buy,5,3782.4,Stop
4356,1,2026-04-21 03:26:52,Sell,5,3775.5,Limit
4356,2,2026-04-21 04:21:00,Buy,5,3782.4,Stop
4357,1,2026-04-21 03:26:50,Sell,5,3775.6,Market
4357,2,2026-04-21 04:21:08,Buy,5,3782.4,Stop
4358,1,2026-04-22 09:52:32,Sell,10,41660.0,Market
4358,2,2026-04-22 10:10:45,Buy,10,41711.0,Stop
4359,1,2026-04-22 09:52:35,Sell,10,41659.0,Limit
4359,2,2026-04-22 10:11:13,Buy,10,41711.0,Stop
4360,1,2026-04-22 09:52:32,Sell,10,41660.0,Limit
4360,2,2026-04-22 10:10:47,Buy,10,41711.0,Stop
4361,1,2026-04-22 09:52:35,Sell,10,41660.0,Market
4361,2,2026-04-22 10:11:26,Buy,10,41711.0,Stop
4362,1,2026-04-22 09:52:33,Sell,2,41660.0,Market
4362,2,2026-04-22 10:10:59,Buy,2,41711.0,Stop
4363,1,2026-04-22 10:20:31,Sell,10,32.91,Limit
4363,2,2026-04-22 11:24:53,Buy,10,32.3,Limit
4364,1,2026-04-22 10:20:33,Sell,10,32.9,Limit
4364,2,2026-04-22 11:25:31,Buy,10,32.31,Limit
4365,1,2026-04-22 10:20:31,Sell,10,32.91,Limit
4365,2,2026-04-22 10:52:52.500000,Buy,5,32.54,Limit
4365,3,2026-04-22 11:25:14,Buy,5,32.06,Limit
4366,1,2026-04-22 10:20:34,Sell,10,32.91,Market
4366,2,2026-04-22 11:24:35,Buy,10,32.3,Limit
4367,1,2026-04-22 10:20:34,Sell,2,32.91,Market
4367,2,2026-04-22 10:52:50.500000,Buy,1,32.54,Limit
4367,3,2026-04-22 11:25:07,Buy,1,32.06,Limit
4368,1,2026-04-22 10:20:32,Sell,10,32.91,Market
4368,2,2026-04-22 10:52:48,Buy,5,32.54,Limit
4368,3,2026-04-22 11:25:04,Buy,5,32.06,Limit
4369,1,2026-04-23 10:04:02,Sell,6,20475.75,Limit
4369,2,2026-04-23 11:04:52,Buy,6,20505.25,Stop
4370,1,2026-04-23 10:04:04,Sell,6,20475.5,Limit
4370,2,2026-04-23 11:04:06,Buy,6,20505.25,Stop
4371,1,2026-04-23 10:04:05,Sell,6,20475.5,Market
4371,2,2026-04-23 11:04:05,Buy,6,20505.25,Stop
4372,1,2026-04-23 10:04:02,Sell,2,20475.75,Limit
4372,2,2026-04-23 11:04:11,Buy,2,20505.25,Stop
4373,1,2026-04-23 10:04:03,Sell,6,20475.5,Market
4373,2,2026-04-23 11:04:45,Buy,6,20505.5,Stop
4374,1,2026-04-23 12:10:20,Buy,10,6321.0,Limit
4374,2,2026-04-23 12:18:20,Sell,10,6315.25,Stop
4375,1,2026-04-23 12:10:22,Buy,10,6321.0,Market
4375,2,2026-04-23 12:18:38,Sell,10,6315.25,Stop
4376,1,2026-04-23 12:10:23,Buy,10,6321.0,Limit
4376,2,2026-04-23 12:19:12,Sell,10,6315.25,Stop
4377,1,2026-04-23 12:10:23,Buy,10,6321.0,Market
4377,2,2026-04-23 12:18:29,Sell,10,6315.25,Stop
4378,1,2026-04-23 12:10:21,Buy,10,6321.0,Limit
4378,2,2026-04-23 12:19:03,Sell,10,6315.25,Stop
4379,1,2026-04-23 10:26:03,Buy,5,3721.1,Market
4379,2,2026-04-23 10:40:16,Sell,5,3714.8,Stop
4380,1,2026-04-23 10:26:03,Buy,5,3721.1,Market
4380,2,2026-04-23 10:40:33,Sell,5,3714.8,Stop
4381,1,2026-04-23 10:26:03,Buy,5,3721.1,Market
4381,2,2026-04-23 10:40:35,Sell,5,3714.8,Stop
4382,1,2026-04-23 10:26:03,Buy,5,3721.2,Market
4382,2,2026-04-23 10:40:13,Sell,5,3714.8,Stop
4383,1,2026-04-23 10:26:03,Buy,1,3721.2,Market
4383,2,2026-04-23 10:40:50,Sell,1,3714.7,Stop
4384,1,2026-04-23 10:26:05,Buy,5,3721.1,Market
4384,2,2026-04-23 10:40:53,Sell,5,3714.8,Stop
4385,1,2026-04-23 03:34:06,Sell,5,3714.4,Limit
4385,2,2026-04-23 03:46:54,Buy,5,3719.2,Stop
4386,1,2026-04-23 03:34:07,Sell,5,3714.3,Market
4386,2,2026-04-23 03:46:29,Buy,5,3719.2,Stop
4387,1,2026-04-23 03:34:09,Sell,5,3714.3,Market
4387,2,2026-04-23 03:47:01,Buy,5,3719.2,Stop
4388,1,2026-04-23 03:34:08,Sell,1,3714.4,Market
4388,2,2026-04-23 03:46:49,Buy,1,3719.2,Stop
4389,1,2026-04-23 03:34:07,Sell,5,3714.3,Market
4389,2,2026-04-23 03:46:13,Buy,5,3719.3,Stop
4390,1,2026-04-24 09:55:58,Buy,10,6392.75,Market
4390,2,2026-04-24 10:41:35,Sell,10,6388.25,Stop
4391,1,2026-04-24 09:55:59,Buy,10,6392.75,Market
4391,2,2026-04-24 10:41:18,Sell,10,6388.25,Stop
4392,1,2026-04-24 09:56:01,Buy,10,6393.0,Market
4392,2,2026-04-24 10:41:35,Sell,10,6388.25,Stop
4393,1,2026-04-24 09:55:58,Buy,2,6392.75,Market
4393,2,2026-04-24 10:41:30,Sell,2,6388.25,Stop
4394,1,2026-04-24 09:56:01,Buy,10,6392.75,Market
4394,2,2026-04-24 10:41:52,Sell,10,6388.25,Stop
4395,1,2026-04-24 12:14:57,Buy,10,6400.75,Market
4395,2,2026-04-24 12:19:36,Sell,5,6405.25,Limit
4395,3,2026-04-24 12:24:15,Sell,5,6411.25,Limit
4396,1,2026-04-24 12:15:00,Buy,10,6400.75,Market
4396,2,2026-04-24 12:19:45,Sell,5,6405.25,Limit
4396,3,2026-04-24 12:24:30,Sell,5,6411.25,Limit
4397,1,2026-04-24 12:14:59,Buy,10,6400.75,Limit
4397,2,2026-04-24 12:19:43,Sell,5,6405.25,Limit
4397,3,2026-04-24 12:24:27,Sell,5,6411.25,Limit
4398,1,2026-04-24 12:14:57,Buy,10,6401.0,Market
4398,2,2026-04-24 12:19:41.500000,Sell,5,6405.25,Limit
4398,3,2026-04-24 12:24:26,Sell,5,6411.25,Limit
4399,1,2026-04-24 12:15:00,Buy,10,6400.75,Market
4399,2,2026-04-24 12:19:40.500000,Sell,5,6405.25,Limit
4399,3,2026-04-24 12:24:21,Sell,5,6411.25,Limit
4400,1,2026-04-24 10:23:51,Buy,10,32.66,Limit
4400,2,2026-04-24 11:17:25,Sell,10,32.39,Stop
4401,1,2026-04-24 10:23:51,Buy,10,32.66,Limit
4401,2,2026-04-24 11:17:44,Sell,10,32.39,Stop
4402,1,2026-04-24 10:23:52,Buy,10,32.67,Market
4402,2,2026-04-24 11:17:51,Sell,10,32.38,Stop
4403,1,2026-04-24 10:23:52,Buy,2,32.66,Limit
4403,2,2026-04-24 11:17:29,Sell,2,32.39,Stop
4404,1,2026-04-24 10:23:51,Buy,10,32.67,Limit
4404,2,2026-04-24 11:17:36,Sell,10,32.38,Stop
4405,1,2026-04-24 10:23:53,Buy,10,32.67,Limit
4405,2,2026-04-24 11:17:02,Sell,10,32.39,Stop
4406,1,2026-04-24 03:21:11,Buy,10,32.79,Limit
4406,2,2026-04-24 04:39:49,Sell,10,32.5,Stop
4407,1,2026-04-24 03:21:13,Buy,2,32.79,Market
4407,2,2026-04-24 04:39:30,Sell,2,32.5,Stop
4408,1,2026-04-24 03:21:12,Buy,10,32.79,Market
4408,2,2026-04-24 04:39:51,Sell,10,32.5,Stop
4409,1,2026-04-24 03:21:12,Buy,10,32.79,Limit
4409,2,2026-04-24 04:39:51,Sell,10,32.5,Stop
4410,1,2026-04-27 10:04:57,Sell,10,6561.0,Limit
4410,2,2026-04-27 10:49:16,Buy,10,6566.25,Stop
4411,1,2026-04-27 10:04:57,Sell,10,6560.75,Market
4411,2,2026-04-27 10:48:59,Buy,10,6566.25,Stop
4412,1,2026-04-27 10:04:59,Sell,2,6561.0,Market
4412,2,2026-04-27 10:49:30,Buy,2,6566.25,Stop
4413,1,2026-04-27 10:04:58,Sell,10,6560.75,Limit
4413,2,2026-04-27 10:49:30,Buy,10,6566.5,Stop
4414,1,2026-04-27 12:15:55,Sell,10,1751.6,Limit
4414,2,2026-04-27 12:23:54,Buy,10,1757.9,Stop
4415,1,2026-04-27 12:15:57,Sell,2,1751.6,Limit
4415,2,2026-04-27 12:23:26,Buy,2,1757.9,Stop
4416,1,2026-04-27 12:15:58,Sell,10,1751.6,Market
4416,2,2026-04-27 12:23:53,Buy,10,1757.9,Stop
4417,1,2026-04-27 10:34:05,Sell,10,33.17,Limit
4417,2,2026-04-27 11:05:44,Buy,5,32.77,Limit
4417,3,2026-04-27 11:37:23,Buy,5,32.25,Limit
4418,1,2026-04-27 10:34:07,Sell,10,33.16,Market
4418,2,2026-04-27 11:37:07,Buy,10,32.51,Limit
4419,1,2026-04-27 10:34:05,Sell,2,33.17,Limit
4419,2,2026-04-27 11:05:48.500000,Buy,1,32.77,Limit
4419,3,2026-04-27 11:37:32,Buy,1,32.25,Limit
4420,1,2026-04-27 10:34:08,Sell,10,33.16,Limit
4420,2,2026-04-27 11:05:45,Buy,5,32.78,Limit
4420,3,2026-04-27 11:37:22,Buy,5,32.26,Limit
4421,1,2026-04-28 09:47:05,Buy,10,6566.5,Market
4421,2,2026-04-28 10:38:39,Sell,10,6578.75,Limit
4422,1,2026-04-28 09:47:08,Buy,10,6566.5,Market
4422,2,2026-04-28 10:13:06,Sell,5,6573.75,Limit
4422,3,2026-04-28 10:39:04,Sell,5,6583.75,Limit
4423,1,2026-04-28 09:47:06,Buy,2,6566.75,Market
4423,2,2026-04-28 10:38:11,Sell,2,6578.75,Limit
4424,1,2026-04-28 09:47:08,Buy,10,6566.5,Market
4424,2,2026-04-28 10:38:55,Sell,10,6578.75,Limit
4425,1,2026-04-28 09:47:08,Buy,10,6566.75,Market
4425,2,2026-04-28 10:38:48,Sell,10,6578.75,Limit
4426,1,2026-04-28 10:21:40,Sell,10,33.99,Limit
4426,2,2026-04-28 10:37:26,Buy,10,34.29,Stop
4427,1,2026-04-28 10:21:40,Sell,10,33.98,Market
4427,2,2026-04-28 10:37:05,Buy,10,34.3,Stop
4428,1,2026-04-28 10:21:43,Sell,2,33.98,Market
4428,2,2026-04-28 10:36:52,Buy,2,34.29,Stop
4429,1,2026-04-28 10:21:41,Sell,10,33.98,Market
4429,2,2026-04-28 10:37:19,Buy,10,34.3,Stop
4430,1,2026-04-29 09:54:06,Buy,10,41484.0,Limit
4430,2,2026-04-29 10:06:15,Sell,10,41432.0,Stop
4431,1,2026-04-29 09:54:06,Buy,10,41485.0,Limit
4431,2,2026-04-29 10:06:19,Sell,10,41432.0,Stop
4432,1,2026-04-29 09:54:09,Buy,2,41484.0,Limit
4432,2,2026-04-29 10:06:43,Sell,2,41432.0,Stop
4433,1,2026-04-29 09:54:06,Buy,10,41484.0,Limit
4433,2,2026-04-29 10:06:29,Sell,10,41432.0,Stop
4434,1,2026-04-29 09:54:09,Buy,10,41484.0,Market
4434,2,2026-04-29 10:06:37,Sell,10,41432.0,Stop
4435,1,2026-04-29 09:54:07,Buy,10,41485.0,Limit
4435,2,2026-04-29 10:06:17,Sell,10,41431.0,Stop
4436,1,2026-04-29 10:34:45,Buy,6,21095.5,Market
4436,2,2026-04-29 11:31:00,Sell,6,21070.0,Stop
4437,1,2026-04-29 10:34:47,Buy,6,21095.5,Limit
4437,2,2026-04-29 11:31:21,Sell,6,21070.0,Stop
4438,1,2026-04-29 10:34:47,Buy,2,21095.5,Limit
4438,2,2026-04-29 11:31:36,Sell,2,21070.0,Stop
4439,1,2026-04-29 10:34:46,Buy,6,21095.5,Market
4439,2,2026-04-29 11:31:08,Sell,6,21070.0,Stop
4440,1,2026-04-29 10:34:47,Buy,6,21095.75,Limit
4440,2,2026-04-29 11:31:04,Sell,6,21070.0,Stop
4441,1,2026-04-29 10:34:46,Buy,6,21095.5,Market
4441,2,2026-04-29 11:31:18,Sell,6,21070.0,Stop
4442,1,2026-04-29 03:21:15,Buy,5,3770.3,Market
4442,2,2026-04-29 03:30:34.500000,Sell,2,3775.8,Limit
4442,3,2026-04-29 03:39:54,Sell,3,3782.0,Limit
4443,1,2026-04-29 03:21:15,Buy,5,3770.3,Limit
4443,2,2026-04-29 03:30:36,Sell,2,3775.8,Limit
4443,3,2026-04-29 03:39:57,Sell,3,3782.0,Limit
4444,1,2026-04-29 03:21:18,Buy,1,3770.4,Market
4444,2,2026-04-29 03:39:29,Sell,1,3779.4,Limit
4445,1,2026-04-29 03:21:18,Buy,5,3770.3,Market
4445,2,2026-04-29 03:39:56,Sell,5,3779.5,Limit
4446,1,2026-04-29 03:21:15,Buy,5,3770.4,Market
4446,2,2026-04-29 03:39:20,Sell,5,3779.4,Limit
4447,1,2026-04-29 03:21:16,Buy,5,3770.3,Limit
4447,2,2026-04-29 03:30:27,Sell,2,3775.8,Limit
4447,3,2026-04-29 03:39:38,Sell,3,3782.0,Limit
4448,1,2026-04-30 09:50:11,Sell,10,41779.0,Limit
4448,2,2026-04-30 10:22:21.500000,Buy,5,41707.0,Limit
4448,3,2026-04-30 10:54:32,Buy,5,41611.0,Limit
4449,1,2026-04-30 09:50:14,Sell,10,41779.0,Market
4449,2,2026-04-30 10:22:31.500000,Buy,5,41707.0,Limit
4449,3,2026-04-30 10:54:49,Buy,5,41611.0,Limit
4450,1,2026-04-30 09:50:13,Sell,2,41778.0,Market
4450,2,2026-04-30 10:22:28.500000,Buy,1,41707.0,Limit
4450,3,2026-04-30 10:54:44,Buy,1,41613.0,Limit
4451,1,2026-04-30 09:50:14,Sell,10,41779.0,Limit
4451,2,2026-04-30 10:22:15.500000,Buy,5,41707.0,Limit
4451,3,2026-04-30 10:54:17,Buy,5,41611.0,Limit
4452,1,2026-04-30 09:50:11,Sell,10,41778.0,Market
4452,2,2026-04-30 10:54:54,Buy,10,41659.0,Limit
4453,1,2026-04-30 09:50:11,Sell,10,41778.0,Limit
4453,2,2026-04-30 10:22:33.500000,Buy,5,41707.0,Limit
4453,3,2026-04-30 10:54:56,Buy,5,41611.0,Limit
4454,1,2026-04-30 12:15:44,Buy,10,6555.0,Market
4454,2,2026-04-30 12:19:30.500000,Sell,5,6559.0,Limit
4454,3,2026-04-30 12:23:17,Sell,5,6564.0,Limit
4455,1,2026-04-30 12:15:44,Buy,10,6555.0,Market
4455,2,2026-04-30 12:23:21,Sell,10,6561.5,Limit
4456,1,2026-04-30 12:15:46,Buy,2,6555.0,Market
4456,2,2026-04-30 12:19:20.500000,Sell,1,6559.0,Limit
4456,3,2026-04-30 12:22:55,Sell,1,6564.0,Limit
4457,1,2026-04-30 12:15:47,Buy,10,6555.25,Limit
4457,2,2026-04-30 12:23:45,Sell,10,6561.25,Limit
4458,1,2026-04-30 12:15:44,Buy,10,6555.0,Limit
4458,2,2026-04-30 12:23:29,Sell,10,6561.5,Limit
4459,1,2026-04-30 12:15:47,Buy,10,6555.0,Market
4459,2,2026-04-30 12:23:28,Sell,10,6561.5,Limit
4460,1,2026-04-30 10:36:02,Buy,5,3813.4,Market
4460,2,2026-04-30 10:46:28,Sell,5,3807.0,Stop
4461,1,2026-04-30 10:36:05,Buy,5,3813.4,Limit
4461,2,2026-04-30 10:46:18,Sell,5,3807.0,Stop
4462,1,2026-04-30 10:36:04,Buy,1,3813.4,Limit
4462,2,2026-04-30 10:46:38,Sell,1,3807.0,Stop
4463,1,2026-04-30 10:36:05,Buy,5,3813.4,Market
4463,2,2026-04-30 10:46:19,Sell,5,3807.0,Stop
4464,1,2026-04-30 10:36:05,Buy,5,3813.4,Limit
4464,2,2026-04-30 10:47:02,Sell,5,3807.0,Stop
4465,1,2026-04-30 10:36:02,Buy,5,3813.4,Limit
4465,2,2026-04-30 10:46:29,Sell,5,3807.0,Stop
4466,1,2026-04-30 03:20:33,Buy,10,35.13,Market
4466,2,2026-04-30 04:17:22,Sell,10,35.52,Limit
4467,1,2026-04-30 03:20:35,Buy,10,35.13,Limit
4467,2,2026-04-30 03:48:47.500000,Sell,5,35.36,Limit
4467,3,2026-04-30 04:17:00,Sell,5,35.68,Limit
4468,1,2026-04-30 03:20:34,Buy,2,35.13,Market
4468,2,2026-04-30 04:17:22,Sell,2,35.52,Limit
4469,1,2026-04-30 03:20:33,Buy,10,35.14,Limit
4469,2,2026-04-30 03:48:37.500000,Sell,5,35.36,Limit
4469,3,2026-04-30 04:16:42,Sell,5,35.66,Limit
4470,1,2026-04-30 03:20:33,Buy,10,35.13,Market
4470,2,2026-04-30 03:48:47,Sell,5,35.36,Limit
4470,3,2026-04-30 04:17:01,Sell,5,35.68,Limit
4471,1,2026-04-30 03:20:33,Buy,10,35.14,Market
4471,2,2026-04-30 04:17:25,Sell,10,35.52,Limit
4472,1,2026-05-01 10:28:57,Sell,10,35.9,Limit
4472,2,2026-05-01 11:32:05,Buy,10,36.21,Stop
4473,1,2026-05-01 10:28:58,Sell,10,35.9,Limit
4473,2,2026-05-01 11:32:50,Buy,10,36.21,Stop
4474,1,2026-05-01 10:28:57,Sell,2,35.89,Market
4474,2,2026-05-01 11:32:30,Buy,2,36.22,Stop
4475,1,2026-05-01 10:29:00,Sell,10,35.9,Limit
4475,2,2026-05-01 11:32:55,Buy,10,36.21,Stop
4476,1,2026-05-01 10:28:58,Sell,10,35.9,Limit
4476,2,2026-05-01 11:32:07,Buy,10,36.21,Stop
4477,1,2026-05-01 10:28:58,Sell,10,35.9,Limit
4477,2,2026-05-01 11:32:31,Buy,10,36.21,Stop
4478,1,2026-05-04 10:06:23,Sell,6,21753.75,Market
4478,2,2026-05-04 10:21:14,Buy,6,21722.5,Limit
4479,1,2026-05-04 10:06:23,Sell,6,21753.5,Market
4479,2,2026-05-04 10:21:20,Buy,6,21722.75,Limit
4480,1,2026-05-04 10:06:26,Sell,2,21753.5,Limit
4480,2,2026-05-04 10:21:06,Buy,2,21722.5,Limit
4481,1,2026-05-04 10:06:26,Sell,6,21753.5,Market
4481,2,2026-05-04 10:20:32,Buy,6,21722.75,Limit
4482,1,2026-05-04 10:06:23,Sell,6,21753.75,Limit
4482,2,2026-05-04 10:13:28,Buy,3,21735.0,Limit
4482,3,2026-05-04 10:20:33,Buy,3,21710.0,Limit
4483,1,2026-05-04 10:06:23,Sell,6,21753.75,Market
4483,2,2026-05-04 10:13:34.500000,Buy,3,21735.0,Limit
4483,3,2026-05-04 10:20:46,Buy,3,21710.0,Limit
4484,1,2026-05-04 10:35:41,Buy,5,3789.4,Market
4484,2,2026-05-04 11:51:31,Sell,5,3784.0,Stop
4485,1,2026-05-04 10:35:41,Buy,5,3789.4,Market
4485,2,2026-05-04 11:51:08,Sell,5,3784.0,Stop
4486,1,2026-05-04 10:35:41,Buy,1,3789.5,Limit
4486,2,2026-05-04 11:50:58,Sell,1,3784.0,Stop
4487,1,2026-05-04 10:35:42,Buy,5,3789.4,Limit
4487,2,2026-05-04 11:51:35,Sell,5,3784.0,Stop
4488,1,2026-05-04 10:35:41,Buy,5,3789.5,Limit
4488,2,2026-05-04 11:51:30,Sell,5,3783.9,Stop
4489,1,2026-05-05 12:21:58,Sell,2,1844.7,Limit
4489,2,2026-05-05 12:32:11,Buy,2,1852.0,Stop
4490,1,2026-05-05 12:22:00,Sell,10,1844.7,Market
4490,2,2026-05-05 12:32:31,Buy,10,1852.0,Stop
4491,1,2026-05-05 12:21:59,Sell,10,1844.7,Limit
4491,2,2026-05-05 12:32:34,Buy,10,1852.0,Stop
4492,1,2026-05-05 12:21:59,Sell,10,1844.6,Market
4492,2,2026-05-05 12:32:34,Buy,10,1852.1,Stop
4493,1,2026-05-05 03:24:45,Sell,10,34.03,Market
4493,2,2026-05-05 04:45:43,Buy,10,33.5,Limit
4494,1,2026-05-05 03:24:47,Sell,10,34.03,Limit
4494,2,2026-05-05 04:45:32,Buy,10,33.5,Limit
4495,1,2026-05-05 03:24:48,Sell,2,34.03,Market
4495,2,2026-05-05 04:04:54.500000,Buy,1,33.71,Limit
4495,3,2026-05-05 04:45:01,Buy,1,33.29,Limit
4496,1,2026-05-05 03:24:46,Sell,10,34.02,Market
4496,2,2026-05-05 04:05:01,Buy,5,33.71,Limit
4496,3,2026-05-05 04:45:16,Buy,5,33.29,Limit
4497,1,2026-05-05 03:24:45,Sell,10,34.03,Limit
4497,2,2026-05-05 04:04:50.500000,Buy,5,33.71,Limit
4497,3,2026-05-05 04:44:56,Buy,5,33.29,Limit
4498,1,2026-05-05 03:24:47,Sell,10,34.03,Limit
4498,2,2026-05-05 04:45:22,Buy,10,33.5,Limit
4499,1,2026-05-06 10:22:34,Buy,10,34.46,Market
4499,2,2026-05-06 11:35:09,Sell,10,34.16,Stop
4500,1,2026-05-06 10:22:37,Buy,10,34.47,Limit
4500,2,2026-05-06 11:34:52,Sell,10,34.15,Stop
4501,1,2026-05-06 10:22:37,Buy,10,34.47,Limit
4501,2,2026-05-06 11:35:08,Sell,10,34.16,Stop
4502,1,2026-05-06 10:22:34,Buy,10,34.46,Market
4502,2,2026-05-06 11:35:01,Sell,10,34.16,Stop
4503,1,2026-05-06 10:22:35,Buy,10,34.47,Market
4503,2,2026-05-06 11:35:34,Sell,10,34.15,Stop
4504,1,2026-05-06 03:31:39,Sell,10,34.11,Market
4504,2,2026-05-06 04:04:23,Buy,10,33.76,Limit
4505,1,2026-05-06 03:31:41,Sell,10,34.1,Market
4505,2,2026-05-06 03:48:06,Buy,5,33.9,Limit
4505,3,2026-05-06 04:04:31,Buy,5,33.62,Limit
4506,1,2026-05-06 03:31:40,Sell,2,34.11,Market
4506,2,2026-05-06 03:47:51.500000,Buy,1,33.9,Limit
4506,3,2026-05-06 04:04:03,Buy,1,33.62,Limit
4507,1,2026-05-06 03:31:39,Sell,10,34.1,Limit
4507,2,2026-05-06 04:04:18,Buy,10,33.76,Limit
4508,1,2026-05-06 03:31:40,Sell,10,34.1,Limit
4508,2,2026-05-06 04:04:02,Buy,10,33.77,Limit
4509,1,2026-05-06 03:31:42,Sell,10,34.11,Limit
4509,2,2026-05-06 04:04:02,Buy,10,33.76,Limit
4510,1,2026-05-07 09:59:33,Sell,10,41279.0,Market
4510,2,2026-05-07 11:21:39,Buy,10,41332.0,Stop
4511,1,2026-05-07 09:59:35,Sell,10,41279.0,Market
4511,2,2026-05-07 11:21:59,Buy,10,41332.0,Stop
4512,1,2026-05-07 09:59:35,Sell,10,41278.0,Market
4512,2,2026-05-07 11:22:01,Buy,10,41333.0,Stop
4513,1,2026-05-07 09:59:34,Sell,10,41279.0,Limit
4513,2,2026-05-07 11:21:57,Buy,10,41332.0,Stop
4514,1,2026-05-07 12:13:55,Sell,10,6384.75,Market
4514,2,2026-05-07 12:24:16.500000,Buy,5,6381.25,Limit
4514,3,2026-05-07 12:34:38,Buy,5,6376.75,Limit
4515,1,2026-05-07 12:13:57,Sell,2,6384.75,Limit
4515,2,2026-05-07 12:24:20,Buy,1,6381.25,Limit
4515,3,2026-05-07 12:34:43,Buy,1,6376.75,Limit
4516,1,2026-05-07 12:13:58,Sell,10,6384.75,Market
4516,2,2026-05-07 12:24:02.500000,Buy,5,6381.25,Limit
4516,3,2026-05-07 12:34:07,Buy,5,6376.75,Limit
4517,1,2026-05-07 12:13:55,Sell,10,6384.75,Market
4517,2,2026-05-07 12:34:31,Buy,10,6379.0,Limit
4518,1,2026-05-07 12:13:56,Sell,10,6384.75,Market
4518,2,2026-05-07 12:24:12,Buy,5,6381.25,Limit
4518,3,2026-05-07 12:34:28,Buy,5,6376.75,Limit
4519,1,2026-05-07 03:17:24,Buy,10,32.87,Limit
4519,2,2026-05-07 03:58:35,Sell,10,32.58,Stop
4520,1,2026-05-07 03:17:26,Buy,10,32.88,Limit
4520,2,2026-05-07 03:59:00,Sell,10,32.57,Stop
4521,1,2026-05-07 03:17:25,Buy,2,32.88,Market
4521,2,2026-05-07 03:58:43,Sell,2,32.58,Stop
4522,1,2026-05-07 03:17:26,Buy,10,32.88,Market
4522,2,2026-05-07 03:59:22,Sell,10,32.57,Stop
4523,1,2026-05-07 03:17:26,Buy,10,32.87,Market
4523,2,2026-05-07 03:59:24,Sell,10,32.58,Stop
4524,1,2026-05-07 03:17:25,Buy,10,32.88,Market
4524,2,2026-05-07 03:59:02,Sell,10,32.58,Stop
4525,1,2026-05-08 09:51:12,Buy,10,6452.5,Limit
4525,2,2026-05-08 10:14:25,Sell,10,6447.25,Stop
4526,1,2026-05-08 09:51:13,Buy,10,6452.5,Limit
4526,2,2026-05-08 10:15:04,Sell,10,6447.25,Stop
4527,1,2026-05-08 09:51:13,Buy,2,6452.5,Limit
4527,2,2026-05-08 10:14:52,Sell,2,6447.25,Stop
4528,1,2026-05-08 09:51:15,Buy,10,6452.5,Limit
4528,2,2026-05-08 10:14:29,Sell,10,6447.25,Stop
4529,1,2026-05-08 09:51:15,Buy,10,6452.75,Limit
4529,2,2026-05-08 10:15:06,Sell,10,6447.0,Stop
4530,1,2026-05-08 09:51:12,Buy,10,6452.5,Limit
4530,2,2026-05-08 10:14:56,Sell,10,6447.25,Stop
4531,1,2026-05-08 12:18:36,Buy,10,1794.0,Limit
4531,2,2026-05-08 12:41:48,Sell,10,1789.6,Stop
4532,1,2026-05-08 12:18:38,Buy,10,1794.1,Limit
4532,2,2026-05-08 12:41:40,Sell,10,1789.5,Stop
4533,1,2026-05-08 12:18:37,Buy,2,1794.0,Market
4533,2,2026-05-08 12:42:08,Sell,2,1789.6,Stop
4534,1,2026-05-08 12:18:36,Buy,10,1794.1,Limit
4534,2,2026-05-08 12:42:25,Sell,10,1789.6,Stop
4535,1,2026-05-08 12:18:36,Buy,10,1794.1,Limit
4535,2,2026-05-08 12:42:22,Sell,10,1789.5,Stop
4536,1,2026-05-08 12:18:37,Buy,10,1794.0,Limit
4536,2,2026-05-08 12:42:06,Sell,10,1789.6,Stop
4537,1,2026-05-08 10:29:16,Sell,6,20958.75,Limit
4537,2,2026-05-08 11:49:40,Buy,6,20977.5,Stop
4538,1,2026-05-08 10:29:17,Sell,6,20958.5,Market
4538,2,2026-05-08 11:49:27,Buy,6,20977.75,Stop
4539,1,2026-05-08 10:29:17,Sell,2,20958.75,Limit
4539,2,2026-05-08 11:50:12,Buy,2,20977.5,Stop
4540,1,2026-05-08 10:29:16,Sell,6,20958.75,Market
4540,2,2026-05-08 11:49:29,Buy,6,20977.5,Stop
4541,1,2026-05-08 10:29:18,Sell,6,20958.5,Market
4541,2,2026-05-08 11:49:25,Buy,6,20977.5,Stop
4542,1,2026-05-08 10:29:19,Sell,6,20958.75,Market
4542,2,2026-05-08 11:49:25,Buy,6,20977.5,Stop
4543,1,2026-05-08 03:16:27,Buy,10,33.03,Limit
4543,2,2026-05-08 04:33:28,Sell,10,32.8,Stop
4544,1,2026-05-08 03:16:29,Buy,10,33.03,Market
4544,2,2026-05-08 04:33:42,Sell,10,32.8,Stop
4545,1,2026-05-08 03:16:27,Buy,2,33.03,Market
4545,2,2026-05-08 04:33:34,Sell,2,32.8,Stop
4546,1,2026-05-08 03:16:30,Buy,10,33.04,Limit
4546,2,2026-05-08 04:34:18,Sell,10,32.8,Stop
4547,1,2026-05-08 03:16:30,Buy,10,33.03,Limit
4547,2,2026-05-08 04:33:46,Sell,10,32.8,Stop
4548,1,2026-05-08 03:16:30,Buy,10,33.03,Limit
4548,2,2026-05-08 04:34:05,Sell,10,32.8,Stop
4549,1,2026-05-11 12:27:08,Buy,10,1800.2,Limit
4549,2,2026-05-11 12:36:25.500000,Sell,5,1803.8,Limit
4549,3,2026-05-11 12:45:43,Sell,5,1808.6,Limit
4550,1,2026-05-11 12:27:10,Buy,10,1800.2,Market
4550,2,2026-05-11 12:46:02,Sell,10,1806.2,Limit
4551,1,2026-05-11 12:27:11,Buy,2,1800.2,Market
4551,2,2026-05-11 12:45:58,Sell,2,1806.2,Limit
4552,1,2026-05-11 12:27:08,Buy,10,1800.2,Market
4552,2,2026-05-11 12:45:52,Sell,10,1806.2,Limit
4553,1,2026-05-11 12:27:11,Buy,10,1800.2,Market
4553,2,2026-05-11 12:45:28,Sell,10,1806.2,Limit
4554,1,2026-05-11 12:27:09,Buy,10,1800.2,Limit
4554,2,2026-05-11 12:45:57,Sell,10,1806.2,Limit
4555,1,2026-05-11 10:26:29,Buy,10,33.59,Market
4555,2,2026-05-11 11:37:20,Sell,10,34.12,Limit
4556,1,2026-05-11 10:26:32,Buy,10,33.6,Limit
4556,2,2026-05-11 11:36:49,Sell,10,34.11,Limit
4557,1,2026-05-11 10:26:30,Buy,10,33.6,Market
4557,2,2026-05-11 11:01:37,Sell,5,33.91,Limit
4557,3,2026-05-11 11:36:44,Sell,5,34.33,Limit
4558,1,2026-05-11 10:26:29,Buy,10,33.59,Limit
4558,2,2026-05-11 11:01:58.500000,Sell,5,33.91,Limit
4558,3,2026-05-11 11:37:28,Sell,5,34.33,Limit
4559,1,2026-05-11 10:26:30,Buy,10,33.59,Limit
4559,2,2026-05-11 11:37:08,Sell,10,34.12,Limit
4560,1,2026-05-11 03:19:21,Sell,5,3619.4,Limit
4560,2,2026-05-11 03:50:35,Buy,5,3624.8,Stop
4561,1,2026-05-11 03:19:22,Sell,5,3619.4,Limit
4561,2,2026-05-11 03:51:08,Buy,5,3624.8,Stop
4562,1,2026-05-11 03:19:22,Sell,1,3619.3,Limit
4562,2,2026-05-11 03:51:13,Buy,1,3624.9,Stop
4563,1,2026-05-11 03:19:24,Sell,5,3619.3,Market
4563,2,2026-05-11 03:50:54,Buy,5,3624.9,Stop
4564,1,2026-05-11 03:19:23,Sell,5,3619.3,Limit
4564,2,2026-05-11 03:50:53,Buy,5,3624.8,Stop
4565,1,2026-05-11 03:19:21,Sell,5,3619.4,Market
4565,2,2026-05-11 03:50:56,Buy,5,3624.8,Stop
4566,1,2026-05-12 12:21:17,Sell,10,6346.25,Market
4566,2,2026-05-12 12:35:04,Buy,10,6341.25,Limit
4567,1,2026-05-12 12:21:17,Sell,10,6346.0,Market
4567,2,2026-05-12 12:28:05,Buy,5,6343.25,Limit
4567,3,2026-05-12 12:34:53,Buy,5,6339.25,Limit
4568,1,2026-05-12 12:21:17,Sell,2,6346.25,Market
4568,2,2026-05-12 12:28:16.500000,Buy,1,6343.25,Limit
4568,3,2026-05-12 12:35:16,Buy,1,6339.25,Limit
4569,1,2026-05-12 12:21:19,Sell,10,6346.0,Limit
4569,2,2026-05-12 12:35:11,Buy,10,6341.25,Limit
4570,1,2026-05-12 12:21:17,Sell,10,6346.25,Market
4570,2,2026-05-12 12:34:40,Buy,10,6341.25,Limit
4571,1,2026-05-12 10:26:24,Sell,6,20766.0,Limit
4571,2,2026-05-12 10:34:47,Buy,6,20789.5,Stop
4572,1,2026-05-12 10:26:26,Sell,6,20765.75,Market
4572,2,2026-05-12 10:34:27,Buy,6,20789.75,Stop
4573,1,2026-05-12 10:26:24,Sell,2,20766.0,Market
4573,2,2026-05-12 10:34:58,Buy,2,20789.5,Stop
4574,1,2026-05-12 10:26:27,Sell,6,20765.75,Market
4574,2,2026-05-12 10:35:02,Buy,6,20789.75,Stop
4575,1,2026-05-12 10:26:24,Sell,6,20766.0,Limit
4575,2,2026-05-12 10:34:27,Buy,6,20789.5,Stop
4576,1,2026-05-12 10:26:27,Sell,6,20766.0,Market
4576,2,2026-05-12 10:35:21,Buy,6,20789.5,Stop
4577,1,2026-05-12 08:35:54,Sell,10,6371.0,Limit
4577,2,2026-05-12 08:46:02,Buy,10,6363.75,Limit
4578,1,2026-05-12 08:35:57,Sell,10,6371.0,Limit
4578,2,2026-05-12 08:41:10,Buy,5,6366.75,Limit
4578,3,2026-05-12 08:46:23,Buy,5,6360.75,Limit
4579,1,2026-05-12 08:35:56,Sell,2,6371.0,Market
4579,2,2026-05-12 08:46:30,Buy,2,6363.75,Limit
4580,1,2026-05-12 08:35:57,Sell,10,6371.0,Limit
4580,2,2026-05-12 08:41:17,Buy,5,6366.75,Limit
4580,3,2026-05-12 08:46:37,Buy,5,6360.75,Limit
4581,1,2026-05-12 08:35:57,Sell,10,6371.0,Market
4581,2,2026-05-12 08:41:19,Buy,5,6366.75,Limit
4581,3,2026-05-12 08:46:41,Buy,5,6360.75,Limit
4582,1,2026-05-12 08:35:56,Sell,10,6371.0,Limit
4582,2,2026-05-12 08:41:08,Buy,5,6366.75,Limit
4582,3,2026-05-12 08:46:20,Buy,5,6360.75,Limit
4583,1,2026-05-13 10:06:16,Buy,10,6462.5,Market
4583,2,2026-05-13 11:25:42,Sell,10,6456.5,Stop
4584,1,2026-05-13 10:06:17,Buy,2,6462.5,Market
4584,2,2026-05-13 11:26:16,Sell,2,6456.5,Stop
4585,1,2026-05-13 10:06:19,Buy,10,6462.5,Limit
4585,2,2026-05-13 11:26:02,Sell,10,6456.5,Stop
4586,1,2026-05-13 10:06:16,Buy,10,6462.5,Limit
4586,2,2026-05-13 11:25:30,Sell,10,6456.5,Stop
4587,1,2026-05-13 10:06:19,Buy,10,6462.75,Limit
4587,2,2026-05-13 11:25:45,Sell,10,6456.25,Stop
4588,1,2026-05-13 12:21:27,Buy,10,6486.0,Limit
4588,2,2026-05-13 12:45:56,Sell,10,6491.75,Limit
4589,1,2026-05-13 12:21:30,Buy,10,6486.0,Market
4589,2,2026-05-13 12:33:42,Sell,5,6489.5,Limit
4589,3,2026-05-13 12:45:54,Sell,5,6494.0,Limit
4590,1,2026-05-13 12:21:27,Buy,2,6486.0,Limit
4590,2,2026-05-13 12:46:08,Sell,2,6491.75,Limit
4591,1,2026-05-13 12:21:30,Buy,10,6486.25,Market
4591,2,2026-05-13 12:45:50,Sell,10,6491.5,Limit
4592,1,2026-05-13 12:21:27,Buy,10,6486.0,Market
4592,2,2026-05-13 12:33:47.500000,Sell,5,6489.5,Limit
4592,3,2026-05-13 12:46:08,Sell,5,6494.0,Limit
4593,1,2026-05-13 03:35:25,Sell,10,34.57,Market
4593,2,2026-05-13 04:08:33,Buy,5,34.28,Limit
4593,3,2026-05-13 04:41:41,Buy,5,33.88,Limit
4594,1,2026-05-13 03:35:26,Sell,10,34.57,Limit
4594,2,2026-05-13 04:08:40.500000,Buy,5,34.28,Limit
4594,3,2026-05-13 04:41:55,Buy,5,33.88,Limit
4595,1,2026-05-13 03:35:26,Sell,2,34.56,Limit
4595,2,2026-05-13 04:08:28,Buy,1,34.28,Limit
4595,3,2026-05-13 04:41:30,Buy,1,33.9,Limit
4596,1,2026-05-13 03:35:25,Sell,10,34.57,Market
4596,2,2026-05-13 04:42:09,Buy,10,34.08,Limit
4597,1,2026-05-13 03:35:26,Sell,10,34.56,Limit
4597,2,2026-05-13 04:08:35.500000,Buy,5,34.27,Limit
4597,3,2026-05-13 04:41:45,Buy,5,33.89,Limit
4598,1,2026-05-13 03:35:25,Sell,10,34.57,Limit
4598,2,2026-05-13 04:08:54.500000,Buy,5,34.28,Limit
4598,3,2026-05-13 04:42:24,Buy,5,33.88,Limit
4599,1,2026-05-14 09:46:02,Buy,10,6443.75,Market
4599,2,2026-05-14 10:38:47,Sell,10,6436.75,Stop
4600,1,2026-05-14 09:46:02,Buy,10,6443.75,Market
4600,2,2026-05-14 10:38:32,Sell,10,6436.75,Stop
4601,1,2026-05-14 09:46:04,Buy,2,6443.75,Market
4601,2,2026-05-14 10:38:25,Sell,2,6436.75,Stop
4602,1,2026-05-14 09:46:02,Buy,10,6444.0,Market
4602,2,2026-05-14 10:38:59,Sell,10,6436.75,Stop
4603,1,2026-05-14 09:46:02,Buy,10,6443.75,Market
4603,2,2026-05-14 10:38:10,Sell,10,6436.75,Stop
4604,1,2026-05-14 09:46:03,Buy,10,6444.0,Market
4604,2,2026-05-14 10:38:08,Sell,10,6436.75,Stop
4605,1,2026-05-14 12:13:20,Sell,10,1820.5,Market
4605,2,2026-05-14 12:21:11,Buy,5,1816.6,Limit
4605,3,2026-05-14 12:29:02,Buy,5,1811.4,Limit
4606,1,2026-05-14 12:13:23,Sell,10,1820.5,Limit
4606,2,2026-05-14 12:28:27,Buy,10,1814.0,Limit
4607,1,2026-05-14 12:13:20,Sell,10,1820.5,Limit
4607,2,2026-05-14 12:21:17,Buy,5,1816.6,Limit
4607,3,2026-05-14 12:29:14,Buy,5,1811.4,Limit
4608,1,2026-05-14 12:13:20,Sell,10,1820.5,Market
4608,2,2026-05-14 12:28:36,Buy,10,1814.0,Limit
4609,1,2026-05-14 10:40:44,Buy,5,3629.3,Limit
4609,2,2026-05-14 11:15:51,Sell,2,3637.4,Limit
4609,3,2026-05-14 11:50:58,Sell,3,3646.4,Limit
4610,1,2026-05-14 10:40:45,Buy,5,3629.4,Limit
4610,2,2026-05-14 11:16:10,Sell,2,3637.4,Limit
4610,3,2026-05-14 11:51:35,Sell,3,3646.2,Limit
4611,1,2026-05-14 10:40:45,Buy,1,3629.4,Limit
4611,2,2026-05-14 11:51:12,Sell,1,3642.7,Limit
4612,1,2026-05-14 10:40:46,Buy,5,3629.4,Market
4612,2,2026-05-14 11:16:10,Sell,2,3637.4,Limit
4612,3,2026-05-14 11:51:34,Sell,3,3646.2,Limit
4613,1,2026-05-14 10:40:44,Buy,5,3629.4,Market
4613,2,2026-05-14 11:50:50,Sell,5,3642.7,Limit
4614,1,2026-05-14 10:40:47,Buy,5,3629.3,Market
4614,2,2026-05-14 11:16:03,Sell,2,3637.4,Limit
4614,3,2026-05-14 11:51:19,Sell,3,3646.4,Limit
4615,1,2026-05-14 03:35:08,Buy,5,3625.1,Market
4615,2,2026-05-14 04:24:12,Sell,5,3620.1,Stop
4616,1,2026-05-14 03:35:11,Buy,5,3625.2,Limit
4616,2,2026-05-14 04:25:02,Sell,5,3620.1,Stop
4617,1,2026-05-14 03:35:09,Buy,1,3625.1,Limit
4617,2,2026-05-14 04:25:01,Sell,1,3620.1,Stop
4618,1,2026-05-14 03:35:10,Buy,5,3625.1,Limit
4618,2,2026-05-14 04:24:53,Sell,5,3620.1,Stop
4619,1,2026-05-14 03:35:10,Buy,5,3625.2,Limit
4619,2,2026-05-14 04:24:29,Sell,5,3620.1,Stop
4620,1,2026-05-14 03:35:09,Buy,5,3625.1,Limit
4620,2,2026-05-14 04:24:28,Sell,5,3620.1,Stop
4621,1,2026-05-15 10:03:59,Buy,10,41027.0,Market
4621,2,2026-05-15 10:16:38,Sell,5,41074.0,Limit
4621,3,2026-05-15 10:29:17,Sell,5,41138.0,Limit
4622,1,2026-05-15 10:04:00,Buy,10,41028.0,Market
4622,2,2026-05-15 10:16:56.500000,Sell,5,41075.0,Limit
4622,3,2026-05-15 10:29:53,Sell,5,41137.0,Limit
4623,1,2026-05-15 10:04:00,Buy,2,41027.0,Market
4623,2,2026-05-15 10:29:30,Sell,2,41106.0,Limit
4624,1,2026-05-15 10:04:01,Buy,10,41028.0,Limit
4624,2,2026-05-15 10:16:34.500000,Sell,5,41074.0,Limit
4624,3,2026-05-15 10:29:08,Sell,5,41136.0,Limit
4625,1,2026-05-15 10:04:01,Buy,10,41028.0,Limit
4625,2,2026-05-15 10:16:49,Sell,5,41074.0,Limit
4625,3,2026-05-15 10:29:37,Sell,5,41136.0,Limit
4626,1,2026-05-15 10:04:02,Buy,10,41028.0,Limit
4626,2,2026-05-15 10:29:45,Sell,10,41106.0,Limit
4627,1,2026-05-15 12:13:21,Sell,10,1809.4,Market
4627,2,2026-05-15 12:25:19,Buy,5,1805.0,Limit
4627,3,2026-05-15 12:37:17,Buy,5,1799.0,Limit
4628,1,2026-05-15 12:13:24,Sell,10,1809.4,Market
4628,2,2026-05-15 12:24:54.500000,Buy,5,1805.0,Limit
4628,3,2026-05-15 12:36:25,Buy,5,1799.0,Limit
4629,1,2026-05-15 12:13:22,Sell,2,1809.3,Market
4629,2,2026-05-15 12:25:07.500000,Buy,1,1805.0,Limit
4629,3,2026-05-15 12:36:53,Buy,1,1799.2,Limit
4630,1,2026-05-15 12:13:21,Sell,10,1809.4,Limit
4630,2,2026-05-15 12:36:27,Buy,10,1802.0,Limit
4631,1,2026-05-15 12:13:21,Sell,10,1809.3,Market
4631,2,2026-05-15 12:25:20,Buy,5,1805.0,Limit
4631,3,2026-05-15 12:37:19,Buy,5,1799.2,Limit
4632,1,2026-05-15 10:24:06,Buy,10,35.52,Limit
4632,2,2026-05-15 10:35:52,Sell,10,36.17,Limit
4633,1,2026-05-15 10:24:06,Buy,10,35.53,Limit
4633,2,2026-05-15 10:35:47,Sell,10,36.17,Limit
4634,1,2026-05-15 10:24:09,Buy,2,35.52,Market
4634,2,2026-05-15 10:36:00,Sell,2,36.17,Limit
4635,1,2026-05-15 10:24:06,Buy,10,35.52,Market
4635,2,2026-05-15 10:35:10,Sell,10,36.17,Limit
4636,1,2026-05-15 10:24:08,Buy,10,35.52,Market
4636,2,2026-05-15 10:35:59,Sell,10,36.17,Limit
4637,1,2026-05-15 10:24:07,Buy,10,35.52,Limit
4637,2,2026-05-15 10:35:18,Sell,10,36.17,Limit
4638,1,2026-05-15 03:22:23,Buy,5,3572.6,Market
4638,2,2026-05-15 04:52:09,Sell,5,3567.7,Stop
4639,1,2026-05-15 03:22:26,Buy,5,3572.6,Market
4639,2,2026-05-15 04:51:38,Sell,5,3567.7,Stop
4640,1,2026-05-15 03:22:24,Buy,1,3572.7,Limit
4640,2,2026-05-15 04:51:31,Sell,1,3567.6,Stop
4641,1,2026-05-15 03:22:24,Buy,5,3572.6,Market
4641,2,2026-05-15 04:51:58,Sell,5,3567.7,Stop
4642,1,2026-05-15 03:22:23,Buy,5,3572.6,Market
4642,2,2026-05-15 04:51:27,Sell,5,3567.7,Stop
4643,1,2026-05-15 03:22:26,Buy,5,3572.7,Market
4643,2,2026-05-15 04:52:04,Sell,5,3567.6,Stop
4644,1,2026-05-18 10:03:48,Sell,6,20407.75,Market
4644,2,2026-05-18 10:45:03.500000,Buy,3,20390.25,Limit
4644,3,2026-05-18 11:26:19,Buy,3,20366.75,Limit
4645,1,2026-05-18 10:03:49,Sell,6,20407.75,Market
4645,2,2026-05-18 11:26:05,Buy,6,20378.5,Limit
4646,1,2026-05-18 10:03:49,Sell,2,20407.5,Market
4646,2,2026-05-18 10:45:15.500000,Buy,1,20390.25,Limit
4646,3,2026-05-18 11:26:42,Buy,1,20367.25,Limit
4647,1,2026-05-18 10:03:50,Sell,6,20407.5,Limit
4647,2,2026-05-18 10:45:12.500000,Buy,3,20390.25,Limit
4647,3,2026-05-18 11:26:35,Buy,3,20367.25,Limit
4648,1,2026-05-18 10:03:50,Sell,6,20407.75,Limit
4648,2,2026-05-18 11:26:23,Buy,6,20378.5,Limit
4649,1,2026-05-18 10:03:48,Sell,6,20407.5,Market
4649,2,2026-05-18 11:26:36,Buy,6,20378.5,Limit
4650,1,2026-05-18 10:03:48,Sell,2,20407.75,Market
4650,2,2026-05-18 11:26:18,Buy,2,20378.5,Limit
4651,1,2026-05-18 12:26:00,Buy,10,1791.2,Limit
4651,2,2026-05-18 12:33:13,Sell,10,1785.9,Stop
4652,1,2026-05-18 12:26:03,Buy,10,1791.3,Market
4652,2,2026-05-18 12:33:38,Sell,10,1785.9,Stop
4653,1,2026-05-18 12:26:02,Buy,2,1791.2,Market
4653,2,2026-05-18 12:33:46,Sell,2,1785.9,Stop
4654,1,2026-05-18 12:26:02,Buy,10,1791.3,Limit
4654,2,2026-05-18 12:33:33,Sell,10,1785.9,Stop
4655,1,2026-05-18 12:26:02,Buy,10,1791.3,Market
4655,2,2026-05-18 12:33:17,Sell,10,1785.8,Stop
4656,1,2026-05-18 12:26:03,Buy,10,1791.2,Market
4656,2,2026-05-18 12:33:49,Sell,10,1785.9,Stop
4657,1,2026-05-18 12:26:03,Buy,2,1791.2,Limit
4657,2,2026-05-18 12:33:24,Sell,2,1785.9,Stop
4658,1,2026-05-18 10:37:17,Sell,6,20353.25,Market
4658,2,2026-05-18 10:54:44,Buy,6,20377.25,Stop
4659,1,2026-05-18 10:37:20,Sell,6,20353.0,Limit
4659,2,2026-05-18 10:54:42,Buy,6,20377.5,Stop
4660,1,2026-05-18 10:37:20,Sell,2,20353.25,Limit
4660,2,2026-05-18 10:54:55,Buy,2,20377.25,Stop
4661,1,2026-05-18 10:37:20,Sell,6,20353.25,Market
4661,2,2026-05-18 10:54:21,Buy,6,20377.25,Stop
4662,1,2026-05-18 10:37:20,Sell,6,20353.0,Market
4662,2,2026-05-18 10:54:24,Buy,6,20377.5,Stop
4663,1,2026-05-18 10:37:17,Sell,2,20353.25,Limit
4663,2,2026-05-18 10:54:20,Buy,2,20377.25,Stop
4664,1,2026-05-19 10:00:04,Buy,10,6639.0,Market
4664,2,2026-05-19 10:40:22,Sell,10,6632.75,Stop
4665,1,2026-05-19 10:00:04,Buy,2,6639.25,Limit
4665,2,2026-05-19 10:40:09,Sell,2,6632.5,Stop
4666,1,2026-05-19 10:00:07,Buy,10,6639.25,Market
4666,2,2026-05-19 10:40:51,Sell,10,6632.5,Stop
4667,1,2026-05-19 10:00:06,Buy,10,6639.25,Limit
4667,2,2026-05-19 10:40:36,Sell,10,6632.5,Stop
4668,1,2026-05-19 10:00:07,Buy,2,6639.0,Market
4668,2,2026-05-19 10:40:49,Sell,2,6632.75,Stop
4669,1,2026-05-19 12:30:00,Sell,10,6607.75,Limit
4669,2,2026-05-19 12:42:14,Buy,10,6612.25,Stop
4670,1,2026-05-19 12:30:02,Sell,10,6607.75,Market
4670,2,2026-05-19 12:42:53,Buy,10,6612.25,Stop
4671,1,2026-05-19 12:30:02,Sell,2,6607.5,Limit
4671,2,2026-05-19 12:42:58,Buy,2,6612.25,Stop
4672,1,2026-05-19 12:30:03,Sell,10,6607.5,Limit
4672,2,2026-05-19 12:42:20,Buy,10,6612.25,Stop
4673,1,2026-05-19 12:30:02,Sell,10,6607.75,Market
4673,2,2026-05-19 12:42:52,Buy,10,6612.25,Stop
4674,1,2026-05-19 12:30:03,Sell,2,6607.75,Market
4674,2,2026-05-19 12:42:30,Buy,2,6612.25,Stop
4675,1,2026-05-20 03:21:41,Buy,10,35.73,Market
4675,2,2026-05-20 03:57:22,Sell,5,36.01,Limit
4675,3,2026-05-20 04:33:03,Sell,5,36.37,Limit
4676,1,2026-05-20 03:21:44,Buy,10,35.74,Market
4676,2,2026-05-20 03:57:15.500000,Sell,5,36.0,Limit
4676,3,2026-05-20 04:32:47,Sell,5,36.36,Limit
4677,1,2026-05-20 03:21:43,Buy,2,35.74,Limit
4677,2,2026-05-20 03:57:24.500000,Sell,1,36.0,Limit
4677,3,2026-05-20 04:33:06,Sell,1,36.36,Limit
4678,1,2026-05-20 03:21:42,Buy,10,35.73,Market
4678,2,2026-05-20 03:57:25.500000,Sell,5,36.01,Limit
4678,3,2026-05-20 04:33:09,Sell,5,36.37,Limit
4679,1,2026-05-20 03:21:43,Buy,10,35.74,Market
4679,2,2026-05-20 03:57:25,Sell,5,36.0,Limit
4679,3,2026-05-20 04:33:07,Sell,5,36.36,Limit
4680,1,2026-05-20 03:21:41,Buy,10,35.73,Limit
4680,2,2026-05-20 04:32:52,Sell,10,36.19,Limit
4681,1,2026-05-20 03:21:44,Buy,2,35.74,Limit
4681,2,2026-05-20 04:33:34,Sell,2,36.19,Limit
4682,1,2026-05-21 10:03:06,Buy,6,20223.5,Limit
4682,2,2026-05-21 11:06:50,Sell,6,20200.25,Stop
4683,1,2026-05-21 10:03:08,Buy,6,20223.5,Market
4683,2,2026-05-21 11:06:49,Sell,6,20200.25,Stop
4684,1,2026-05-21 10:03:09,Buy,2,20223.75,Limit
4684,2,2026-05-21 11:06:15,Sell,2,20200.0,Stop
4685,1,2026-05-21 10:03:09,Buy,6,20223.75,Market
4685,2,2026-05-21 11:06:45,Sell,6,20200.25,Stop
4686,1,2026-05-21 10:03:06,Buy,6,20223.5,Market
4686,2,2026-05-21 11:06:22,Sell,6,20200.25,Stop
4687,1,2026-05-21 10:03:06,Buy,2,20223.75,Limit
4687,2,2026-05-21 11:06:51,Sell,2,20200.25,Stop
4688,1,2026-05-21 10:32:57,Sell,10,36.16,Market
4688,2,2026-05-21 10:46:23,Buy,10,36.4,Stop
4689,1,2026-05-21 10:32:58,Sell,10,36.15,Limit
4689,2,2026-05-21 10:46:50,Buy,10,36.41,Stop
4690,1,2026-05-21 10:32:57,Sell,2,36.16,Market
4690,2,2026-05-21 10:46:35,Buy,2,36.4,Stop
4691,1,2026-05-21 10:32:57,Sell,10,36.16,Limit
4691,2,2026-05-21 10:46:31,Buy,10,36.4,Stop
4692,1,2026-05-21 10:32:58,Sell,10,36.16,Limit
4692,2,2026-05-21 10:46:55,Buy,10,36.4,Stop
4693,1,2026-05-21 10:33:00,Sell,10,36.15,Market
4693,2,2026-05-21 10:46:30,Buy,10,36.4,Stop
4694,1,2026-05-21 10:32:58,Sell,2,36.16,Limit
4694,2,2026-05-21 10:46:00,Buy,2,36.4,Stop
4695,1,2026-05-22 03:29:35,Buy,5,3592.7,Market
4695,2,2026-05-22 03:41:05,Sell,5,3587.4,Stop
4696,1,2026-05-22 03:29:37,Buy,5,3592.7,Market
4696,2,2026-05-22 03:41:15,Sell,5,3587.4,Stop
4697,1,2026-05-22 03:29:35,Buy,1,3592.8,Market
4697,2,2026-05-22 03:40:36,Sell,1,3587.4,Stop
4698,1,2026-05-22 03:29:37,Buy,5,3592.7,Market
4698,2,2026-05-22 03:40:44,Sell,5,3587.4,Stop
4699,1,2026-05-22 03:29:35,Buy,5,3592.7,Limit
4699,2,2026-05-22 03:41:31,Sell,5,3587.4,Stop
4700,1,2026-05-26 09:51:28,Buy,6,20412.5,Limit
4700,2,2026-05-26 10:04:56,Sell,3,20435.0,Limit
4700,3,2026-05-26 10:18:24,Sell,3,20465.0,Limit
4701,1,2026-05-26 09:51:28,Buy,6,20412.5,Limit
4701,2,2026-05-26 10:18:27,Sell,6,20450.0,Limit
4702,1,2026-05-26 09:51:30,Buy,2,20412.5,Limit
4702,2,2026-05-26 10:18:16,Sell,2,20450.0,Limit
4703,1,2026-05-26 09:51:31,Buy,6,20412.75,Market
4703,2,2026-05-26 10:18:07,Sell,6,20449.75,Limit
4704,1,2026-05-26 09:51:31,Buy,6,20412.75,Limit
4704,2,2026-05-26 10:18:27,Sell,6,20449.75,Limit
4705,1,2026-05-26 09:51:29,Buy,6,20412.5,Market
4705,2,2026-05-26 10:04:39.500000,Sell,3,20435.0,Limit
4705,3,2026-05-26 10:17:50,Sell,3,20465.0,Limit
4706,1,2026-05-26 09:51:31,Buy,2,20412.5,Market
4706,2,2026-05-26 10:04:49,Sell,1,20435.0,Limit
4706,3,2026-05-26 10:18:07,Sell,1,20465.0,Limit
4707,1,2026-05-26 12:13:47,Buy,10,6664.75,Market
4707,2,2026-05-26 12:30:11,Sell,10,6659.75,Stop
4708,1,2026-05-26 12:13:47,Buy,10,6664.75,Limit
4708,2,2026-05-26 12:30:23,Sell,10,6659.75,Stop
4709,1,2026-05-26 12:13:47,Buy,2,6664.75,Limit
4709,2,2026-05-26 12:30:34,Sell,2,6659.75,Stop
4710,1,2026-05-26 12:13:49,Buy,10,6664.75,Market
4710,2,2026-05-26 12:29:51,Sell,10,6659.75,Stop
4711,1,2026-05-26 12:13:50,Buy,10,6664.75,Market
4711,2,2026-05-26 12:30:18,Sell,10,6659.75,Stop
4712,1,2026-05-26 12:13:50,Buy,10,6665.0,Limit
4712,2,2026-05-26 12:30:32,Sell,10,6659.75,Stop
4713,1,2026-05-26 12:13:48,Buy,2,6664.75,Limit
4713,2,2026-05-26 12:30:11,Sell,2,6659.75,Stop
4714,1,2026-05-26 10:24:40,Buy,10,35.65,Market
4714,2,2026-05-26 11:20:03,Sell,10,35.38,Stop
4715,1,2026-05-26 10:24:43,Buy,10,35.65,Limit
4715,2,2026-05-26 11:20:28,Sell,10,35.38,Stop
4716,1,2026-05-26 10:24:40,Buy,2,35.66,Limit
4716,2,2026-05-26 11:20:12,Sell,2,35.38,Stop
4717,1,2026-05-26 10:24:43,Buy,10,35.66,Limit
4717,2,2026-05-26 11:20:27,Sell,10,35.37,Stop
4718,1,2026-05-26 10:24:42,Buy,10,35.66,Limit
4718,2,2026-05-26 11:19:47,Sell,10,35.38,Stop
4719,1,2026-05-26 10:24:41,Buy,10,35.65,Market
4719,2,2026-05-26 11:20:35,Sell,10,35.38,Stop
4720,1,2026-05-26 10:24:41,Buy,2,35.66,Market
4720,2,2026-05-26 11:19:49,Sell,2,35.37,Stop
4721,1,2026-05-27 09:56:28,Buy,10,41547.0,Limit
4721,2,2026-05-27 10:36:01,Sell,10,41622.0,Limit
4722,1,2026-05-27 09:56:28,Buy,10,41548.0,Market
4722,2,2026-05-27 10:16:15.500000,Sell,5,41592.0,Limit
4722,3,2026-05-27 10:36:03,Sell,5,41650.0,Limit
4723,1,2026-05-27 09:56:29,Buy,2,41548.0,Limit
4723,2,2026-05-27 10:35:49,Sell,2,41621.0,Limit
4724,1,2026-05-27 09:56:30,Buy,10,41547.0,Limit
4724,2,2026-05-27 10:36:15,Sell,10,41622.0,Limit
4725,1,2026-05-27 09:56:29,Buy,10,41547.0,Limit
4725,2,2026-05-27 10:16:27,Sell,5,41592.0,Limit
4725,3,2026-05-27 10:36:25,Sell,5,41652.0,Limit
4726,1,2026-05-27 09:56:28,Buy,10,41547.0,Limit
4726,2,2026-05-27 10:35:34,Sell,10,41622.0,Limit
4727,1,2026-05-27 12:21:09,Sell,10,6682.0,Limit
4727,2,2026-05-27 12:29:31,Buy,5,6678.5,Limit
4727,3,2026-05-27 12:37:53,Buy,5,6673.5,Limit
4728,1,2026-05-27 12:21:10,Sell,10,6681.75,Market
4728,2,2026-05-27 12:37:44,Buy,10,6676.0,Limit
4729,1,2026-05-27 12:21:10,Sell,2,6681.75,Limit
4729,2,2026-05-27 12:37:48,Buy,2,6676.25,Limit
4730,1,2026-05-27 12:21:10,Sell,10,6681.75,Market
4730,2,2026-05-27 12:37:56,Buy,10,6676.0,Limit
4731,1,2026-05-27 12:21:09,Sell,10,6682.0,Market
4731,2,2026-05-27 12:37:38,Buy,10,6676.0,Limit
4732,1,2026-05-27 12:21:11,Sell,10,6682.0,Market
4732,2,2026-05-27 12:38:04,Buy,10,6676.0,Limit
4733,1,2026-05-27 12:21:09,Sell,2,6682.0,Market
4733,2,2026-05-27 12:29:16.500000,Buy,1,6678.5,Limit
4733,3,2026-05-27 12:37:24,Buy,1,6673.5,Limit
4734,1,2026-05-27 10:35:58,Buy,5,3600.4,Limit
4734,2,2026-05-27 10:41:16.500000,Sell,2,3605.1,Limit
4734,3,2026-05-27 10:46:35,Sell,3,3610.3,Limit
4735,1,2026-05-27 10:35:58,Buy,1,3600.4,Limit
4735,2,2026-05-27 10:46:45,Sell,1,3608.2,Limit
4736,1,2026-05-27 10:35:59,Buy,5,3600.4,Market
4736,2,2026-05-27 10:41:15,Sell,2,3605.1,Limit
4736,3,2026-05-27 10:46:31,Sell,3,3610.3,Limit
4737,1,2026-05-27 10:36:01,Buy,5,3600.4,Limit
4737,2,2026-05-27 10:46:15,Sell,5,3608.2,Limit
4738,1,2026-05-27 10:36:01,Buy,5,3600.5,Market
4738,2,2026-05-27 10:46:47,Sell,5,3608.1,Limit
4739,1,2026-05-27 10:35:59,Buy,1,3600.4,Market
4739,2,2026-05-27 10:46:21,Sell,1,3608.2,Limit
4740,1,2026-05-27 03:31:02,Sell,10,35.54,Limit
4740,2,2026-05-27 04:21:49,Buy,10,35.78,Stop
4741,1,2026-05-27 03:31:03,Sell,10,35.53,Limit
4741,2,2026-05-27 04:21:49,Buy,10,35.79,Stop
4742,1,2026-05-27 03:31:02,Sell,2,35.54,Market
4742,2,2026-05-27 04:21:16,Buy,2,35.78,Stop
4743,1,2026-05-27 03:31:04,Sell,10,35.53,Market
4743,2,2026-05-27 04:21:51,Buy,10,35.79,Stop
4744,1,2026-05-27 03:31:03,Sell,10,35.54,Limit
4744,2,2026-05-27 04:21:30,Buy,10,35.78,Stop
4745,1,2026-05-27 03:31:05,Sell,10,35.53,Market
4745,2,2026-05-27 04:22:00,Buy,10,35.78,Stop
4746,1,2026-05-27 03:31:05,Sell,2,35.53,Limit
4746,2,2026-05-27 04:21:07,Buy,2,35.78,Stop
4747,1,2026-05-28 09:51:06,Sell,10,6639.5,Limit
4747,2,2026-05-28 09:59:06.500000,Buy,5,6634.75,Limit
4747,3,2026-05-28 10:07:07,Buy,5,6628.75,Limit
4748,1,2026-05-28 09:51:08,Sell,10,6639.5,Market
4748,2,2026-05-28 09:59:33,Buy,5,6634.75,Limit
4748,3,2026-05-28 10:07:58,Buy,5,6628.75,Limit
4749,1,2026-05-28 09:51:09,Sell,10,6639.5,Limit
4749,2,2026-05-28 10:07:11,Buy,10,6631.75,Limit
4750,1,2026-05-28 09:51:07,Sell,10,6639.5,Limit
4750,2,2026-05-28 10:07:18,Buy,10,6631.75,Limit
4751,1,2026-05-28 09:51:07,Sell,10,6639.5,Market
4751,2,2026-05-28 10:07:21,Buy,10,6631.75,Limit
4752,1,2026-05-28 09:51:06,Sell,2,6639.25,Market
4752,2,2026-05-28 10:07:32,Buy,2,6631.75,Limit
4753,1,2026-05-28 03:16:47,Sell,10,34.26,Limit
4753,2,2026-05-28 03:49:12,Buy,5,33.98,Limit
4753,3,2026-05-28 04:21:37,Buy,5,33.62,Limit
4754,1,2026-05-28 03:16:49,Sell,10,34.26,Limit
4754,2,2026-05-28 03:49:16.500000,Buy,5,33.98,Limit
4754,3,2026-05-28 04:21:44,Buy,5,33.62,Limit
4755,1,2026-05-28 03:16:48,Sell,2,34.26,Market
4755,2,2026-05-28 04:20:48,Buy,2,33.8,Limit
4756,1,2026-05-28 03:16:50,Sell,10,34.26,Limit
4756,2,2026-05-28 04:21:03,Buy,10,33.8,Limit
4757,1,2026-05-28 03:16:47,Sell,10,34.26,Limit
4757,2,2026-05-28 03:48:50.500000,Buy,5,33.98,Limit
4757,3,2026-05-28 04:20:54,Buy,5,33.62,Limit
4758,1,2026-05-28 03:16:49,Sell,2,34.26,Market
4758,2,2026-05-28 04:20:52,Buy,2,33.8,Limit
4759,1,2026-05-29 09:46:52,Buy,10,41217.0,Limit
4759,2,2026-05-29 10:56:40,Sell,10,41284.0,Limit
4760,1,2026-05-29 09:46:53,Buy,10,41218.0,Market
4760,2,2026-05-29 10:21:41.500000,Sell,5,41257.0,Limit
4760,3,2026-05-29 10:56:30,Sell,5,41309.0,Limit
4761,1,2026-05-29 09:46:54,Buy,2,41218.0,Limit
4761,2,2026-05-29 10:55:56,Sell,2,41284.0,Limit
4762,1,2026-05-29 09:46:53,Buy,10,41217.0,Limit
4762,2,2026-05-29 10:21:46,Sell,5,41257.0,Limit
4762,3,2026-05-29 10:56:39,Sell,5,41311.0,Limit
4763,1,2026-05-29 09:46:55,Buy,10,41218.0,Limit
4763,2,2026-05-29 10:55:55,Sell,10,41284.0,Limit
4764,1,2026-05-29 09:46:55,Buy,2,41218.0,Limit
4764,2,2026-05-29 10:56:01,Sell,2,41284.0,Limit
4765,1,2026-05-29 03:35:15,Sell,5,3651.8,Market
4765,2,2026-05-29 04:02:43,Buy,2,3648.0,Limit
4765,3,2026-05-29 04:30:11,Buy,3,3643.8,Limit
4766,1,2026-05-29 03:35:18,Sell,1,3651.8,Limit
4766,2,2026-05-29 04:30:16,Buy,1,3645.5,Limit
4767,1,2026-05-29 03:35:16,Sell,5,3651.8,Market
4767,2,2026-05-29 04:02:40.500000,Buy,2,3648.0,Limit
4767,3,2026-05-29 04:30:05,Buy,3,3643.8,Limit
4768,1,2026-05-29 03:35:17,Sell,5,3651.8,Market
4768,2,2026-05-29 04:02:17.500000,Buy,2,3648.0,Limit
4768,3,2026-05-29 04:29:18,Buy,3,3643.8,Limit
4769,1,2026-05-29 03:35:17,Sell,5,3651.8,Market
4769,2,2026-05-29 04:02:40,Buy,2,3648.0,Limit
4769,3,2026-05-29 04:30:03,Buy,3,3643.8,Limit
4770,1,2026-05-29 03:35:17,Sell,1,3651.8,Market
4770,2,2026-05-29 04:30:16,Buy,1,3645.5,Limit
4771,1,2026-06-01 09:58:40,Buy,10,6723.0,Market
4771,2,2026-06-01 10:46:57,Sell,10,6717.75,Stop
4772,1,2026-06-01 09:58:43,Buy,2,6723.25,Market
4772,2,2026-06-01 10:47:33,Sell,2,6717.5,Stop
4773,1,2026-06-01 09:58:43,Buy,10,6723.0,Limit
4773,2,2026-06-01 10:47:17,Sell,10,6717.75,Stop
4774,1,2026-06-01 09:58:41,Buy,10,6723.25,Market
4774,2,2026-06-01 10:47:06,Sell,10,6717.75,Stop
4775,1,2026-06-01 09:58:41,Buy,2,6723.0,Limit
4775,2,2026-06-01 10:47:35,Sell,2,6717.75,Stop
4776,1,2026-06-01 09:58:41,Buy,10,6723.25,Limit
4776,2,2026-06-01 10:47:17,Sell,10,6717.5,Stop
4777,1,2026-06-01 10:23:48,Buy,5,3650.4,Limit
4777,2,2026-06-01 11:46:07,Sell,5,3645.3,Stop
4778,1,2026-06-01 10:23:48,Buy,1,3650.4,Limit
4778,2,2026-06-01 11:46:15,Sell,1,3645.3,Stop
4779,1,2026-06-01 10:23:51,Buy,5,3650.4,Market
4779,2,2026-06-01 11:46:22,Sell,5,3645.3,Stop
4780,1,2026-06-01 10:23:51,Buy,5,3650.5,Market
4780,2,2026-06-01 11:46:22,Sell,5,3645.2,Stop
4781,1,2026-06-01 10:23:50,Buy,5,3650.4,Market
4781,2,2026-06-01 11:46:29,Sell,5,3645.3,Stop
4782,1,2026-06-01 10:23:49,Buy,5,3650.5,Limit
4782,2,2026-06-01 11:45:49,Sell,5,3645.2,Stop
4783,1,2026-06-02 09:50:12,Sell,10,40522.0,Market
4783,2,2026-06-02 10:27:12,Buy,10,40431.0,Limit
4784,1,2026-06-02 09:50:14,Sell,2,40521.0,Market
4784,2,2026-06-02 10:27:47,Buy,2,40432.0,Limit
4785,1,2026-06-02 09:50:12,Sell,10,40522.0,Market
4785,2,2026-06-02 10:27:28,Buy,10,40431.0,Limit
4786,1,2026-06-02 09:50:13,Sell,10,40521.0,Market
4786,2,2026-06-02 10:27:16,Buy,10,40432.0,Limit
4787,1,2026-06-02 09:50:13,Sell,2,40522.0,Limit
4787,2,2026-06-02 10:08:55,Buy,1,40467.0,Limit
4787,3,2026-06-02 10:27:37,Buy,1,40395.0,Limit
4788,1,2026-06-02 09:50:13,Sell,10,40522.0,Market
4788,2,2026-06-02 10:27:24,Buy,10,40431.0,Limit
4789,1,2026-06-02 09:50:12,Sell,10,40521.0,Limit
4789,2,2026-06-02 10:08:58.500000,Buy,5,40468.0,Limit
4789,3,2026-06-02 10:27:45,Buy,5,40396.0,Limit
4790,1,2026-06-02 12:20:52,Sell,10,6838.5,Market
4790,2,2026-06-02 12:28:12,Buy,10,6843.5,Stop
4791,1,2026-06-02 12:20:54,Sell,2,6838.25,Market
4791,2,2026-06-02 12:28:45,Buy,2,6843.75,Stop
4792,1,2026-06-02 12:20:55,Sell,10,6838.25,Market
4792,2,2026-06-02 12:28:49,Buy,10,6843.75,Stop
4793,1,2026-06-02 12:20:55,Sell,2,6838.5,Limit
4793,2,2026-06-02 12:28:19,Buy,2,6843.5,Stop
4794,1,2026-06-02 12:20:52,Sell,10,6838.5,Market
4794,2,2026-06-02 12:28:50,Buy,10,6843.5,Stop
4795,1,2026-06-02 10:37:23,Buy,5,3627.8,Limit
4795,2,2026-06-02 10:46:10,Sell,5,3638.8,Limit
4796,1,2026-06-02 10:37:25,Buy,1,3627.8,Market
4796,2,2026-06-02 10:45:36,Sell,1,3638.8,Limit
4797,1,2026-06-02 10:37:24,Buy,5,3627.9,Limit
4797,2,2026-06-02 10:41:26.500000,Sell,2,3634.4,Limit
4797,3,2026-06-02 10:45:29,Sell,3,3641.7,Limit
4798,1,2026-06-02 10:37:26,Buy,5,3627.8,Limit
4798,2,2026-06-02 10:41:48,Sell,2,3634.4,Limit
4798,3,2026-06-02 10:46:10,Sell,3,3641.7,Limit
4799,1,2026-06-02 10:37:25,Buy,1,3627.8,Limit
4799,2,2026-06-02 10:45:42,Sell,1,3638.8,Limit
4800,1,2026-06-02 10:37:25,Buy,5,3627.8,Limit
4800,2,2026-06-02 10:41:40,Sell,2,3634.4,Limit
4800,3,2026-06-02 10:45:55,Sell,3,3641.7,Limit
4801,1,2026-06-02 03:16:17,Buy,10,31.38,Market
4801,2,2026-06-02 03:36:51,Sell,10,31.77,Limit
4802,1,2026-06-02 03:16:19,Buy,2,31.38,Market
4802,2,2026-06-02 03:26:30.500000,Sell,1,31.61,Limit
4802,3,2026-06-02 03:36:42,Sell,1,31.93,Limit
4803,1,2026-06-02 03:16:17,Buy,10,31.39,Limit
4803,2,2026-06-02 03:37:04,Sell,10,31.77,Limit
4804,1,2026-06-02 03:16:19,Buy,10,31.38,Limit
4804,2,2026-06-02 03:26:36.500000,Sell,5,31.61,Limit
4804,3,2026-06-02 03:36:54,Sell,5,31.93,Limit
4805,1,2026-06-02 03:16:17,Buy,2,31.39,Market
4805,2,2026-06-02 03:36:56,Sell,2,31.77,Limit
4806,1,2026-06-02 03:16:18,Buy,10,31.38,Limit
4806,2,2026-06-02 03:26:40.500000,Sell,5,31.61,Limit
4806,3,2026-06-02 03:37:03,Sell,5,31.93,Limit
4807,1,2026-06-02 03:16:18,Buy,10,31.39,Limit
4807,2,2026-06-02 03:37:16,Sell,10,31.77,Limit
4808,1,2026-06-03 10:24:57,Sell,10,31.09,Limit
4808,2,2026-06-03 11:07:22,Buy,10,31.46,Stop
4809,1,2026-06-03 10:25:00,Sell,2,31.09,Market
4809,2,2026-06-03 11:07:15,Buy,2,31.46,Stop
4810,1,2026-06-03 10:24:57,Sell,10,31.09,Limit
4810,2,2026-06-03 11:07:22,Buy,10,31.46,Stop
4811,1,2026-06-03 10:25:00,Sell,10,31.09,Limit
4811,2,2026-06-03 11:07:27,Buy,10,31.46,Stop
4812,1,2026-06-03 10:24:59,Sell,2,31.09,Market
4812,2,2026-06-03 11:07:36,Buy,2,31.46,Stop
4813,1,2026-06-03 10:24:57,Sell,10,31.08,Market
4813,2,2026-06-03 11:07:07,Buy,10,31.47,Stop
4814,1,2026-06-03 10:25:00,Sell,10,31.09,Market
4814,2,2026-06-03 11:07:48,Buy,10,31.46,Stop
4815,1,2026-06-04 09:58:45,Sell,10,40419.0,Market
4815,2,2026-06-04 10:42:55.500000,Buy,5,40355.0,Limit
4815,3,2026-06-04 11:27:06,Buy,5,40269.0,Limit
4816,1,2026-06-04 09:58:47,Sell,2,40419.0,Market
4816,2,2026-06-04 11:27:29,Buy,2,40312.0,Limit
4817,1,2026-06-04 09:58:47,Sell,10,40418.0,Limit
4817,2,2026-06-04 10:42:53,Buy,5,40354.0,Limit
4817,3,2026-06-04 11:26:59,Buy,5,40270.0,Limit
4818,1,2026-06-04 09:58:47,Sell,10,40418.0,Market
4818,2,2026-06-04 11:27:23,Buy,10,40312.0,Limit
4819,1,2026-06-04 09:58:46,Sell,2,40419.0,Market
4819,2,2026-06-04 11:27:31,Buy,2,40312.0,Limit
4820,1,2026-06-04 09:58:45,Sell,10,40418.0,Limit
4820,2,2026-06-04 11:26:47,Buy,10,40312.0,Limit
4821,1,2026-06-04 09:58:45,Sell,10,40419.0,Limit
4821,2,2026-06-04 10:42:51,Buy,5,40355.0,Limit
4821,3,2026-06-04 11:26:57,Buy,5,40269.0,Limit
4822,1,2026-06-04 09:58:48,Sell,10,40419.0,Limit
4822,2,2026-06-04 10:42:57.500000,Buy,5,40355.0,Limit
4822,3,2026-06-04 11:27:07,Buy,5,40269.0,Limit
4823,1,2026-06-04 09:58:47,Sell,10,40419.0,Limit
4823,2,2026-06-04 11:27:11,Buy,10,40312.0,Limit
4824,1,2026-06-04 10:30:29,Sell,6,20346.25,Market
4824,2,2026-06-04 11:59:53,Buy,6,20370.5,Stop
4825,1,2026-06-04 10:30:30,Sell,2,20346.25,Market
4825,2,2026-06-04 11:59:38,Buy,2,20370.5,Stop
4826,1,2026-06-04 10:30:29,Sell,6,20346.25,Limit
4826,2,2026-06-04 12:00:21,Buy,6,20370.5,Stop
4827,1,2026-06-04 10:30:30,Sell,6,20346.25,Limit
4827,2,2026-06-04 12:00:22,Buy,6,20370.5,Stop
4828,1,2026-06-04 10:30:32,Sell,2,20346.25,Limit
4828,2,2026-06-04 12:00:06,Buy,2,20370.5,Stop
4829,1,2026-06-04 10:30:32,Sell,6,20346.0,Limit
4829,2,2026-06-04 11:59:38,Buy,6,20370.75,Stop
4830,1,2026-06-04 10:30:30,Sell,6,20346.25,Market
4830,2,2026-06-04 12:00:14,Buy,6,20370.5,Stop
4831,1,2026-06-04 10:30:30,Sell,6,20346.0,Market
4831,2,2026-06-04 11:59:49,Buy,6,20370.75,Stop
4832,1,2026-06-04 10:30:29,Sell,6,20346.25,Limit
4832,2,2026-06-04 12:00:16,Buy,6,20370.5,Stop
4833,1,2026-06-05 12:18:47,Buy,2,6733.25,Limit
4833,2,2026-06-05 12:25:26,Sell,2,6725.75,Stop
4834,1,2026-06-05 12:18:49,Buy,10,6733.5,Limit
4834,2,2026-06-05 12:25:21,Sell,10,6725.75,Stop
4835,1,2026-06-05 12:18:49,Buy,10,6733.5,Market
4835,2,2026-06-05 12:25:26,Sell,10,6725.75,Stop
4836,1,2026-06-05 12:18:48,Buy,2,6733.25,Limit
4836,2,2026-06-05 12:25:36,Sell,2,6725.75,Stop
4837,1,2026-06-05 12:18:50,Buy,10,6733.5,Limit
4837,2,2026-06-05 12:25:29,Sell,10,6725.5,Stop
4838,1,2026-06-05 12:18:49,Buy,10,6733.25,Limit
4838,2,2026-06-05 12:25:12,Sell,10,6725.75,Stop
4839,1,2026-06-05 12:18:48,Buy,10,6733.25,Market
4839,2,2026-06-05 12:25:26,Sell,10,6725.75,Stop
4840,1,2026-06-05 08:42:23,Buy,10,6767.25,Market
4840,2,2026-06-05 09:04:44,Sell,10,6762.25,Stop
4841,1,2026-06-05 08:42:23,Buy,2,6767.5,Market
4841,2,2026-06-05 09:05:04,Sell,2,6762.25,Stop
4842,1,2026-06-05 08:42:23,Buy,10,6767.25,Limit
4842,2,2026-06-05 09:04:26,Sell,10,6762.25,Stop
4843,1,2026-06-05 08:42:26,Buy,2,6767.25,Market
4843,2,2026-06-05 09:04:32,Sell,2,6762.25,Stop
4844,1,2026-06-05 08:42:23,Buy,10,6767.5,Market
4844,2,2026-06-05 09:04:27,Sell,10,6762.25,Stop
4845,1,2026-06-05 08:42:25,Buy,10,6767.5,Market
4845,2,2026-06-05 09:04:41,Sell,10,6762.25,Stop
4846,1,2026-06-05 08:42:25,Buy,10,6767.5,Limit
4846,2,2026-06-05 09:04:47,Sell,10,6762.25,Stop
4847,1,2026-06-08 03:19:34,Buy,5,3560.7,Market
4847,2,2026-06-08 03:35:40,Sell,5,3554.9,Stop
4848,1,2026-06-08 03:19:34,Buy,1,3560.8,Market
4848,2,2026-06-08 03:36:20,Sell,1,3554.8,Stop
4849,1,2026-06-08 03:19:35,Buy,5,3560.8,Limit
4849,2,2026-06-08 03:35:49,Sell,5,3554.8,Stop
4850,1,2026-06-08 03:19:36,Buy,1,3560.8,Limit
4850,2,2026-06-08 03:35:53,Sell,1,3554.9,Stop
4851,1,2026-06-08 03:19:37,Buy,5,3560.8,Market
4851,2,2026-06-08 03:35:51,Sell,5,3554.8,Stop
4852,1,2026-06-08 03:19:34,Buy,5,3560.7,Market
4852,2,2026-06-08 03:35:56,Sell,5,3554.9,Stop
4853,1,2026-06-08 03:19:34,Buy,5,3560.8,Market
4853,2,2026-06-08 03:36:10,Sell,5,3554.8,Stop
4854,1,2026-06-08 03:19:34,Buy,5,3560.8,Market
4854,2,2026-06-08 03:35:44,Sell,5,3554.8,Stop
4855,1,2026-06-09 10:00:20,Sell,10,39577.0,Market
4855,2,2026-06-09 10:10:25,Buy,10,39470.0,Limit
4856,1,2026-06-09 10:00:22,Sell,2,39576.0,Limit
4856,2,2026-06-09 10:05:26,Buy,1,39513.0,Limit
4856,3,2026-06-09 10:10:30,Buy,1,39429.0,Limit
4857,1,2026-06-09 10:00:20,Sell,10,39576.0,Market
4857,2,2026-06-09 10:05:41.500000,Buy,5,39513.0,Limit
4857,3,2026-06-09 10:11:03,Buy,5,39429.0,Limit
4858,1,2026-06-09 10:00:20,Sell,2,39577.0,Market
4858,2,2026-06-09 10:05:38.500000,Buy,1,39513.0,Limit
4858,3,2026-06-09 10:10:57,Buy,1,39427.0,Limit
4859,1,2026-06-09 10:00:23,Sell,10,39577.0,Limit
4859,2,2026-06-09 10:05:28.500000,Buy,5,39513.0,Limit
4859,3,2026-06-09 10:10:34,Buy,5,39427.0,Limit
4860,1,2026-06-09 10:00:20,Sell,10,39576.0,Market
4860,2,2026-06-09 10:05:33.500000,Buy,5,39513.0,Limit
4860,3,2026-06-09 10:10:47,Buy,5,39429.0,Limit
4861,1,2026-06-09 10:00:23,Sell,10,39577.0,Limit
4861,2,2026-06-09 10:05:33,Buy,5,39513.0,Limit
4861,3,2026-06-09 10:10:43,Buy,5,39427.0,Limit
4862,1,2026-06-09 12:15:38,Sell,10,1849.1,Market
4862,2,2026-06-09 12:33:13,Buy,10,1842.2,Limit
4863,1,2026-06-09 12:15:40,Sell,2,1849.1,Market
4863,2,2026-06-09 12:24:21.500000,Buy,1,1845.0,Limit
4863,3,2026-06-09 12:33:03,Buy,1,1839.4,Limit
4864,1,2026-06-09 12:15:41,Sell,10,1849.0,Limit
4864,2,2026-06-09 12:24:27,Buy,5,1845.0,Limit
4864,3,2026-06-09 12:33:13,Buy,5,1839.6,Limit
4865,1,2026-06-09 12:15:39,Sell,10,1849.1,Limit
4865,2,2026-06-09 12:33:19,Buy,10,1842.2,Limit
4866,1,2026-06-09 12:15:40,Sell,2,1849.1,Limit
4866,2,2026-06-09 12:24:39,Buy,1,1845.0,Limit
4866,3,2026-06-09 12:33:38,Buy,1,1839.4,Limit
4867,1,2026-06-09 12:15:39,Sell,10,1849.0,Market
4867,2,2026-06-09 12:33:29,Buy,10,1842.2,Limit
4868,1,2026-06-09 12:15:38,Sell,10,1849.0,Market
4868,2,2026-06-09 12:24:09.500000,Buy,5,1844.9,Limit
4868,3,2026-06-09 12:32:41,Buy,5,1839.5,Limit
4869,1,2026-06-09 12:15:39,Sell,10,1849.0,Market
4869,2,2026-06-09 12:24:20,Buy,5,1845.0,Limit
4869,3,2026-06-09 12:33:01,Buy,5,1839.6,Limit
4870,1,2026-06-09 12:15:40,Sell,10,1849.0,Market
4870,2,2026-06-09 12:33:18,Buy,10,1842.3,Limit
4871,1,2026-06-09 10:40:51,Buy,10,33.77,Limit
4871,2,2026-06-09 11:37:37,Sell,10,33.51,Stop
4872,1,2026-06-09 10:40:54,Buy,2,33.77,Limit
4872,2,2026-06-09 11:37:14,Sell,2,33.51,Stop
4873,1,2026-06-09 10:40:53,Buy,10,33.78,Limit
4873,2,2026-06-09 11:37:07,Sell,10,33.51,Stop
4874,1,2026-06-09 10:40:52,Buy,10,33.78,Limit
4874,2,2026-06-09 11:37:17,Sell,10,33.51,Stop
4875,1,2026-06-09 10:40:54,Buy,2,33.77,Limit
4875,2,2026-06-09 11:37:21,Sell,2,33.51,Stop
4876,1,2026-06-09 10:40:54,Buy,10,33.77,Limit
4876,2,2026-06-09 11:37:37,Sell,10,33.51,Stop
4877,1,2026-06-09 10:40:52,Buy,10,33.77,Limit
4877,2,2026-06-09 11:36:55,Sell,10,33.51,Stop
4878,1,2026-06-09 10:40:54,Buy,10,33.77,Market
4878,2,2026-06-09 11:37:32,Sell,10,33.51,Stop
4879,1,2026-06-09 10:40:52,Buy,10,33.77,Market
4879,2,2026-06-09 11:37:08,Sell,10,33.51,Stop
4880,1,2026-06-10 10:00:47,Buy,10,7000.5,Limit
4880,2,2026-06-10 11:03:35,Sell,10,7007.5,Limit
4881,1,2026-06-10 10:00:47,Buy,2,7000.75,Market
4881,2,2026-06-10 10:32:03.500000,Sell,1,7004.75,Limit
4881,3,2026-06-10 11:03:20,Sell,1,7010.25,Limit
4882,1,2026-06-10 10:00:49,Buy,10,7000.75,Market
4882,2,2026-06-10 11:03:18,Sell,10,7007.5,Limit
4883,1,2026-06-10 10:00:47,Buy,2,7000.75,Market
4883,2,2026-06-10 11:03:23,Sell,2,7007.5,Limit
4884,1,2026-06-10 10:00:49,Buy,10,7000.5,Market
4884,2,2026-06-10 11:03:20,Sell,10,7007.5,Limit
4885,1,2026-06-10 10:00:50,Buy,10,7000.5,Market
4885,2,2026-06-10 11:03:44,Sell,10,7007.5,Limit
4886,1,2026-06-10 10:00:47,Buy,10,7000.5,Limit
4886,2,2026-06-10 10:31:48.500000,Sell,5,7004.75,Limit
4886,3,2026-06-10 11:02:50,Sell,5,7010.25,Limit
4887,1,2026-06-10 10:00:49,Buy,10,7000.5,Market
4887,2,2026-06-10 11:03:32,Sell,10,7007.5,Limit
4888,1,2026-06-10 12:25:34,Sell,10,1815.6,Limit
4888,2,2026-06-10 12:38:21,Buy,5,1812.4,Limit
4888,3,2026-06-10 12:51:08,Buy,5,1808.2,Limit
4889,1,2026-06-10 12:25:37,Sell,2,1815.6,Limit
4889,2,2026-06-10 12:38:32,Buy,1,1812.4,Limit
4889,3,2026-06-10 12:51:27,Buy,1,1808.2,Limit
4890,1,2026-06-10 12:25:36,Sell,10,1815.6,Market
4890,2,2026-06-10 12:50:48,Buy,10,1810.3,Limit
4891,1,2026-06-10 12:25:37,Sell,10,1815.5,Limit
4891,2,2026-06-10 12:51:34,Buy,10,1810.3,Limit
4892,1,2026-06-10 12:25:35,Sell,2,1815.6,Market
4892,2,2026-06-10 12:50:41,Buy,2,1810.3,Limit
4893,1,2026-06-10 12:25:37,Sell,10,1815.6,Limit
4893,2,2026-06-10 12:38:24.500000,Buy,5,1812.4,Limit
4893,3,2026-06-10 12:51:12,Buy,5,1808.2,Limit
4894,1,2026-06-10 12:25:34,Sell,10,1815.5,Limit
4894,2,2026-06-10 12:38:22.500000,Buy,5,1812.4,Limit
4894,3,2026-06-10 12:51:11,Buy,5,1808.4,Limit
4895,1,2026-06-10 12:25:36,Sell,10,1815.6,Market
4895,2,2026-06-10 12:38:17.500000,Buy,5,1812.4,Limit
4895,3,2026-06-10 12:50:59,Buy,5,1808.2,Limit
4896,1,2026-06-10 10:21:38,Buy,5,3628.0,Market
4896,2,2026-06-10 11:27:56,Sell,5,3621.8,Stop
4897,1,2026-06-10 10:21:38,Buy,1,3628.0,Limit
4897,2,2026-06-10 11:28:22,Sell,1,3621.8,Stop
4898,1,2026-06-10 10:21:41,Buy,5,3628.0,Limit
4898,2,2026-06-10 11:27:59,Sell,5,3621.8,Stop
4899,1,2026-06-10 10:21:40,Buy,5,3628.0,Market
4899,2,2026-06-10 11:27:43,Sell,5,3621.8,Stop
4900,1,2026-06-10 10:21:39,Buy,1,3628.0,Limit
4900,2,2026-06-10 11:28:06,Sell,1,3621.8,Stop
4901,1,2026-06-10 10:21:41,Buy,5,3628.1,Market
4901,2,2026-06-10 11:27:45,Sell,5,3621.7,Stop
4902,1,2026-06-10 10:21:39,Buy,5,3628.0,Market
4902,2,2026-06-10 11:28:14,Sell,5,3621.8,Stop
4903,1,2026-06-10 10:21:38,Buy,5,3628.0,Limit
4903,2,2026-06-10 11:27:45,Sell,5,3621.8,Stop
4904,1,2026-06-10 10:21:41,Buy,5,3628.0,Limit
4904,2,2026-06-10 11:28:35,Sell,5,3621.8,Stop
4905,1,2026-06-10 03:22:15,Buy,5,3616.6,Market
4905,2,2026-06-10 04:26:15,Sell,5,3624.3,Limit
4906,1,2026-06-10 03:22:15,Buy,1,3616.6,Market
4906,2,2026-06-10 04:26:48,Sell,1,3624.3,Limit
4907,1,2026-06-10 03:22:15,Buy,5,3616.6,Market
4907,2,2026-06-10 04:26:29,Sell,5,3624.3,Limit
4908,1,2026-06-10 03:22:16,Buy,5,3616.6,Market
4908,2,2026-06-10 03:54:17.500000,Sell,2,3621.2,Limit
4908,3,2026-06-10 04:26:19,Sell,3,3626.4,Limit
4909,1,2026-06-10 03:22:16,Buy,1,3616.7,Limit
4909,2,2026-06-10 04:26:34,Sell,1,3624.3,Limit
4910,1,2026-06-10 03:22:17,Buy,5,3616.6,Market
4910,2,2026-06-10 04:27:04,Sell,5,3624.3,Limit
4911,1,2026-06-10 03:22:15,Buy,5,3616.7,Market
4911,2,2026-06-10 03:54:18.500000,Sell,2,3621.3,Limit
4911,3,2026-06-10 04:26:22,Sell,3,3626.3,Limit
4912,1,2026-06-10 03:22:18,Buy,5,3616.6,Limit
4912,2,2026-06-10 04:27:04,Sell,5,3624.3,Limit
4913,1,2026-06-10 03:22:17,Buy,5,3616.7,Limit
4913,2,2026-06-10 04:26:53,Sell,5,3624.3,Limit
4914,1,2026-06-10 08:33:14,Sell,10,6985.75,Limit
4914,2,2026-06-10 08:50:25,Buy,10,6981.5,Limit
4915,1,2026-06-10 08:33:16,Sell,2,6985.75,Limit
4915,2,2026-06-10 08:41:51,Buy,1,6983.25,Limit
4915,3,2026-06-10 08:50:26,Buy,1,6979.75,Limit
4916,1,2026-06-10 08:33:17,Sell,10,6985.75,Limit
4916,2,2026-06-10 08:51:10,Buy,10,6981.5,Limit
4917,1,2026-06-10 08:33:15,Sell,10,6985.5,Market
4917,2,2026-06-10 08:50:37,Buy,10,6981.5,Limit
4918,1,2026-06-10 08:33:14,Sell,10,6985.5,Limit
4918,2,2026-06-10 08:50:16,Buy,10,6981.75,Limit
4919,1,2026-06-10 08:33:14,Sell,10,6985.75,Market
4919,2,2026-06-10 08:50:50,Buy,10,6981.5,Limit
4920,1,2026-06-10 08:33:16,Sell,10,6985.75,Limit
4920,2,2026-06-10 08:50:34,Buy,10,6981.5,Limit
4921,1,2026-06-10 08:33:17,Sell,10,6985.75,Limit
4921,2,2026-06-10 08:50:59,Buy,10,6981.5,Limit
4922,1,2026-06-12 09:48:31,Sell,10,7178.0,Limit
4922,2,2026-06-12 10:35:15,Buy,10,7183.0,Stop
4923,1,2026-06-12 09:48:33,Sell,10,7178.0,Market
4923,2,2026-06-12 10:34:45,Buy,10,7183.0,Stop
4924,1,2026-06-12 09:48:32,Sell,10,7177.75,Market
4924,2,2026-06-12 10:35:12,Buy,10,7183.25,Stop
4925,1,2026-06-12 09:48:32,Sell,2,7177.75,Market
4925,2,2026-06-12 10:34:48,Buy,2,7183.25,Stop
4926,1,2026-06-12 09:48:33,Sell,10,7177.75,Limit
4926,2,2026-06-12 10:34:52,Buy,10,7183.0,Stop
4927,1,2026-06-12 09:48:34,Sell,10,7178.0,Market
4927,2,2026-06-12 10:35:06,Buy,10,7183.0,Stop
4928,1,2026-06-12 09:48:32,Sell,10,7177.75,Limit
4928,2,2026-06-12 10:34:59,Buy,10,7183.0,Stop
4929,1,2026-06-12 03:18:48,Buy,2,34.46,Market
4929,2,2026-06-12 03:35:29,Sell,2,34.91,Limit
4930,1,2026-06-12 03:18:49,Buy,10,34.47,Market
4930,2,2026-06-12 03:35:26,Sell,10,34.91,Limit
4931,1,2026-06-12 03:18:48,Buy,10,34.46,Limit
4931,2,2026-06-12 03:35:37,Sell,10,34.91,Limit
4932,1,2026-06-12 03:18:51,Buy,10,34.46,Market
4932,2,2026-06-12 03:35:36,Sell,10,34.91,Limit
4933,1,2026-06-12 03:18:50,Buy,10,34.47,Limit
4933,2,2026-06-12 03:35:03,Sell,10,34.9,Limit
4934,1,2026-06-12 03:18:50,Buy,10,34.46,Market
4934,2,2026-06-12 03:34:54,Sell,10,34.91,Limit
4935,1,2026-06-12 03:18:51,Buy,10,34.47,Market
4935,2,2026-06-12 03:35:10,Sell,10,34.9,Limit
4936,1,2026-06-15 03:28:40,Buy,5,3658.8,Market
4936,2,2026-06-15 04:37:27,Sell,5,3653.0,Stop
4937,1,2026-06-15 03:28:43,Buy,1,3658.8,Market
4937,2,2026-06-15 04:37:05,Sell,1,3653.0,Stop
4938,1,2026-06-15 03:28:42,Buy,5,3658.8,Limit
4938,2,2026-06-15 04:36:55,Sell,5,3653.0,Stop
4939,1,2026-06-15 03:28:40,Buy,5,3658.8,Market
4939,2,2026-06-15 04:37:11,Sell,5,3653.0,Stop
4940,1,2026-06-15 03:28:41,Buy,1,3658.9,Limit
4940,2,2026-06-15 04:36:41,Sell,1,3652.9,Stop
4941,1,2026-06-15 03:28:42,Buy,5,3658.8,Market
4941,2,2026-06-15 04:36:57,Sell,5,3653.0,Stop
4942,1,2026-06-15 03:28:40,Buy,5,3658.9,Limit
4942,2,2026-06-15 04:37:20,Sell,5,3653.0,Stop
4943,1,2026-06-15 03:28:40,Buy,5,3658.9,Market
4943,2,2026-06-15 04:36:58,Sell,5,3652.9,Stop
4944,1,2026-06-15 03:28:41,Buy,5,3658.8,Market
4944,2,2026-06-15 04:36:53,Sell,5,3653.0,Stop
4945,1,2026-06-16 12:15:03,Buy,10,1796.8,Limit
4945,2,2026-06-16 12:39:56,Sell,10,1790.8,Stop
4946,1,2026-06-16 12:15:04,Buy,2,1796.8,Limit
4946,2,2026-06-16 12:39:55,Sell,2,1790.8,Stop
4947,1,2026-06-16 12:15:05,Buy,10,1796.8,Market
4947,2,2026-06-16 12:39:40,Sell,10,1790.8,Stop
4948,1,2026-06-16 12:15:03,Buy,10,1796.8,Limit
4948,2,2026-06-16 12:39:40,Sell,10,1790.8,Stop
4949,1,2026-06-16 12:15:03,Buy,2,1796.8,Market
4949,2,2026-06-16 12:39:38,Sell,2,1790.8,Stop
4950,1,2026-06-16 12:15:06,Buy,10,1796.9,Market
4950,2,2026-06-16 12:39:30,Sell,10,1790.8,Stop
4951,1,2026-06-16 12:15:03,Buy,10,1796.8,Limit
4951,2,2026-06-16 12:39:46,Sell,10,1790.8,Stop
4952,1,2026-06-16 12:15:06,Buy,10,1796.8,Limit
4952,2,2026-06-16 12:39:33,Sell,10,1790.8,Stop
4953,1,2026-06-16 12:15:04,Buy,10,1796.8,Market
4953,2,2026-06-16 12:39:40,Sell,10,1790.8,Stop
4954,1,2026-06-17 09:57:09,Sell,10,39845.0,Market
4954,2,2026-06-17 10:56:44,Buy,10,39908.0,Stop
4955,1,2026-06-17 09:57:11,Sell,2,39845.0,Market
4955,2,2026-06-17 10:56:27,Buy,2,39908.0,Stop
4956,1,2026-06-17 09:57:09,Sell,10,39844.0,Limit
4956,2,2026-06-17 10:56:31,Buy,10,39908.0,Stop
4957,1,2026-06-17 09:57:11,Sell,10,39845.0,Market
4957,2,2026-06-17 10:57:01,Buy,10,39908.0,Stop
4958,1,2026-06-17 09:57:09,Sell,2,39845.0,Market
4958,2,2026-06-17 10:56:28,Buy,2,39908.0,Stop
4959,1,2026-06-17 09:57:10,Sell,10,39844.0,Limit
4959,2,2026-06-17 10:56:24,Buy,10,39908.0,Stop
4960,1,2026-06-17 09:57:10,Sell,10,39845.0,Limit
4960,2,2026-06-17 10:56:35,Buy,10,39908.0,Stop
4961,1,2026-06-17 09:57:10,Sell,10,39845.0,Market
4961,2,2026-06-17 10:56:41,Buy,10,39908.0,Stop
4962,1,2026-06-17 09:57:12,Sell,10,39844.0,Market
4962,2,2026-06-17 10:56:51,Buy,10,39908.0,Stop
4963,1,2026-06-17 10:36:26,Sell,6,19662.75,Market
4963,2,2026-06-17 11:57:19,Buy,6,19595.0,Limit
4964,1,2026-06-17 10:36:26,Sell,2,19662.75,Limit
4964,2,2026-06-17 11:16:36.500000,Buy,1,19622.0,Limit
4964,3,2026-06-17 11:56:47,Buy,1,19568.0,Limit
4965,1,2026-06-17 10:36:26,Sell,6,19662.75,Limit
4965,2,2026-06-17 11:16:31.500000,Buy,3,19622.0,Limit
4965,3,2026-06-17 11:56:37,Buy,3,19568.0,Limit
4966,1,2026-06-17 10:36:29,Sell,2,19662.75,Limit
4966,2,2026-06-17 11:56:41,Buy,2,19595.0,Limit
4967,1,2026-06-17 10:36:29,Sell,6,19662.75,Limit
4967,2,2026-06-17 11:56:50,Buy,6,19595.0,Limit
4968,1,2026-06-17 10:36:26,Sell,6,19662.75,Limit
4968,2,2026-06-17 11:56:39,Buy,6,19595.0,Limit
4969,1,2026-06-17 10:36:27,Sell,6,19662.75,Limit
4969,2,2026-06-17 11:56:51,Buy,6,19595.0,Limit
4970,1,2026-06-17 03:26:26,Buy,10,33.57,Limit
4970,2,2026-06-17 03:34:45,Sell,10,33.33,Stop
4971,1,2026-06-17 03:26:28,Buy,2,33.57,Market
4971,2,2026-06-17 03:34:46,Sell,2,33.33,Stop
4972,1,2026-06-17 03:26:29,Buy,10,33.57,Market
4972,2,2026-06-17 03:34:35,Sell,10,33.33,Stop
4973,1,2026-06-17 03:26:27,Buy,10,33.57,Market
4973,2,2026-06-17 03:34:58,Sell,10,33.33,Stop
4974,1,2026-06-17 03:26:29,Buy,2,33.58,Limit
4974,2,2026-06-17 03:34:41,Sell,2,33.33,Stop
4975,1,2026-06-17 03:26:27,Buy,10,33.57,Market
4975,2,2026-06-17 03:35:18,Sell,10,33.33,Stop
4976,1,2026-06-17 03:26:29,Buy,10,33.58,Limit
4976,2,2026-06-17 03:34:50,Sell,10,33.32,Stop
4977,1,2026-06-17 03:26:28,Buy,10,33.57,Market
4977,2,2026-06-17 03:35:00,Sell,10,33.33,Stop
4978,1,2026-06-17 03:26:29,Buy,10,33.58,Limit
4978,2,2026-06-17 03:34:45,Sell,10,33.33,Stop
4979,1,2026-06-18 12:30:12,Sell,10,1768.3,Limit
4979,2,2026-06-18 12:40:14,Buy,10,1762.6,Limit
4980,1,2026-06-18 12:30:12,Sell,2,1768.3,Limit
4980,2,2026-06-18 12:41:03,Buy,2,1762.6,Limit
4981,1,2026-06-18 12:30:15,Sell,10,1768.3,Market
4981,2,2026-06-18 12:40:40,Buy,10,1762.6,Limit
4982,1,2026-06-18 12:30:15,Sell,10,1768.3,Market
4982,2,2026-06-18 12:41:11,Buy,10,1762.6,Limit
4983,1,2026-06-18 12:30:14,Sell,2,1768.2,Market
4983,2,2026-06-18 12:35:15,Buy,1,1764.9,Limit
4983,3,2026-06-18 12:40:16,Buy,1,1760.5,Limit
4984,1,2026-06-18 12:30:14,Sell,10,1768.3,Limit
4984,2,2026-06-18 12:40:24,Buy,10,1762.6,Limit
4985,1,2026-06-18 12:30:12,Sell,10,1768.3,Market
4985,2,2026-06-18 12:40:52,Buy,10,1762.6,Limit
4986,1,2026-06-18 12:30:13,Sell,10,1768.2,Market
4986,2,2026-06-18 12:35:23,Buy,5,1764.8,Limit
4986,3,2026-06-18 12:40:33,Buy,5,1760.4,Limit
4987,1,2026-06-18 12:30:14,Sell,10,1768.2,Limit
4987,2,2026-06-18 12:41:10,Buy,10,1762.6,Limit
4988,1,2026-06-18 10:27:03,Buy,6,19822.75,Market
4988,2,2026-06-18 10:50:20,Sell,3,19849.0,Limit
4988,3,2026-06-18 11:13:37,Sell,3,19884.0,Limit
4989,1,2026-06-18 10:27:03,Buy,2,19822.75,Market
4989,2,2026-06-18 11:13:05,Sell,2,19866.5,Limit
4990,1,2026-06-18 10:27:04,Buy,6,19822.75,Market
4990,2,2026-06-18 10:50:18,Sell,3,19849.0,Limit
4990,3,2026-06-18 11:13:32,Sell,3,19884.0,Limit
4991,1,2026-06-18 10:27:04,Buy,6,19823.0,Market
4991,2,2026-06-18 10:50:16,Sell,3,19849.0,Limit
4991,3,2026-06-18 11:13:28,Sell,3,19883.5,Limit
4992,1,2026-06-18 10:27:04,Buy,2,19822.75,Market
4992,2,2026-06-18 10:50:28.500000,Sell,1,19849.0,Limit
4992,3,2026-06-18 11:13:53,Sell,1,19884.0,Limit
4993,1,2026-06-18 10:27:03,Buy,6,19823.0,Market
4993,2,2026-06-18 10:50:16.500000,Sell,3,19849.0,Limit
4993,3,2026-06-18 11:13:30,Sell,3,19884.0,Limit
4994,1,2026-06-18 10:27:06,Buy,6,19822.75,Market
4994,2,2026-06-18 10:50:18.500000,Sell,3,19849.0,Limit
4994,3,2026-06-18 11:13:31,Sell,3,19884.0,Limit
4995,1,2026-06-18 10:27:03,Buy,6,19822.75,Market
4995,2,2026-06-18 10:50:12.500000,Sell,3,19849.0,Limit
4995,3,2026-06-18 11:13:22,Sell,3,19884.0,Limit
4996,1,2026-06-18 03:35:46,Sell,5,3719.2,Market
4996,2,2026-06-18 03:46:36,Buy,5,3724.8,Stop
4997,1,2026-06-18 03:35:46,Sell,5,3719.2,Market
4997,2,2026-06-18 03:46:15,Buy,5,3724.8,Stop
4998,1,2026-06-18 03:35:47,Sell,5,3719.2,Limit
4998,2,2026-06-18 03:46:21,Buy,5,3724.8,Stop
4999,1,2026-06-18 03:35:48,Sell,1,3719.1,Market
4999,2,2026-06-18 03:46:46,Buy,1,3724.8,Stop
5000,1,2026-06-18 03:35:48,Sell,5,3719.1,Market
5000,2,2026-06-18 03:46:27,Buy,5,3724.9,Stop
5001,1,2026-06-18 03:35:48,Sell,5,3719.2,Market
5001,2,2026-06-18 03:46:26,Buy,5,3724.8,Stop
5002,1,2026-06-18 03:35:48,Sell,5,3719.2,Market
5002,2,2026-06-18 03:46:04,Buy,5,3724.8,Stop
5003,1,2026-06-18 03:35:46,Sell,5,3719.2,Market
5003,2,2026-06-18 03:46:28,Buy,5,3724.8,Stop
5004,1,2026-06-19 10:22:11,Sell,6,20015.0,Market
5004,2,2026-06-19 11:07:00.500000,Buy,3,19978.5,Limit
5004,3,2026-06-19 11:51:50,Buy,3,19930.0,Limit
5005,1,2026-06-19 10:22:13,Sell,2,20014.75,Market
5005,2,2026-06-19 11:06:53,Buy,1,19978.5,Limit
5005,3,2026-06-19 11:51:33,Buy,1,19930.0,Limit
5006,1,2026-06-19 10:22:14,Sell,6,20015.0,Limit
5006,2,2026-06-19 11:51:40,Buy,6,19954.25,Limit
5007,1,2026-06-19 10:22:11,Sell,2,20015.0,Limit
5007,2,2026-06-19 11:51:32,Buy,2,19954.25,Limit
5008,1,2026-06-19 10:22:11,Sell,6,20015.0,Limit
5008,2,2026-06-19 11:06:57,Buy,3,19978.5,Limit
5008,3,2026-06-19 11:51:43,Buy,3,19930.0,Limit
5009,1,2026-06-19 10:22:12,Sell,6,20014.75,Limit
5009,2,2026-06-19 11:51:52,Buy,6,19954.5,Limit
5010,1,2026-06-19 10:22:12,Sell,6,20015.0,Market
5010,2,2026-06-19 11:51:26,Buy,6,19954.25,Limit
5011,1,2026-06-19 10:22:11,Sell,6,20015.0,Limit
5011,2,2026-06-19 11:06:59.500000,Buy,3,19978.5,Limit
5011,3,2026-06-19 11:51:48,Buy,3,19930.0,Limit
5012,1,2026-06-22 10:00:33,Buy,10,39709.0,Limit
5012,2,2026-06-22 10:19:33,Sell,10,39660.0,Stop
5013,1,2026-06-22 10:00:34,Buy,2,39709.0,Limit
5013,2,2026-06-22 10:19:51,Sell,2,39660.0,Stop
5014,1,2026-06-22 10:00:35,Buy,10,39709.0,Limit
5014,2,2026-06-22 10:20:08,Sell,10,39660.0,Stop
5015,1,2026-06-22 10:00:33,Buy,10,39709.0,Market
5015,2,2026-06-22 10:19:42,Sell,10,39660.0,Stop
5016,1,2026-06-22 10:00:33,Buy,10,39709.0,Limit
5016,2,2026-06-22 10:20:20,Sell,10,39660.0,Stop
5017,1,2026-06-22 10:00:33,Buy,10,39709.0,Market
5017,2,2026-06-22 10:20:11,Sell,10,39660.0,Stop
5018,1,2026-06-22 10:00:35,Buy,10,39709.0,Limit
5018,2,2026-06-22 10:20:00,Sell,10,39660.0,Stop
5019,1,2026-06-22 10:00:33,Buy,2,39710.0,Limit
5019,2,2026-06-22 10:19:39,Sell,2,39659.0,Stop
5020,1,2026-06-22 12:25:00,Sell,10,1724.4,Market
5020,2,2026-06-22 12:46:30,Buy,10,1729.6,Stop
5021,1,2026-06-22 12:25:01,Sell,10,1724.4,Market
5021,2,2026-06-22 12:46:02,Buy,10,1729.6,Stop
5022,1,2026-06-22 12:25:00,Sell,2,1724.3,Market
5022,2,2026-06-22 12:46:02,Buy,2,1729.7,Stop
5023,1,2026-06-22 12:25:00,Sell,10,1724.4,Market
5023,2,2026-06-22 12:46:50,Buy,10,1729.6,Stop
5024,1,2026-06-22 12:25:03,Sell,10,1724.3,Limit
5024,2,2026-06-22 12:46:04,Buy,10,1729.6,Stop
5025,1,2026-06-22 12:25:02,Sell,10,1724.3,Market
5025,2,2026-06-22 12:46:23,Buy,10,1729.6,Stop
5026,1,2026-06-22 12:25:02,Sell,10,1724.3,Market
5026,2,2026-06-22 12:46:35,Buy,10,1729.7,Stop
5027,1,2026-06-22 12:25:03,Sell,10,1724.4,Limit
5027,2,2026-06-22 12:46:03,Buy,10,1729.6,Stop
5028,1,2026-06-22 12:25:02,Sell,2,1724.3,Limit
5028,2,2026-06-22 12:46:08,Buy,2,1729.7,Stop
5029,1,2026-06-22 12:25:00,Sell,10,1724.4,Market
5029,2,2026-06-22 12:46:18,Buy,10,1729.6,Stop
5030,1,2026-06-22 03:21:45,Buy,10,32.15,Limit
5030,2,2026-06-22 03:45:45.500000,Sell,5,32.34,Limit
5030,3,2026-06-22 04:09:46,Sell,5,32.58,Limit
5031,1,2026-06-22 03:21:48,Buy,10,32.15,Limit
5031,2,2026-06-22 04:10:43,Sell,10,32.46,Limit
5032,1,2026-06-22 03:21:45,Buy,2,32.16,Market
5032,2,2026-06-22 03:46:03.500000,Sell,1,32.34,Limit
5032,3,2026-06-22 04:10:22,Sell,1,32.58,Limit
5033,1,2026-06-22 03:21:48,Buy,10,32.15,Limit
5033,2,2026-06-22 03:45:56.500000,Sell,5,32.34,Limit
5033,3,2026-06-22 04:10:05,Sell,5,32.58,Limit
5034,1,2026-06-22 03:21:46,Buy,10,32.16,Market
5034,2,2026-06-22 03:46:02.500000,Sell,5,32.33,Limit
5034,3,2026-06-22 04:10:19,Sell,5,32.57,Limit
5035,1,2026-06-22 03:21:45,Buy,10,32.16,Market
5035,2,2026-06-22 03:46:08.500000,Sell,5,32.34,Limit
5035,3,2026-06-22 04:10:32,Sell,5,32.58,Limit
5036,1,2026-06-22 03:21:48,Buy,10,32.15,Market
5036,2,2026-06-22 04:09:48,Sell,10,32.46,Limit
5037,1,2026-06-22 03:21:48,Buy,10,32.16,Limit
5037,2,2026-06-22 03:45:56,Sell,5,32.33,Limit
5037,3,2026-06-22 04:10:04,Sell,5,32.57,Limit
5038,1,2026-06-22 03:21:47,Buy,2,32.15,Limit
5038,2,2026-06-22 04:10:38,Sell,2,32.46,Limit
5039,1,2026-06-22 03:21:48,Buy,10,32.15,Limit
5039,2,2026-06-22 04:10:10,Sell,10,32.46,Limit
5040,1,2026-06-23 10:28:52,Sell,6,19927.75,Market
5040,2,2026-06-23 11:06:58,Buy,3,19895.25,Limit
5040,3,2026-06-23 11:45:04,Buy,3,19852.25,Limit
5041,1,2026-06-23 10:28:53,Sell,6,19927.75,Limit
5041,2,2026-06-23 11:07:09,Buy,3,19895.25,Limit
5041,3,2026-06-23 11:45:25,Buy,3,19852.25,Limit
5042,1,2026-06-23 10:28:54,Sell,2,19927.5,Market
5042,2,2026-06-23 11:45:20,Buy,2,19873.75,Limit
5043,1,2026-06-23 10:28:52,Sell,6,19927.5,Market
5043,2,2026-06-23 11:44:53,Buy,6,19874.0,Limit
5044,1,2026-06-23 10:28:53,Sell,6,19927.5,Market
5044,2,2026-06-23 11:45:45,Buy,6,19873.75,Limit
5045,1,2026-06-23 10:28:52,Sell,6,19927.5,Limit
5045,2,2026-06-23 11:45:29,Buy,6,19874.0,Limit
5046,1,2026-06-23 10:28:53,Sell,6,19927.5,Limit
5046,2,2026-06-23 11:07:16.500000,Buy,3,19895.25,Limit
5046,3,2026-06-23 11:45:40,Buy,3,19852.25,Limit
5047,1,2026-06-23 10:28:55,Sell,6,19927.75,Limit
5047,2,2026-06-23 11:45:04,Buy,6,19873.75,Limit
5048,1,2026-06-23 10:28:54,Sell,2,19927.5,Limit
5048,2,2026-06-23 11:45:49,Buy,2,19874.0,Limit
5049,1,2026-06-23 10:28:54,Sell,6,19927.75,Market
5049,2,2026-06-23 11:45:43,Buy,6,19873.75,Limit
5050,1,2026-06-24 12:26:47,Buy,10,7134.25,Market
5050,2,2026-06-24 12:44:50,Sell,10,7138.75,Limit
5051,1,2026-06-24 12:26:49,Buy,10,7134.5,Limit
5051,2,2026-06-24 12:35:58.500000,Sell,5,7137.0,Limit
5051,3,2026-06-24 12:45:08,Sell,5,7140.5,Limit
5052,1,2026-06-24 12:26:49,Buy,10,7134.25,Limit
5052,2,2026-06-24 12:36:10,Sell,5,7137.0,Limit
5052,3,2026-06-24 12:45:31,Sell,5,7140.5,Limit
5053,1,2026-06-24 12:26:50,Buy,10,7134.5,Limit
5053,2,2026-06-24 12:45:09,Sell,10,7138.75,Limit
5054,1,2026-06-24 12:26:49,Buy,10,7134.25,Market
5054,2,2026-06-24 12:36:15.500000,Sell,5,7137.0,Limit
5054,3,2026-06-24 12:45:42,Sell,5,7140.5,Limit
5055,1,2026-06-24 12:26:47,Buy,10,7134.5,Market
5055,2,2026-06-24 12:45:23,Sell,10,7138.5,Limit
5056,1,2026-06-24 12:26:47,Buy,10,7134.25,Market
5056,2,2026-06-24 12:36:12.500000,Sell,5,7137.0,Limit
5056,3,2026-06-24 12:45:38,Sell,5,7140.5,Limit
5057,1,2026-06-24 12:26:47,Buy,2,7134.5,Limit
5057,2,2026-06-24 12:35:49,Sell,1,7137.0,Limit
5057,3,2026-06-24 12:44:51,Sell,1,7140.5,Limit
5058,1,2026-06-24 12:26:47,Buy,10,7134.25,Market
5058,2,2026-06-24 12:44:56,Sell,10,7138.75,Limit
5059,1,2026-06-24 12:26:48,Buy,2,7134.25,Market
5059,2,2026-06-24 12:45:06,Sell,2,7138.75,Limit
5060,1,2026-06-24 12:26:50,Buy,10,7134.5,Limit
5060,2,2026-06-24 12:45:18,Sell,10,7138.5,Limit
5061,1,2026-06-24 10:30:29,Buy,6,19909.0,Limit
5061,2,2026-06-24 10:55:55,Sell,6,19882.5,Stop
5062,1,2026-06-24 10:30:32,Buy,6,19909.0,Market
5062,2,2026-06-24 10:55:38,Sell,6,19882.5,Stop
5063,1,2026-06-24 10:30:29,Buy,6,19909.0,Market
5063,2,2026-06-24 10:56:11,Sell,6,19882.5,Stop
5064,1,2026-06-24 10:30:32,Buy,6,19909.25,Limit
5064,2,2026-06-24 10:56:29,Sell,6,19882.25,Stop
5065,1,2026-06-24 10:30:32,Buy,6,19909.0,Market
5065,2,2026-06-24 10:56:19,Sell,6,19882.5,Stop
5066,1,2026-06-24 10:30:31,Buy,6,19909.0,Market
5066,2,2026-06-24 10:56:13,Sell,6,19882.5,Stop
5067,1,2026-06-24 10:30:31,Buy,6,19909.25,Market
5067,2,2026-06-24 10:56:22,Sell,6,19882.5,Stop
5068,1,2026-06-24 10:30:29,Buy,6,19909.25,Limit
5068,2,2026-06-24 10:56:07,Sell,6,19882.5,Stop
5069,1,2026-06-24 10:30:31,Buy,6,19909.0,Limit
5069,2,2026-06-24 10:55:48,Sell,6,19882.5,Stop
5070,1,2026-06-24 10:30:29,Buy,2,19909.0,Market
5070,2,2026-06-24 10:56:03,Sell,2,19882.5,Stop
5071,1,2026-06-24 10:30:30,Buy,6,19909.0,Limit
5071,2,2026-06-24 10:55:33,Sell,6,19882.5,Stop
5072,1,2026-06-25 10:04:58,Sell,10,7173.75,Market
5072,2,2026-06-25 10:20:08,Buy,10,7164.25,Limit
5073,1,2026-06-25 10:04:59,Sell,10,7173.75,Limit
5073,2,2026-06-25 10:12:44.500000,Buy,5,7168.0,Limit
5073,3,2026-06-25 10:20:30,Buy,5,7160.5,Limit
5074,1,2026-06-25 10:04:58,Sell,10,7173.5,Limit
5074,2,2026-06-25 10:12:48.500000,Buy,5,7168.0,Limit
5074,3,2026-06-25 10:20:39,Buy,5,7161.0,Limit
5075,1,2026-06-25 10:05:01,Sell,10,7173.75,Limit
5075,2,2026-06-25 10:20:11,Buy,10,7164.25,Limit
5076,1,2026-06-25 10:05:00,Sell,10,7173.75,Market
5076,2,2026-06-25 10:12:50.500000,Buy,5,7168.0,Limit
5076,3,2026-06-25 10:20:41,Buy,5,7160.5,Limit
5077,1,2026-06-25 10:05:01,Sell,10,7173.5,Market
5077,2,2026-06-25 10:20:09,Buy,10,7164.5,Limit
5078,1,2026-06-25 10:04:59,Sell,2,7173.5,Limit
5078,2,2026-06-25 10:12:29,Buy,1,7168.0,Limit
5078,3,2026-06-25 10:19:59,Buy,1,7160.5,Limit
5079,1,2026-06-25 10:04:58,Sell,10,7173.5,Limit
5079,2,2026-06-25 10:12:44,Buy,5,7168.0,Limit
5079,3,2026-06-25 10:20:30,Buy,5,7160.5,Limit
5080,1,2026-06-25 10:04:59,Sell,10,7173.75,Market
5080,2,2026-06-25 10:20:58,Buy,10,7164.25,Limit
5081,1,2026-06-25 10:05:00,Sell,2,7173.75,Limit
5081,2,2026-06-25 10:12:38,Buy,1,7168.0,Limit
5081,3,2026-06-25 10:20:16,Buy,1,7160.5,Limit
5082,1,2026-06-25 10:05:01,Sell,10,7173.75,Limit
5082,2,2026-06-25 10:12:45,Buy,5,7168.0,Limit
5082,3,2026-06-25 10:20:29,Buy,5,7160.5,Limit
5083,1,2026-06-25 12:22:12,Buy,10,7209.25,Market
5083,2,2026-06-25 12:33:04,Sell,10,7215.0,Limit
5084,1,2026-06-25 12:22:13,Buy,10,7209.5,Limit
5084,2,2026-06-25 12:32:25,Sell,10,7215.0,Limit
5085,1,2026-06-25 12:22:15,Buy,10,7209.5,Market
5085,2,2026-06-25 12:27:40.500000,Sell,5,7212.75,Limit
5085,3,2026-06-25 12:33:06,Sell,5,7216.75,Limit
5086,1,2026-06-25 12:22:13,Buy,10,7209.5,Limit
5086,2,2026-06-25 12:27:36.500000,Sell,5,7212.75,Limit
5086,3,2026-06-25 12:33:00,Sell,5,7216.75,Limit
5087,1,2026-06-25 12:22:14,Buy,10,7209.5,Limit
5087,2,2026-06-25 12:32:27,Sell,10,7215.0,Limit
5088,1,2026-06-25 12:22:15,Buy,10,7209.25,Limit
5088,2,2026-06-25 12:33:02,Sell,10,7215.0,Limit
5089,1,2026-06-25 12:22:13,Buy,10,7209.25,Limit
5089,2,2026-06-25 12:32:14,Sell,10,7215.0,Limit
5090,1,2026-06-25 12:22:14,Buy,2,7209.25,Limit
5090,2,2026-06-25 12:32:27,Sell,2,7215.0,Limit
5091,1,2026-06-25 12:22:14,Buy,10,7209.5,Market
5091,2,2026-06-25 12:32:30,Sell,10,7214.75,Limit
5092,1,2026-06-25 12:22:14,Buy,10,7209.5,Market
5092,2,2026-06-25 12:27:29,Sell,5,7212.75,Limit
5092,3,2026-06-25 12:32:44,Sell,5,7217.25,Limit
5093,1,2026-06-25 12:22:13,Buy,2,7209.25,Market
5093,2,2026-06-25 12:27:16.500000,Sell,1,7212.75,Limit
5093,3,2026-06-25 12:32:20,Sell,1,7217.25,Limit
5094,1,2026-06-25 12:22:13,Buy,10,7209.5,Market
5094,2,2026-06-25 12:32:28,Sell,10,7214.75,Limit
5095,1,2026-06-25 10:38:00,Buy,10,31.71,Limit
5095,2,2026-06-25 10:52:14,Sell,10,31.37,Stop
5096,1,2026-06-25 10:38:02,Buy,10,31.71,Limit
5096,2,2026-06-25 10:52:18,Sell,10,31.37,Stop
5097,1,2026-06-25 10:38:01,Buy,10,31.72,Limit
5097,2,2026-06-25 10:52:16,Sell,10,31.36,Stop
5098,1,2026-06-25 10:38:00,Buy,10,31.71,Market
5098,2,2026-06-25 10:52:49,Sell,10,31.37,Stop
5099,1,2026-06-25 10:38:03,Buy,10,31.71,Market
5099,2,2026-06-25 10:52:09,Sell,10,31.37,Stop
5100,1,2026-06-25 10:38:03,Buy,10,31.72,Market
5100,2,2026-06-25 10:52:51,Sell,10,31.36,Stop
5101,1,2026-06-25 10:38:02,Buy,2,31.71,Market
5101,2,2026-06-25 10:52:49,Sell,2,31.37,Stop
5102,1,2026-06-25 10:38:00,Buy,10,31.71,Market
5102,2,2026-06-25 10:52:22,Sell,10,31.37,Stop
5103,1,2026-06-25 10:38:03,Buy,10,31.71,Limit
5103,2,2026-06-25 10:52:42,Sell,10,31.37,Stop
5104,1,2026-06-25 10:38:03,Buy,2,31.72,Market
5104,2,2026-06-25 10:52:26,Sell,2,31.37,Stop
5105,1,2026-06-25 10:38:02,Buy,10,31.72,Limit
5105,2,2026-06-25 10:52:05,Sell,10,31.37,Stop
5106,1,2026-06-26 09:59:16,Sell,10,40501.0,Limit
5106,2,2026-06-26 10:20:52.500000,Buy,5,40462.0,Limit
5106,3,2026-06-26 10:42:29,Buy,5,40410.0,Limit
5107,1,2026-06-26 09:59:18,Sell,10,40501.0,Limit
5107,2,2026-06-26 10:42:51,Buy,10,40436.0,Limit
5108,1,2026-06-26 09:59:19,Sell,10,40501.0,Market
5108,2,2026-06-26 10:42:54,Buy,10,40436.0,Limit
5109,1,2026-06-26 09:59:16,Sell,10,40501.0,Market
5109,2,2026-06-26 10:42:43,Buy,10,40436.0,Limit
5110,1,2026-06-26 09:59:17,Sell,10,40501.0,Market
5110,2,2026-06-26 10:42:42,Buy,10,40436.0,Limit
5111,1,2026-06-26 09:59:17,Sell,10,40500.0,Market
5111,2,2026-06-26 10:43:05,Buy,10,40436.0,Limit
5112,1,2026-06-26 09:59:17,Sell,10,40501.0,Limit
5112,2,2026-06-26 10:20:56,Buy,5,40462.0,Limit
5112,3,2026-06-26 10:42:35,Buy,5,40410.0,Limit
5113,1,2026-06-26 09:59:17,Sell,2,40501.0,Market
5113,2,2026-06-26 10:21:13.500000,Buy,1,40462.0,Limit
5113,3,2026-06-26 10:43:10,Buy,1,40410.0,Limit
5114,1,2026-06-26 09:59:19,Sell,10,40501.0,Limit
5114,2,2026-06-26 10:42:56,Buy,10,40436.0,Limit
5115,1,2026-06-26 09:59:18,Sell,2,40501.0,Market
5115,2,2026-06-26 10:21:08,Buy,1,40462.0,Limit
5115,3,2026-06-26 10:42:58,Buy,1,40410.0,Limit
5116,1,2026-06-26 09:59:19,Sell,10,40501.0,Limit
5116,2,2026-06-26 10:21:05,Buy,5,40462.0,Limit
5116,3,2026-06-26 10:42:51,Buy,5,40410.0,Limit
5117,1,2026-06-26 03:15:06,Sell,10,33.2,Market
5117,2,2026-06-26 03:45:36.500000,Buy,5,32.96,Limit
5117,3,2026-06-26 04:16:07,Buy,5,32.64,Limit
5118,1,2026-06-26 03:15:08,Sell,10,33.2,Limit
5118,2,2026-06-26 03:45:54,Buy,5,32.96,Limit
5118,3,2026-06-26 04:16:40,Buy,5,32.64,Limit
5119,1,2026-06-26 03:15:07,Sell,10,33.2,Market
5119,2,2026-06-26 04:17:02,Buy,10,32.8,Limit
5120,1,2026-06-26 03:15:07,Sell,10,33.19,Limit
5120,2,2026-06-26 04:17:03,Buy,10,32.8,Limit
5121,1,2026-06-26 03:15:07,Sell,10,33.2,Market
5121,2,2026-06-26 04:16:12,Buy,10,32.8,Limit
5122,1,2026-06-26 03:15:07,Sell,10,33.2,Limit
5122,2,2026-06-26 04:16:24,Buy,10,32.8,Limit
5123,1,2026-06-26 03:15:09,Sell,10,33.19,Market
5123,2,2026-06-26 03:45:43,Buy,5,32.96,Limit
5123,3,2026-06-26 04:16:17,Buy,5,32.64,Limit
5124,1,2026-06-26 03:15:07,Sell,2,33.19,Limit
5124,2,2026-06-26 04:16:50,Buy,2,32.8,Limit
5125,1,2026-06-26 03:15:07,Sell,10,33.2,Limit
5125,2,2026-06-26 03:45:57.500000,Buy,5,32.96,Limit
5125,3,2026-06-26 04:16:48,Buy,5,32.64,Limit
5126,1,2026-06-26 03:15:08,Sell,10,33.2,Limit
5126,2,2026-06-26 04:16:32,Buy,10,32.8,Limit
5127,1,2026-06-26 03:15:07,Sell,2,33.19,Limit
5127,2,2026-06-26 04:16:24,Buy,2,32.81,Limit
5128,1,2026-06-26 03:15:09,Sell,10,33.2,Market
5128,2,2026-06-26 04:16:28,Buy,10,32.8,Limit
5129,1,2026-06-29 12:25:35,Sell,10,1743.9,Limit
5129,2,2026-06-29 12:29:53,Buy,10,1737.8,Limit
5130,1,2026-06-29 12:25:37,Sell,10,1743.9,Limit
5130,2,2026-06-29 12:28:05,Buy,5,1740.2,Limit
5130,3,2026-06-29 12:30:33,Buy,5,1735.4,Limit
5131,1,2026-06-29 12:25:38,Sell,10,1743.8,Limit
5131,2,2026-06-29 12:27:56,Buy,5,1740.3,Limit
5131,3,2026-06-29 12:30:14,Buy,5,1735.5,Limit
5132,1,2026-06-29 12:25:37,Sell,10,1743.9,Limit
5132,2,2026-06-29 12:27:41.500000,Buy,5,1740.2,Limit
5132,3,2026-06-29 12:29:46,Buy,5,1735.4,Limit
5133,1,2026-06-29 12:25:38,Sell,10,1743.9,Limit
5133,2,2026-06-29 12:30:03,Buy,10,1737.8,Limit
5134,1,2026-06-29 12:25:36,Sell,2,1743.9,Market
5134,2,2026-06-29 12:29:46,Buy,2,1737.8,Limit
5135,1,2026-06-29 12:25:37,Sell,10,1743.8,Limit
5135,2,2026-06-29 12:27:52,Buy,5,1740.2,Limit
5135,3,2026-06-29 12:30:07,Buy,5,1735.4,Limit
5136,1,2026-06-29 12:25:38,Sell,10,1743.8,Market
5136,2,2026-06-29 12:27:45.500000,Buy,5,1740.3,Limit
5136,3,2026-06-29 12:29:53,Buy,5,1735.5,Limit
5137,1,2026-06-29 12:25:35,Sell,2,1743.8,Limit
5137,2,2026-06-29 12:27:50,Buy,1,1740.2,Limit
5137,3,2026-06-29 12:30:05,Buy,1,1735.4,Limit
5138,1,2026-06-29 12:25:38,Sell,10,1743.8,Limit
5138,2,2026-06-29 12:28:04,Buy,5,1740.2,Limit
5138,3,2026-06-29 12:30:30,Buy,5,1735.4,Limit
5139,1,2026-06-29 12:25:38,Sell,10,1743.9,Limit
5139,2,2026-06-29 12:28:04,Buy,5,1740.2,Limit
5139,3,2026-06-29 12:30:30,Buy,5,1735.4,Limit
5140,1,2026-06-29 12:25:37,Sell,2,1743.9,Market
5140,2,2026-06-29 12:27:42,Buy,1,1740.2,Limit
5140,3,2026-06-29 12:29:47,Buy,1,1735.4,Limit
5141,1,2026-06-29 10:36:09,Sell,10,33.6,Limit
5141,2,2026-06-29 12:04:53,Buy,10,33.97,Stop
5142,1,2026-06-29 10:36:09,Sell,10,33.6,Market
5142,2,2026-06-29 12:04:49,Buy,10,33.97,Stop
5143,1,2026-06-29 10:36:12,Sell,10,33.6,Limit
5143,2,2026-06-29 12:04:28,Buy,10,33.97,Stop
5144,1,2026-06-29 10:36:10,Sell,10,33.59,Limit
5144,2,2026-06-29 12:04:24,Buy,10,33.98,Stop
5145,1,2026-06-29 10:36:10,Sell,2,33.59,Market
5145,2,2026-06-29 12:04:55,Buy,2,33.97,Stop
5146,1,2026-06-29 10:36:12,Sell,10,33.6,Limit
5146,2,2026-06-29 12:04:45,Buy,10,33.97,Stop
5147,1,2026-06-29 10:36:11,Sell,10,33.59,Limit
5147,2,2026-06-29 12:04:29,Buy,10,33.98,Stop
5148,1,2026-06-29 10:36:09,Sell,2,33.6,Limit
5148,2,2026-06-29 12:04:27,Buy,2,33.97,Stop
5149,1,2026-06-29 10:36:10,Sell,10,33.59,Market
5149,2,2026-06-29 12:05:00,Buy,10,33.98,Stop
5150,1,2026-06-29 10:36:09,Sell,2,33.6,Limit
5150,2,2026-06-29 12:04:40,Buy,2,33.97,Stop
5151,1,2026-06-29 03:32:15,Buy,10,33.29,Limit
5151,2,2026-06-29 05:05:35,Sell,10,33.85,Limit
5152,1,2026-06-29 03:32:16,Buy,10,33.3,Market
5152,2,2026-06-29 05:06:11,Sell,10,33.84,Limit
5153,1,2026-06-29 03:32:15,Buy,10,33.29,Limit
5153,2,2026-06-29 04:18:59.500000,Sell,5,33.63,Limit
5153,3,2026-06-29 05:05:44,Sell,5,34.07,Limit
5154,1,2026-06-29 03:32:18,Buy,10,33.29,Limit
5154,2,2026-06-29 05:06:07,Sell,10,33.85,Limit
5155,1,2026-06-29 03:32:16,Buy,10,33.3,Market
5155,2,2026-06-29 05:06:12,Sell,10,33.85,Limit
5156,1,2026-06-29 03:32:17,Buy,2,33.29,Market
5156,2,2026-06-29 04:18:51,Sell,1,33.63,Limit
5156,3,2026-06-29 05:05:25,Sell,1,34.07,Limit
5157,1,2026-06-29 03:32:15,Buy,10,33.3,Limit
5157,2,2026-06-29 04:18:57.500000,Sell,5,33.63,Limit
5157,3,2026-06-29 05:05:40,Sell,5,34.07,Limit
5158,1,2026-06-29 03:32:18,Buy,10,33.29,Limit
5158,2,2026-06-29 04:19:11.500000,Sell,5,33.63,Limit
5158,3,2026-06-29 05:06:05,Sell,5,34.07,Limit
5159,1,2026-06-29 03:32:15,Buy,2,33.29,Limit
5159,2,2026-06-29 04:18:51.500000,Sell,1,33.63,Limit
5159,3,2026-06-29 05:05:28,Sell,1,34.07,Limit
5160,1,2026-06-29 03:32:16,Buy,10,33.3,Market
5160,2,2026-06-29 05:06:14,Sell,10,33.85,Limit
5161,1,2026-06-29 03:32:16,Buy,10,33.3,Limit
5161,2,2026-06-29 05:06:05,Sell,10,33.85,Limit
5162,1,2026-06-29 03:32:17,Buy,2,33.3,Market
5162,2,2026-06-29 05:05:32,Sell,2,33.84,Limit
5163,1,2026-06-30 12:12:13,Sell,10,7087.75,Limit
5163,2,2026-06-30 12:33:54,Buy,10,7083.5,Limit
5164,1,2026-06-30 12:12:14,Sell,10,7087.75,Market
5164,2,2026-06-30 12:33:59,Buy,10,7083.5,Limit
5165,1,2026-06-30 12:12:14,Sell,10,7087.5,Market
5165,2,2026-06-30 12:33:46,Buy,10,7083.5,Limit
5166,1,2026-06-30 12:12:14,Sell,10,7087.75,Limit
5166,2,2026-06-30 12:22:54,Buy,5,7085.25,Limit
5166,3,2026-06-30 12:33:34,Buy,5,7081.75,Limit
5167,1,2026-06-30 12:12:14,Sell,10,7087.75,Limit
5167,2,2026-06-30 12:34:00,Buy,10,7083.5,Limit
5168,1,2026-06-30 12:12:16,Sell,2,7087.5,Market
5168,2,2026-06-30 12:33:53,Buy,2,7083.75,Limit
5169,1,2026-06-30 12:12:16,Sell,10,7087.5,Market
5169,2,2026-06-30 12:33:21,Buy,10,7083.5,Limit
5170,1,2026-06-30 12:12:16,Sell,10,7087.75,Market
5170,2,2026-06-30 12:33:20,Buy,10,7083.5,Limit
5171,1,2026-06-30 12:12:13,Sell,2,7087.5,Limit
5171,2,2026-06-30 12:33:36,Buy,2,7083.75,Limit
5172,1,2026-06-30 12:12:15,Sell,10,7087.75,Limit
5172,2,2026-06-30 12:34:03,Buy,10,7083.5,Limit
5173,1,2026-06-30 12:12:14,Sell,10,7087.5,Market
5173,2,2026-06-30 12:33:54,Buy,10,7083.75,Limit
5174,1,2026-06-30 12:12:16,Sell,2,7087.5,Limit
5174,2,2026-06-30 12:34:11,Buy,2,7083.75,Limit
5175,1,2026-06-30 12:12:14,Sell,10,7087.75,Limit
5175,2,2026-06-30 12:33:42,Buy,10,7083.5,Limit
5176,1,2026-06-30 10:33:48,Sell,10,33.29,Market
5176,2,2026-06-30 11:43:51,Buy,10,32.69,Limit
5177,1,2026-06-30 10:33:51,Sell,10,33.28,Limit
5177,2,2026-06-30 11:08:59.500000,Buy,5,32.93,Limit
5177,3,2026-06-30 11:44:08,Buy,5,32.47,Limit
5178,1,2026-06-30 10:33:50,Sell,10,33.28,Market
5178,2,2026-06-30 11:44:23,Buy,10,32.69,Limit
5179,1,2026-06-30 10:33:48,Sell,10,33.28,Limit
5179,2,2026-06-30 11:43:58,Buy,10,32.7,Limit
5180,1,2026-06-30 10:33:50,Sell,10,33.29,Limit
5180,2,2026-06-30 11:09:04.500000,Buy,5,32.93,Limit
5180,3,2026-06-30 11:44:19,Buy,5,32.45,Limit
5181,1,2026-06-30 10:33:49,Sell,2,33.29,Market
5181,2,2026-06-30 11:43:56,Buy,2,32.69,Limit
5182,1,2026-06-30 10:33:48,Sell,10,33.29,Limit
5182,2,2026-06-30 11:44:35,Buy,10,32.69,Limit
5183,1,2026-06-30 10:33:51,Sell,10,33.29,Market
5183,2,2026-06-30 11:09:07,Buy,5,32.93,Limit
5183,3,2026-06-30 11:44:23,Buy,5,32.45,Limit
5184,1,2026-06-30 10:33:50,Sell,2,33.29,Limit
5184,2,2026-06-30 11:44:06,Buy,2,32.69,Limit
5185,1,2026-06-30 10:33:50,Sell,10,33.29,Market
5185,2,2026-06-30 11:08:57,Buy,5,32.93,Limit
5185,3,2026-06-30 11:44:04,Buy,5,32.45,Limit
5186,1,2026-06-30 10:33:51,Sell,10,33.29,Limit
5186,2,2026-06-30 11:09:12,Buy,5,32.93,Limit
5186,3,2026-06-30 11:44:33,Buy,5,32.45,Limit
5187,1,2026-06-30 10:33:48,Sell,2,33.28,Limit
5187,2,2026-06-30 11:08:50,Buy,1,32.93,Limit
5187,3,2026-06-30 11:43:52,Buy,1,32.45,Limit
5188,1,2026-06-30 10:33:51,Sell,10,33.29,Limit
5188,2,2026-06-30 11:44:29,Buy,10,32.69,Limit
5189,1,2026-07-01 12:19:42,Sell,10,1760.7,Limit
5189,2,2026-07-01 12:30:40,Buy,10,1754.8,Limit
5190,1,2026-07-01 12:19:44,Sell,10,1760.7,Limit
5190,2,2026-07-01 12:24:57,Buy,5,1757.2,Limit
5190,3,2026-07-01 12:30:10,Buy,5,1752.4,Limit
5191,1,2026-07-01 12:19:44,Sell,10,1760.7,Limit
5191,2,2026-07-01 12:30:41,Buy,10,1754.8,Limit
5192,1,2026-07-01 12:19:43,Sell,10,1760.7,Limit
5192,2,2026-07-01 12:30:16,Buy,10,1754.8,Limit
5193,1,2026-07-01 12:19:45,Sell,10,1760.6,Market
5193,2,2026-07-01 12:25:04.500000,Buy,5,1757.1,Limit
5193,3,2026-07-01 12:30:24,Buy,5,1752.5,Limit
5194,1,2026-07-01 12:19:42,Sell,2,1760.7,Limit
5194,2,2026-07-01 12:24:46.500000,Buy,1,1757.2,Limit
5194,3,2026-07-01 12:29:51,Buy,1,1752.4,Limit
5195,1,2026-07-01 12:19:43,Sell,10,1760.7,Market
5195,2,2026-07-01 12:24:43.500000,Buy,5,1757.2,Limit
5195,3,2026-07-01 12:29:44,Buy,5,1752.4,Limit
5196,1,2026-07-01 12:19:42,Sell,10,1760.7,Limit
5196,2,2026-07-01 12:24:55,Buy,5,1757.2,Limit
5196,3,2026-07-01 12:30:08,Buy,5,1752.4,Limit
5197,1,2026-07-01 12:19:42,Sell,2,1760.7,Market
5197,2,2026-07-01 12:24:48.500000,Buy,1,1757.2,Limit
5197,3,2026-07-01 12:29:55,Buy,1,1752.4,Limit
5198,1,2026-07-01 12:19:42,Sell,10,1760.6,Market
5198,2,2026-07-01 12:29:43,Buy,10,1754.9,Limit
5199,1,2026-07-01 12:19:45,Sell,10,1760.6,Limit
5199,2,2026-07-01 12:25:10.500000,Buy,5,1757.1,Limit
5199,3,2026-07-01 12:30:36,Buy,5,1752.5,Limit
5200,1,2026-07-01 12:19:45,Sell,2,1760.7,Limit
5200,2,2026-07-01 12:25:09,Buy,1,1757.2,Limit
5200,3,2026-07-01 12:30:33,Buy,1,1752.4,Limit
5201,1,2026-07-01 12:19:44,Sell,10,1760.7,Limit
5201,2,2026-07-01 12:24:49,Buy,5,1757.2,Limit
5201,3,2026-07-01 12:29:54,Buy,5,1752.4,Limit
5202,1,2026-07-01 10:38:40,Buy,10,34.33,Market
5202,2,2026-07-01 10:58:52,Sell,10,34.06,Stop
5203,1,2026-07-01 10:38:43,Buy,10,34.34,Limit
5203,2,2026-07-01 10:59:03,Sell,10,34.06,Stop
5204,1,2026-07-01 10:38:43,Buy,10,34.33,Market
5204,2,2026-07-01 10:59:12,Sell,10,34.06,Stop
5205,1,2026-07-01 10:38:41,Buy,10,34.34,Limit
5205,2,2026-07-01 10:58:52,Sell,10,34.05,Stop
5206,1,2026-07-01 10:38:41,Buy,10,34.34,Market
5206,2,2026-07-01 10:59:18,Sell,10,34.05,Stop
5207,1,2026-07-01 10:38:40,Buy,2,34.33,Market
5207,2,2026-07-01 10:58:55,Sell,2,34.06,Stop
5208,1,2026-07-01 10:38:40,Buy,10,34.34,Market
5208,2,2026-07-01 10:58:47,Sell,10,34.06,Stop
5209,1,2026-07-01 10:38:41,Buy,10,34.33,Market
5209,2,2026-07-01 10:58:42,Sell,10,34.06,Stop
5210,1,2026-07-01 10:38:40,Buy,2,34.33,Limit
5210,2,2026-07-01 10:59:17,Sell,2,34.06,Stop
5211,1,2026-07-01 10:38:40,Buy,10,34.34,Market
5211,2,2026-07-01 10:59:10,Sell,10,34.06,Stop
5212,1,2026-07-01 10:38:41,Buy,10,34.33,Market
5212,2,2026-07-01 10:59:22,Sell,10,34.06,Stop
5213,1,2026-07-01 10:38:40,Buy,2,34.33,Limit
5213,2,2026-07-01 10:58:45,Sell,2,34.06,Stop
5214,1,2026-07-01 10:38:42,Buy,10,34.34,Market
5214,2,2026-07-01 10:59:16,Sell,10,34.06,Stop
5215,1,2026-07-01 03:21:39,Sell,10,34.14,Market
5215,2,2026-07-01 04:06:37,Buy,10,34.37,Stop
5216,1,2026-07-01 03:21:40,Sell,10,34.13,Limit
5216,2,2026-07-01 04:05:53,Buy,10,34.38,Stop
5217,1,2026-07-01 03:21:41,Sell,10,34.14,Limit
5217,2,2026-07-01 04:06:09,Buy,10,34.37,Stop
5218,1,2026-07-01 03:21:39,Sell,2,34.14,Market
5218,2,2026-07-01 04:06:02,Buy,2,34.37,Stop
5219,1,2026-07-01 03:21:39,Sell,10,34.13,Limit
5219,2,2026-07-01 04:06:24,Buy,10,34.37,Stop
5220,1,2026-07-01 03:21:42,Sell,10,34.13,Limit
5220,2,2026-07-01 04:06:07,Buy,10,34.37,Stop
5221,1,2026-07-01 03:21:39,Sell,2,34.14,Market
5221,2,2026-07-01 04:06:22,Buy,2,34.37,Stop
5222,1,2026-07-01 03:21:41,Sell,10,34.14,Market
5222,2,2026-07-01 04:05:43,Buy,10,34.37,Stop
5223,1,2026-07-01 03:21:39,Sell,10,34.14,Market
5223,2,2026-07-01 04:06:01,Buy,10,34.37,Stop
5224,1,2026-07-01 03:21:40,Sell,2,34.14,Market
5224,2,2026-07-01 04:06:38,Buy,2,34.37,Stop
5225,1,2026-07-01 03:21:40,Sell,10,34.13,Market
5225,2,2026-07-01 04:06:30,Buy,10,34.37,Stop
5226,1,2026-07-02 09:47:23,Buy,10,7169.0,Limit
5226,2,2026-07-02 10:23:10,Sell,10,7179.0,Limit
5227,1,2026-07-02 09:47:25,Buy,10,7169.25,Market
5227,2,2026-07-02 10:05:06.500000,Sell,5,7175.0,Limit
5227,3,2026-07-02 10:22:48,Sell,5,7183.0,Limit
5228,1,2026-07-02 09:47:26,Buy,10,7169.25,Market
5228,2,2026-07-02 10:23:21,Sell,10,7178.75,Limit
5229,1,2026-07-02 09:47:26,Buy,10,7169.0,Market
5229,2,2026-07-02 10:05:02.500000,Sell,5,7175.0,Limit
5229,3,2026-07-02 10:22:39,Sell,5,7183.0,Limit
5230,1,2026-07-02 09:47:26,Buy,10,7169.0,Limit
5230,2,2026-07-02 10:22:53,Sell,10,7179.0,Limit
5231,1,2026-07-02 09:47:24,Buy,2,7169.25,Market
5231,2,2026-07-02 10:04:57.500000,Sell,1,7175.0,Limit
5231,3,2026-07-02 10:22:31,Sell,1,7182.5,Limit
5232,1,2026-07-02 09:47:23,Buy,10,7169.0,Market
5232,2,2026-07-02 10:05:00.500000,Sell,5,7175.0,Limit
5232,3,2026-07-02 10:22:38,Sell,5,7183.0,Limit
5233,1,2026-07-02 09:47:26,Buy,10,7169.25,Limit
5233,2,2026-07-02 10:05:01,Sell,5,7175.0,Limit
5233,3,2026-07-02 10:22:36,Sell,5,7183.0,Limit
5234,1,2026-07-02 09:47:26,Buy,2,7169.0,Market
5234,2,2026-07-02 10:05:15,Sell,1,7175.0,Limit
5234,3,2026-07-02 10:23:04,Sell,1,7183.0,Limit
5235,1,2026-07-02 09:47:23,Buy,10,7169.0,Market
5235,2,2026-07-02 10:05:02,Sell,5,7175.0,Limit
5235,3,2026-07-02 10:22:41,Sell,5,7183.0,Limit
5236,1,2026-07-02 09:47:25,Buy,10,7169.0,Limit
5236,2,2026-07-02 10:05:02,Sell,5,7175.0,Limit
5236,3,2026-07-02 10:22:39,Sell,5,7183.0,Limit
5237,1,2026-07-02 09:47:24,Buy,2,7169.0,Market
5237,2,2026-07-02 10:05:03.500000,Sell,1,7175.0,Limit
5237,3,2026-07-02 10:22:43,Sell,1,7183.0,Limit
5238,1,2026-07-02 09:47:26,Buy,10,7169.25,Market
5238,2,2026-07-02 10:23:21,Sell,10,7178.75,Limit
5239,1,2026-07-02 10:36:08,Buy,10,34.14,Limit
5239,2,2026-07-02 11:04:56,Sell,10,33.8,Stop
5240,1,2026-07-02 10:36:09,Buy,10,34.14,Limit
5240,2,2026-07-02 11:05:05,Sell,10,33.8,Stop
5241,1,2026-07-02 10:36:09,Buy,10,34.14,Market
5241,2,2026-07-02 11:04:26,Sell,10,33.8,Stop
5242,1,2026-07-02 10:36:10,Buy,2,34.14,Market
5242,2,2026-07-02 11:04:33,Sell,2,33.8,Stop
5243,1,2026-07-02 10:36:11,Buy,10,34.14,Market
5243,2,2026-07-02 11:04:17,Sell,10,33.8,Stop
5244,1,2026-07-02 10:36:09,Buy,10,34.14,Limit
5244,2,2026-07-02 11:04:15,Sell,10,33.8,Stop
5245,1,2026-07-02 10:36:09,Buy,2,34.15,Market
5245,2,2026-07-02 11:04:48,Sell,2,33.79,Stop
5246,1,2026-07-02 10:36:09,Buy,10,34.15,Limit
5246,2,2026-07-02 11:04:41,Sell,10,33.79,Stop
5247,1,2026-07-02 10:36:10,Buy,10,34.15,Market
5247,2,2026-07-02 11:04:42,Sell,10,33.8,Stop
5248,1,2026-07-02 10:36:08,Buy,2,34.14,Limit
5248,2,2026-07-02 11:04:16,Sell,2,33.8,Stop
5249,1,2026-07-02 10:36:09,Buy,10,34.14,Market
5249,2,2026-07-02 11:05:07,Sell,10,33.8,Stop
5250,1,2026-07-03 12:25:38,Sell,10,1796.3,Market
5250,2,2026-07-03 12:38:21,Buy,10,1791.6,Limit
5251,1,2026-07-03 12:25:40,Sell,10,1796.2,Limit
5251,2,2026-07-03 12:37:41,Buy,10,1791.7,Limit
5252,1,2026-07-03 12:25:40,Sell,10,1796.3,Market
5252,2,2026-07-03 12:38:21,Buy,10,1791.6,Limit
5253,1,2026-07-03 12:25:41,Sell,10,1796.2,Limit
5253,2,2026-07-03 12:31:46.500000,Buy,5,1793.5,Limit
5253,3,2026-07-03 12:37:52,Buy,5,1789.9,Limit
5254,1,2026-07-03 12:25:39,Sell,10,1796.3,Market
5254,2,2026-07-03 12:37:56,Buy,10,1791.6,Limit
5255,1,2026-07-03 12:25:40,Sell,2,1796.2,Market
5255,2,2026-07-03 12:38:39,Buy,2,1791.6,Limit
5256,1,2026-07-03 12:25:41,Sell,10,1796.3,Market
5256,2,2026-07-03 12:37:56,Buy,10,1791.6,Limit
5257,1,2026-07-03 12:25:39,Sell,10,1796.2,Limit
5257,2,2026-07-03 12:31:45,Buy,5,1793.4,Limit
5257,3,2026-07-03 12:37:51,Buy,5,1789.8,Limit
5258,1,2026-07-03 12:25:40,Sell,2,1796.3,Market
5258,2,2026-07-03 12:31:53.500000,Buy,1,1793.5,Limit
5258,3,2026-07-03 12:38:07,Buy,1,1789.7,Limit
5259,1,2026-07-03 12:25:41,Sell,10,1796.3,Limit
5259,2,2026-07-03 12:32:09,Buy,5,1793.5,Limit
5259,3,2026-07-03 12:38:37,Buy,5,1789.7,Limit
5260,1,2026-07-03 12:25:40,Sell,10,1796.3,Market
5260,2,2026-07-03 12:32:07,Buy,5,1793.5,Limit
5260,3,2026-07-03 12:38:34,Buy,5,1789.7,Limit
5261,1,2026-07-03 12:25:39,Sell,2,1796.2,Market
5261,2,2026-07-03 12:31:47,Buy,1,1793.5,Limit
5261,3,2026-07-03 12:37:55,Buy,1,1789.9,Limit
5262,1,2026-07-03 12:25:40,Sell,10,1796.3,Market
5262,2,2026-07-03 12:38:37,Buy,10,1791.6,Limit
5263,1,2026-07-03 12:25:39,Sell,10,1796.3,Market
5263,2,2026-07-03 12:38:08,Buy,10,1791.6,Limit
5264,1,2026-07-03 03:15:01,Buy,10,33.96,Limit
5264,2,2026-07-03 04:29:34,Sell,10,33.67,Stop
5265,1,2026-07-03 03:15:03,Buy,10,33.96,Limit
5265,2,2026-07-03 04:29:07,Sell,10,33.67,Stop
5266,1,2026-07-03 03:15:02,Buy,10,33.96,Limit
5266,2,2026-07-03 04:29:31,Sell,10,33.67,Stop
5267,1,2026-07-03 03:15:02,Buy,10,33.96,Limit
5267,2,2026-07-03 04:29:55,Sell,10,33.67,Stop
5268,1,2026-07-03 03:15:04,Buy,10,33.97,Market
5268,2,2026-07-03 04:29:23,Sell,10,33.67,Stop
5269,1,2026-07-03 03:15:01,Buy,2,33.97,Limit
5269,2,2026-07-03 04:29:35,Sell,2,33.67,Stop
5270,1,2026-07-03 03:15:02,Buy,10,33.97,Market
5270,2,2026-07-03 04:29:38,Sell,10,33.67,Stop
5271,1,2026-07-03 03:15:03,Buy,10,33.96,Limit
5271,2,2026-07-03 04:29:35,Sell,10,33.67,Stop
5272,1,2026-07-03 03:15:03,Buy,2,33.96,Market
5272,2,2026-07-03 04:30:02,Sell,2,33.67,Stop
5273,1,2026-07-03 03:15:02,Buy,10,33.97,Limit
5273,2,2026-07-03 04:29:46,Sell,10,33.67,Stop
5274,1,2026-07-03 03:15:04,Buy,10,33.97,Market
5274,2,2026-07-03 04:29:51,Sell,10,33.66,Stop
5275,1,2026-07-03 03:15:02,Buy,2,33.96,Limit
5275,2,2026-07-03 04:30:00,Sell,2,33.67,Stop
5276,1,2026-07-03 03:15:04,Buy,10,33.96,Market
5276,2,2026-07-03 04:29:21,Sell,10,33.67,Stop
5277,1,2026-07-03 03:15:04,Buy,10,33.96,Market
5277,2,2026-07-03 04:30:01,Sell,10,33.67,Stop
5278,1,2026-07-03 08:50:25,Sell,6,19697.25,Market
5278,2,2026-07-03 09:01:00.500000,Buy,3,19681.25,Limit
5278,3,2026-07-03 09:11:36,Buy,3,19660.25,Limit
5279,1,2026-07-03 08:50:27,Sell,6,19697.0,Market
5279,2,2026-07-03 09:01:20.500000,Buy,3,19681.5,Limit
5279,3,2026-07-03 09:12:14,Buy,3,19660.5,Limit
5280,1,2026-07-03 08:50:27,Sell,6,19697.0,Market
5280,2,2026-07-03 09:01:05.500000,Buy,3,19681.25,Limit
5280,3,2026-07-03 09:11:44,Buy,3,19660.25,Limit
5281,1,2026-07-03 08:50:27,Sell,6,19697.25,Limit
5281,2,2026-07-03 09:01:14,Buy,3,19681.25,Limit
5281,3,2026-07-03 09:12:01,Buy,3,19660.25,Limit
5282,1,2026-07-03 08:50:28,Sell,6,19697.25,Market
5282,2,2026-07-03 09:01:04.500000,Buy,3,19681.25,Limit
5282,3,2026-07-03 09:11:41,Buy,3,19660.25,Limit
5283,1,2026-07-03 08:50:25,Sell,2,19697.25,Limit
5283,2,2026-07-03 09:01:05.500000,Buy,1,19681.25,Limit
5283,3,2026-07-03 09:11:46,Buy,1,19660.25,Limit
5284,1,2026-07-03 08:50:28,Sell,6,19697.25,Limit
5284,2,2026-07-03 09:01:09.500000,Buy,3,19681.25,Limit
5284,3,2026-07-03 09:11:51,Buy,3,19660.25,Limit
5285,1,2026-07-03 08:50:26,Sell,6,19697.25,Limit
5285,2,2026-07-03 09:01:09.500000,Buy,3,19681.25,Limit
5285,3,2026-07-03 09:11:53,Buy,3,19660.25,Limit
5286,1,2026-07-03 08:50:26,Sell,6,19697.25,Market
5286,2,2026-07-03 09:12:03,Buy,6,19670.75,Limit
5287,1,2026-07-03 08:50:28,Sell,6,19697.25,Market
5287,2,2026-07-03 09:01:14,Buy,3,19681.25,Limit
5287,3,2026-07-03 09:12:00,Buy,3,19660.25,Limit
5288,1,2026-07-03 08:50:28,Sell,6,19697.25,Market
5288,2,2026-07-03 09:01:10.500000,Buy,3,19681.25,Limit
5288,3,2026-07-03 09:11:53,Buy,3,19660.25,Limit
5289,1,2026-07-03 08:50:25,Sell,6,19697.0,Market
5289,2,2026-07-03 09:12:05,Buy,6,19671.0,Limit
5290,1,2026-07-06 09:50:22,Buy,6,19417.5,Market
5290,2,2026-07-06 10:15:27,Sell,6,19455.0,Limit
5291,1,2026-07-06 09:50:23,Buy,6,19417.5,Limit
5291,2,2026-07-06 10:15:45,Sell,6,19455.0,Limit
5292,1,2026-07-06 09:50:22,Buy,6,19417.5,Market
5292,2,2026-07-06 10:16:07,Sell,6,19455.0,Limit
5293,1,2026-07-06 09:50:23,Buy,6,19417.75,Market
5293,2,2026-07-06 10:15:45,Sell,6,19454.75,Limit
5294,1,2026-07-06 09:50:23,Buy,6,19417.75,Limit
5294,2,2026-07-06 10:03:05.500000,Sell,3,19440.0,Limit
5294,3,2026-07-06 10:15:48,Sell,3,19469.5,Limit
5295,1,2026-07-06 09:50:25,Buy,2,19417.5,Limit
5295,2,2026-07-06 10:03:08.500000,Sell,1,19440.0,Limit
5295,3,2026-07-06 10:15:52,Sell,1,19470.0,Limit
5296,1,2026-07-06 09:50:22,Buy,6,19417.75,Market
5296,2,2026-07-06 10:16:11,Sell,6,19455.0,Limit
5297,1,2026-07-06 09:50:22,Buy,6,19417.5,Market
5297,2,2026-07-06 10:03:07.500000,Sell,3,19440.0,Limit
5297,3,2026-07-06 10:15:53,Sell,3,19470.0,Limit
5298,1,2026-07-06 09:50:23,Buy,2,19417.75,Limit
5298,2,2026-07-06 10:03:12.500000,Sell,1,19440.0,Limit
5298,3,2026-07-06 10:16:02,Sell,1,19470.0,Limit
5299,1,2026-07-06 09:50:25,Buy,6,19417.75,Limit
5299,2,2026-07-06 10:15:51,Sell,6,19455.0,Limit
5300,1,2026-07-06 09:50:24,Buy,6,19417.5,Limit
5300,2,2026-07-06 10:15:58,Sell,6,19455.0,Limit
5301,1,2026-07-06 09:50:22,Buy,2,19417.5,Market
5301,2,2026-07-06 10:15:56,Sell,2,19455.0,Limit
5302,1,2026-07-06 09:50:25,Buy,6,19417.5,Limit
5302,2,2026-07-06 10:15:36,Sell,6,19455.0,Limit
5303,1,2026-07-06 09:50:23,Buy,6,19417.75,Market
5303,2,2026-07-06 10:03:17,Sell,3,19440.0,Limit
5303,3,2026-07-06 10:16:11,Sell,3,19469.5,Limit
5304,1,2026-07-06 10:34:26,Sell,5,3572.9,Limit
5304,2,2026-07-06 11:14:01,Buy,5,3556.2,Limit
5305,1,2026-07-06 10:34:27,Sell,5,3572.9,Market
5305,2,2026-07-06 11:13:30,Buy,5,3556.2,Limit
5306,1,2026-07-06 10:34:27,Sell,5,3572.8,Limit
5306,2,2026-07-06 10:54:22.500000,Buy,2,3562.9,Limit
5306,3,2026-07-06 11:14:18,Buy,3,3551.9,Limit
5307,1,2026-07-06 10:34:26,Sell,5,3572.9,Market
5307,2,2026-07-06 10:54:24.500000,Buy,2,3562.9,Limit
5307,3,2026-07-06 11:14:23,Buy,3,3551.7,Limit
5308,1,2026-07-06 10:34:27,Sell,5,3572.9,Limit
5308,2,2026-07-06 10:54:12.500000,Buy,2,3562.9,Limit
5308,3,2026-07-06 11:13:58,Buy,3,3551.7,Limit
5309,1,2026-07-06 10:34:28,Sell,1,3572.9,Limit
5309,2,2026-07-06 11:13:48,Buy,1,3556.2,Limit
5310,1,2026-07-06 10:34:27,Sell,5,3572.8,Limit
5310,2,2026-07-06 11:14:01,Buy,5,3556.3,Limit
5311,1,2026-07-06 10:34:27,Sell,5,3572.8,Limit
5311,2,2026-07-06 11:14:09,Buy,5,3556.2,Limit
5312,1,2026-07-06 10:34:26,Sell,1,3572.9,Limit
5312,2,2026-07-06 11:14:00,Buy,1,3556.2,Limit
5313,1,2026-07-06 10:34:26,Sell,5,3572.9,Limit
5313,2,2026-07-06 11:14:16,Buy,5,3556.2,Limit
5314,1,2026-07-06 10:34:26,Sell,5,3572.8,Market
5314,2,2026-07-06 10:54:17,Buy,2,3562.9,Limit
5314,3,2026-07-06 11:14:08,Buy,3,3551.9,Limit
5315,1,2026-07-06 10:34:27,Sell,1,3572.9,Market
5315,2,2026-07-06 11:13:49,Buy,1,3556.2,Limit
5316,1,2026-07-06 10:34:27,Sell,5,3572.8,Limit
5316,2,2026-07-06 11:13:45,Buy,5,3556.2,Limit
5317,1,2026-07-06 10:34:26,Sell,5,3572.9,Limit
5317,2,2026-07-06 10:54:24,Buy,2,3562.9,Limit
5317,3,2026-07-06 11:14:22,Buy,3,3551.7,Limit
5318,1,2026-07-06 03:30:49,Sell,5,3551.4,Market
5318,2,2026-07-06 04:56:45,Buy,5,3558.3,Stop
5319,1,2026-07-06 03:30:52,Sell,5,3551.3,Limit
5319,2,2026-07-06 04:56:31,Buy,5,3558.4,Stop
5320,1,2026-07-06 03:30:49,Sell,1,3551.4,Limit
5320,2,2026-07-06 04:56:27,Buy,1,3558.3,Stop
5321,1,2026-07-06 03:30:52,Sell,5,3551.4,Limit
5321,2,2026-07-06 04:56:50,Buy,5,3558.3,Stop
5322,1,2026-07-06 03:30:50,Sell,5,3551.3,Limit
5322,2,2026-07-06 04:55:52,Buy,5,3558.4,Stop
5323,1,2026-07-06 03:30:50,Sell,5,3551.3,Market
5323,2,2026-07-06 04:56:10,Buy,5,3558.3,Stop
5324,1,2026-07-06 03:30:52,Sell,5,3551.4,Market
5324,2,2026-07-06 04:56:47,Buy,5,3558.3,Stop
5325,1,2026-07-06 03:30:52,Sell,1,3551.4,Limit
5325,2,2026-07-06 04:56:42,Buy,1,3558.3,Stop
5326,1,2026-07-06 03:30:51,Sell,5,3551.4,Limit
5326,2,2026-07-06 04:56:16,Buy,5,3558.3,Stop
5327,1,2026-07-07 12:30:50,Sell,10,1793.1,Market
5327,2,2026-07-07 12:50:06,Buy,10,1798.7,Stop
5328,1,2026-07-07 12:30:52,Sell,10,1793.1,Limit
5328,2,2026-07-07 12:50:27,Buy,10,1798.7,Stop
5329,1,2026-07-07 12:30:50,Sell,10,1793.0,Market
5329,2,2026-07-07 12:50:33,Buy,10,1798.7,Stop
5330,1,2026-07-07 12:30:50,Sell,2,1793.1,Market
5330,2,2026-07-07 12:50:07,Buy,2,1798.7,Stop
5331,1,2026-07-07 12:30:52,Sell,2,1793.0,Limit
5331,2,2026-07-07 12:50:45,Buy,2,1798.8,Stop
5332,1,2026-07-07 12:30:51,Sell,10,1793.0,Market
5332,2,2026-07-07 12:50:22,Buy,10,1798.7,Stop
5333,1,2026-07-07 12:30:53,Sell,2,1793.0,Market
5333,2,2026-07-07 12:50:45,Buy,2,1798.7,Stop
5334,1,2026-07-07 12:30:50,Sell,10,1793.1,Market
5334,2,2026-07-07 12:49:56,Buy,10,1798.7,Stop
5335,1,2026-07-07 12:30:50,Sell,10,1793.1,Limit
5335,2,2026-07-07 12:50:09,Buy,10,1798.7,Stop
5336,1,2026-07-07 12:30:50,Sell,10,1793.0,Market
5336,2,2026-07-07 12:50:32,Buy,10,1798.7,Stop
5337,1,2026-07-07 12:30:50,Sell,10,1793.0,Market
5337,2,2026-07-07 12:50:43,Buy,10,1798.8,Stop
5338,1,2026-07-07 12:30:53,Sell,10,1793.1,Limit
5338,2,2026-07-07 12:50:47,Buy,10,1798.7,Stop
5339,1,2026-07-07 10:25:24,Sell,5,3547.3,Limit
5339,2,2026-07-07 10:46:12,Buy,5,3554.3,Stop
5340,1,2026-07-07 10:25:27,Sell,5,3547.2,Market
5340,2,2026-07-07 10:45:50,Buy,5,3554.3,Stop
5341,1,2026-07-07 10:25:26,Sell,5,3547.2,Limit
5341,2,2026-07-07 10:46:09,Buy,5,3554.4,Stop
5342,1,2026-07-07 10:25:27,Sell,5,3547.2,Market
5342,2,2026-07-07 10:45:41,Buy,5,3554.3,Stop
5343,1,2026-07-07 10:25:26,Sell,1,3547.2,Market
5343,2,2026-07-07 10:45:31,Buy,1,3554.4,Stop
5344,1,2026-07-07 10:25:25,Sell,1,3547.2,Limit
5344,2,2026-07-07 10:46:11,Buy,1,3554.4,Stop
5345,1,2026-07-07 10:25:26,Sell,5,3547.2,Limit
5345,2,2026-07-07 10:45:32,Buy,5,3554.4,Stop
5346,1,2026-07-07 10:25:25,Sell,1,3547.3,Limit
5346,2,2026-07-07 10:45:51,Buy,1,3554.3,Stop
5347,1,2026-07-07 10:25:24,Sell,5,3547.3,Limit
5347,2,2026-07-07 10:46:03,Buy,5,3554.3,Stop
5348,1,2026-07-07 10:25:24,Sell,5,3547.3,Market
5348,2,2026-07-07 10:45:30,Buy,5,3554.3,Stop
5349,1,2026-07-07 10:25:24,Sell,5,3547.3,Limit
5349,2,2026-07-07 10:45:50,Buy,5,3554.3,Stop
5350,1,2026-07-07 10:25:24,Sell,5,3547.3,Limit
5350,2,2026-07-07 10:45:30,Buy,5,3554.3,Stop
5351,1,2026-07-07 10:25:24,Sell,5,3547.2,Limit
5351,2,2026-07-07 10:45:29,Buy,5,3554.3,Stop
5352,1,2026-07-07 10:25:26,Sell,5,3547.2,Limit
5352,2,2026-07-07 10:46:02,Buy,5,3554.4,Stop
5353,1,2026-07-07 03:28:58,Buy,5,3550.6,Limit
5353,2,2026-07-07 03:42:56,Sell,5,3559.4,Limit
5354,1,2026-07-07 03:29:00,Buy,5,3550.6,Market
5354,2,2026-07-07 03:42:39,Sell,5,3559.4,Limit
5355,1,2026-07-07 03:28:59,Buy,5,3550.7,Limit
5355,2,2026-07-07 03:42:01,Sell,5,3559.4,Limit
5356,1,2026-07-07 03:29:01,Buy,5,3550.7,Limit
5356,2,2026-07-07 03:35:37.500000,Sell,2,3555.9,Limit
5356,3,2026-07-07 03:42:14,Sell,3,3561.6,Limit
5357,1,2026-07-07 03:28:58,Buy,1,3550.7,Limit
5357,2,2026-07-07 03:42:39,Sell,1,3559.3,Limit
5358,1,2026-07-07 03:29:00,Buy,1,3550.6,Market
5358,2,2026-07-07 03:42:37,Sell,1,3559.4,Limit
5359,1,2026-07-07 03:29:00,Buy,5,3550.7,Market
5359,2,2026-07-07 03:35:31,Sell,2,3555.9,Limit
5359,3,2026-07-07 03:42:02,Sell,3,3561.7,Limit
5360,1,2026-07-07 03:28:58,Buy,1,3550.6,Limit
5360,2,2026-07-07 03:42:42,Sell,1,3559.4,Limit
5361,1,2026-07-07 03:29:00,Buy,5,3550.6,Limit
5361,2,2026-07-07 03:35:31,Sell,2,3555.9,Limit
5361,3,2026-07-07 03:42:02,Sell,3,3561.7,Limit
5362,1,2026-07-07 03:28:58,Buy,5,3550.7,Limit
5362,2,2026-07-07 03:35:51,Sell,2,3555.9,Limit
5362,3,2026-07-07 03:42:44,Sell,3,3561.7,Limit
5363,1,2026-07-07 03:29:00,Buy,5,3550.6,Limit
5363,2,2026-07-07 03:35:32.500000,Sell,2,3555.9,Limit
5363,3,2026-07-07 03:42:05,Sell,3,3561.7,Limit
5364,1,2026-07-07 03:28:59,Buy,5,3550.7,Limit
5364,2,2026-07-07 03:35:54,Sell,2,3555.9,Limit
5364,3,2026-07-07 03:42:49,Sell,3,3561.6,Limit
5365,1,2026-07-07 03:28:58,Buy,5,3550.6,Limit
5365,2,2026-07-07 03:42:06,Sell,5,3559.4,Limit
5366,1,2026-07-07 03:28:59,Buy,5,3550.6,Market
5366,2,2026-07-07 03:42:49,Sell,5,3559.4,Limit
5367,1,2026-07-07 03:29:01,Buy,5,3550.6,Market
5367,2,2026-07-07 03:42:29,Sell,5,3559.4,Limit
5368,1,2026-07-08 10:28:20,Buy,5,3626.3,Limit
5368,2,2026-07-08 11:51:10,Sell,5,3620.7,Stop
5369,1,2026-07-08 10:28:21,Buy,5,3626.3,Limit
5369,2,2026-07-08 11:51:00,Sell,5,3620.7,Stop
5370,1,2026-07-08 10:28:23,Buy,5,3626.4,Limit
5370,2,2026-07-08 11:51:01,Sell,5,3620.6,Stop
5371,1,2026-07-08 10:28:20,Buy,1,3626.3,Limit
5371,2,2026-07-08 11:50:24,Sell,1,3620.7,Stop
5372,1,2026-07-08 10:28:22,Buy,5,3626.3,Market
5372,2,2026-07-08 11:50:50,Sell,5,3620.7,Stop
5373,1,2026-07-08 10:28:21,Buy,1,3626.4,Limit
5373,2,2026-07-08 11:50:41,Sell,1,3620.7,Stop
5374,1,2026-07-08 10:28:21,Buy,5,3626.4,Limit
5374,2,2026-07-08 11:50:41,Sell,5,3620.6,Stop
5375,1,2026-07-08 10:28:21,Buy,5,3626.4,Limit
5375,2,2026-07-08 11:50:57,Sell,5,3620.6,Stop
5376,1,2026-07-08 10:28:22,Buy,5,3626.3,Market
5376,2,2026-07-08 11:50:39,Sell,5,3620.7,Stop
5377,1,2026-07-08 10:28:22,Buy,5,3626.4,Limit
5377,2,2026-07-08 11:50:55,Sell,5,3620.7,Stop
5378,1,2026-07-08 10:28:23,Buy,5,3626.4,Market
5378,2,2026-07-08 11:50:46,Sell,5,3620.7,Stop
5379,1,2026-07-08 10:28:21,Buy,5,3626.4,Limit
5379,2,2026-07-08 11:50:53,Sell,5,3620.6,Stop
5380,1,2026-07-08 10:28:20,Buy,5,3626.4,Market
5380,2,2026-07-08 11:50:44,Sell,5,3620.7,Stop
5381,1,2026-07-08 10:28:23,Buy,5,3626.3,Limit
5381,2,2026-07-08 11:50:55,Sell,5,3620.7,Stop
5382,1,2026-07-08 03:16:57,Buy,5,3601.2,Limit
5382,2,2026-07-08 03:28:32,Sell,5,3596.1,Stop
5383,1,2026-07-08 03:16:58,Buy,5,3601.3,Limit
5383,2,2026-07-08 03:27:59,Sell,5,3596.1,Stop
5384,1,2026-07-08 03:16:59,Buy,5,3601.2,Limit
5384,2,2026-07-08 03:28:21,Sell,5,3596.1,Stop
5385,1,2026-07-08 03:16:58,Buy,5,3601.3,Market
5385,2,2026-07-08 03:28:37,Sell,5,3596.0,Stop
5386,1,2026-07-08 03:16:59,Buy,1,3601.3,Limit
5386,2,2026-07-08 03:28:41,Sell,1,3596.0,Stop
5387,1,2026-07-08 03:16:59,Buy,1,3601.2,Limit
5387,2,2026-07-08 03:28:09,Sell,1,3596.1,Stop
5388,1,2026-07-08 03:16:59,Buy,5,3601.3,Limit
5388,2,2026-07-08 03:28:15,Sell,5,3596.1,Stop
5389,1,2026-07-08 03:16:59,Buy,1,3601.2,Market
5389,2,2026-07-08 03:28:24,Sell,1,3596.1,Stop
5390,1,2026-07-08 03:16:59,Buy,5,3601.3,Limit
5390,2,2026-07-08 03:27:59,Sell,5,3596.1,Stop
5391,1,2026-07-08 03:16:57,Buy,5,3601.2,Limit
5391,2,2026-07-08 03:28:35,Sell,5,3596.1,Stop
5392,1,2026-07-08 03:16:59,Buy,5,3601.3,Market
5392,2,2026-07-08 03:28:57,Sell,5,3596.0,Stop
5393,1,2026-07-08 03:16:58,Buy,5,3601.3,Limit
5393,2,2026-07-08 03:28:56,Sell,5,3596.0,Stop
5394,1,2026-07-08 03:16:58,Buy,5,3601.3,Market
5394,2,2026-07-08 03:28:02,Sell,5,3596.1,Stop
5395,1,2026-07-08 03:16:59,Buy,5,3601.3,Limit
5395,2,2026-07-08 03:28:01,Sell,5,3596.1,Stop
5396,1,2026-07-08 03:16:57,Buy,5,3601.2,Market
5396,2,2026-07-08 03:28:38,Sell,5,3596.1,Stop
5397,1,2026-07-08 03:16:58,Buy,5,3601.3,Limit
5397,2,2026-07-08 03:28:41,Sell,5,3596.0,Stop
5398,1,2026-07-09 10:03:43,Buy,6,19583.75,Limit
5398,2,2026-07-09 10:48:12,Sell,6,19620.75,Limit
5399,1,2026-07-09 10:03:44,Buy,6,19583.75,Market
5399,2,2026-07-09 10:26:01,Sell,3,19606.0,Limit
5399,3,2026-07-09 10:48:18,Sell,3,19635.5,Limit
5400,1,2026-07-09 10:03:46,Buy,6,19583.75,Limit
5400,2,2026-07-09 10:25:57,Sell,3,19606.0,Limit
5400,3,2026-07-09 10:48:08,Sell,3,19635.5,Limit
5401,1,2026-07-09 10:03:44,Buy,6,19583.75,Limit
5401,2,2026-07-09 10:25:52,Sell,3,19606.0,Limit
5401,3,2026-07-09 10:48:00,Sell,3,19635.5,Limit
5402,1,2026-07-09 10:03:44,Buy,2,19584.0,Limit
5402,2,2026-07-09 10:48:31,Sell,2,19620.5,Limit
5403,1,2026-07-09 10:03:45,Buy,2,19583.75,Market
5403,2,2026-07-09 10:48:02,Sell,2,19620.75,Limit
5404,1,2026-07-09 10:03:44,Buy,6,19584.0,Limit
5404,2,2026-07-09 10:48:01,Sell,6,19620.75,Limit
5405,1,2026-07-09 10:03:44,Buy,2,19584.0,Limit
5405,2,2026-07-09 10:25:47.500000,Sell,1,19606.0,Limit
5405,3,2026-07-09 10:47:51,Sell,1,19635.5,Limit
5406,1,2026-07-09 10:03:45,Buy,6,19584.0,Market
5406,2,2026-07-09 10:48:19,Sell,6,19620.75,Limit
5407,1,2026-07-09 10:03:46,Buy,6,19584.0,Limit
5407,2,2026-07-09 10:25:49.500000,Sell,3,19606.0,Limit
5407,3,2026-07-09 10:47:53,Sell,3,19635.0,Limit
5408,1,2026-07-09 10:03:46,Buy,6,19584.0,Market
5408,2,2026-07-09 10:25:49,Sell,3,19606.0,Limit
5408,3,2026-07-09 10:47:52,Sell,3,19635.5,Limit
5409,1,2026-07-09 10:03:46,Buy,6,19584.0,Limit
5409,2,2026-07-09 10:25:50.500000,Sell,3,19606.0,Limit
5409,3,2026-07-09 10:47:55,Sell,3,19635.5,Limit
5410,1,2026-07-09 10:03:46,Buy,6,19583.75,Limit
5410,2,2026-07-09 10:25:54,Sell,3,19606.0,Limit
5410,3,2026-07-09 10:48:02,Sell,3,19635.5,Limit
5411,1,2026-07-09 10:03:43,Buy,6,19583.75,Market
5411,2,2026-07-09 10:25:55,Sell,3,19606.0,Limit
5411,3,2026-07-09 10:48:07,Sell,3,19635.5,Limit
5412,1,2026-07-09 10:03:45,Buy,6,19583.75,Market
5412,2,2026-07-09 10:47:52,Sell,6,19620.75,Limit
5413,1,2026-07-09 03:27:30,Sell,10,31.99,Limit
5413,2,2026-07-09 04:22:03,Buy,10,32.29,Stop
5414,1,2026-07-09 03:27:32,Sell,10,31.98,Limit
5414,2,2026-07-09 04:22:07,Buy,10,32.3,Stop
5415,1,2026-07-09 03:27:32,Sell,10,31.99,Limit
5415,2,2026-07-09 04:22:19,Buy,10,32.29,Stop
5416,1,2026-07-09 03:27:30,Sell,10,31.99,Market
5416,2,2026-07-09 04:22:23,Buy,10,32.29,Stop
5417,1,2026-07-09 03:27:30,Sell,2,31.99,Market
5417,2,2026-07-09 04:22:15,Buy,2,32.29,Stop
5418,1,2026-07-09 03:27:30,Sell,2,31.99,Market
5418,2,2026-07-09 04:21:50,Buy,2,32.29,Stop
5419,1,2026-07-09 03:27:33,Sell,10,31.99,Limit
5419,2,2026-07-09 04:22:14,Buy,10,32.29,Stop
5420,1,2026-07-09 03:27:31,Sell,2,31.99,Limit
5420,2,2026-07-09 04:21:37,Buy,2,32.29,Stop
5421,1,2026-07-09 03:27:32,Sell,10,31.99,Market
5421,2,2026-07-09 04:21:35,Buy,10,32.29,Stop
5422,1,2026-07-09 03:27:32,Sell,10,31.98,Limit
5422,2,2026-07-09 04:22:28,Buy,10,32.3,Stop
5423,1,2026-07-09 03:27:31,Sell,10,31.99,Market
5423,2,2026-07-09 04:21:32,Buy,10,32.29,Stop
5424,1,2026-07-09 03:27:32,Sell,10,31.99,Limit
5424,2,2026-07-09 04:22:25,Buy,10,32.29,Stop
5425,1,2026-07-09 03:27:32,Sell,10,31.98,Market
5425,2,2026-07-09 04:22:06,Buy,10,32.29,Stop
5426,1,2026-07-09 03:27:33,Sell,10,31.98,Market
5426,2,2026-07-09 04:22:03,Buy,10,32.29,Stop
5427,1,2026-07-09 03:27:31,Sell,10,31.98,Limit
5427,2,2026-07-09 04:22:27,Buy,10,32.3,Stop
5428,1,2026-07-09 03:27:30,Sell,10,31.99,Limit
5428,2,2026-07-09 04:21:45,Buy,10,32.29,Stop
5429,1,2026-07-09 03:27:32,Sell,10,31.98,Market
5429,2,2026-07-09 04:21:35,Buy,10,32.3,Stop
5430,1,2026-07-10 09:59:31,Buy,10,7297.5,Limit
5430,2,2026-07-10 10:34:37.500000,Sell,5,7302.5,Limit
5430,3,2026-07-10 11:09:44,Sell,5,7309.5,Limit
5431,1,2026-07-10 09:59:32,Buy,10,7297.5,Limit
5431,2,2026-07-10 11:10:21,Sell,10,7306.0,Limit
5432,1,2026-07-10 09:59:34,Buy,10,7297.5,Limit
5432,2,2026-07-10 11:09:46,Sell,10,7306.0,Limit
5433,1,2026-07-10 09:59:31,Buy,10,7297.75,Limit
5433,2,2026-07-10 11:09:39,Sell,10,7305.75,Limit
5434,1,2026-07-10 09:59:33,Buy,2,7297.5,Market
5434,2,2026-07-10 10:35:00,Sell,1,7302.5,Limit
5434,3,2026-07-10 11:10:27,Sell,1,7309.5,Limit
5435,1,2026-07-10 09:59:33,Buy,2,7297.75,Market
5435,2,2026-07-10 10:34:52.500000,Sell,1,7302.75,Limit
5435,3,2026-07-10 11:10:12,Sell,1,7309.25,Limit
5436,1,2026-07-10 09:59:31,Buy,10,7297.5,Market
5436,2,2026-07-10 11:09:56,Sell,10,7306.0,Limit
5437,1,2026-07-10 09:59:33,Buy,2,7297.75,Market
5437,2,2026-07-10 10:34:36,Sell,1,7302.5,Limit
5437,3,2026-07-10 11:09:39,Sell,1,7309.0,Limit
5438,1,2026-07-10 09:59:33,Buy,10,7297.75,Limit
5438,2,2026-07-10 11:10:18,Sell,10,7306.0,Limit
5439,1,2026-07-10 09:59:32,Buy,10,7297.5,Limit
5439,2,2026-07-10 10:34:57.500000,Sell,5,7302.5,Limit
5439,3,2026-07-10 11:10:23,Sell,5,7309.5,Limit
5440,1,2026-07-10 09:59:31,Buy,10,7297.75,Market
5440,2,2026-07-10 10:34:46,Sell,5,7302.75,Limit
5440,3,2026-07-10 11:10:01,Sell,5,7309.25,Limit
5441,1,2026-07-10 09:59:33,Buy,10,7297.5,Limit
5441,2,2026-07-10 11:10:15,Sell,10,7306.0,Limit
5442,1,2026-07-10 09:59:33,Buy,10,7297.5,Limit
5442,2,2026-07-10 10:34:58.500000,Sell,5,7302.5,Limit
5442,3,2026-07-10 11:10:24,Sell,5,7309.5,Limit
5443,1,2026-07-10 09:59:32,Buy,10,7297.5,Limit
5443,2,2026-07-10 10:35:00,Sell,5,7302.5,Limit
5443,3,2026-07-10 11:10:28,Sell,5,7309.5,Limit
5444,1,2026-07-10 09:59:31,Buy,10,7297.5,Limit
5444,2,2026-07-10 10:34:39,Sell,5,7302.5,Limit
5444,3,2026-07-10 11:09:47,Sell,5,7309.5,Limit
5445,1,2026-07-10 09:59:32,Buy,10,7297.5,Limit
5445,2,2026-07-10 10:34:59.500000,Sell,5,7302.5,Limit
5445,3,2026-07-10 11:10:27,Sell,5,7309.5,Limit
5446,1,2026-07-10 09:59:33,Buy,10,7297.5,Market
5446,2,2026-07-10 10:34:55,Sell,5,7302.5,Limit
5446,3,2026-07-10 11:10:17,Sell,5,7309.5,Limit
5447,1,2026-07-10 10:33:57,Sell,6,19204.5,Market
5447,2,2026-07-10 10:57:52,Buy,3,19178.5,Limit
5447,3,2026-07-10 11:21:47,Buy,3,19144.0,Limit
5448,1,2026-07-10 10:33:59,Sell,6,19204.5,Limit
5448,2,2026-07-10 11:21:52,Buy,6,19161.25,Limit
5449,1,2026-07-10 10:33:59,Sell,6,19204.5,Limit
5449,2,2026-07-10 11:21:17,Buy,6,19161.25,Limit
5450,1,2026-07-10 10:34:00,Sell,2,19204.5,Limit
5450,2,2026-07-10 10:57:42.500000,Buy,1,19178.5,Limit
5450,3,2026-07-10 11:21:25,Buy,1,19144.0,Limit
5451,1,2026-07-10 10:33:58,Sell,6,19204.25,Limit
5451,2,2026-07-10 11:21:18,Buy,6,19161.5,Limit
5452,1,2026-07-10 10:34:00,Sell,2,19204.5,Market
5452,2,2026-07-10 11:21:39,Buy,2,19161.25,Limit
5453,1,2026-07-10 10:34:00,Sell,6,19204.5,Market
5453,2,2026-07-10 10:57:30,Buy,3,19178.5,Limit
5453,3,2026-07-10 11:21:00,Buy,3,19144.0,Limit
5454,1,2026-07-10 10:34:00,Sell,6,19204.5,Limit
5454,2,2026-07-10 10:57:41,Buy,3,19178.5,Limit
5454,3,2026-07-10 11:21:22,Buy,3,19144.0,Limit
5455,1,2026-07-10 10:33:57,Sell,6,19204.5,Market
5455,2,2026-07-10 10:57:47.500000,Buy,3,19178.5,Limit
5455,3,2026-07-10 11:21:38,Buy,3,19144.0,Limit
5456,1,2026-07-10 10:33:58,Sell,6,19204.5,Limit
5456,2,2026-07-10 10:57:47,Buy,3,19178.5,Limit
5456,3,2026-07-10 11:21:36,Buy,3,19144.0,Limit
5457,1,2026-07-10 10:33:59,Sell,6,19204.5,Limit
5457,2,2026-07-10 10:57:51.500000,Buy,3,19178.5,Limit
5457,3,2026-07-10 11:21:44,Buy,3,19144.0,Limit
5458,1,2026-07-10 10:33:59,Sell,6,19204.5,Market
5458,2,2026-07-10 10:57:55,Buy,3,19178.5,Limit
5458,3,2026-07-10 11:21:51,Buy,3,19144.0,Limit
5459,1,2026-07-10 10:33:57,Sell,6,19204.25,Market
5459,2,2026-07-10 11:21:18,Buy,6,19161.5,Limit
5460,1,2026-07-10 10:33:59,Sell,6,19204.5,Market
5460,2,2026-07-10 11:21:11,Buy,6,19161.25,Limit
5461,1,2026-07-10 10:34:00,Sell,6,19204.5,Market
5461,2,2026-07-10 11:21:33,Buy,6,19161.25,Limit
5462,1,2026-07-10 10:33:57,Sell,6,19204.5,Limit
5462,2,2026-07-10 10:57:42,Buy,3,19178.5,Limit
5462,3,2026-07-10 11:21:27,Buy,3,19144.0,Limit
5463,1,2026-07-13 03:25:38,Sell,5,3590.0,Limit
5463,2,2026-07-13 03:58:48,Buy,5,3595.5,Stop
5464,1,2026-07-13 03:25:38,Sell,5,3590.0,Limit
5464,2,2026-07-13 03:59:31,Buy,5,3595.5,Stop
5465,1,2026-07-13 03:25:39,Sell,5,3590.0,Market
5465,2,2026-07-13 03:59:12,Buy,5,3595.5,Stop
5466,1,2026-07-13 03:25:40,Sell,5,3590.0,Limit
5466,2,2026-07-13 03:59:14,Buy,5,3595.5,Stop
5467,1,2026-07-13 03:25:39,Sell,1,3589.9,Market
5467,2,2026-07-13 03:59:25,Buy,1,3595.6,Stop
5468,1,2026-07-13 03:25:41,Sell,1,3589.9,Limit
5468,2,2026-07-13 03:58:47,Buy,1,3595.6,Stop
5469,1,2026-07-13 03:25:38,Sell,5,3590.0,Limit
5469,2,2026-07-13 03:59:23,Buy,5,3595.5,Stop
5470,1,2026-07-13 03:25:38,Sell,5,3590.0,Market
5470,2,2026-07-13 03:58:59,Buy,5,3595.5,Stop
5471,1,2026-07-13 03:25:40,Sell,5,3589.9,Market
5471,2,2026-07-13 03:59:02,Buy,5,3595.6,Stop
5472,1,2026-07-13 03:25:38,Sell,5,3589.9,Limit
5472,2,2026-07-13 03:59:30,Buy,5,3595.5,Stop
5473,1,2026-07-13 03:25:38,Sell,5,3590.0,Limit
5473,2,2026-07-13 03:59:03,Buy,5,3595.5,Stop
5474,1,2026-07-13 03:25:39,Sell,5,3590.0,Market
5474,2,2026-07-13 03:58:43,Buy,5,3595.5,Stop
5475,1,2026-07-13 03:25:38,Sell,5,3590.0,Market
5475,2,2026-07-13 03:59:31,Buy,5,3595.5,Stop
5476,1,2026-07-13 03:25:39,Sell,5,3590.0,Limit
5476,2,2026-07-13 03:59:22,Buy,5,3595.5,Stop
5477,1,2026-07-13 03:25:38,Sell,5,3589.9,Limit
5477,2,2026-07-13 03:59:36,Buy,5,3595.6,Stop
5478,1,2026-07-13 03:25:38,Sell,5,3590.0,Market
5478,2,2026-07-13 03:59:30,Buy,5,3595.5,Stop
5479,1,2026-07-13 03:25:41,Sell,5,3590.0,Market
5479,2,2026-07-13 03:59:19,Buy,5,3595.5,Stop
5480,1,2026-07-14 09:56:01,Buy,6,19746.5,Limit
5480,2,2026-07-14 10:09:11,Sell,6,19721.0,Stop
5481,1,2026-07-14 09:56:03,Buy,6,19746.5,Limit
5481,2,2026-07-14 10:09:22,Sell,6,19721.0,Stop
5482,1,2026-07-14 09:56:03,Buy,6,19746.5,Limit
5482,2,2026-07-14 10:09:42,Sell,6,19721.0,Stop
5483,1,2026-07-14 09:56:02,Buy,6,19746.5,Limit
5483,2,2026-07-14 10:09:15,Sell,6,19721.0,Stop
5484,1,2026-07-14 09:56:01,Buy,2,19746.75,Market
5484,2,2026-07-14 10:09:36,Sell,2,19720.75,Stop
5485,1,2026-07-14 09:56:03,Buy,2,19746.75,Limit
5485,2,2026-07-14 10:09:51,Sell,2,19720.75,Stop
5486,1,2026-07-14 09:56:02,Buy,6,19746.5,Limit
5486,2,2026-07-14 10:09:20,Sell,6,19721.0,Stop
5487,1,2026-07-14 09:56:01,Buy,2,19746.75,Limit
5487,2,2026-07-14 10:09:19,Sell,2,19721.0,Stop
5488,1,2026-07-14 09:56:04,Buy,6,19746.75,Market
5488,2,2026-07-14 10:09:20,Sell,6,19720.75,Stop
5489,1,2026-07-14 09:56:03,Buy,6,19746.5,Limit
5489,2,2026-07-14 10:09:34,Sell,6,19721.0,Stop
5490,1,2026-07-14 09:56:02,Buy,6,19746.5,Limit
5490,2,2026-07-14 10:10:01,Sell,6,19721.0,Stop
5491,1,2026-07-14 09:56:01,Buy,6,19746.5,Market
5491,2,2026-07-14 10:09:02,Sell,6,19721.0,Stop
5492,1,2026-07-14 09:56:03,Buy,6,19746.5,Market
5492,2,2026-07-14 10:09:07,Sell,6,19721.0,Stop
5493,1,2026-07-14 09:56:02,Buy,6,19746.75,Market
5493,2,2026-07-14 10:09:49,Sell,6,19720.75,Stop
5494,1,2026-07-14 09:56:03,Buy,6,19746.5,Limit
5494,2,2026-07-14 10:09:29,Sell,6,19721.0,Stop
5495,1,2026-07-14 09:56:04,Buy,6,19746.75,Market
5495,2,2026-07-14 10:09:38,Sell,6,19720.75,Stop
5496,1,2026-07-14 09:56:01,Buy,6,19746.5,Limit
5496,2,2026-07-14 10:09:33,Sell,6,19721.0,Stop
5497,1,2026-07-15 09:47:29,Sell,10,7366.75,Limit
5497,2,2026-07-15 10:02:54.500000,Buy,5,7362.0,Limit
5497,3,2026-07-15 10:18:20,Buy,5,7355.5,Limit
5498,1,2026-07-15 09:47:31,Sell,10,7366.75,Market
5498,2,2026-07-15 10:18:27,Buy,10,7358.75,Limit
5499,1,2026-07-15 09:47:31,Sell,10,7366.75,Market
5499,2,2026-07-15 10:18:22,Buy,10,7358.75,Limit
5500,1,2026-07-15 09:47:31,Sell,10,7366.5,Limit
5500,2,2026-07-15 10:17:32,Buy,10,7359.0,Limit
5501,1,2026-07-15 09:47:29,Sell,2,7366.5,Limit
5501,2,2026-07-15 10:02:57.500000,Buy,1,7362.0,Limit
5501,3,2026-07-15 10:18:26,Buy,1,7356.0,Limit
5502,1,2026-07-15 09:47:29,Sell,2,7366.75,Market
5502,2,2026-07-15 10:17:58,Buy,2,7358.75,Limit
5503,1,2026-07-15 09:47:32,Sell,10,7366.75,Limit
5503,2,2026-07-15 10:02:59.500000,Buy,5,7362.0,Limit
5503,3,2026-07-15 10:18:27,Buy,5,7355.5,Limit
5504,1,2026-07-15 09:47:30,Sell,2,7366.5,Market
5504,2,2026-07-15 10:02:37,Buy,1,7362.0,Limit
5504,3,2026-07-15 10:17:44,Buy,1,7356.0,Limit
5505,1,2026-07-15 09:47:29,Sell,10,7366.75,Market
5505,2,2026-07-15 10:17:56,Buy,10,7358.75,Limit
5506,1,2026-07-15 09:47:30,Sell,10,7366.5,Market
5506,2,2026-07-15 10:18:17,Buy,10,7359.0,Limit
5507,1,2026-07-15 09:47:30,Sell,10,7366.75,Limit
5507,2,2026-07-15 10:02:32.500000,Buy,5,7362.0,Limit
5507,3,2026-07-15 10:17:35,Buy,5,7355.5,Limit
5508,1,2026-07-15 09:47:32,Sell,10,7366.75,Market
5508,2,2026-07-15 10:18:26,Buy,10,7358.75,Limit
5509,1,2026-07-15 09:47:30,Sell,10,7366.5,Market
5509,2,2026-07-15 10:02:53,Buy,5,7361.75,Limit
5509,3,2026-07-15 10:18:16,Buy,5,7355.75,Limit
5510,1,2026-07-15 09:47:30,Sell,10,7366.5,Limit
5510,2,2026-07-15 10:02:58,Buy,5,7362.0,Limit
5510,3,2026-07-15 10:18:26,Buy,5,7356.0,Limit
5511,1,2026-07-15 09:47:30,Sell,10,7366.75,Limit
5511,2,2026-07-15 10:02:31.500000,Buy,5,7362.0,Limit
5511,3,2026-07-15 10:17:33,Buy,5,7355.5,Limit
5512,1,2026-07-15 09:47:30,Sell,10,7366.5,Market
5512,2,2026-07-15 10:02:48,Buy,5,7362.0,Limit
5512,3,2026-07-15 10:18:06,Buy,5,7356.0,Limit
5513,1,2026-07-15 09:47:29,Sell,10,7366.75,Market
5513,2,2026-07-15 10:02:30,Buy,5,7362.0,Limit
5513,3,2026-07-15 10:17:31,Buy,5,7355.5,Limit
5514,1,2026-07-15 09:47:30,Sell,10,7366.5,Limit
5514,2,2026-07-15 10:02:33,Buy,5,7361.75,Limit
5514,3,2026-07-15 10:17:36,Buy,5,7355.75,Limit
5515,1,2026-07-15 10:38:32,Sell,5,3719.6,Limit
5515,2,2026-07-15 11:50:36,Buy,5,3726.4,Stop
5516,1,2026-07-15 10:38:34,Sell,5,3719.5,Limit
5516,2,2026-07-15 11:50:43,Buy,5,3726.4,Stop
5517,1,2026-07-15 10:38:35,Sell,1,3719.6,Market
5517,2,2026-07-15 11:51:20,Buy,1,3726.4,Stop
5518,1,2026-07-15 10:38:34,Sell,5,3719.5,Market
5518,2,2026-07-15 11:50:47,Buy,5,3726.4,Stop
5519,1,2026-07-15 10:38:35,Sell,1,3719.6,Limit
5519,2,2026-07-15 11:50:42,Buy,1,3726.4,Stop
5520,1,2026-07-15 10:38:32,Sell,5,3719.5,Limit
5520,2,2026-07-15 11:51:14,Buy,5,3726.4,Stop
5521,1,2026-07-15 10:38:32,Sell,5,3719.5,Limit
5521,2,2026-07-15 11:50:45,Buy,5,3726.4,Stop
5522,1,2026-07-15 10:38:33,Sell,5,3719.5,Limit
5522,2,2026-07-15 11:50:37,Buy,5,3726.4,Stop
5523,1,2026-07-15 10:38:33,Sell,5,3719.6,Market
5523,2,2026-07-15 11:50:39,Buy,5,3726.4,Stop
5524,1,2026-07-15 10:38:32,Sell,5,3719.5,Limit
5524,2,2026-07-15 11:50:37,Buy,5,3726.4,Stop
5525,1,2026-07-15 10:38:32,Sell,5,3719.5,Limit
5525,2,2026-07-15 11:51:22,Buy,5,3726.5,Stop
5526,1,2026-07-15 10:38:35,Sell,5,3719.6,Market
5526,2,2026-07-15 11:51:04,Buy,5,3726.4,Stop
5527,1,2026-07-15 10:38:35,Sell,5,3719.6,Limit
5527,2,2026-07-15 11:51:10,Buy,5,3726.4,Stop
5528,1,2026-07-15 10:38:35,Sell,5,3719.5,Limit
5528,2,2026-07-15 11:51:03,Buy,5,3726.4,Stop
5529,1,2026-07-15 10:38:33,Sell,5,3719.6,Market
5529,2,2026-07-15 11:51:15,Buy,5,3726.4,Stop
5530,1,2026-07-16 09:57:51,Buy,6,19728.5,Limit
5530,2,2026-07-16 10:38:43,Sell,6,19703.0,Stop
5531,1,2026-07-16 09:57:52,Buy,6,19728.5,Market
5531,2,2026-07-16 10:38:38,Sell,6,19703.0,Stop
5532,1,2026-07-16 09:57:54,Buy,6,19728.5,Limit
5532,2,2026-07-16 10:38:27,Sell,6,19703.0,Stop
5533,1,2026-07-16 09:57:53,Buy,6,19728.5,Market
5533,2,2026-07-16 10:38:21,Sell,6,19703.0,Stop
5534,1,2026-07-16 09:57:53,Buy,2,19728.75,Limit
5534,2,2026-07-16 10:38:03,Sell,2,19703.0,Stop
5535,1,2026-07-16 09:57:52,Buy,2,19728.75,Market
5535,2,2026-07-16 10:38:28,Sell,2,19703.0,Stop
5536,1,2026-07-16 09:57:53,Buy,6,19728.75,Limit
5536,2,2026-07-16 10:38:32,Sell,6,19702.75,Stop
5537,1,2026-07-16 09:57:51,Buy,2,19728.5,Market
5537,2,2026-07-16 10:38:09,Sell,2,19703.0,Stop
5538,1,2026-07-16 09:57:52,Buy,6,19728.5,Limit
5538,2,2026-07-16 10:38:31,Sell,6,19703.0,Stop
5539,1,2026-07-16 09:57:53,Buy,6,19728.5,Market
5539,2,2026-07-16 10:38:42,Sell,6,19703.0,Stop
5540,1,2026-07-16 09:57:52,Buy,6,19728.75,Limit
5540,2,2026-07-16 10:38:38,Sell,6,19703.0,Stop
5541,1,2026-07-16 09:57:54,Buy,6,19728.5,Market
5541,2,2026-07-16 10:38:24,Sell,6,19703.0,Stop
5542,1,2026-07-16 09:57:52,Buy,6,19728.75,Limit
5542,2,2026-07-16 10:38:42,Sell,6,19703.0,Stop
5543,1,2026-07-16 09:57:51,Buy,6,19728.75,Limit
5543,2,2026-07-16 10:38:02,Sell,6,19702.75,Stop
5544,1,2026-07-16 09:57:52,Buy,6,19728.75,Market
5544,2,2026-07-16 10:38:10,Sell,6,19703.0,Stop
5545,1,2026-07-16 09:57:54,Buy,6,19728.75,Limit
5545,2,2026-07-16 10:38:48,Sell,6,19703.0,Stop
5546,1,2026-07-16 09:57:54,Buy,6,19728.5,Market
5546,2,2026-07-16 10:38:32,Sell,6,19703.0,Stop
5547,1,2026-07-16 12:30:08,Buy,10,7339.5,Limit
5547,2,2026-07-16 12:35:50.500000,Sell,5,7342.25,Limit
5547,3,2026-07-16 12:41:33,Sell,5,7345.75,Limit
5548,1,2026-07-16 12:30:11,Buy,10,7339.75,Market
5548,2,2026-07-16 12:35:51.500000,Sell,5,7342.25,Limit
5548,3,2026-07-16 12:41:32,Sell,5,7345.75,Limit
5549,1,2026-07-16 12:30:11,Buy,10,7339.5,Market
5549,2,2026-07-16 12:36:06,Sell,5,7342.25,Limit
5549,3,2026-07-16 12:42:01,Sell,5,7345.75,Limit
5550,1,2026-07-16 12:30:09,Buy,2,7339.75,Limit
5550,2,2026-07-16 12:36:04.500000,Sell,1,7342.25,Limit
5550,3,2026-07-16 12:42:00,Sell,1,7345.25,Limit
5551,1,2026-07-16 12:30:10,Buy,2,7339.5,Market
5551,2,2026-07-16 12:35:47.500000,Sell,1,7342.25,Limit
5551,3,2026-07-16 12:41:25,Sell,1,7345.75,Limit
5552,1,2026-07-16 12:30:09,Buy,10,7339.5,Market
5552,2,2026-07-16 12:35:53.500000,Sell,5,7342.25,Limit
5552,3,2026-07-16 12:41:38,Sell,5,7345.75,Limit
5553,1,2026-07-16 12:30:11,Buy,2,7339.5,Limit
5553,2,2026-07-16 12:41:47,Sell,2,7344.0,Limit
5554,1,2026-07-16 12:30:08,Buy,10,7339.75,Market
5554,2,2026-07-16 12:35:57.500000,Sell,5,7342.25,Limit
5554,3,2026-07-16 12:41:47,Sell,5,7345.25,Limit
5555,1,2026-07-16 12:30:09,Buy,10,7339.75,Market
5555,2,2026-07-16 12:41:59,Sell,10,7343.75,Limit
5556,1,2026-07-16 12:30:08,Buy,10,7339.5,Market
5556,2,2026-07-16 12:41:20,Sell,10,7344.0,Limit
5557,1,2026-07-16 12:30:08,Buy,10,7339.75,Limit
5557,2,2026-07-16 12:41:26,Sell,10,7343.75,Limit
5558,1,2026-07-16 12:30:09,Buy,10,7339.5,Limit
5558,2,2026-07-16 12:41:35,Sell,10,7344.0,Limit
5559,1,2026-07-16 12:30:08,Buy,10,7339.5,Market
5559,2,2026-07-16 12:41:35,Sell,10,7344.0,Limit
5560,1,2026-07-16 12:30:09,Buy,10,7339.5,Market
5560,2,2026-07-16 12:35:56,Sell,5,7342.25,Limit
5560,3,2026-07-16 12:41:43,Sell,5,7345.75,Limit
5561,1,2026-07-16 12:30:10,Buy,10,7339.5,Market
5561,2,2026-07-16 12:36:09,Sell,5,7342.25,Limit
5561,3,2026-07-16 12:42:08,Sell,5,7345.75,Limit
5562,1,2026-07-16 12:30:09,Buy,10,7339.5,Limit
5562,2,2026-07-16 12:41:44,Sell,10,7344.0,Limit
5563,1,2026-07-16 03:23:27,Sell,10,30.62,Market
5563,2,2026-07-16 04:40:53,Buy,10,30.91,Stop
5564,1,2026-07-16 03:23:27,Sell,10,30.61,Limit
5564,2,2026-07-16 04:40:49,Buy,10,30.92,Stop
5565,1,2026-07-16 03:23:29,Sell,10,30.62,Market
5565,2,2026-07-16 04:41:02,Buy,10,30.91,Stop
5566,1,2026-07-16 03:23:30,Sell,2,30.61,Limit
5566,2,2026-07-16 04:41:26,Buy,2,30.91,Stop
5567,1,2026-07-16 03:23:30,Sell,2,30.61,Market
5567,2,2026-07-16 04:41:27,Buy,2,30.91,Stop
5568,1,2026-07-16 03:23:29,Sell,10,30.61,Limit
5568,2,2026-07-16 04:41:16,Buy,10,30.92,Stop
5569,1,2026-07-16 03:23:27,Sell,2,30.61,Market
5569,2,2026-07-16 04:41:12,Buy,2,30.91,Stop
5570,1,2026-07-16 03:23:29,Sell,10,30.62,Market
5570,2,2026-07-16 04:41:22,Buy,10,30.91,Stop
5571,1,2026-07-16 03:23:29,Sell,10,30.62,Market
5571,2,2026-07-16 04:40:30,Buy,10,30.91,Stop
5572,1,2026-07-16 03:23:27,Sell,10,30.61,Market
5572,2,2026-07-16 04:40:45,Buy,10,30.91,Stop
5573,1,2026-07-16 03:23:30,Sell,10,30.62,Limit
5573,2,2026-07-16 04:41:01,Buy,10,30.91,Stop
5574,1,2026-07-16 03:23:28,Sell,10,30.62,Market
5574,2,2026-07-16 04:40:40,Buy,10,30.91,Stop
5575,1,2026-07-16 03:23:28,Sell,10,30.62,Limit
5575,2,2026-07-16 04:41:21,Buy,10,30.91,Stop
5576,1,2026-07-16 03:23:28,Sell,10,30.62,Market
5576,2,2026-07-16 04:40:59,Buy,10,30.91,Stop
5577,1,2026-07-16 03:23:30,Sell,10,30.62,Market
5577,2,2026-07-16 04:40:58,Buy,10,30.91,Stop
5578,1,2026-07-16 03:23:28,Sell,10,30.61,Limit
5578,2,2026-07-16 04:41:12,Buy,10,30.92,Stop
5579,1,2026-07-16 03:23:28,Sell,10,30.62,Market
5579,2,2026-07-16 04:41:06,Buy,10,30.91,Stop
5580,1,2026-07-17 03:35:24,Sell,5,3675.2,Limit
5580,2,2026-07-17 04:22:51.500000,Buy,2,3671.3,Limit
5580,3,2026-07-17 05:10:19,Buy,3,3667.0,Limit
5581,1,2026-07-17 03:35:25,Sell,5,3675.2,Market
5581,2,2026-07-17 05:09:50,Buy,5,3668.7,Limit
5582,1,2026-07-17 03:35:27,Sell,5,3675.1,Limit
5582,2,2026-07-17 04:22:30,Buy,2,3671.3,Limit
5582,3,2026-07-17 05:09:33,Buy,3,3667.0,Limit
5583,1,2026-07-17 03:35:26,Sell,1,3675.2,Limit
5583,2,2026-07-17 05:10:22,Buy,1,3668.7,Limit
5584,1,2026-07-17 03:35:27,Sell,1,3675.1,Market
5584,2,2026-07-17 05:10:06,Buy,1,3668.7,Limit
5585,1,2026-07-17 03:35:24,Sell,5,3675.2,Market
5585,2,2026-07-17 04:22:39,Buy,2,3671.3,Limit
5585,3,2026-07-17 05:09:54,Buy,3,3667.0,Limit
5586,1,2026-07-17 03:35:27,Sell,1,3675.2,Market
5586,2,2026-07-17 05:10:22,Buy,1,3668.7,Limit
5587,1,2026-07-17 03:35:27,Sell,5,3675.1,Market
5587,2,2026-07-17 04:22:38.500000,Buy,2,3671.3,Limit
5587,3,2026-07-17 05:09:50,Buy,3,3667.0,Limit
5588,1,2026-07-17 03:35:27,Sell,5,3675.2,Market
5588,2,2026-07-17 04:22:41,Buy,2,3671.3,Limit
5588,3,2026-07-17 05:09:55,Buy,3,3667.0,Limit
5589,1,2026-07-17 03:35:27,Sell,5,3675.1,Market
5589,2,2026-07-17 05:09:46,Buy,5,3668.8,Limit
5590,1,2026-07-17 03:35:25,Sell,5,3675.2,Market
5590,2,2026-07-17 05:10:08,Buy,5,3668.7,Limit
5591,1,2026-07-17 03:35:26,Sell,5,3675.1,Market
5591,2,2026-07-17 05:10:02,Buy,5,3668.8,Limit
5592,1,2026-07-17 03:35:25,Sell,5,3675.1,Market
5592,2,2026-07-17 04:22:53.500000,Buy,2,3671.3,Limit
5592,3,2026-07-17 05:10:22,Buy,3,3667.0,Limit
5593,1,2026-07-17 03:35:26,Sell,5,3675.2,Market
5593,2,2026-07-17 05:09:34,Buy,5,3668.7,Limit
5594,1,2026-07-17 03:35:27,Sell,5,3675.1,Market
5594,2,2026-07-17 04:22:41,Buy,2,3671.3,Limit
5594,3,2026-07-17 05:09:55,Buy,3,3667.1,Limit
5595,1,2026-07-20 10:03:06,Buy,10,39491.0,Limit
5595,2,2026-07-20 10:07:32.500000,Sell,5,39551.0,Limit
5595,3,2026-07-20 10:11:59,Sell,5,39631.0,Limit
5596,1,2026-07-20 10:03:07,Buy,10,39491.0,Market
5596,2,2026-07-20 10:07:20.500000,Sell,5,39551.0,Limit
5596,3,2026-07-20 10:11:34,Sell,5,39631.0,Limit
5597,1,2026-07-20 10:03:06,Buy,10,39492.0,Limit
5597,2,2026-07-20 10:07:18,Sell,5,39551.0,Limit
5597,3,2026-07-20 10:11:30,Sell,5,39629.0,Limit
5598,1,2026-07-20 10:03:09,Buy,10,39492.0,Limit
5598,2,2026-07-20 10:07:20.500000,Sell,5,39551.0,Limit
5598,3,2026-07-20 10:11:32,Sell,5,39629.0,Limit
5599,1,2026-07-20 10:03:06,Buy,2,39492.0,Limit
5599,2,2026-07-20 10:11:10,Sell,2,39591.0,Limit
5600,1,2026-07-20 10:03:08,Buy,2,39492.0,Market
5600,2,2026-07-20 10:11:18,Sell,2,39591.0,Limit
5601,1,2026-07-20 10:03:06,Buy,10,39491.0,Limit
5601,2,2026-07-20 10:11:47,Sell,10,39591.0,Limit
5602,1,2026-07-20 10:03:08,Buy,2,39492.0,Market
5602,2,2026-07-20 10:07:16,Sell,1,39551.0,Limit
5602,3,2026-07-20 10:11:24,Sell,1,39629.0,Limit
5603,1,2026-07-20 10:03:06,Buy,10,39491.0,Market
5603,2,2026-07-20 10:12:00,Sell,10,39591.0,Limit
5604,1,2026-07-20 10:03:08,Buy,10,39491.0,Limit
5604,2,2026-07-20 10:11:23,Sell,10,39591.0,Limit
5605,1,2026-07-20 10:03:08,Buy,10,39492.0,Limit
5605,2,2026-07-20 10:07:35,Sell,5,39551.0,Limit
5605,3,2026-07-20 10:12:02,Sell,5,39629.0,Limit
5606,1,2026-07-20 10:03:07,Buy,10,39491.0,Market
5606,2,2026-07-20 10:07:26,Sell,5,39551.0,Limit
5606,3,2026-07-20 10:11:45,Sell,5,39631.0,Limit
5607,1,2026-07-20 10:03:08,Buy,10,39491.0,Limit
5607,2,2026-07-20 10:12:06,Sell,10,39591.0,Limit
5608,1,2026-07-20 10:03:06,Buy,10,39491.0,Market
5608,2,2026-07-20 10:07:32.500000,Sell,5,39551.0,Limit
5608,3,2026-07-20 10:11:59,Sell,5,39631.0,Limit
5609,1,2026-07-20 10:03:07,Buy,10,39492.0,Limit
5609,2,2026-07-20 10:11:53,Sell,10,39591.0,Limit
5610,1,2026-07-20 10:03:09,Buy,10,39491.0,Market
5610,2,2026-07-20 10:11:37,Sell,10,39591.0,Limit
5611,1,2026-07-21 10:05:04,Buy,6,20148.75,Market
5611,2,2026-07-21 10:50:20,Sell,6,20125.75,Stop
5612,1,2026-07-21 10:05:07,Buy,6,20148.75,Limit
5612,2,2026-07-21 10:50:27,Sell,6,20125.75,Stop
5613,1,2026-07-21 10:05:05,Buy,6,20149.0,Limit
5613,2,2026-07-21 10:50:08,Sell,6,20125.75,Stop
5614,1,2026-07-21 10:05:06,Buy,6,20148.75,Limit
5614,2,2026-07-21 10:50:32,Sell,6,20125.75,Stop
5615,1,2026-07-21 10:05:07,Buy,2,20149.0,Market
5615,2,2026-07-21 10:50:14,Sell,2,20125.5,Stop
5616,1,2026-07-21 10:05:06,Buy,2,20148.75,Market
5616,2,2026-07-21 10:50:39,Sell,2,20125.75,Stop
5617,1,2026-07-21 10:05:05,Buy,6,20148.75,Market
5617,2,2026-07-21 10:50:27,Sell,6,20125.75,Stop
5618,1,2026-07-21 10:05:04,Buy,2,20149.0,Market
5618,2,2026-07-21 10:50:47,Sell,2,20125.75,Stop
5619,1,2026-07-21 10:05:06,Buy,6,20148.75,Limit
5619,2,2026-07-21 10:50:09,Sell,6,20125.75,Stop
5620,1,2026-07-21 10:05:07,Buy,6,20148.75,Limit
5620,2,2026-07-21 10:50:11,Sell,6,20125.75,Stop
5621,1,2026-07-21 10:05:06,Buy,6,20149.0,Limit
5621,2,2026-07-21 10:50:33,Sell,6,20125.75,Stop
5622,1,2026-07-21 10:05:06,Buy,6,20148.75,Limit
5622,2,2026-07-21 10:50:50,Sell,6,20125.75,Stop
5623,1,2026-07-21 10:05:05,Buy,6,20148.75,Market
5623,2,2026-07-21 10:50:19,Sell,6,20125.75,Stop
5624,1,2026-07-21 10:05:05,Buy,6,20149.0,Market
5624,2,2026-07-21 10:50:47,Sell,6,20125.5,Stop
5625,1,2026-07-21 10:05:07,Buy,6,20149.0,Market
5625,2,2026-07-21 10:50:37,Sell,6,20125.5,Stop
5626,1,2026-07-21 10:05:07,Buy,6,20148.75,Limit
5626,2,2026-07-21 10:50:08,Sell,6,20125.75,Stop
5627,1,2026-07-21 12:15:25,Sell,10,1866.7,Market
5627,2,2026-07-21 12:24:43,Buy,10,1861.5,Limit
5628,1,2026-07-21 12:15:26,Sell,10,1866.6,Limit
5628,2,2026-07-21 12:19:58.500000,Buy,5,1863.5,Limit
5628,3,2026-07-21 12:24:31,Buy,5,1859.5,Limit
5629,1,2026-07-21 12:15:26,Sell,10,1866.7,Limit
5629,2,2026-07-21 12:20:03.500000,Buy,5,1863.6,Limit
5629,3,2026-07-21 12:24:41,Buy,5,1859.4,Limit
5630,1,2026-07-21 12:15:25,Sell,10,1866.6,Market
5630,2,2026-07-21 12:20:16,Buy,5,1863.6,Limit
5630,3,2026-07-21 12:25:07,Buy,5,1859.6,Limit
5631,1,2026-07-21 12:15:28,Sell,2,1866.7,Market
5631,2,2026-07-21 12:24:28,Buy,2,1861.5,Limit
5632,1,2026-07-21 12:15:25,Sell,2,1866.7,Limit
5632,2,2026-07-21 12:24:52,Buy,2,1861.5,Limit
5633,1,2026-07-21 12:15:27,Sell,10,1866.7,Limit
5633,2,2026-07-21 12:25:14,Buy,10,1861.5,Limit
5634,1,2026-07-21 12:15:26,Sell,10,1866.7,Market
5634,2,2026-07-21 12:25:24,Buy,10,1861.5,Limit
5635,1,2026-07-21 12:15:25,Sell,10,1866.7,Market
5635,2,2026-07-21 12:24:50,Buy,10,1861.5,Limit
5636,1,2026-07-21 12:15:28,Sell,10,1866.7,Limit
5636,2,2026-07-21 12:24:47,Buy,10,1861.5,Limit
5637,1,2026-07-21 12:15:25,Sell,10,1866.7,Market
5637,2,2026-07-21 12:25:16,Buy,10,1861.5,Limit
5638,1,2026-07-21 12:15:26,Sell,10,1866.6,Limit
5638,2,2026-07-21 12:20:11,Buy,5,1863.6,Limit
5638,3,2026-07-21 12:24:56,Buy,5,1859.6,Limit
5639,1,2026-07-21 12:15:28,Sell,10,1866.7,Limit
5639,2,2026-07-21 12:20:12,Buy,5,1863.6,Limit
5639,3,2026-07-21 12:24:56,Buy,5,1859.4,Limit
5640,1,2026-07-21 12:15:26,Sell,10,1866.7,Limit
5640,2,2026-07-21 12:20:12.500000,Buy,5,1863.6,Limit
5640,3,2026-07-21 12:24:59,Buy,5,1859.4,Limit
5641,1,2026-07-21 10:24:18,Sell,5,3634.5,Limit
5641,2,2026-07-21 11:05:13,Buy,5,3640.6,Stop
5642,1,2026-07-21 10:24:21,Sell,5,3634.4,Limit
5642,2,2026-07-21 11:05:08,Buy,5,3640.6,Stop
5643,1,2026-07-21 10:24:19,Sell,5,3634.5,Limit
5643,2,2026-07-21 11:05:01,Buy,5,3640.6,Stop
5644,1,2026-07-21 10:24:18,Sell,5,3634.5,Market
5644,2,2026-07-21 11:04:53,Buy,5,3640.6,Stop
5645,1,2026-07-21 10:24:19,Sell,1,3634.4,Limit
5645,2,2026-07-21 11:04:52,Buy,1,3640.6,Stop
5646,1,2026-07-21 10:24:20,Sell,1,3634.5,Market
5646,2,2026-07-21 11:05:10,Buy,1,3640.6,Stop
5647,1,2026-07-21 10:24:18,Sell,5,3634.5,Limit
5647,2,2026-07-21 11:04:45,Buy,5,3640.6,Stop
5648,1,2026-07-21 10:24:20,Sell,1,3634.5,Limit
5648,2,2026-07-21 11:05:00,Buy,1,3640.6,Stop
5649,1,2026-07-21 10:24:19,Sell,5,3634.5,Limit
5649,2,2026-07-21 11:04:28,Buy,5,3640.6,Stop
5650,1,2026-07-21 10:24:21,Sell,5,3634.5,Limit
5650,2,2026-07-21 11:04:51,Buy,5,3640.6,Stop
5651,1,2026-07-21 10:24:19,Sell,5,3634.5,Limit
5651,2,2026-07-21 11:05:06,Buy,5,3640.6,Stop
5652,1,2026-07-21 10:24:20,Sell,5,3634.5,Limit
5652,2,2026-07-21 11:05:02,Buy,5,3640.6,Stop
5653,1,2026-07-21 10:24:19,Sell,5,3634.5,Limit
5653,2,2026-07-21 11:05:13,Buy,5,3640.6,Stop
5654,1,2026-07-21 10:24:20,Sell,5,3634.5,Market
5654,2,2026-07-21 11:04:24,Buy,5,3640.6,Stop
5655,1,2026-07-21 10:24:20,Sell,5,3634.5,Limit
5655,2,2026-07-21 11:04:36,Buy,5,3640.6,Stop
5656,1,2026-07-21 10:24:19,Sell,5,3634.5,Market
5656,2,2026-07-21 11:04:42,Buy,5,3640.6,Stop
5657,1,2026-07-22 09:58:49,Sell,6,19807.5,Market
5657,2,2026-07-22 11:26:34,Buy,6,19836.25,Stop
5658,1,2026-07-22 09:58:49,Sell,6,19807.25,Limit
5658,2,2026-07-22 11:26:26,Buy,6,19836.5,Stop
5659,1,2026-07-22 09:58:49,Sell,6,19807.25,Market
5659,2,2026-07-22 11:26:40,Buy,6,19836.25,Stop
5660,1,2026-07-22 09:58:50,Sell,6,19807.25,Limit
5660,2,2026-07-22 11:26:49,Buy,6,19836.5,Stop
5661,1,2026-07-22 09:58:51,Sell,2,19807.25,Limit
5661,2,2026-07-22 11:25:59,Buy,2,19836.25,Stop
5662,1,2026-07-22 09:58:51,Sell,2,19807.5,Limit
5662,2,2026-07-22 11:26:36,Buy,2,19836.25,Stop
5663,1,2026-07-22 09:58:51,Sell,6,19807.5,Market
5663,2,2026-07-22 11:25:54,Buy,6,19836.25,Stop
5664,1,2026-07-22 09:58:52,Sell,2,19807.5,Limit
5664,2,2026-07-22 11:26:42,Buy,2,19836.25,Stop
5665,1,2026-07-22 09:58:51,Sell,6,19807.5,Market
5665,2,2026-07-22 11:26:46,Buy,6,19836.25,Stop
5666,1,2026-07-22 09:58:49,Sell,6,19807.5,Market
5666,2,2026-07-22 11:25:56,Buy,6,19836.25,Stop
5667,1,2026-07-22 09:58:50,Sell,6,19807.5,Limit
5667,2,2026-07-22 11:26:08,Buy,6,19836.25,Stop
5668,1,2026-07-22 09:58:50,Sell,6,19807.5,Limit
5668,2,2026-07-22 11:26:27,Buy,6,19836.25,Stop
5669,1,2026-07-22 09:58:51,Sell,6,19807.5,Market
5669,2,2026-07-22 11:26:18,Buy,6,19836.25,Stop
5670,1,2026-07-22 09:58:52,Sell,6,19807.5,Limit
5670,2,2026-07-22 11:26:17,Buy,6,19836.25,Stop
5671,1,2026-07-22 09:58:51,Sell,6,19807.25,Limit
5671,2,2026-07-22 11:26:10,Buy,6,19836.5,Stop
5672,1,2026-07-22 09:58:49,Sell,6,19807.5,Market
5672,2,2026-07-22 11:25:52,Buy,6,19836.25,Stop
5673,1,2026-07-22 09:58:52,Sell,6,19807.5,Limit
5673,2,2026-07-22 11:26:35,Buy,6,19836.25,Stop
5674,1,2026-07-22 12:16:41,Buy,10,7441.25,Limit
5674,2,2026-07-22 12:26:42.500000,Sell,5,7444.75,Limit
5674,3,2026-07-22 12:36:44,Sell,5,7449.25,Limit
5675,1,2026-07-22 12:16:43,Buy,10,7441.5,Limit
5675,2,2026-07-22 12:26:55.500000,Sell,5,7444.75,Limit
5675,3,2026-07-22 12:37:08,Sell,5,7449.25,Limit
5676,1,2026-07-22 12:16:44,Buy,10,7441.25,Limit
5676,2,2026-07-22 12:26:55.500000,Sell,5,7444.75,Limit
5676,3,2026-07-22 12:37:07,Sell,5,7449.25,Limit
5677,1,2026-07-22 12:16:41,Buy,2,7441.25,Limit
5677,2,2026-07-22 12:26:47.500000,Sell,1,7444.75,Limit
5677,3,2026-07-22 12:36:54,Sell,1,7449.25,Limit
5678,1,2026-07-22 12:16:42,Buy,2,7441.5,Limit
5678,2,2026-07-22 12:26:58.500000,Sell,1,7444.75,Limit
5678,3,2026-07-22 12:37:15,Sell,1,7449.25,Limit
5679,1,2026-07-22 12:16:44,Buy,10,7441.5,Market
5679,2,2026-07-22 12:27:06.500000,Sell,5,7444.75,Limit
5679,3,2026-07-22 12:37:29,Sell,5,7448.75,Limit
5680,1,2026-07-22 12:16:43,Buy,2,7441.5,Market
5680,2,2026-07-22 12:26:58.500000,Sell,1,7444.75,Limit
5680,3,2026-07-22 12:37:14,Sell,1,7449.25,Limit
5681,1,2026-07-22 12:16:44,Buy,10,7441.5,Limit
5681,2,2026-07-22 12:27:12,Sell,5,7444.75,Limit
5681,3,2026-07-22 12:37:40,Sell,5,7449.25,Limit
5682,1,2026-07-22 12:16:43,Buy,10,7441.25,Market
5682,2,2026-07-22 12:26:44.500000,Sell,5,7444.75,Limit
5682,3,2026-07-22 12:36:46,Sell,5,7449.25,Limit
5683,1,2026-07-22 12:16:42,Buy,10,7441.25,Limit
5683,2,2026-07-22 12:36:55,Sell,10,7447.0,Limit
5684,1,2026-07-22 12:16:44,Buy,10,7441.25,Market
5684,2,2026-07-22 12:37:39,Sell,10,7447.0,Limit
5685,1,2026-07-22 12:16:42,Buy,10,7441.25,Limit
5685,2,2026-07-22 12:27:07.500000,Sell,5,7444.75,Limit
5685,3,2026-07-22 12:37:33,Sell,5,7449.25,Limit
5686,1,2026-07-22 12:16:42,Buy,10,7441.25,Market
5686,2,2026-07-22 12:27:06.500000,Sell,5,7444.75,Limit
5686,3,2026-07-22 12:37:31,Sell,5,7449.25,Limit
5687,1,2026-07-22 12:16:41,Buy,10,7441.25,Limit
5687,2,2026-07-22 12:26:47.500000,Sell,5,7444.75,Limit
5687,3,2026-07-22 12:36:54,Sell,5,7449.25,Limit
5688,1,2026-07-22 12:16:42,Buy,10,7441.5,Limit
5688,2,2026-07-22 12:36:51,Sell,10,7447.0,Limit
5689,1,2026-07-22 03:22:21,Buy,5,3636.0,Limit
5689,2,2026-07-22 04:29:47,Sell,5,3630.1,Stop
5690,1,2026-07-22 03:22:23,Buy,5,3636.0,Limit
5690,2,2026-07-22 04:30:20,Sell,5,3630.1,Stop
5691,1,2026-07-22 03:22:22,Buy,5,3636.0,Limit
5691,2,2026-07-22 04:30:14,Sell,5,3630.1,Stop
5692,1,2026-07-22 03:22:21,Buy,5,3636.1,Limit
5692,2,2026-07-22 04:29:40,Sell,5,3630.0,Stop
5693,1,2026-07-22 03:22:21,Buy,1,3636.0,Market
5693,2,2026-07-22 04:29:25,Sell,1,3630.1,Stop
5694,1,2026-07-22 03:22:21,Buy,1,3636.0,Market
5694,2,2026-07-22 04:30:08,Sell,1,3630.1,Stop
5695,1,2026-07-22 03:22:22,Buy,5,3636.0,Market
5695,2,2026-07-22 04:30:21,Sell,5,3630.1,Stop
5696,1,2026-07-22 03:22:21,Buy,1,3636.1,Limit
5696,2,2026-07-22 04:29:55,Sell,1,3630.1,Stop
5697,1,2026-07-22 03:22:24,Buy,5,3636.0,Market
5697,2,2026-07-22 04:30:18,Sell,5,3630.1,Stop
5698,1,2026-07-22 03:22:22,Buy,5,3636.1,Market
5698,2,2026-07-22 04:29:28,Sell,5,3630.1,Stop
5699,1,2026-07-22 03:22:23,Buy,5,3636.1,Limit
5699,2,2026-07-22 04:29:33,Sell,5,3630.0,Stop
5700,1,2026-07-22 03:22:24,Buy,5,3636.0,Limit
5700,2,2026-07-22 04:30:12,Sell,5,3630.1,Stop
5701,1,2026-07-22 03:22:22,Buy,5,3636.1,Limit
5701,2,2026-07-22 04:30:00,Sell,5,3630.1,Stop
5702,1,2026-07-22 03:22:21,Buy,5,3636.1,Limit
5702,2,2026-07-22 04:29:35,Sell,5,3630.0,Stop
5703,1,2026-07-22 03:22:22,Buy,5,3636.0,Market
5703,2,2026-07-22 04:30:11,Sell,5,3630.1,Stop
5704,1,2026-07-22 03:22:23,Buy,5,3636.0,Market
5704,2,2026-07-22 04:29:42,Sell,5,3630.1,Stop
5705,1,2026-07-22 03:22:23,Buy,5,3636.0,Limit
5705,2,2026-07-22 04:30:11,Sell,5,3630.1,Stop
5706,1,2026-07-23 12:19:08,Sell,10,1893.1,Limit
5706,2,2026-07-23 12:23:13.500000,Buy,5,1888.7,Limit
5706,3,2026-07-23 12:27:19,Buy,5,1882.9,Limit
5707,1,2026-07-23 12:19:10,Sell,10,1893.0,Market
5707,2,2026-07-23 12:23:37,Buy,5,1888.7,Limit
5707,3,2026-07-23 12:28:04,Buy,5,1882.9,Limit
5708,1,2026-07-23 12:19:08,Sell,10,1893.1,Market
5708,2,2026-07-23 12:28:07,Buy,10,1885.8,Limit
5709,1,2026-07-23 12:19:10,Sell,2,1893.0,Limit
5709,2,2026-07-23 12:23:15,Buy,1,1888.7,Limit
5709,3,2026-07-23 12:27:20,Buy,1,1882.9,Limit
5710,1,2026-07-23 12:19:09,Sell,10,1893.1,Limit
5710,2,2026-07-23 12:27:16,Buy,10,1885.8,Limit
5711,1,2026-07-23 12:19:09,Sell,2,1893.1,Market
5711,2,2026-07-23 12:23:13,Buy,1,1888.7,Limit
5711,3,2026-07-23 12:27:17,Buy,1,1882.9,Limit
5712,1,2026-07-23 12:19:10,Sell,10,1893.1,Market
5712,2,2026-07-23 12:23:39.500000,Buy,5,1888.7,Limit
5712,3,2026-07-23 12:28:09,Buy,5,1882.9,Limit
5713,1,2026-07-23 12:19:11,Sell,10,1893.1,Market
5713,2,2026-07-23 12:27:37,Buy,10,1885.8,Limit
5714,1,2026-07-23 12:19:08,Sell,10,1893.0,Limit
5714,2,2026-07-23 12:23:28,Buy,5,1888.7,Limit
5714,3,2026-07-23 12:27:48,Buy,5,1883.1,Limit
5715,1,2026-07-23 12:19:08,Sell,10,1893.1,Limit
5715,2,2026-07-23 12:27:40,Buy,10,1885.8,Limit
5716,1,2026-07-23 12:19:10,Sell,10,1893.0,Limit
5716,2,2026-07-23 12:28:00,Buy,10,1885.9,Limit
5717,1,2026-07-23 12:19:10,Sell,10,1893.1,Limit
5717,2,2026-07-23 12:27:25,Buy,10,1885.8,Limit
5718,1,2026-07-23 12:19:09,Sell,10,1893.0,Limit
5718,2,2026-07-23 12:23:35.500000,Buy,5,1888.7,Limit
5718,3,2026-07-23 12:28:02,Buy,5,1883.1,Limit
5719,1,2026-07-23 12:19:09,Sell,10,1893.0,Limit
5719,2,2026-07-23 12:27:44,Buy,10,1885.8,Limit
5720,1,2026-07-23 12:19:08,Sell,10,1893.1,Market
5720,2,2026-07-23 12:27:50,Buy,10,1885.8,Limit
5721,1,2026-07-23 10:35:39,Sell,6,19671.0,Limit
5721,2,2026-07-23 11:56:28,Buy,6,19618.75,Limit
5722,1,2026-07-23 10:35:41,Sell,6,19671.0,Market
5722,2,2026-07-23 11:15:54,Buy,3,19639.75,Limit
5722,3,2026-07-23 11:56:07,Buy,3,19597.75,Limit
5723,1,2026-07-23 10:35:41,Sell,2,19671.0,Limit
5723,2,2026-07-23 11:16:04.500000,Buy,1,19639.75,Limit
5723,3,2026-07-23 11:56:28,Buy,1,19597.75,Limit
5724,1,2026-07-23 10:35:39,Sell,6,19670.75,Market
5724,2,2026-07-23 11:55:56,Buy,6,19619.0,Limit
5725,1,2026-07-23 10:35:39,Sell,2,19671.0,Market
5725,2,2026-07-23 11:55:53,Buy,2,19618.75,Limit
5726,1,2026-07-23 10:35:40,Sell,6,19670.75,Market
5726,2,2026-07-23 11:55:44,Buy,6,19619.0,Limit
5727,1,2026-07-23 10:35:39,Sell,6,19671.0,Limit
5727,2,2026-07-23 11:56:24,Buy,6,19618.75,Limit
5728,1,2026-07-23 10:35:40,Sell,6,19670.75,Market
5728,2,2026-07-23 11:55:55,Buy,6,19618.75,Limit
5729,1,2026-07-23 10:35:41,Sell,6,19671.0,Market
5729,2,2026-07-23 11:55:50,Buy,6,19618.75,Limit
5730,1,2026-07-23 10:35:42,Sell,6,19671.0,Limit
5730,2,2026-07-23 11:56:09,Buy,6,19618.75,Limit
5731,1,2026-07-23 10:35:42,Sell,6,19670.75,Limit
5731,2,2026-07-23 11:56:12,Buy,6,19618.75,Limit
5732,1,2026-07-23 10:35:42,Sell,6,19670.75,Market
5732,2,2026-07-23 11:15:53,Buy,3,19639.5,Limit
5732,3,2026-07-23 11:56:04,Buy,3,19598.0,Limit
5733,1,2026-07-23 10:35:42,Sell,6,19670.75,Market
5733,2,2026-07-23 11:56:07,Buy,6,19619.0,Limit
5734,1,2026-07-23 10:35:40,Sell,6,19671.0,Limit
5734,2,2026-07-23 11:55:54,Buy,6,19618.75,Limit
5735,1,2026-07-23 03:22:07,Buy,5,3646.0,Market
5735,2,2026-07-23 03:32:34,Sell,5,3640.5,Stop
5736,1,2026-07-23 03:22:10,Buy,5,3646.1,Market
5736,2,2026-07-23 03:32:54,Sell,5,3640.4,Stop
5737,1,2026-07-23 03:22:08,Buy,5,3646.0,Market
5737,2,2026-07-23 03:33:01,Sell,5,3640.5,Stop
5738,1,2026-07-23 03:22:10,Buy,1,3646.1,Limit
5738,2,2026-07-23 03:32:57,Sell,1,3640.4,Stop
5739,1,2026-07-23 03:22:09,Buy,5,3646.0,Market
5739,2,2026-07-23 03:32:13,Sell,5,3640.5,Stop
5740,1,2026-07-23 03:22:09,Buy,5,3646.0,Limit
5740,2,2026-07-23 03:32:21,Sell,5,3640.5,Stop
5741,1,2026-07-23 03:22:09,Buy,5,3646.0,Market
5741,2,2026-07-23 03:32:26,Sell,5,3640.5,Stop
5742,1,2026-07-23 03:22:09,Buy,5,3646.0,Limit
5742,2,2026-07-23 03:32:14,Sell,5,3640.5,Stop
5743,1,2026-07-23 03:22:08,Buy,5,3646.0,Limit
5743,2,2026-07-23 03:32:20,Sell,5,3640.5,Stop
5744,1,2026-07-23 03:22:07,Buy,5,3646.0,Market
5744,2,2026-07-23 03:32:56,Sell,5,3640.5,Stop
5745,1,2026-07-23 03:22:07,Buy,5,3646.0,Limit
5745,2,2026-07-23 03:32:59,Sell,5,3640.5,Stop
5746,1,2026-07-23 03:22:10,Buy,5,3646.0,Limit
5746,2,2026-07-23 03:32:33,Sell,5,3640.5,Stop
5747,1,2026-07-24 09:59:34,Buy,10,7417.5,Market
5747,2,2026-07-24 10:41:42,Sell,10,7411.25,Stop
5748,1,2026-07-24 09:59:37,Buy,10,7417.75,Limit
5748,2,2026-07-24 10:42:34,Sell,10,7411.0,Stop
5749,1,2026-07-24 09:59:37,Buy,10,7417.5,Market
5749,2,2026-07-24 10:41:57,Sell,10,7411.25,Stop
5750,1,2026-07-24 09:59:37,Buy,2,7417.75,Market
5750,2,2026-07-24 10:41:58,Sell,2,7411.25,Stop
5751,1,2026-07-24 09:59:37,Buy,10,7417.5,Limit
5751,2,2026-07-24 10:42:30,Sell,10,7411.25,Stop
5752,1,2026-07-24 09:59:37,Buy,2,7417.75,Limit
5752,2,2026-07-24 10:42:18,Sell,2,7411.0,Stop
5753,1,2026-07-24 09:59:37,Buy,10,7417.75,Market
5753,2,2026-07-24 10:42:17,Sell,10,7411.25,Stop
5754,1,2026-07-24 09:59:36,Buy,10,7417.75,Limit
5754,2,2026-07-24 10:42:29,Sell,10,7411.0,Stop
5755,1,2026-07-24 09:59:36,Buy,10,7417.75,Market
5755,2,2026-07-24 10:41:38,Sell,10,7411.25,Stop
5756,1,2026-07-24 09:59:34,Buy,10,7417.75,Limit
5756,2,2026-07-24 10:42:20,Sell,10,7411.25,Stop
5757,1,2026-07-24 09:59:37,Buy,10,7417.75,Limit
5757,2,2026-07-24 10:42:08,Sell,10,7411.0,Stop
5758,1,2026-07-24 09:59:37,Buy,10,7417.75,Limit
5758,2,2026-07-24 10:41:43,Sell,10,7411.0,Stop
5759,1,2026-07-24 09:59:36,Buy,10,7417.75,Market
5759,2,2026-07-24 10:42:34,Sell,10,7411.25,Stop
5760,1,2026-07-24 09:59:35,Buy,10,7417.5,Market
5760,2,2026-07-24 10:42:10,Sell,10,7411.25,Stop
5761,1,2026-07-24 12:14:18,Buy,10,7422.5,Limit
5761,2,2026-07-24 12:38:31,Sell,10,7416.0,Stop
5762,1,2026-07-24 12:14:19,Buy,10,7422.5,Market
5762,2,2026-07-24 12:39:17,Sell,10,7416.0,Stop
5763,1,2026-07-24 12:14:20,Buy,10,7422.75,Market
5763,2,2026-07-24 12:39:02,Sell,10,7416.0,Stop
5764,1,2026-07-24 12:14:18,Buy,2,7422.75,Limit
5764,2,2026-07-24 12:38:20,Sell,2,7416.0,Stop
5765,1,2026-07-24 12:14:19,Buy,10,7422.75,Market
5765,2,2026-07-24 12:38:40,Sell,10,7416.0,Stop
5766,1,2026-07-24 12:14:20,Buy,2,7422.5,Limit
5766,2,2026-07-24 12:38:54,Sell,2,7416.0,Stop
5767,1,2026-07-24 12:14:20,Buy,10,7422.5,Limit
5767,2,2026-07-24 12:39:17,Sell,10,7416.0,Stop
5768,1,2026-07-24 12:14:21,Buy,10,7422.5,Market
5768,2,2026-07-24 12:38:26,Sell,10,7416.0,Stop
5769,1,2026-07-24 12:14:19,Buy,10,7422.75,Limit
5769,2,2026-07-24 12:39:15,Sell,10,7415.75,Stop
5770,1,2026-07-24 12:14:20,Buy,10,7422.75,Limit
5770,2,2026-07-24 12:38:36,Sell,10,7415.75,Stop
5771,1,2026-07-24 12:14:19,Buy,10,7422.5,Limit
5771,2,2026-07-24 12:38:45,Sell,10,7416.0,Stop
5772,1,2026-07-24 12:14:19,Buy,10,7422.75,Market
5772,2,2026-07-24 12:38:51,Sell,10,7415.75,Stop
5773,1,2026-07-24 12:14:21,Buy,10,7422.5,Limit
5773,2,2026-07-24 12:39:19,Sell,10,7416.0,Stop
5774,1,2026-07-24 10:21:42,Sell,6,19391.25,Limit
5774,2,2026-07-24 11:56:44,Buy,6,19412.75,Stop
5775,1,2026-07-24 10:21:42,Sell,6,19391.25,Limit
5775,2,2026-07-24 11:57:21,Buy,6,19412.75,Stop
5776,1,2026-07-24 10:21:42,Sell,6,19391.25,Market
5776,2,2026-07-24 11:57:08,Buy,6,19412.75,Stop
5777,1,2026-07-24 10:21:43,Sell,2,19391.25,Market
5777,2,2026-07-24 11:57:33,Buy,2,19412.75,Stop
5778,1,2026-07-24 10:21:44,Sell,6,19391.0,Limit
5778,2,2026-07-24 11:56:53,Buy,6,19413.0,Stop
5779,1,2026-07-24 10:21:45,Sell,2,19391.0,Limit
5779,2,2026-07-24 11:57:14,Buy,2,19412.75,Stop
5780,1,2026-07-24 10:21:44,Sell,6,19391.25,Limit
5780,2,2026-07-24 11:57:27,Buy,6,19412.75,Stop
5781,1,2026-07-24 10:21:42,Sell,6,19391.25,Limit
5781,2,2026-07-24 11:56:44,Buy,6,19412.75,Stop
5782,1,2026-07-24 10:21:44,Sell,6,19391.0,Market
5782,2,2026-07-24 11:57:08,Buy,6,19412.75,Stop
5783,1,2026-07-24 10:21:42,Sell,6,19391.25,Limit
5783,2,2026-07-24 11:56:53,Buy,6,19412.75,Stop
5784,1,2026-07-24 10:21:45,Sell,6,19391.25,Limit
5784,2,2026-07-24 11:57:16,Buy,6,19412.75,Stop
5785,1,2026-07-24 10:21:43,Sell,6,19391.0,Market
5785,2,2026-07-24 11:57:42,Buy,6,19413.0,Stop
5786,1,2026-07-24 10:21:45,Sell,6,19391.0,Limit
5786,2,2026-07-24 11:57:18,Buy,6,19412.75,Stop
5787,1,2026-07-24 10:21:42,Sell,6,19391.25,Market
5787,2,2026-07-24 11:56:48,Buy,6,19412.75,Stop
5788,1,2026-07-24 10:21:42,Sell,6,19391.0,Market
5788,2,2026-07-24 11:56:47,Buy,6,19413.0,Stop
5789,1,2026-07-24 03:33:23,Sell,5,3689.9,Limit
5789,2,2026-07-24 03:58:58,Buy,2,3684.9,Limit
5789,3,2026-07-24 04:24:33,Buy,3,3679.2,Limit
5790,1,2026-07-24 03:33:25,Sell,5,3689.8,Market
5790,2,2026-07-24 04:24:41,Buy,5,3681.5,Limit
5791,1,2026-07-24 03:33:25,Sell,5,3689.8,Market
5791,2,2026-07-24 03:59:00,Buy,2,3684.8,Limit
5791,3,2026-07-24 04:24:35,Buy,3,3679.3,Limit
5792,1,2026-07-24 03:33:25,Sell,5,3689.9,Market
5792,2,2026-07-24 03:58:58,Buy,2,3684.9,Limit
5792,3,2026-07-24 04:24:31,Buy,3,3679.2,Limit
5793,1,2026-07-24 03:33:25,Sell,1,3689.9,Market
5793,2,2026-07-24 04:24:41,Buy,1,3681.5,Limit
5794,1,2026-07-24 03:33:25,Sell,5,3689.8,Market
5794,2,2026-07-24 04:24:51,Buy,5,3681.6,Limit
5795,1,2026-07-24 03:33:25,Sell,5,3689.9,Limit
5795,2,2026-07-24 04:25:05,Buy,5,3681.5,Limit
5796,1,2026-07-24 03:33:25,Sell,5,3689.9,Market
5796,2,2026-07-24 04:24:29,Buy,5,3681.5,Limit
5797,1,2026-07-24 03:33:25,Sell,5,3689.9,Limit
5797,2,2026-07-24 04:24:39,Buy,5,3681.5,Limit
5798,1,2026-07-24 03:33:25,Sell,5,3689.8,Market
5798,2,2026-07-24 03:59:20.500000,Buy,2,3684.8,Limit
5798,3,2026-07-24 04:25:16,Buy,3,3679.3,Limit
5799,1,2026-07-24 03:33:25,Sell,5,3689.9,Limit
5799,2,2026-07-24 03:59:18.500000,Buy,2,3684.9,Limit
5799,3,2026-07-24 04:25:12,Buy,3,3679.2,Limit
5800,1,2026-07-24 03:33:25,Sell,5,3689.9,Market
5800,2,2026-07-24 04:25:06,Buy,5,3681.5,Limit
5801,1,2026-07-24 03:33:23,Sell,5,3689.8,Market
5801,2,2026-07-24 03:59:13.500000,Buy,2,3684.8,Limit
5801,3,2026-07-24 04:25:04,Buy,3,3679.3,Limit
5802,1,2026-07-27 09:57:29,Buy,10,7506.5,Limit
5802,2,2026-07-27 10:50:31,Sell,10,7500.75,Stop
5803,1,2026-07-27 09:57:31,Buy,10,7506.75,Market
5803,2,2026-07-27 10:51:07,Sell,10,7500.75,Stop
5804,1,2026-07-27 09:57:31,Buy,10,7506.75,Limit
5804,2,2026-07-27 10:51:02,Sell,10,7500.75,Stop
5805,1,2026-07-27 09:57:30,Buy,10,7506.75,Market
5805,2,2026-07-27 10:50:40,Sell,10,7500.75,Stop
5806,1,2026-07-27 09:57:32,Buy,2,7506.75,Limit
5806,2,2026-07-27 10:51:26,Sell,2,7500.5,Stop
5807,1,2026-07-27 09:57:29,Buy,10,7506.75,Market
5807,2,2026-07-27 10:50:54,Sell,10,7500.5,Stop
5808,1,2026-07-27 09:57:30,Buy,10,7506.75,Limit
5808,2,2026-07-27 10:51:16,Sell,10,7500.5,Stop
5809,1,2026-07-27 09:57:32,Buy,10,7506.75,Market
5809,2,2026-07-27 10:51:08,Sell,10,7500.5,Stop
5810,1,2026-07-27 09:57:29,Buy,10,7506.75,Limit
5810,2,2026-07-27 10:51:08,Sell,10,7500.5,Stop
5811,1,2026-07-27 09:57:32,Buy,10,7506.5,Market
5811,2,2026-07-27 10:51:05,Sell,10,7500.75,Stop
5812,1,2026-07-27 09:57:29,Buy,10,7506.75,Market
5812,2,2026-07-27 10:51:02,Sell,10,7500.5,Stop
5813,1,2026-07-27 09:57:32,Buy,10,7506.75,Market
5813,2,2026-07-27 10:51:25,Sell,10,7500.75,Stop
5814,1,2026-07-27 09:57:29,Buy,10,7506.75,Limit
5814,2,2026-07-27 10:50:42,Sell,10,7500.75,Stop
5815,1,2026-07-27 09:57:31,Buy,10,7506.5,Limit
5815,2,2026-07-27 10:51:01,Sell,10,7500.75,Stop
5816,1,2026-07-27 12:17:39,Buy,10,1830.0,Market
5816,2,2026-07-27 12:30:23.500000,Sell,5,1832.4,Limit
5816,3,2026-07-27 12:43:08,Sell,5,1835.6,Limit
5817,1,2026-07-27 12:17:39,Buy,10,1830.0,Limit
5817,2,2026-07-27 12:30:11.500000,Sell,5,1832.4,Limit
5817,3,2026-07-27 12:42:44,Sell,5,1835.6,Limit
5818,1,2026-07-27 12:17:39,Buy,10,1830.1,Market
5818,2,2026-07-27 12:30:16,Sell,5,1832.4,Limit
5818,3,2026-07-27 12:42:53,Sell,5,1835.6,Limit
5819,1,2026-07-27 12:17:39,Buy,2,1830.1,Market
5819,2,2026-07-27 12:30:27.500000,Sell,1,1832.4,Limit
5819,3,2026-07-27 12:43:16,Sell,1,1835.6,Limit
5820,1,2026-07-27 12:17:42,Buy,10,1830.0,Market
5820,2,2026-07-27 12:30:17,Sell,5,1832.4,Limit
5820,3,2026-07-27 12:42:52,Sell,5,1835.6,Limit
5821,1,2026-07-27 12:17:40,Buy,2,1830.0,Market
5821,2,2026-07-27 12:30:29,Sell,1,1832.4,Limit
5821,3,2026-07-27 12:43:18,Sell,1,1835.6,Limit
5822,1,2026-07-27 12:17:40,Buy,10,1830.0,Limit
5822,2,2026-07-27 12:30:19.500000,Sell,5,1832.4,Limit
5822,3,2026-07-27 12:42:59,Sell,5,1835.6,Limit
5823,1,2026-07-27 12:17:41,Buy,10,1830.1,Limit
5823,2,2026-07-27 12:43:12,Sell,10,1834.0,Limit
5824,1,2026-07-27 12:17:39,Buy,10,1830.0,Limit
5824,2,2026-07-27 12:30:21.500000,Sell,5,1832.4,Limit
5824,3,2026-07-27 12:43:04,Sell,5,1835.6,Limit
5825,1,2026-07-27 12:17:42,Buy,10,1830.0,Market
5825,2,2026-07-27 12:42:56,Sell,10,1834.0,Limit
5826,1,2026-07-27 12:17:41,Buy,10,1830.0,Market
5826,2,2026-07-27 12:43:04,Sell,10,1834.0,Limit
5827,1,2026-07-27 12:17:41,Buy,10,1830.1,Market
5827,2,2026-07-27 12:43:14,Sell,10,1833.9,Limit
5828,1,2026-07-27 12:17:42,Buy,10,1830.0,Market
5828,2,2026-07-27 12:43:21,Sell,10,1834.0,Limit
5829,1,2026-07-27 12:17:39,Buy,10,1830.1,Limit
5829,2,2026-07-27 12:43:31,Sell,10,1833.9,Limit
5830,1,2026-07-27 03:26:13,Buy,10,29.99,Limit
5830,2,2026-07-27 04:15:32,Sell,10,29.72,Stop
5831,1,2026-07-27 03:26:14,Buy,10,29.99,Limit
5831,2,2026-07-27 04:15:32,Sell,10,29.72,Stop
5832,1,2026-07-27 03:26:16,Buy,2,29.99,Market
5832,2,2026-07-27 04:15:55,Sell,2,29.72,Stop
5833,1,2026-07-27 03:26:16,Buy,10,29.99,Market
5833,2,2026-07-27 04:15:59,Sell,10,29.72,Stop
5834,1,2026-07-27 03:26:13,Buy,2,29.99,Market
5834,2,2026-07-27 04:16:08,Sell,2,29.72,Stop
5835,1,2026-07-27 03:26:14,Buy,10,29.99,Market
5835,2,2026-07-27 04:15:57,Sell,10,29.72,Stop
5836,1,2026-07-27 03:26:16,Buy,10,30.0,Limit
5836,2,2026-07-27 04:15:28,Sell,10,29.71,Stop
5837,1,2026-07-27 03:26:15,Buy,10,30.0,Market
5837,2,2026-07-27 04:15:37,Sell,10,29.72,Stop
5838,1,2026-07-27 03:26:16,Buy,10,29.99,Limit
5838,2,2026-07-27 04:15:42,Sell,10,29.72,Stop
5839,1,2026-07-27 03:26:14,Buy,10,29.99,Limit
5839,2,2026-07-27 04:15:53,Sell,10,29.72,Stop
5840,1,2026-07-27 03:26:14,Buy,10,29.99,Market
5840,2,2026-07-27 04:15:21,Sell,10,29.72,Stop
5841,1,2026-07-27 03:26:13,Buy,10,29.99,Limit
5841,2,2026-07-27 04:16:12,Sell,10,29.72,Stop
5842,1,2026-07-27 03:26:16,Buy,10,29.99,Market
5842,2,2026-07-27 04:15:58,Sell,10,29.72,Stop
5843,1,2026-07-28 10:26:20,Buy,10,30.94,Limit
5843,2,2026-07-28 11:09:19,Sell,5,31.31,Limit
5843,3,2026-07-28 11:52:18,Sell,5,31.81,Limit
5844,1,2026-07-28 10:26:21,Buy,2,30.94,Market
5844,2,2026-07-28 11:09:06.500000,Sell,1,31.31,Limit
5844,3,2026-07-28 11:51:52,Sell,1,31.81,Limit
5845,1,2026-07-28 10:26:21,Buy,10,30.94,Limit
5845,2,2026-07-28 11:09:09,Sell,5,31.31,Limit
5845,3,2026-07-28 11:51:57,Sell,5,31.81,Limit
5846,1,2026-07-28 10:26:20,Buy,2,30.95,Market
5846,2,2026-07-28 11:51:22,Sell,2,31.56,Limit
5847,1,2026-07-28 10:26:21,Buy,10,30.95,Market
5847,2,2026-07-28 11:52:14,Sell,10,31.55,Limit
5848,1,2026-07-28 10:26:23,Buy,10,30.94,Limit
5848,2,2026-07-28 11:51:54,Sell,10,31.56,Limit
5849,1,2026-07-28 10:26:22,Buy,10,30.95,Limit
5849,2,2026-07-28 11:52:01,Sell,10,31.56,Limit
5850,1,2026-07-28 10:26:23,Buy,10,30.95,Market
5850,2,2026-07-28 11:52:17,Sell,10,31.55,Limit
5851,1,2026-07-28 10:26:20,Buy,10,30.95,Market
5851,2,2026-07-28 11:52:13,Sell,10,31.55,Limit
5852,1,2026-07-28 10:26:20,Buy,10,30.94,Limit
5852,2,2026-07-28 11:09:19,Sell,5,31.31,Limit
5852,3,2026-07-28 11:52:18,Sell,5,31.81,Limit
5853,1,2026-07-28 10:26:21,Buy,10,30.95,Market
5853,2,2026-07-28 11:09:09,Sell,5,31.31,Limit
5853,3,2026-07-28 11:51:57,Sell,5,31.79,Limit
5854,1,2026-07-28 10:26:22,Buy,10,30.94,Limit
5854,2,2026-07-28 11:09:03,Sell,5,31.31,Limit
5854,3,2026-07-28 11:51:44,Sell,5,31.81,Limit
5855,1,2026-07-28 03:32:20,Sell,10,30.94,Market
5855,2,2026-07-28 04:31:13,Buy,10,31.2,Stop
5856,1,2026-07-28 03:32:22,Sell,2,30.93,Limit
5856,2,2026-07-28 04:30:28,Buy,2,31.2,Stop
5857,1,2026-07-28 03:32:20,Sell,10,30.94,Limit
5857,2,2026-07-28 04:30:38,Buy,10,31.2,Stop
5858,1,2026-07-28 03:32:21,Sell,10,30.94,Limit
5858,2,2026-07-28 04:31:14,Buy,10,31.2,Stop
5859,1,2026-07-28 03:32:22,Sell,10,30.93,Market
5859,2,2026-07-28 04:30:52,Buy,10,31.21,Stop
5860,1,2026-07-28 03:32:23,Sell,10,30.94,Limit
5860,2,2026-07-28 04:30:25,Buy,10,31.2,Stop
5861,1,2026-07-28 03:32:20,Sell,10,30.94,Market
5861,2,2026-07-28 04:31:16,Buy,10,31.2,Stop
5862,1,2026-07-28 03:32:20,Sell,10,30.94,Limit
5862,2,2026-07-28 04:30:32,Buy,10,31.2,Stop
5863,1,2026-07-28 03:32:21,Sell,10,30.94,Market
5863,2,2026-07-28 04:31:09,Buy,10,31.2,Stop
5864,1,2026-07-29 10:29:16,Buy,6,19391.0,Market
5864,2,2026-07-29 10:48:34,Sell,6,19451.0,Limit
5865,1,2026-07-29 10:29:16,Buy,2,19391.0,Market
5865,2,2026-07-29 10:48:44,Sell,2,19451.0,Limit
5866,1,2026-07-29 10:29:18,Buy,6,19391.0,Limit
5866,2,2026-07-29 10:38:50.500000,Sell,3,19427.0,Limit
5866,3,2026-07-29 10:48:23,Sell,3,19475.0,Limit
5867,1,2026-07-29 10:29:17,Buy,6,19391.25,Limit
5867,2,2026-07-29 10:48:54,Sell,6,19450.75,Limit
5868,1,2026-07-29 10:29:18,Buy,6,19391.0,Market
5868,2,2026-07-29 10:39:07,Sell,3,19427.0,Limit
5868,3,2026-07-29 10:48:56,Sell,3,19475.0,Limit
5869,1,2026-07-29 10:29:17,Buy,6,19391.0,Market
5869,2,2026-07-29 10:39:02,Sell,3,19427.0,Limit
5869,3,2026-07-29 10:48:47,Sell,3,19475.0,Limit
5870,1,2026-07-29 10:29:17,Buy,6,19391.0,Market
5870,2,2026-07-29 10:48:46,Sell,6,19451.0,Limit
5871,1,2026-07-29 10:29:17,Buy,6,19391.0,Market
5871,2,2026-07-29 10:48:46,Sell,6,19451.0,Limit
5872,1,2026-07-29 10:29:18,Buy,6,19391.0,Limit
5872,2,2026-07-29 10:48:30,Sell,6,19451.0,Limit
5873,1,2026-07-29 10:29:18,Buy,6,19391.25,Market
5873,2,2026-07-29 10:39:10.500000,Sell,3,19427.0,Limit
5873,3,2026-07-29 10:49:03,Sell,3,19474.5,Limit
5874,1,2026-07-29 03:25:41,Buy,10,30.34,Market
5874,2,2026-07-29 04:08:20.500000,Sell,5,30.72,Limit
5874,3,2026-07-29 04:51:00,Sell,5,31.22,Limit
5875,1,2026-07-29 03:25:44,Buy,2,30.35,Market
5875,2,2026-07-29 04:08:36.500000,Sell,1,30.72,Limit
5875,3,2026-07-29 04:51:29,Sell,1,31.22,Limit
5876,1,2026-07-29 03:25:44,Buy,10,30.34,Market
5876,2,2026-07-29 04:08:29.500000,Sell,5,30.72,Limit
5876,3,2026-07-29 04:51:15,Sell,5,31.22,Limit
5877,1,2026-07-29 03:25:44,Buy,2,30.34,Market
5877,2,2026-07-29 04:51:37,Sell,2,30.97,Limit
5878,1,2026-07-29 03:25:44,Buy,10,30.35,Market
5878,2,2026-07-29 04:51:07,Sell,10,30.97,Limit
5879,1,2026-07-29 03:25:42,Buy,10,30.34,Limit
5879,2,2026-07-29 04:51:26,Sell,10,30.97,Limit
5880,1,2026-07-29 03:25:43,Buy,10,30.35,Limit
5880,2,2026-07-29 04:51:20,Sell,10,30.96,Limit
5881,1,2026-07-29 03:25:44,Buy,10,30.35,Limit
5881,2,2026-07-29 04:51:29,Sell,10,30.96,Limit
5882,1,2026-07-29 03:25:44,Buy,10,30.34,Market
5882,2,2026-07-29 04:51:05,Sell,10,30.97,Limit
5883,1,2026-07-29 03:25:42,Buy,10,30.35,Limit
5883,2,2026-07-29 04:51:28,Sell,10,30.97,Limit
5884,1,2026-07-29 03:25:43,Buy,10,30.34,Limit
5884,2,2026-07-29 04:08:31,Sell,5,30.72,Limit
5884,3,2026-07-29 04:51:19,Sell,5,31.22,Limit
5885,1,2026-07-29 03:25:44,Buy,10,30.34,Limit
5885,2,2026-07-29 04:51:43,Sell,10,30.97,Limit
5886,1,2026-07-30 10:39:27,Sell,10,30.39,Market
5886,2,2026-07-30 11:14:47,Buy,10,29.82,Limit
5887,1,2026-07-30 10:39:29,Sell,2,30.39,Limit
5887,2,2026-07-30 10:57:25,Buy,1,30.05,Limit
5887,3,2026-07-30 11:15:21,Buy,1,29.59,Limit
5888,1,2026-07-30 10:39:30,Sell,10,30.38,Market
5888,2,2026-07-30 11:15:18,Buy,10,29.82,Limit
5889,1,2026-07-30 10:39:30,Sell,2,30.39,Limit
5889,2,2026-07-30 10:57:18.500000,Buy,1,30.05,Limit
5889,3,2026-07-30 11:15:07,Buy,1,29.59,Limit
5890,1,2026-07-30 10:39:28,Sell,10,30.39,Market
5890,2,2026-07-30 10:57:14.500000,Buy,5,30.05,Limit
5890,3,2026-07-30 11:15:01,Buy,5,29.59,Limit
5891,1,2026-07-30 10:39:27,Sell,10,30.38,Market
5891,2,2026-07-30 11:15:09,Buy,10,29.82,Limit
5892,1,2026-07-30 10:39:30,Sell,10,30.39,Market
5892,2,2026-07-30 11:15:07,Buy,10,29.82,Limit
5893,1,2026-07-30 10:39:28,Sell,10,30.38,Limit
5893,2,2026-07-30 11:14:39,Buy,10,29.83,Limit
5894,1,2026-07-30 10:39:28,Sell,10,30.39,Limit
5894,2,2026-07-30 10:57:10.500000,Buy,5,30.05,Limit
5894,3,2026-07-30 11:14:53,Buy,5,29.59,Limit
5895,1,2026-07-30 10:39:30,Sell,10,30.38,Market
5895,2,2026-07-30 11:14:43,Buy,10,29.83,Limit
5896,1,2026-07-30 10:39:30,Sell,10,30.38,Limit
5896,2,2026-07-30 10:57:06.500000,Buy,5,30.04,Limit
5896,3,2026-07-30 11:14:43,Buy,5,29.6,Limit
5897,1,2026-07-30 10:39:29,Sell,10,30.39,Limit
5897,2,2026-07-30 11:14:50,Buy,10,29.82,Limit
5898,1,2026-07-30 10:39:27,Sell,10,30.39,Limit
5898,2,2026-07-30 11:14:52,Buy,10,29.82,Limit
5899,1,2026-07-30 10:39:29,Sell,10,30.38,Limit
5899,2,2026-07-30 11:14:51,Buy,10,29.83,Limit
5900,1,2026-07-30 03:19:28,Buy,10,30.35,Market
5900,2,2026-07-30 04:54:50,Sell,10,30.81,Limit
5901,1,2026-07-30 03:19:31,Buy,2,30.35,Market
5901,2,2026-07-30 04:54:59,Sell,2,30.81,Limit
5902,1,2026-07-30 03:19:29,Buy,10,30.35,Limit
5902,2,2026-07-30 04:55:27,Sell,10,30.81,Limit
5903,1,2026-07-30 03:19:31,Buy,2,30.35,Limit
5903,2,2026-07-30 04:07:20,Sell,1,30.63,Limit
5903,3,2026-07-30 04:55:09,Sell,1,30.99,Limit
5904,1,2026-07-30 03:19:31,Buy,10,30.36,Market
5904,2,2026-07-30 04:54:53,Sell,10,30.8,Limit
5905,1,2026-07-30 03:19:31,Buy,10,30.35,Market
5905,2,2026-07-30 04:54:45,Sell,10,30.81,Limit
5906,1,2026-07-30 03:19:28,Buy,10,30.35,Market
5906,2,2026-07-30 04:55:05,Sell,10,30.81,Limit
5907,1,2026-07-30 03:19:31,Buy,10,30.36,Market
5907,2,2026-07-30 04:54:46,Sell,10,30.8,Limit
5908,1,2026-07-30 03:19:31,Buy,10,30.35,Limit
5908,2,2026-07-30 04:07:12,Sell,5,30.63,Limit
5908,3,2026-07-30 04:54:53,Sell,5,30.99,Limit
5909,1,2026-07-30 03:19:31,Buy,10,30.35,Limit
5909,2,2026-07-30 04:07:10.500000,Sell,5,30.63,Limit
5909,3,2026-07-30 04:54:50,Sell,5,30.99,Limit
5910,1,2026-07-30 03:19:30,Buy,10,30.35,Market
5910,2,2026-07-30 04:07:26,Sell,5,30.63,Limit
5910,3,2026-07-30 04:55:22,Sell,5,30.99,Limit
5911,1,2026-07-30 03:19:31,Buy,10,30.36,Limit
5911,2,2026-07-30 04:55:15,Sell,10,30.8,Limit
5912,1,2026-07-31 12:22:57,Buy,10,1806.2,Limit
5912,2,2026-07-31 12:32:28,Sell,10,1812.2,Limit
5913,1,2026-07-31 12:22:57,Buy,2,1806.3,Market
5913,2,2026-07-31 12:32:22,Sell,2,1812.2,Limit
5914,1,2026-07-31 12:22:57,Buy,10,1806.3,Limit
5914,2,2026-07-31 12:27:44.500000,Sell,5,1809.8,Limit
5914,3,2026-07-31 12:32:32,Sell,5,1814.4,Limit
5915,1,2026-07-31 12:23:00,Buy,10,1806.2,Limit
5915,2,2026-07-31 12:27:45,Sell,5,1809.8,Limit
5915,3,2026-07-31 12:32:30,Sell,5,1814.6,Limit
5916,1,2026-07-31 12:22:59,Buy,10,1806.2,Limit
5916,2,2026-07-31 12:27:33,Sell,5,1809.8,Limit
5916,3,2026-07-31 12:32:07,Sell,5,1814.6,Limit
5917,1,2026-07-31 12:23:00,Buy,10,1806.2,Market
5917,2,2026-07-31 12:32:05,Sell,10,1812.2,Limit
5918,1,2026-07-31 12:23:00,Buy,10,1806.3,Market
5918,2,2026-07-31 12:32:34,Sell,10,1812.2,Limit
5919,1,2026-07-31 12:22:58,Buy,10,1806.3,Market
5919,2,2026-07-31 12:32:38,Sell,10,1812.2,Limit
5920,1,2026-07-31 12:22:59,Buy,10,1806.3,Market
5920,2,2026-07-31 12:27:50.500000,Sell,5,1809.8,Limit
5920,3,2026-07-31 12:32:42,Sell,5,1814.4,Limit
5921,1,2026-07-31 12:22:58,Buy,10,1806.2,Market
5921,2,2026-07-31 12:32:23,Sell,10,1812.2,Limit
5922,1,2026-07-31 12:22:59,Buy,10,1806.2,Limit
5922,2,2026-07-31 12:32:33,Sell,10,1812.2,Limit
5923,1,2026-07-31 12:22:58,Buy,10,1806.2,Limit
5923,2,2026-07-31 12:27:48,Sell,5,1809.8,Limit
5923,3,2026-07-31 12:32:38,Sell,5,1814.6,Limit
5924,1,2026-07-31 12:22:59,Buy,10,1806.2,Market
5924,2,2026-07-31 12:27:57.500000,Sell,5,1809.8,Limit
5924,3,2026-07-31 12:32:56,Sell,5,1814.6,Limit
5925,1,2026-07-31 12:22:59,Buy,2,1806.3,Limit
5925,2,2026-07-31 12:32:08,Sell,2,1812.1,Limit
5926,1,2026-07-31 12:23:00,Buy,10,1806.3,Market
5926,2,2026-07-31 12:27:40.500000,Sell,5,1809.8,Limit
5926,3,2026-07-31 12:32:21,Sell,5,1814.6,Limit
5927,1,2026-07-31 10:35:00,Buy,10,30.62,Market
5927,2,2026-07-31 11:42:34,Sell,10,31.1,Limit
5928,1,2026-07-31 10:35:03,Buy,10,30.63,Limit
5928,2,2026-07-31 11:42:19,Sell,10,31.1,Limit
5929,1,2026-07-31 10:35:00,Buy,10,30.62,Market
5929,2,2026-07-31 11:42:05,Sell,10,31.1,Limit
5930,1,2026-07-31 10:35:02,Buy,10,30.62,Limit
5930,2,2026-07-31 11:08:56,Sell,5,30.91,Limit
5930,3,2026-07-31 11:42:50,Sell,5,31.29,Limit
5931,1,2026-07-31 10:35:03,Buy,10,30.63,Market
5931,2,2026-07-31 11:08:37.500000,Sell,5,30.91,Limit
5931,3,2026-07-31 11:42:12,Sell,5,31.29,Limit
5932,1,2026-07-31 10:35:03,Buy,10,30.63,Market
5932,2,2026-07-31 11:42:57,Sell,10,31.1,Limit
5933,1,2026-07-31 10:35:00,Buy,10,30.62,Market
5933,2,2026-07-31 11:42:59,Sell,10,31.1,Limit
5934,1,2026-07-31 10:35:02,Buy,10,30.63,Limit
5934,2,2026-07-31 11:42:28,Sell,10,31.09,Limit
5935,1,2026-07-31 10:35:01,Buy,10,30.63,Market
5935,2,2026-07-31 11:42:57,Sell,10,31.1,Limit
5936,1,2026-07-31 10:35:02,Buy,10,30.63,Market
5936,2,2026-07-31 11:08:46.500000,Sell,5,30.91,Limit
5936,3,2026-07-31 11:42:31,Sell,5,31.29,Limit
5937,1,2026-07-31 10:35:02,Buy,2,30.62,Limit
5937,2,2026-07-31 11:42:51,Sell,2,31.1,Limit
5938,1,2026-07-31 10:35:03,Buy,10,30.63,Market
5938,2,2026-07-31 11:08:35.500000,Sell,5,30.91,Limit
5938,3,2026-07-31 11:42:08,Sell,5,31.29,Limit
5939,1,2026-07-31 03:34:35,Sell,10,30.67,Limit
5939,2,2026-07-31 03:44:05,Buy,10,30.3,Limit
5940,1,2026-07-31 03:34:37,Sell,2,30.67,Limit
5940,2,2026-07-31 03:39:35,Buy,1,30.45,Limit
5940,3,2026-07-31 03:44:33,Buy,1,30.15,Limit
5941,1,2026-07-31 03:34:36,Sell,10,30.67,Market
5941,2,2026-07-31 03:44:02,Buy,10,30.3,Limit
5942,1,2026-07-31 03:34:35,Sell,10,30.67,Limit
5942,2,2026-07-31 03:39:29,Buy,5,30.45,Limit
5942,3,2026-07-31 03:44:23,Buy,5,30.15,Limit
5943,1,2026-07-31 03:34:38,Sell,10,30.66,Limit
5943,2,2026-07-31 03:44:17,Buy,10,30.3,Limit
5944,1,2026-07-31 03:34:36,Sell,10,30.66,Limit
5944,2,2026-07-31 03:39:22.500000,Buy,5,30.45,Limit
5944,3,2026-07-31 03:44:09,Buy,5,30.17,Limit
5945,1,2026-07-31 03:34:38,Sell,10,30.67,Limit
5945,2,2026-07-31 03:39:09.500000,Buy,5,30.45,Limit
5945,3,2026-07-31 03:43:41,Buy,5,30.15,Limit
5946,1,2026-07-31 03:34:36,Sell,10,30.67,Market
5946,2,2026-07-31 03:44:35,Buy,10,30.3,Limit
5947,1,2026-07-31 03:34:35,Sell,10,30.67,Market
5947,2,2026-07-31 03:39:07,Buy,5,30.45,Limit
5947,3,2026-07-31 03:43:39,Buy,5,30.15,Limit
5948,1,2026-07-31 03:34:38,Sell,10,30.67,Market
5948,2,2026-07-31 03:39:27,Buy,5,30.45,Limit
5948,3,2026-07-31 03:44:16,Buy,5,30.15,Limit
5949,1,2026-07-31 03:34:35,Sell,10,30.66,Market
5949,2,2026-07-31 03:43:41,Buy,10,30.3,Limit
5950,1,2026-07-31 03:34:35,Sell,10,30.66,Limit
5950,2,2026-07-31 03:44:12,Buy,10,30.31,Limit
5951,1,2026-07-31 03:34:35,Sell,10,30.67,Limit
5951,2,2026-07-31 03:43:56,Buy,10,30.3,Limit
5952,1,2026-08-03 09:59:21,Buy,6,19381.5,Market
5952,2,2026-08-03 11:31:20,Sell,6,19421.75,Limit
5953,1,2026-08-03 09:59:23,Buy,2,19381.75,Limit
5953,2,2026-08-03 11:30:41,Sell,2,19421.75,Limit
5954,1,2026-08-03 09:59:24,Buy,6,19381.5,Market
5954,2,2026-08-03 11:30:49,Sell,6,19421.75,Limit
5955,1,2026-08-03 09:59:21,Buy,6,19381.75,Market
5955,2,2026-08-03 10:45:10.500000,Sell,3,19405.75,Limit
5955,3,2026-08-03 11:31:00,Sell,3,19437.75,Limit
5956,1,2026-08-03 09:59:24,Buy,6,19381.75,Limit
5956,2,2026-08-03 11:31:01,Sell,6,19421.5,Limit
5957,1,2026-08-03 09:59:24,Buy,6,19381.75,Market
5957,2,2026-08-03 11:30:24,Sell,6,19421.75,Limit
5958,1,2026-08-03 09:59:24,Buy,6,19381.5,Limit
5958,2,2026-08-03 11:31:21,Sell,6,19421.75,Limit
5959,1,2026-08-03 09:59:24,Buy,6,19381.5,Limit
5959,2,2026-08-03 10:44:57.500000,Sell,3,19405.75,Limit
5959,3,2026-08-03 11:30:31,Sell,3,19437.75,Limit
5960,1,2026-08-03 09:59:21,Buy,6,19381.75,Market
5960,2,2026-08-03 10:45:07.500000,Sell,3,19405.5,Limit
5960,3,2026-08-03 11:30:54,Sell,3,19437.5,Limit
5961,1,2026-08-03 09:59:23,Buy,6,19381.75,Limit
5961,2,2026-08-03 10:45:14.500000,Sell,3,19405.5,Limit
5961,3,2026-08-03 11:31:06,Sell,3,19437.5,Limit
5962,1,2026-08-03 09:59:22,Buy,6,19381.5,Market
5962,2,2026-08-03 10:45:05.500000,Sell,3,19405.75,Limit
5962,3,2026-08-03 11:30:49,Sell,3,19437.75,Limit
5963,1,2026-08-03 09:59:21,Buy,2,19381.75,Limit
5963,2,2026-08-03 11:31:18,Sell,2,19421.5,Limit
5964,1,2026-08-03 09:59:24,Buy,6,19381.5,Limit
5964,2,2026-08-03 10:44:57.500000,Sell,3,19405.75,Limit
5964,3,2026-08-03 11:30:31,Sell,3,19437.75,Limit
5965,1,2026-08-03 09:59:23,Buy,6,19381.5,Limit
5965,2,2026-08-03 11:30:49,Sell,6,19421.75,Limit
5966,1,2026-08-03 09:59:21,Buy,6,19381.5,Limit
5966,2,2026-08-03 11:30:47,Sell,6,19421.75,Limit
5967,1,2026-08-04 10:05:08,Sell,6,19353.75,Limit
5967,2,2026-08-04 10:40:52,Buy,6,19377.5,Stop
5968,1,2026-08-04 10:05:11,Sell,2,19353.75,Limit
5968,2,2026-08-04 10:40:45,Buy,2,19377.5,Stop
5969,1,2026-08-04 10:05:09,Sell,6,19353.5,Limit
5969,2,2026-08-04 10:40:44,Buy,6,19377.75,Stop
5970,1,2026-08-04 10:05:11,Sell,6,19353.75,Market
5970,2,2026-08-04 10:40:38,Buy,6,19377.5,Stop
5971,1,2026-08-04 10:05:10,Sell,6,19353.75,Limit
5971,2,2026-08-04 10:41:00,Buy,6,19377.5,Stop
5972,1,2026-08-04 10:05:10,Sell,6,19353.75,Market
5972,2,2026-08-04 10:40:22,Buy,6,19377.5,Stop
5973,1,2026-08-04 10:05:08,Sell,6,19353.75,Limit
5973,2,2026-08-04 10:40:21,Buy,6,19377.5,Stop
5974,1,2026-08-04 10:05:08,Sell,6,19353.75,Market
5974,2,2026-08-04 10:40:12,Buy,6,19377.5,Stop
5975,1,2026-08-04 10:05:08,Sell,6,19353.5,Limit
5975,2,2026-08-04 10:40:33,Buy,6,19377.75,Stop
5976,1,2026-08-04 10:05:11,Sell,6,19353.75,Market
5976,2,2026-08-04 10:40:16,Buy,6,19377.5,Stop
5977,1,2026-08-04 10:05:10,Sell,2,19353.5,Market
5977,2,2026-08-04 10:40:35,Buy,2,19377.75,Stop
5978,1,2026-08-04 10:05:11,Sell,6,19353.75,Market
5978,2,2026-08-04 10:40:57,Buy,6,19377.5,Stop
5979,1,2026-08-04 10:05:11,Sell,6,19353.75,Market
5979,2,2026-08-04 10:40:49,Buy,6,19377.5,Stop
5980,1,2026-08-04 10:05:11,Sell,6,19353.75,Market
5980,2,2026-08-04 10:40:14,Buy,6,19377.5,Stop
5981,1,2026-08-04 10:40:58,Sell,10,31.32,Limit
5981,2,2026-08-04 10:50:32,Buy,5,30.96,Limit
5981,3,2026-08-04 11:00:06,Buy,5,30.48,Limit
5982,1,2026-08-04 10:40:58,Sell,2,31.32,Limit
5982,2,2026-08-04 10:50:30.500000,Buy,1,30.96,Limit
5982,3,2026-08-04 11:00:03,Buy,1,30.48,Limit
5983,1,2026-08-04 10:40:58,Sell,10,31.32,Market
5983,2,2026-08-04 11:00:12,Buy,10,30.72,Limit
5984,1,2026-08-04 10:41:01,Sell,10,31.31,Market
5984,2,2026-08-04 11:00:26,Buy,10,30.73,Limit
5985,1,2026-08-04 10:41:01,Sell,10,31.31,Limit
5985,2,2026-08-04 10:50:57,Buy,5,30.96,Limit
5985,3,2026-08-04 11:00:53,Buy,5,30.48,Limit
5986,1,2026-08-04 10:40:59,Sell,10,31.32,Limit
5986,2,2026-08-04 11:00:20,Buy,10,30.72,Limit
5987,1,2026-08-04 10:41:00,Sell,10,31.31,Limit
5987,2,2026-08-04 10:50:59.500000,Buy,5,30.96,Limit
5987,3,2026-08-04 11:00:59,Buy,5,30.48,Limit
5988,1,2026-08-04 10:40:58,Sell,10,31.32,Limit
5988,2,2026-08-04 10:50:28,Buy,5,30.96,Limit
5988,3,2026-08-04 10:59:58,Buy,5,30.48,Limit
5989,1,2026-08-04 10:40:59,Sell,10,31.31,Limit
5989,2,2026-08-04 11:00:34,Buy,10,30.72,Limit
5990,1,2026-08-04 10:40:59,Sell,10,31.31,Market
5990,2,2026-08-04 10:50:51,Buy,5,30.96,Limit
5990,3,2026-08-04 11:00:43,Buy,5,30.5,Limit
5991,1,2026-08-04 10:41:00,Sell,2,31.32,Limit
5991,2,2026-08-04 11:00:52,Buy,2,30.72,Limit
5992,1,2026-08-04 10:40:58,Sell,10,31.32,Market
5992,2,2026-08-04 10:50:40,Buy,5,30.96,Limit
5992,3,2026-08-04 11:00:22,Buy,5,30.48,Limit
5993,1,2026-08-04 10:41:00,Sell,10,31.32,Limit
5993,2,2026-08-04 10:50:53.500000,Buy,5,30.96,Limit
5993,3,2026-08-04 11:00:47,Buy,5,30.48,Limit
5994,1,2026-08-04 10:40:58,Sell,10,31.31,Market
5994,2,2026-08-04 10:50:35,Buy,5,30.96,Limit
5994,3,2026-08-04 11:00:12,Buy,5,30.48,Limit
5995,1,2026-08-04 10:40:59,Sell,10,31.32,Market
5995,2,2026-08-04 10:50:54,Buy,5,30.96,Limit
5995,3,2026-08-04 11:00:49,Buy,5,30.48,Limit
5996,1,2026-08-05 12:30:44,Buy,10,1777.6,Limit
5996,2,2026-08-05 12:35:10.500000,Sell,5,1780.8,Limit
5996,3,2026-08-05 12:39:37,Sell,5,1785.0,Limit
5997,1,2026-08-05 12:30:45,Buy,2,1777.7,Limit
5997,2,2026-08-05 12:35:12,Sell,1,1780.8,Limit
5997,3,2026-08-05 12:39:39,Sell,1,1785.0,Limit
5998,1,2026-08-05 12:30:46,Buy,10,1777.7,Limit
5998,2,2026-08-05 12:39:27,Sell,10,1782.8,Limit
5999,1,2026-08-05 12:30:46,Buy,10,1777.6,Limit
5999,2,2026-08-05 12:39:06,Sell,10,1782.9,Limit
6000,1,2026-08-05 12:30:46,Buy,10,1777.6,Limit
6000,2,2026-08-05 12:34:54.500000,Sell,5,1780.8,Limit
6000,3,2026-08-05 12:39:03,Sell,5,1785.0,Limit
6001,1,2026-08-05 12:30:47,Buy,10,1777.6,Market
6001,2,2026-08-05 12:34:49,Sell,5,1780.8,Limit
6001,3,2026-08-05 12:38:51,Sell,5,1785.0,Limit
6002,1,2026-08-05 12:30:46,Buy,10,1777.7,Market
6002,2,2026-08-05 12:38:51,Sell,10,1782.8,Limit
6003,1,2026-08-05 12:30:45,Buy,10,1777.6,Market
6003,2,2026-08-05 12:39:29,Sell,10,1782.9,Limit
6004,1,2026-08-05 12:30:44,Buy,10,1777.6,Limit
6004,2,2026-08-05 12:35:06.500000,Sell,5,1780.8,Limit
6004,3,2026-08-05 12:39:29,Sell,5,1785.0,Limit
6005,1,2026-08-05 12:30:47,Buy,10,1777.7,Market
6005,2,2026-08-05 12:35:10,Sell,5,1780.8,Limit
6005,3,2026-08-05 12:39:33,Sell,5,1784.8,Limit
6006,1,2026-08-05 12:30:45,Buy,10,1777.7,Limit
6006,2,2026-08-05 12:35:10,Sell,5,1780.8,Limit
6006,3,2026-08-05 12:39:35,Sell,5,1784.8,Limit
6007,1,2026-08-05 12:30:47,Buy,10,1777.6,Market
6007,2,2026-08-05 12:35:01,Sell,5,1780.8,Limit
6007,3,2026-08-05 12:39:15,Sell,5,1785.0,Limit
6008,1,2026-08-05 12:30:44,Buy,10,1777.6,Market
6008,2,2026-08-05 12:34:51.500000,Sell,5,1780.8,Limit
6008,3,2026-08-05 12:38:59,Sell,5,1785.0,Limit
6009,1,2026-08-05 12:30:45,Buy,10,1777.6,Market
6009,2,2026-08-05 12:39:16,Sell,10,1782.9,Limit
6010,1,2026-08-05 10:20:04,Buy,6,19132.5,Limit
6010,2,2026-08-05 11:35:38,Sell,6,19107.0,Stop
6011,1,2026-08-05 10:20:06,Buy,2,19132.5,Market
6011,2,2026-08-05 11:35:32,Sell,2,19107.0,Stop
6012,1,2026-08-05 10:20:05,Buy,6,19132.5,Market
6012,2,2026-08-05 11:35:27,Sell,6,19107.0,Stop
6013,1,2026-08-05 10:20:05,Buy,6,19132.5,Limit
6013,2,2026-08-05 11:36:00,Sell,6,19107.0,Stop
6014,1,2026-08-05 10:20:05,Buy,6,19132.5,Limit
6014,2,2026-08-05 11:35:46,Sell,6,19107.0,Stop
6015,1,2026-08-05 10:20:07,Buy,6,19132.75,Market
6015,2,2026-08-05 11:35:24,Sell,6,19106.75,Stop
6016,1,2026-08-05 10:20:06,Buy,6,19132.5,Limit
6016,2,2026-08-05 11:35:48,Sell,6,19107.0,Stop
6017,1,2026-08-05 10:20:05,Buy,6,19132.5,Limit
6017,2,2026-08-05 11:35:51,Sell,6,19107.0,Stop
6018,1,2026-08-05 10:20:06,Buy,6,19132.5,Market
6018,2,2026-08-05 11:35:42,Sell,6,19107.0,Stop
6019,1,2026-08-05 10:20:05,Buy,6,19132.5,Limit
6019,2,2026-08-05 11:35:42,Sell,6,19107.0,Stop
6020,1,2026-08-05 10:20:07,Buy,2,19132.5,Limit
6020,2,2026-08-05 11:36:02,Sell,2,19107.0,Stop
6021,1,2026-08-05 10:20:06,Buy,6,19132.5,Market
6021,2,2026-08-05 11:35:16,Sell,6,19107.0,Stop
6022,1,2026-08-05 10:20:07,Buy,6,19132.5,Limit
6022,2,2026-08-05 11:35:44,Sell,6,19107.0,Stop
6023,1,2026-08-05 10:20:07,Buy,6,19132.5,Market
6023,2,2026-08-05 11:35:24,Sell,6,19107.0,Stop
6024,1,2026-08-05 10:20:05,Buy,6,19132.75,Limit
6024,2,2026-08-05 11:35:36,Sell,6,19107.0,Stop
6025,1,2026-08-05 10:20:05,Buy,6,19132.5,Limit
6025,2,2026-08-05 11:35:59,Sell,6,19107.0,Stop
6026,1,2026-08-05 03:26:41,Buy,5,3638.4,Limit
6026,2,2026-08-05 03:35:04,Sell,5,3634.0,Stop
6027,1,2026-08-05 03:26:43,Buy,1,3638.5,Limit
6027,2,2026-08-05 03:35:09,Sell,1,3634.0,Stop
6028,1,2026-08-05 03:26:41,Buy,5,3638.5,Market
6028,2,2026-08-05 03:35:22,Sell,5,3634.0,Stop
6029,1,2026-08-05 03:26:44,Buy,5,3638.4,Market
6029,2,2026-08-05 03:35:02,Sell,5,3634.0,Stop
6030,1,2026-08-05 03:26:42,Buy,5,3638.4,Limit
6030,2,2026-08-05 03:35:02,Sell,5,3634.0,Stop
6031,1,2026-08-05 03:26:44,Buy,5,3638.4,Market
6031,2,2026-08-05 03:35:28,Sell,5,3634.0,Stop
6032,1,2026-08-05 03:26:42,Buy,5,3638.5,Limit
6032,2,2026-08-05 03:35:27,Sell,5,3634.0,Stop
6033,1,2026-08-05 03:26:44,Buy,5,3638.4,Market
6033,2,2026-08-05 03:34:58,Sell,5,3634.0,Stop
6034,1,2026-08-05 03:26:44,Buy,5,3638.4,Market
6034,2,2026-08-05 03:35:03,Sell,5,3634.0,Stop
6035,1,2026-08-05 03:26:43,Buy,5,3638.4,Market
6035,2,2026-08-05 03:34:54,Sell,5,3634.0,Stop
6036,1,2026-08-05 03:26:44,Buy,1,3638.4,Limit
6036,2,2026-08-05 03:35:42,Sell,1,3634.0,Stop
6037,1,2026-08-05 03:26:42,Buy,5,3638.5,Limit
6037,2,2026-08-05 03:34:49,Sell,5,3633.9,Stop
6038,1,2026-08-05 03:26:43,Buy,5,3638.5,Limit
6038,2,2026-08-05 03:35:41,Sell,5,3634.0,Stop
6039,1,2026-08-05 03:26:43,Buy,5,3638.4,Market
6039,2,2026-08-05 03:34:44,Sell,5,3634.0,Stop
6040,1,2026-08-05 03:26:41,Buy,5,3638.4,Market
6040,2,2026-08-05 03:35:13,Sell,5,3634.0,Stop
6041,1,2026-08-05 03:26:41,Buy,5,3638.4,Limit
6041,2,2026-08-05 03:34:53,Sell,5,3634.0,Stop
6042,1,2026-08-06 12:25:44,Sell,10,7833.0,Market
6042,2,2026-08-06 12:39:24,Buy,10,7838.25,Stop
6043,1,2026-08-06 12:25:46,Sell,2,7832.75,Market
6043,2,2026-08-06 12:38:56,Buy,2,7838.25,Stop
6044,1,2026-08-06 12:25:44,Sell,10,7833.0,Limit
6044,2,2026-08-06 12:39:42,Buy,10,7838.25,Stop
6045,1,2026-08-06 12:25:45,Sell,10,7833.0,Limit
6045,2,2026-08-06 12:39:21,Buy,10,7838.25,Stop
6046,1,2026-08-06 12:25:47,Sell,10,7833.0,Limit
6046,2,2026-08-06 12:39:02,Buy,10,7838.25,Stop
6047,1,2026-08-06 12:25:45,Sell,10,7833.0,Limit
6047,2,2026-08-06 12:39:10,Buy,10,7838.25,Stop
6048,1,2026-08-06 12:25:44,Sell,10,7833.0,Limit
6048,2,2026-08-06 12:39:20,Buy,10,7838.25,Stop
6049,1,2026-08-06 12:25:46,Sell,10,7833.0,Market
6049,2,2026-08-06 12:38:46,Buy,10,7838.25,Stop
6050,1,2026-08-06 12:25:44,Sell,10,7832.75,Limit
6050,2,2026-08-06 12:39:04,Buy,10,7838.5,Stop
6051,1,2026-08-06 12:25:47,Sell,10,7833.0,Market
6051,2,2026-08-06 12:39:15,Buy,10,7838.25,Stop
6052,1,2026-08-06 12:25:47,Sell,2,7833.0,Market
6052,2,2026-08-06 12:38:50,Buy,2,7838.25,Stop
6053,1,2026-08-06 12:25:47,Sell,10,7832.75,Market
6053,2,2026-08-06 12:38:56,Buy,10,7838.5,Stop
6054,1,2026-08-06 12:25:46,Sell,10,7832.75,Market
6054,2,2026-08-06 12:39:19,Buy,10,7838.5,Stop
6055,1,2026-08-06 12:25:45,Sell,10,7832.75,Limit
6055,2,2026-08-06 12:38:54,Buy,10,7838.5,Stop
6056,1,2026-08-06 12:25:44,Sell,10,7833.0,Market
6056,2,2026-08-06 12:39:34,Buy,10,7838.25,Stop
6057,1,2026-08-06 12:25:44,Sell,10,7833.0,Limit
6057,2,2026-08-06 12:38:58,Buy,10,7838.25,Stop
6058,1,2026-08-06 12:25:47,Sell,10,7832.75,Market
6058,2,2026-08-06 12:38:56,Buy,10,7838.5,Stop
6059,1,2026-08-07 09:50:50,Sell,6,18913.5,Market
6059,2,2026-08-07 11:24:20,Buy,6,18943.5,Stop
6060,1,2026-08-07 09:50:50,Sell,2,18913.25,Limit
6060,2,2026-08-07 11:24:39,Buy,2,18943.5,Stop
6061,1,2026-08-07 09:50:52,Sell,6,18913.25,Market
6061,2,2026-08-07 11:24:24,Buy,6,18943.5,Stop
6062,1,2026-08-07 09:50:51,Sell,6,18913.5,Limit
6062,2,2026-08-07 11:24:26,Buy,6,18943.5,Stop
6063,1,2026-08-07 09:50:52,Sell,6,18913.25,Market
6063,2,2026-08-07 11:24:38,Buy,6,18943.75,Stop
6064,1,2026-08-07 09:50:52,Sell,6,18913.5,Market
6064,2,2026-08-07 11:24:30,Buy,6,18943.5,Stop
6065,1,2026-08-07 09:50:50,Sell,6,18913.25,Market
6065,2,2026-08-07 11:24:00,Buy,6,18943.75,Stop
6066,1,2026-08-07 09:50:53,Sell,6,18913.5,Limit
6066,2,2026-08-07 11:24:45,Buy,6,18943.5,Stop
6067,1,2026-08-07 09:50:53,Sell,2,18913.5,Limit
6067,2,2026-08-07 11:24:30,Buy,2,18943.5,Stop
6068,1,2026-08-07 09:50:50,Sell,6,18913.5,Market
6068,2,2026-08-07 11:24:16,Buy,6,18943.5,Stop
6069,1,2026-08-07 09:50:51,Sell,6,18913.25,Limit
6069,2,2026-08-07 11:23:58,Buy,6,18943.5,Stop
6070,1,2026-08-07 09:50:50,Sell,6,18913.25,Market
6070,2,2026-08-07 11:23:57,Buy,6,18943.75,Stop
6071,1,2026-08-07 09:50:53,Sell,6,18913.25,Limit
6071,2,2026-08-07 11:24:32,Buy,6,18943.75,Stop
6072,1,2026-08-07 09:50:52,Sell,6,18913.5,Limit
6072,2,2026-08-07 11:23:55,Buy,6,18943.5,Stop
6073,1,2026-08-07 09:50:50,Sell,6,18913.5,Market
6073,2,2026-08-07 11:23:58,Buy,6,18943.5,Stop
6074,1,2026-08-07 09:50:53,Sell,6,18913.5,Limit
6074,2,2026-08-07 11:24:43,Buy,6,18943.5,Stop
6075,1,2026-08-07 12:19:44,Buy,10,7834.75,Market
6075,2,2026-08-07 12:45:38,Sell,10,7838.75,Limit
6076,1,2026-08-07 12:19:45,Buy,2,7835.0,Limit
6076,2,2026-08-07 12:45:25,Sell,2,7838.5,Limit
6077,1,2026-08-07 12:19:46,Buy,10,7835.0,Market
6077,2,2026-08-07 12:45:42,Sell,10,7838.5,Limit
6078,1,2026-08-07 12:19:45,Buy,10,7835.0,Market
6078,2,2026-08-07 12:32:29,Sell,5,7837.25,Limit
6078,3,2026-08-07 12:45:13,Sell,5,7840.25,Limit
6079,1,2026-08-07 12:19:45,Buy,10,7834.75,Limit
6079,2,2026-08-07 12:45:15,Sell,10,7838.75,Limit
6080,1,2026-08-07 12:19:44,Buy,10,7835.0,Limit
6080,2,2026-08-07 12:32:35.500000,Sell,5,7837.0,Limit
6080,3,2026-08-07 12:45:27,Sell,5,7840.0,Limit
6081,1,2026-08-07 12:19:44,Buy,10,7834.75,Market
6081,2,2026-08-07 12:44:49,Sell,10,7838.75,Limit
6082,1,2026-08-07 12:19:44,Buy,10,7835.0,Market
6082,2,2026-08-07 12:32:24,Sell,5,7837.25,Limit
6082,3,2026-08-07 12:45:04,Sell,5,7840.25,Limit
6083,1,2026-08-07 12:19:45,Buy,10,7835.0,Limit
6083,2,2026-08-07 12:45:19,Sell,10,7838.5,Limit
6084,1,2026-08-07 12:19:45,Buy,10,7834.75,Limit
6084,2,2026-08-07 12:32:23,Sell,5,7837.25,Limit
6084,3,2026-08-07 12:45:01,Sell,5,7840.25,Limit
6085,1,2026-08-07 12:19:47,Buy,2,7834.75,Market
6085,2,2026-08-07 12:44:58,Sell,2,7838.75,Limit
6086,1,2026-08-07 12:19:44,Buy,10,7834.75,Market
6086,2,2026-08-07 12:32:34.500000,Sell,5,7837.25,Limit
6086,3,2026-08-07 12:45:25,Sell,5,7840.25,Limit
6087,1,2026-08-07 12:19:45,Buy,10,7834.75,Limit
6087,2,2026-08-07 12:32:36.500000,Sell,5,7837.25,Limit
6087,3,2026-08-07 12:45:28,Sell,5,7840.25,Limit
6088,1,2026-08-07 12:19:45,Buy,10,7835.0,Limit
6088,2,2026-08-07 12:45:30,Sell,10,7838.5,Limit
6089,1,2026-08-07 12:19:46,Buy,10,7835.0,Limit
6089,2,2026-08-07 12:32:28,Sell,5,7837.0,Limit
6089,3,2026-08-07 12:45:10,Sell,5,7840.0,Limit
6090,1,2026-08-07 12:19:45,Buy,10,7834.75,Limit
6090,2,2026-08-07 12:45:06,Sell,10,7838.75,Limit
6091,1,2026-08-07 12:19:46,Buy,10,7834.75,Limit
6091,2,2026-08-07 12:45:16,Sell,10,7838.75,Limit
6092,1,2026-08-07 12:19:45,Buy,10,7834.75,Limit
6092,2,2026-08-07 12:45:19,Sell,10,7838.75,Limit
6093,1,2026-08-07 10:25:47,Sell,10,33.41,Market
6093,2,2026-08-07 10:58:35.500000,Buy,5,33.08,Limit
6093,3,2026-08-07 11:31:24,Buy,5,32.64,Limit
6094,1,2026-08-07 10:25:48,Sell,2,33.4,Market
6094,2,2026-08-07 10:58:34,Buy,1,33.08,Limit
6094,3,2026-08-07 11:31:20,Buy,1,32.66,Limit
6095,1,2026-08-07 10:25:50,Sell,10,33.41,Limit
6095,2,2026-08-07 11:31:05,Buy,10,32.86,Limit
6096,1,2026-08-07 10:25:47,Sell,10,33.4,Limit
6096,2,2026-08-07 11:31:11,Buy,10,32.86,Limit
6097,1,2026-08-07 10:25:50,Sell,10,33.41,Market
6097,2,2026-08-07 11:30:52,Buy,10,32.86,Limit
6098,1,2026-08-07 10:25:47,Sell,10,33.41,Limit
6098,2,2026-08-07 10:58:46,Buy,5,33.08,Limit
6098,3,2026-08-07 11:31:45,Buy,5,32.64,Limit
6099,1,2026-08-07 10:25:48,Sell,10,33.4,Limit
6099,2,2026-08-07 10:58:31,Buy,5,33.08,Limit
6099,3,2026-08-07 11:31:14,Buy,5,32.64,Limit
6100,1,2026-08-07 10:25:49,Sell,10,33.4,Limit
6100,2,2026-08-07 10:58:27,Buy,5,33.08,Limit
6100,3,2026-08-07 11:31:05,Buy,5,32.66,Limit
6101,1,2026-08-07 10:25:48,Sell,10,33.4,Limit
6101,2,2026-08-07 10:58:29,Buy,5,33.08,Limit
6101,3,2026-08-07 11:31:10,Buy,5,32.64,Limit
6102,1,2026-08-07 10:25:48,Sell,10,33.4,Market
6102,2,2026-08-07 10:58:46.500000,Buy,5,33.08,Limit
6102,3,2026-08-07 11:31:45,Buy,5,32.66,Limit
6103,1,2026-08-07 10:25:47,Sell,2,33.41,Market
6103,2,2026-08-07 11:31:37,Buy,2,32.86,Limit
6104,1,2026-08-07 10:25:49,Sell,10,33.4,Market
6104,2,2026-08-07 11:31:34,Buy,10,32.87,Limit
6105,1,2026-08-07 10:25:50,Sell,10,33.41,Market
6105,2,2026-08-07 10:58:27,Buy,5,33.08,Limit
6105,3,2026-08-07 11:31:04,Buy,5,32.64,Limit
6106,1,2026-08-07 10:25:49,Sell,10,33.41,Limit
6106,2,2026-08-07 10:58:43.500000,Buy,5,33.08,Limit
6106,3,2026-08-07 11:31:38,Buy,5,32.64,Limit
6107,1,2026-08-07 10:25:47,Sell,10,33.4,Market
6107,2,2026-08-07 11:31:19,Buy,10,32.86,Limit
6108,1,2026-08-07 10:25:48,Sell,10,33.4,Market
6108,2,2026-08-07 11:31:38,Buy,10,32.87,Limit
6109,1,2026-08-07 10:25:50,Sell,10,33.4,Limit
6109,2,2026-08-07 11:31:27,Buy,10,32.87,Limit
6110,1,2026-08-07 08:38:31,Buy,10,7843.0,Market
6110,2,2026-08-07 08:50:10,Sell,10,7837.0,Stop
6111,1,2026-08-07 08:38:33,Buy,2,7843.25,Market
6111,2,2026-08-07 08:49:45,Sell,2,7836.75,Stop
6112,1,2026-08-07 08:38:34,Buy,10,7843.25,Limit
6112,2,2026-08-07 08:50:09,Sell,10,7836.75,Stop
6113,1,2026-08-07 08:38:31,Buy,10,7843.25,Market
6113,2,2026-08-07 08:50:30,Sell,10,7837.0,Stop
6114,1,2026-08-07 08:38:32,Buy,10,7843.0,Market
6114,2,2026-08-07 08:50:15,Sell,10,7837.0,Stop
6115,1,2026-08-07 08:38:33,Buy,10,7843.0,Market
6115,2,2026-08-07 08:50:26,Sell,10,7837.0,Stop
6116,1,2026-08-07 08:38:31,Buy,10,7843.0,Limit
6116,2,2026-08-07 08:50:00,Sell,10,7837.0,Stop
6117,1,2026-08-07 08:38:32,Buy,10,7843.25,Limit
6117,2,2026-08-07 08:50:14,Sell,10,7837.0,Stop
6118,1,2026-08-07 08:38:34,Buy,2,7843.25,Market
6118,2,2026-08-07 08:49:47,Sell,2,7837.0,Stop
6119,1,2026-08-07 08:38:34,Buy,10,7843.25,Market
6119,2,2026-08-07 08:50:24,Sell,10,7837.0,Stop
6120,1,2026-08-07 08:38:32,Buy,10,7843.0,Limit
6120,2,2026-08-07 08:49:38,Sell,10,7837.0,Stop
6121,1,2026-08-07 08:38:34,Buy,10,7843.0,Market
6121,2,2026-08-07 08:49:56,Sell,10,7837.0,Stop
6122,1,2026-08-07 08:38:34,Buy,10,7843.25,Limit
6122,2,2026-08-07 08:49:34,Sell,10,7837.0,Stop
6123,1,2026-08-07 08:38:31,Buy,10,7843.0,Market
6123,2,2026-08-07 08:50:04,Sell,10,7837.0,Stop
6124,1,2026-08-07 08:38:34,Buy,10,7843.25,Limit
6124,2,2026-08-07 08:50:03,Sell,10,7837.0,Stop
6125,1,2026-08-07 08:38:34,Buy,10,7843.0,Market
6125,2,2026-08-07 08:50:00,Sell,10,7837.0,Stop
6126,1,2026-08-10 12:29:59,Buy,10,1733.4,Market
6126,2,2026-08-10 12:48:40,Sell,10,1727.1,Stop
6127,1,2026-08-10 12:30:02,Buy,2,1733.4,Limit
6127,2,2026-08-10 12:48:34,Sell,2,1727.1,Stop
6128,1,2026-08-10 12:30:00,Buy,10,1733.4,Limit
6128,2,2026-08-10 12:48:03,Sell,10,1727.1,Stop
6129,1,2026-08-10 12:30:02,Buy,10,1733.4,Limit
6129,2,2026-08-10 12:48:48,Sell,10,1727.1,Stop
6130,1,2026-08-10 12:30:02,Buy,10,1733.5,Limit
6130,2,2026-08-10 12:48:06,Sell,10,1727.1,Stop
6131,1,2026-08-10 12:30:02,Buy,10,1733.4,Market
6131,2,2026-08-10 12:48:16,Sell,10,1727.1,Stop
6132,1,2026-08-10 12:29:59,Buy,10,1733.5,Market
6132,2,2026-08-10 12:48:00,Sell,10,1727.0,Stop
6133,1,2026-08-10 12:30:00,Buy,10,1733.5,Limit
6133,2,2026-08-10 12:48:12,Sell,10,1727.1,Stop
6134,1,2026-08-10 12:30:02,Buy,10,1733.4,Market
6134,2,2026-08-10 12:48:25,Sell,10,1727.1,Stop
6135,1,2026-08-10 12:30:01,Buy,10,1733.4,Market
6135,2,2026-08-10 12:48:09,Sell,10,1727.1,Stop
6136,1,2026-08-10 12:29:59,Buy,2,1733.4,Market
6136,2,2026-08-10 12:48:08,Sell,2,1727.1,Stop
6137,1,2026-08-10 12:30:00,Buy,10,1733.5,Market
6137,2,2026-08-10 12:48:58,Sell,10,1727.1,Stop
6138,1,2026-08-10 12:30:00,Buy,10,1733.4,Market
6138,2,2026-08-10 12:48:29,Sell,10,1727.1,Stop
6139,1,2026-08-10 12:30:01,Buy,10,1733.4,Market
6139,2,2026-08-10 12:48:04,Sell,10,1727.1,Stop
6140,1,2026-08-10 12:30:00,Buy,10,1733.4,Limit
6140,2,2026-08-10 12:48:26,Sell,10,1727.1,Stop
6141,1,2026-08-10 12:30:02,Buy,10,1733.5,Limit
6141,2,2026-08-10 12:48:12,Sell,10,1727.0,Stop
6142,1,2026-08-10 12:30:02,Buy,10,1733.4,Market
6142,2,2026-08-10 12:48:18,Sell,10,1727.1,Stop
6143,1,2026-08-10 10:35:05,Buy,6,19034.75,Limit
6143,2,2026-08-10 11:51:29,Sell,6,19010.75,Stop
6144,1,2026-08-10 10:35:05,Buy,2,19034.75,Market
6144,2,2026-08-10 11:51:29,Sell,2,19010.75,Stop
6145,1,2026-08-10 10:35:05,Buy,6,19035.0,Limit
6145,2,2026-08-10 11:51:07,Sell,6,19010.75,Stop
6146,1,2026-08-10 10:35:06,Buy,6,19034.75,Limit
6146,2,2026-08-10 11:52:00,Sell,6,19010.75,Stop
6147,1,2026-08-10 10:35:06,Buy,6,19034.75,Market
6147,2,2026-08-10 11:51:16,Sell,6,19010.75,Stop
6148,1,2026-08-10 10:35:05,Buy,6,19034.75,Limit
6148,2,2026-08-10 11:51:10,Sell,6,19010.75,Stop
6149,1,2026-08-10 10:35:07,Buy,6,19034.75,Limit
6149,2,2026-08-10 11:52:05,Sell,6,19010.75,Stop
6150,1,2026-08-10 10:35:08,Buy,6,19034.75,Market
6150,2,2026-08-10 11:51:48,Sell,6,19010.75,Stop
6151,1,2026-08-10 10:35:07,Buy,6,19034.75,Limit
6151,2,2026-08-10 11:51:30,Sell,6,19010.75,Stop
6152,1,2026-08-10 10:35:05,Buy,6,19034.75,Limit
6152,2,2026-08-10 11:51:13,Sell,6,19010.75,Stop
6153,1,2026-08-10 10:35:05,Buy,2,19035.0,Limit
6153,2,2026-08-10 11:51:46,Sell,2,19010.5,Stop
6154,1,2026-08-10 10:35:07,Buy,6,19035.0,Market
6154,2,2026-08-10 11:51:45,Sell,6,19010.5,Stop
6155,1,2026-08-10 10:35:08,Buy,6,19034.75,Limit
6155,2,2026-08-10 11:51:28,Sell,6,19010.75,Stop
6156,1,2026-08-10 10:35:08,Buy,6,19034.75,Limit
6156,2,2026-08-10 11:51:49,Sell,6,19010.75,Stop
6157,1,2026-08-10 10:35:08,Buy,6,19034.75,Market
6157,2,2026-08-10 11:51:54,Sell,6,19010.75,Stop
6158,1,2026-08-10 10:35:07,Buy,6,19034.75,Limit
6158,2,2026-08-10 11:51:17,Sell,6,19010.75,Stop
6159,1,2026-08-10 03:35:53,Buy,5,3682.8,Market
6159,2,2026-08-10 04:03:27,Sell,5,3677.5,Stop
6160,1,2026-08-10 03:35:53,Buy,1,3682.8,Limit
6160,2,2026-08-10 04:03:46,Sell,1,3677.5,Stop
6161,1,2026-08-10 03:35:56,Buy,5,3682.9,Limit
6161,2,2026-08-10 04:03:24,Sell,5,3677.5,Stop
6162,1,2026-08-10 03:35:56,Buy,5,3682.8,Limit
6162,2,2026-08-10 04:03:50,Sell,5,3677.5,Stop
6163,1,2026-08-10 03:35:55,Buy,5,3682.9,Limit
6163,2,2026-08-10 04:03:49,Sell,5,3677.5,Stop
6164,1,2026-08-10 03:35:54,Buy,5,3682.9,Limit
6164,2,2026-08-10 04:03:45,Sell,5,3677.5,Stop
6165,1,2026-08-10 03:35:55,Buy,5,3682.8,Limit
6165,2,2026-08-10 04:03:50,Sell,5,3677.5,Stop
6166,1,2026-08-10 03:35:56,Buy,5,3682.9,Limit
6166,2,2026-08-10 04:03:12,Sell,5,3677.5,Stop
6167,1,2026-08-10 03:35:53,Buy,5,3682.8,Market
6167,2,2026-08-10 04:03:07,Sell,5,3677.5,Stop
6168,1,2026-08-10 03:35:56,Buy,5,3682.9,Market
6168,2,2026-08-10 04:03:04,Sell,5,3677.4,Stop
6169,1,2026-08-10 03:35:54,Buy,1,3682.8,Market
6169,2,2026-08-10 04:03:38,Sell,1,3677.5,Stop
6170,1,2026-08-10 03:35:56,Buy,5,3682.9,Limit
6170,2,2026-08-10 04:03:38,Sell,5,3677.4,Stop
6171,1,2026-08-10 03:35:55,Buy,5,3682.8,Market
6171,2,2026-08-10 04:03:17,Sell,5,3677.5,Stop
6172,1,2026-08-10 03:35:56,Buy,5,3682.8,Limit
6172,2,2026-08-10 04:03:08,Sell,5,3677.5,Stop
6173,1,2026-08-10 03:35:55,Buy,5,3682.8,Market
6173,2,2026-08-10 04:03:28,Sell,5,3677.5,Stop
6174,1,2026-08-10 03:35:55,Buy,5,3682.8,Limit
6174,2,2026-08-10 04:02:55,Sell,5,3677.5,Stop
6175,1,2026-08-10 03:35:55,Buy,5,3682.8,Market
6175,2,2026-08-10 04:03:43,Sell,5,3677.5,Stop
6176,1,2026-08-11 12:18:12,Sell,10,1696.4,Limit
6176,2,2026-08-11 12:31:34,Buy,10,1701.5,Stop
6177,1,2026-08-11 12:18:14,Sell,10,1696.4,Market
6177,2,2026-08-11 12:31:58,Buy,10,1701.5,Stop
6178,1,2026-08-11 12:18:12,Sell,10,1696.4,Market
6178,2,2026-08-11 12:32:10,Buy,10,1701.5,Stop
6179,1,2026-08-11 12:18:15,Sell,10,1696.3,Limit
6179,2,2026-08-11 12:32:12,Buy,10,1701.5,Stop
6180,1,2026-08-11 12:18:15,Sell,10,1696.4,Market
6180,2,2026-08-11 12:32:05,Buy,10,1701.5,Stop
6181,1,2026-08-11 12:18:13,Sell,10,1696.4,Market
6181,2,2026-08-11 12:31:22,Buy,10,1701.5,Stop
6182,1,2026-08-11 12:18:14,Sell,10,1696.4,Market
6182,2,2026-08-11 12:31:53,Buy,10,1701.5,Stop
6183,1,2026-08-11 12:18:13,Sell,10,1696.4,Market
6183,2,2026-08-11 12:32:05,Buy,10,1701.5,Stop
6184,1,2026-08-11 12:18:12,Sell,10,1696.4,Market
6184,2,2026-08-11 12:31:18,Buy,10,1701.5,Stop
6185,1,2026-08-11 12:18:15,Sell,10,1696.4,Market
6185,2,2026-08-11 12:31:29,Buy,10,1701.5,Stop
6186,1,2026-08-11 12:18:13,Sell,10,1696.4,Market
6186,2,2026-08-11 12:31:41,Buy,10,1701.5,Stop
6187,1,2026-08-11 12:18:15,Sell,10,1696.4,Market
6187,2,2026-08-11 12:31:19,Buy,10,1701.5,Stop
6188,1,2026-08-11 10:23:14,Sell,10,32.1,Market
6188,2,2026-08-11 10:40:45,Buy,10,32.42,Stop
6189,1,2026-08-11 10:23:14,Sell,10,32.09,Market
6189,2,2026-08-11 10:41:09,Buy,10,32.43,Stop
6190,1,2026-08-11 10:23:14,Sell,10,32.09,Limit
6190,2,2026-08-11 10:40:30,Buy,10,32.42,Stop
6191,1,2026-08-11 10:23:15,Sell,10,32.1,Market
6191,2,2026-08-11 10:40:46,Buy,10,32.42,Stop
6192,1,2026-08-11 10:23:16,Sell,10,32.09,Limit
6192,2,2026-08-11 10:40:45,Buy,10,32.42,Stop
6193,1,2026-08-11 10:23:17,Sell,10,32.1,Market
6193,2,2026-08-11 10:40:51,Buy,10,32.42,Stop
6194,1,2026-08-11 10:23:15,Sell,10,32.1,Limit
6194,2,2026-08-11 10:41:04,Buy,10,32.42,Stop
6195,1,2026-08-11 10:23:15,Sell,10,32.09,Limit
6195,2,2026-08-11 10:40:34,Buy,10,32.43,Stop
6196,1,2026-08-11 10:23:15,Sell,10,32.09,Market
6196,2,2026-08-11 10:40:31,Buy,10,32.43,Stop
6197,1,2026-08-11 10:23:14,Sell,10,32.1,Market
6197,2,2026-08-11 10:41:04,Buy,10,32.42,Stop
6198,1,2026-08-11 10:23:16,Sell,10,32.1,Market
6198,2,2026-08-11 10:40:51,Buy,10,32.42,Stop
6199,1,2026-08-11 10:23:16,Sell,10,32.1,Market
6199,2,2026-08-11 10:40:23,Buy,10,32.42,Stop
6200,1,2026-08-11 10:23:14,Sell,10,32.1,Limit
6200,2,2026-08-11 10:40:18,Buy,10,32.42,Stop
6201,1,2026-08-11 10:23:15,Sell,10,32.09,Limit
6201,2,2026-08-11 10:40:45,Buy,10,32.42,Stop
6202,1,2026-08-11 10:23:16,Sell,10,32.1,Limit
6202,2,2026-08-11 10:41:01,Buy,10,32.42,Stop
6203,1,2026-08-11 03:19:24,Buy,10,31.93,Limit
6203,2,2026-08-11 04:48:27,Sell,10,31.66,Stop
6204,1,2026-08-11 03:19:26,Buy,10,31.93,Market
6204,2,2026-08-11 04:48:42,Sell,10,31.66,Stop
6205,1,2026-08-11 03:19:27,Buy,10,31.94,Market
6205,2,2026-08-11 04:49:18,Sell,10,31.65,Stop
6206,1,2026-08-11 03:19:27,Buy,10,31.93,Limit
6206,2,2026-08-11 04:49:26,Sell,10,31.66,Stop
6207,1,2026-08-11 03:19:27,Buy,10,31.93,Market
6207,2,2026-08-11 04:48:30,Sell,10,31.66,Stop
6208,1,2026-08-11 03:19:26,Buy,10,31.94,Limit
6208,2,2026-08-11 04:48:55,Sell,10,31.66,Stop
6209,1,2026-08-11 03:19:24,Buy,10,31.93,Limit
6209,2,2026-08-11 04:49:12,Sell,10,31.66,Stop
6210,1,2026-08-11 03:19:26,Buy,10,31.93,Market
6210,2,2026-08-11 04:48:44,Sell,10,31.66,Stop
6211,1,2026-08-11 03:19:26,Buy,10,31.94,Limit
6211,2,2026-08-11 04:49:23,Sell,10,31.66,Stop
6212,1,2026-08-11 03:19:25,Buy,10,31.93,Limit
6212,2,2026-08-11 04:48:43,Sell,10,31.66,Stop
6213,1,2026-08-11 03:19:25,Buy,10,31.94,Limit
6213,2,2026-08-11 04:48:29,Sell,10,31.66,Stop
6214,1,2026-08-11 03:19:25,Buy,10,31.93,Limit
6214,2,2026-08-11 04:49:05,Sell,10,31.66,Stop
6215,1,2026-08-11 03:19:26,Buy,10,31.93,Market
6215,2,2026-08-11 04:48:41,Sell,10,31.66,Stop
6216,1,2026-08-11 08:42:12,Sell,6,19478.75,Limit
6216,2,2026-08-11 08:49:18,Buy,6,19501.25,Stop
6217,1,2026-08-11 08:42:12,Sell,6,19478.75,Limit
6217,2,2026-08-11 08:49:20,Buy,6,19501.25,Stop
6218,1,2026-08-11 08:42:15,Sell,6,19478.5,Limit
6218,2,2026-08-11 08:49:50,Buy,6,19501.5,Stop
6219,1,2026-08-11 08:42:15,Sell,6,19478.75,Market
6219,2,2026-08-11 08:49:35,Buy,6,19501.25,Stop
6220,1,2026-08-11 08:42:14,Sell,6,19478.5,Market
6220,2,2026-08-11 08:49:31,Buy,6,19501.5,Stop
6221,1,2026-08-11 08:42:13,Sell,6,19478.75,Limit
6221,2,2026-08-11 08:49:33,Buy,6,19501.25,Stop
6222,1,2026-08-11 08:42:13,Sell,6,19478.75,Limit
6222,2,2026-08-11 08:49:50,Buy,6,19501.25,Stop
6223,1,2026-08-11 08:42:12,Sell,6,19478.75,Market
6223,2,2026-08-11 08:49:32,Buy,6,19501.25,Stop
6224,1,2026-08-11 08:42:14,Sell,6,19478.5,Market
6224,2,2026-08-11 08:49:54,Buy,6,19501.5,Stop
6225,1,2026-08-11 08:42:15,Sell,6,19478.5,Market
6225,2,2026-08-11 08:49:44,Buy,6,19501.5,Stop
6226,1,2026-08-11 08:42:15,Sell,6,19478.5,Market
6226,2,2026-08-11 08:49:38,Buy,6,19501.5,Stop
6227,1,2026-08-11 08:42:12,Sell,6,19478.5,Limit
6227,2,2026-08-11 08:49:30,Buy,6,19501.25,Stop
6228,1,2026-08-11 08:42:14,Sell,6,19478.75,Market
6228,2,2026-08-11 08:49:37,Buy,6,19501.25,Stop
6229,1,2026-08-12 03:35:38,Buy,5,3664.0,Market
6229,2,2026-08-12 04:18:40,Sell,5,3659.0,Stop
6230,1,2026-08-12 03:35:39,Buy,5,3664.1,Limit
6230,2,2026-08-12 04:18:40,Sell,5,3658.9,Stop
6231,1,2026-08-12 03:35:39,Buy,5,3664.0,Market
6231,2,2026-08-12 04:18:49,Sell,5,3659.0,Stop
6232,1,2026-08-13 12:19:54,Buy,10,1679.3,Limit
6232,2,2026-08-13 12:43:26,Sell,10,1672.0,Stop
6233,1,2026-08-13 03:16:35,Buy,10,35.12,Market
6233,2,2026-08-13 03:52:57,Sell,10,34.84,Stop
6234,1,2026-08-14 10:05:38,Sell,10,7749.25,Market
6234,2,2026-08-14 11:31:28,Buy,10,7753.75,Stop
6235,1,2026-08-14 10:37:51,Buy,6,20089.0,Market
6235,2,2026-08-14 11:48:32,Sell,6,20060.75,Stop
6236,1,2026-08-17 12:10:40,Sell,10,1646.3,Limit
6236,2,2026-08-17 12:21:03,Buy,5,1642.4,Limit
6236,3,2026-08-17 12:31:26,Buy,5,1637.2,Limit
6237,1,2026-08-17 12:10:40,Sell,10,1646.3,Market
6237,2,2026-08-17 12:30:45,Buy,10,1639.8,Limit
6238,1,2026-08-17 10:38:54,Buy,10,34.82,Limit
6238,2,2026-08-17 11:01:46,Sell,5,35.23,Limit
6238,3,2026-08-17 11:24:38,Sell,5,35.77,Limit
6239,1,2026-08-17 03:25:15,Buy,10,35.04,Limit
6239,2,2026-08-17 03:46:08,Sell,10,35.49,Limit
6240,1,2026-08-17 03:25:16,Buy,10,35.05,Market
6240,2,2026-08-17 03:35:32,Sell,5,35.31,Limit
6240,3,2026-08-17 03:45:48,Sell,5,35.67,Limit
6241,1,2026-08-18 09:56:10,Sell,6,20601.0,Market
6241,2,2026-08-18 10:33:34,Buy,3,20568.5,Limit
6241,3,2026-08-18 11:10:58,Buy,3,20525.5,Limit
6242,1,2026-08-18 09:56:13,Sell,6,20600.75,Limit
6242,2,2026-08-18 11:10:25,Buy,6,20547.0,Limit
6243,1,2026-08-18 12:30:21,Buy,10,1644.3,Limit
6243,2,2026-08-18 12:46:07,Sell,10,1649.7,Limit
6244,1,2026-08-18 10:30:40,Sell,10,35.15,Market
6244,2,2026-08-18 11:10:56,Buy,10,35.41,Stop
6245,1,2026-08-18 10:30:43,Sell,10,35.14,Limit
6245,2,2026-08-18 11:11:05,Buy,10,35.42,Stop
6246,1,2026-08-18 03:19:44,Buy,5,3614.7,Limit
6246,2,2026-08-18 04:22:37,Sell,5,3608.9,Stop
6247,1,2026-08-18 03:19:47,Buy,5,3614.7,Market
6247,2,2026-08-18 04:22:44,Sell,5,3608.9,Stop
6248,1,2026-08-19 09:51:13,Buy,10,39356.0,Limit
6248,2,2026-08-19 10:51:12,Sell,10,39288.0,Stop
6249,1,2026-08-19 09:51:15,Buy,10,39356.0,Limit
6249,2,2026-08-19 10:51:03,Sell,10,39288.0,Stop
6250,1,2026-08-19 09:51:15,Buy,10,39356.0,Market
6250,2,2026-08-19 10:50:52,Sell,10,39288.0,Stop
6251,1,2026-08-19 12:12:11,Sell,10,1658.3,Market
6251,2,2026-08-19 12:23:20.500000,Buy,5,1654.7,Limit
6251,3,2026-08-19 12:34:30,Buy,5,1649.9,Limit
6252,1,2026-08-19 12:12:13,Sell,10,1658.3,Limit
6252,2,2026-08-19 12:34:26,Buy,10,1652.3,Limit
6253,1,2026-08-19 12:12:14,Sell,10,1658.3,Limit
6253,2,2026-08-19 12:23:28,Buy,5,1654.7,Limit
6253,3,2026-08-19 12:34:42,Buy,5,1649.9,Limit
6254,1,2026-08-19 10:33:45,Sell,5,3623.8,Market
6254,2,2026-08-19 11:18:32,Buy,5,3630.5,Stop
6255,1,2026-08-19 10:33:46,Sell,5,3623.7,Market
6255,2,2026-08-19 11:18:21,Buy,5,3630.5,Stop
6256,1,2026-08-19 10:33:47,Sell,5,3623.7,Limit
6256,2,2026-08-19 11:18:13,Buy,5,3630.5,Stop
6257,1,2026-08-19 03:25:54,Buy,10,34.66,Market
6257,2,2026-08-19 04:57:25,Sell,10,34.32,Stop
6258,1,2026-08-19 03:25:56,Buy,10,34.66,Market
6258,2,2026-08-19 04:57:43,Sell,10,34.32,Stop
6259,1,2026-08-19 03:25:55,Buy,10,34.66,Market
6259,2,2026-08-19 04:57:02,Sell,10,34.32,Stop
6260,1,2026-08-20 03:18:20,Buy,10,35.06,Market
6260,2,2026-08-20 03:56:14.500000,Sell,5,35.34,Limit
6260,3,2026-08-20 04:34:09,Sell,5,35.72,Limit
6261,1,2026-08-20 03:18:21,Buy,10,35.07,Market
6261,2,2026-08-20 03:56:13,Sell,5,35.35,Limit
6261,3,2026-08-20 04:34:05,Sell,5,35.71,Limit
6262,1,2026-08-20 03:18:21,Buy,10,35.07,Limit
6262,2,2026-08-20 03:56:09,Sell,5,35.34,Limit
6262,3,2026-08-20 04:33:57,Sell,5,35.7,Limit
6263,1,2026-08-21 09:46:33,Sell,10,7673.75,Limit
6263,2,2026-08-21 10:37:41,Buy,10,7663.75,Limit
6264,1,2026-08-21 09:46:35,Sell,10,7673.75,Limit
6264,2,2026-08-21 10:12:30,Buy,5,7667.75,Limit
6264,3,2026-08-21 10:38:25,Buy,5,7659.75,Limit
6265,1,2026-08-21 09:46:36,Sell,10,7673.5,Market
6265,2,2026-08-21 10:12:29.500000,Buy,5,7667.75,Limit
6265,3,2026-08-21 10:38:23,Buy,5,7660.25,Limit
6266,1,2026-08-21 09:46:35,Sell,10,7673.75,Market
6266,2,2026-08-21 10:37:43,Buy,10,7663.75,Limit
6267,1,2026-08-21 09:46:35,Sell,10,7673.5,Market
6267,2,2026-08-21 10:12:20.500000,Buy,5,7667.75,Limit
6267,3,2026-08-21 10:38:06,Buy,5,7660.25,Limit
6268,1,2026-08-21 03:33:58,Buy,5,3553.9,Limit
6268,2,2026-08-21 04:20:17,Sell,2,3557.4,Limit
6268,3,2026-08-21 05:06:36,Sell,3,3561.4,Limit
6269,1,2026-08-21 03:34:01,Buy,5,3553.9,Limit
6269,2,2026-08-21 04:20:10,Sell,2,3557.4,Limit
6269,3,2026-08-21 05:06:19,Sell,3,3561.4,Limit
6270,1,2026-08-21 03:34:00,Buy,5,3554.0,Market
6270,2,2026-08-21 04:20:19,Sell,2,3557.5,Limit
6270,3,2026-08-21 05:06:38,Sell,3,3561.3,Limit
6271,1,2026-08-21 03:33:59,Buy,5,3553.9,Market
6271,2,2026-08-21 05:06:30,Sell,5,3559.8,Limit
6272,1,2026-08-21 03:33:58,Buy,5,3553.9,Limit
6272,2,2026-08-21 04:20:23.500000,Sell,2,3557.4,Limit
6272,3,2026-08-21 05:06:49,Sell,3,3561.4,Limit
6273,1,2026-08-24 09:59:01,Buy,10,7701.0,Market
6273,2,2026-08-24 11:30:59,Sell,10,7694.5,Stop
6274,1,2026-08-24 09:59:03,Buy,10,7701.0,Market
6274,2,2026-08-24 11:30:25,Sell,10,7694.5,Stop
6275,1,2026-08-24 09:59:02,Buy,10,7701.25,Market
6275,2,2026-08-24 11:30:20,Sell,10,7694.25,Stop
6276,1,2026-08-24 09:59:01,Buy,10,7701.25,Market
6276,2,2026-08-24 11:30:32,Sell,10,7694.5,Stop
6277,1,2026-08-24 09:59:01,Buy,10,7701.0,Limit
6277,2,2026-08-24 11:30:45,Sell,10,7694.5,Stop
6278,1,2026-08-24 09:59:03,Buy,10,7701.0,Market
6278,2,2026-08-24 11:30:39,Sell,10,7694.5,Stop
6279,1,2026-08-25 10:39:16,Buy,6,20163.0,Market
6279,2,2026-08-25 11:42:24,Sell,6,20141.25,Stop
6280,1,2026-08-25 10:39:16,Buy,6,20163.0,Market
6280,2,2026-08-25 11:43:12,Sell,6,20141.25,Stop
6281,1,2026-08-25 10:39:17,Buy,6,20163.25,Market
6281,2,2026-08-25 11:43:04,Sell,6,20141.25,Stop
6282,1,2026-08-25 10:39:19,Buy,6,20163.0,Limit
6282,2,2026-08-25 11:43:10,Sell,6,20141.25,Stop
6283,1,2026-08-25 10:39:16,Buy,6,20163.0,Limit
6283,2,2026-08-25 11:43:11,Sell,6,20141.25,Stop
6284,1,2026-08-25 03:30:39,Buy,10,34.91,Limit
6284,2,2026-08-25 04:48:34,Sell,10,34.64,Stop
6285,1,2026-08-25 03:30:41,Buy,10,34.91,Market
6285,2,2026-08-25 04:48:40,Sell,10,34.64,Stop
6286,1,2026-08-25 03:30:39,Buy,10,34.92,Market
6286,2,2026-08-25 04:48:01,Sell,10,34.64,Stop
6287,1,2026-08-25 03:30:39,Buy,10,34.92,Market
6287,2,2026-08-25 04:48:05,Sell,10,34.64,Stop
6288,1,2026-08-25 03:30:42,Buy,10,34.91,Market
6288,2,2026-08-25 04:48:34,Sell,10,34.64,Stop
6289,1,2026-08-25 03:30:42,Buy,10,34.92,Market
6289,2,2026-08-25 04:47:52,Sell,10,34.64,Stop
6290,1,2026-08-26 03:21:48,Sell,5,3574.1,Market
6290,2,2026-08-26 04:04:43,Buy,5,3578.5,Stop
6291,1,2026-08-26 03:21:50,Sell,5,3574.1,Market
6291,2,2026-08-26 04:04:33,Buy,5,3578.5,Stop
6292,1,2026-08-26 03:21:49,Sell,5,3574.0,Market
6292,2,2026-08-26 04:04:31,Buy,5,3578.5,Stop
6293,1,2026-08-26 03:21:48,Sell,5,3574.1,Market
6293,2,2026-08-26 04:04:41,Buy,5,3578.5,Stop
6294,1,2026-08-26 03:21:50,Sell,5,3574.1,Limit
6294,2,2026-08-26 04:04:14,Buy,5,3578.5,Stop
6295,1,2026-08-26 03:21:50,Sell,5,3574.0,Market
6295,2,2026-08-26 04:04:31,Buy,5,3578.6,Stop
6296,1,2026-08-27 10:04:18,Sell,6,20457.25,Market
6296,2,2026-08-27 10:46:35,Buy,6,20426.5,Limit
6297,1,2026-08-27 10:04:19,Sell,6,20457.0,Market
6297,2,2026-08-27 10:46:35,Buy,6,20426.5,Limit
6298,1,2026-08-27 10:04:19,Sell,6,20457.25,Limit
6298,2,2026-08-27 10:25:28,Buy,3,20438.75,Limit
6298,3,2026-08-27 10:46:37,Buy,3,20414.25,Limit
6299,1,2026-08-27 10:04:20,Sell,6,20457.0,Market
6299,2,2026-08-27 10:25:22,Buy,3,20438.75,Limit
6299,3,2026-08-27 10:46:24,Buy,3,20414.25,Limit
6300,1,2026-08-27 10:04:20,Sell,6,20457.25,Market
6300,2,2026-08-27 10:46:43,Buy,6,20426.5,Limit
6301,1,2026-08-27 10:04:18,Sell,6,20457.25,Market
6301,2,2026-08-27 10:25:44.500000,Buy,3,20438.75,Limit
6301,3,2026-08-27 10:47:11,Buy,3,20414.25,Limit
6302,1,2026-08-27 10:40:14,Buy,6,20548.75,Market
6302,2,2026-08-27 11:51:02,Sell,6,20522.0,Stop
6303,1,2026-08-27 10:40:15,Buy,6,20548.75,Limit
6303,2,2026-08-27 11:51:03,Sell,6,20522.0,Stop
6304,1,2026-08-27 10:40:15,Buy,6,20549.0,Market
6304,2,2026-08-27 11:51:02,Sell,6,20521.75,Stop
6305,1,2026-08-27 10:40:16,Buy,6,20548.75,Limit
6305,2,2026-08-27 11:50:59,Sell,6,20522.0,Stop
6306,1,2026-08-27 10:40:17,Buy,6,20549.0,Limit
6306,2,2026-08-27 11:50:56,Sell,6,20522.0,Stop
6307,1,2026-08-27 10:40:17,Buy,6,20549.0,Limit
6307,2,2026-08-27 11:50:54,Sell,6,20521.75,Stop
6308,1,2026-08-27 03:19:24,Buy,10,34.32,Market
6308,2,2026-08-27 03:52:34,Sell,10,34.66,Limit
6309,1,2026-08-27 03:19:25,Buy,10,34.32,Market
6309,2,2026-08-27 03:36:19.500000,Sell,5,34.52,Limit
6309,3,2026-08-27 03:53:14,Sell,5,34.8,Limit
6310,1,2026-08-27 03:19:26,Buy,10,34.32,Limit
6310,2,2026-08-27 03:52:40,Sell,10,34.66,Limit
6311,1,2026-08-27 03:19:27,Buy,10,34.32,Market
6311,2,2026-08-27 03:36:13,Sell,5,34.52,Limit
6311,3,2026-08-27 03:52:59,Sell,5,34.8,Limit
6312,1,2026-08-31 12:10:47,Sell,10,7784.75,Limit
6312,2,2026-08-31 12:29:42,Buy,10,7791.25,Stop
6313,1,2026-08-31 12:10:50,Sell,10,7784.5,Limit
6313,2,2026-08-31 12:29:47,Buy,10,7791.25,Stop
6314,1,2026-08-31 12:10:47,Sell,10,7784.75,Market
6314,2,2026-08-31 12:29:45,Buy,10,7791.25,Stop
6315,1,2026-08-31 12:10:50,Sell,10,7784.5,Limit
6315,2,2026-08-31 12:28:50,Buy,10,7791.5,Stop
6316,1,2026-08-31 12:10:48,Sell,10,7784.75,Limit
6316,2,2026-08-31 12:29:06,Buy,10,7791.25,Stop
6317,1,2026-08-31 12:10:48,Sell,10,7784.75,Market
6317,2,2026-08-31 12:29:12,Buy,10,7791.25,Stop
6318,1,2026-08-31 10:22:52,Sell,10,32.91,Limit
6318,2,2026-08-31 10:27:05.500000,Buy,5,32.55,Limit
6318,3,2026-08-31 10:31:19,Buy,5,32.07,Limit
6319,1,2026-08-31 10:22:54,Sell,10,32.9,Limit
6319,2,2026-08-31 10:27:17.500000,Buy,5,32.55,Limit
6319,3,2026-08-31 10:31:41,Buy,5,32.09,Limit
6320,1,2026-08-31 10:22:55,Sell,10,32.91,Limit
6320,2,2026-08-31 10:27:03,Buy,5,32.55,Limit
6320,3,2026-08-31 10:31:11,Buy,5,32.07,Limit
6321,1,2026-08-31 10:22:54,Sell,10,32.9,Market
6321,2,2026-08-31 10:27:13.500000,Buy,5,32.55,Limit
6321,3,2026-08-31 10:31:33,Buy,5,32.09,Limit
6322,1,2026-08-31 10:22:55,Sell,10,32.9,Limit
6322,2,2026-08-31 10:27:24.500000,Buy,5,32.55,Limit
6322,3,2026-08-31 10:31:54,Buy,5,32.07,Limit
