TradeID,AccountID,StrategyID,Symbol,LeaderTradeID,Direction,Contracts,EntryTime,ExitTime,AvgEntryPrice,AvgExitPrice,Commission
1,1001,1,MNQH5,,Short,6,2025-01-03 10:01:50,2025-01-03 10:37:34,21722.0,21744.25,6.0
2,1001,3,MGCG5,,Long,5,2025-01-03 10:34:08,2025-01-03 11:08:09,2624.8,2618.8,5.0
3,1001,4,MCLG5,,Short,10,2025-01-03 03:29:37,2025-01-03 04:48:54,73.6,73.09,10.0
4,1001,5,MESH5,,Short,10,2025-01-03 08:48:59,2025-01-03 09:11:02,5849.0,5853.75,10.0
5,1001,1,MYMH5,,Short,10,2025-01-06 10:01:06,2025-01-06 11:34:32,42508.0,42558.0,10.0
6,1002,1,YMH5,5,Short,2,2025-01-06 10:01:09,2025-01-06 11:34:47,42507.0,42558.0,8.0
7,1001,2,M2KH5,,Short,10,2025-01-06 12:28:15,2025-01-06 12:48:07,2341.5,2336.7,10.0
8,1002,2,RTYH5,7,Short,2,2025-01-06 12:28:18,2025-01-06 12:47:41,2341.4,2336.7,8.0
9,1001,2,MESH5,,Long,10,2025-01-07 12:23:46,2025-01-07 12:40:37,5869.5,5863.25,10.0
10,1003,2,MESH5,9,Long,10,2025-01-07 12:23:47,2025-01-07 12:39:59,5869.5,5863.25,10.0
11,1001,3,MGCG5,,Long,5,2025-01-07 10:28:53,2025-01-07 11:53:45,2633.4,2627.4,5.0
12,1003,3,MGCG5,11,Long,5,2025-01-07 10:28:53,2025-01-07 11:53:31,2633.5,2627.4,5.0
13,1001,4,MCLG5,,Short,10,2025-01-07 03:33:34,2025-01-07 03:51:55,71.24,71.58,10.0
14,1002,4,CLG5,13,Short,2,2025-01-07 03:33:37,2025-01-07 03:52:13,71.24,71.58,8.0
15,1003,4,MCLG5,13,Short,10,2025-01-07 03:33:37,2025-01-07 03:52:06,71.24,71.58,10.0
16,1001,2,MESH5,,Long,10,2025-01-08 12:16:03,2025-01-08 12:25:46,5880.5,5886.5,10.0
17,1002,2,ESH5,16,Long,2,2025-01-08 12:16:05,2025-01-08 12:26:01,5880.75,5886.5,8.0
18,1003,2,MESH5,16,Long,10,2025-01-08 12:16:04,2025-01-08 12:25:09,5880.5,5886.5,10.0
19,1001,2,MESH5,,Short,10,2025-01-09 12:10:39,2025-01-09 12:29:55,5962.25,5957.75,10.0
20,1002,2,ESH5,19,Short,2,2025-01-09 12:10:39,2025-01-09 12:29:51,5962.0,5957.75,8.0
21,1003,2,MESH5,19,Short,10,2025-01-09 12:10:39,2025-01-09 12:30:19,5962.25,5957.75,10.0
22,1001,3,MCLG5,,Short,10,2025-01-09 10:37:40,2025-01-09 11:36:39,72.44,71.79,10.0
23,1003,3,MCLG5,22,Short,10,2025-01-09 10:37:43,2025-01-09 11:35:56,72.44,71.79,10.0
24,1001,4,MCLG5,,Short,10,2025-01-09 03:31:24,2025-01-09 04:52:02,72.91,72.42,10.0
25,1002,4,CLG5,24,Short,2,2025-01-09 03:31:26,2025-01-09 04:52:03,72.9,72.43,8.0
26,1001,1,MYMH5,,Short,10,2025-01-10 09:50:35,2025-01-10 11:10:16,41762.0,41825.0,10.0
27,1002,1,YMH5,26,Short,2,2025-01-10 09:50:36,2025-01-10 11:10:03,41762.0,41825.0,8.0
28,1003,1,MYMH5,26,Short,10,2025-01-10 09:50:35,2025-01-10 11:10:03,41761.0,41825.0,10.0
29,1004,1,MYMH5,26,Short,10,2025-01-10 09:50:38,2025-01-10 11:10:37,41762.0,41825.0,10.0
30,1001,2,MESH5,,Short,10,2025-01-10 12:13:03,2025-01-10 12:27:32,5951.0,5943.5,10.0
31,1002,2,ESH5,30,Short,2,2025-01-10 12:13:06,2025-01-10 12:27:11,5951.0,5943.5,8.0
32,1003,2,MESH5,30,Short,10,2025-01-10 12:13:04,2025-01-10 12:27:42,5950.75,5943.75,10.0
33,1004,2,MESH5,30,Short,10,2025-01-10 12:13:05,2025-01-10 12:27:07,5951.0,5943.5,10.0
34,1001,3,MNQH5,,Long,6,2025-01-10 10:33:12,2025-01-10 11:51:26,20326.0,20378.75,6.0
35,1003,3,MNQH5,34,Long,6,2025-01-10 10:33:15,2025-01-10 11:52:14,20326.0,20378.75,6.0
36,1004,3,MNQH5,34,Long,6,2025-01-10 10:33:13,2025-01-10 11:51:28,20326.25,20378.5,6.0
37,1001,1,MYMH5,,Long,10,2025-01-13 10:03:18,2025-01-13 10:45:35,42061.0,42003.0,10.0
38,1002,1,YMH5,37,Long,2,2025-01-13 10:03:18,2025-01-13 10:46:00,42062.0,42002.0,8.0
39,1003,1,MYMH5,37,Long,10,2025-01-13 10:03:20,2025-01-13 10:46:08,42062.0,42003.0,10.0
40,1004,1,MYMH5,37,Long,10,2025-01-13 10:03:21,2025-01-13 10:45:38,42062.0,42003.0,10.0
41,1001,2,M2KH5,,Short,10,2025-01-13 12:26:15,2025-01-13 12:42:14,2314.3,2308.3,10.0
42,1002,2,RTYH5,41,Short,2,2025-01-13 12:26:15,2025-01-13 12:41:49,2314.3,2308.3,8.0
43,1003,2,M2KH5,41,Short,10,2025-01-13 12:26:16,2025-01-13 12:42:11,2314.3,2308.3,10.0
44,1004,2,M2KH5,41,Short,10,2025-01-13 12:26:16,2025-01-13 12:41:45,2314.3,2308.3,10.0
45,1001,3,MNQH5,,Long,6,2025-01-13 10:32:38,2025-01-13 11:15:41,20450.5,20425.0,6.0
46,1002,3,NQH5,45,Long,2,2025-01-13 10:32:39,2025-01-13 11:16:07,20450.75,20425.0,8.0
47,1003,3,MNQH5,45,Long,6,2025-01-13 10:32:41,2025-01-13 11:16:35,20450.5,20425.0,6.0
48,1004,3,MNQH5,45,Long,6,2025-01-13 10:32:38,2025-01-13 11:16:10,20450.75,20424.75,6.0
49,1001,4,MGCG5,,Short,5,2025-01-13 03:35:42,2025-01-13 03:55:33,2656.2,2646.9,5.0
50,1002,4,GCG5,49,Short,1,2025-01-13 03:35:44,2025-01-13 03:55:18,2656.1,2646.9,4.0
51,1003,4,MGCG5,49,Short,5,2025-01-13 03:35:43,2025-01-13 03:55:28,2656.1,2646.88,5.0
52,1004,4,MGCG5,49,Short,5,2025-01-13 03:35:44,2025-01-13 03:55:13,2656.1,2647.0,5.0
53,1001,4,MGCG5,,Long,5,2025-01-14 03:31:35,2025-01-14 04:25:58,2660.1,2669.32,5.0
54,1002,4,GCG5,53,Long,1,2025-01-14 03:31:37,2025-01-14 04:26:17,2660.2,2669.2,4.0
55,1003,4,MGCG5,53,Long,5,2025-01-14 03:31:36,2025-01-14 04:26:32,2660.1,2669.3,5.0
56,1004,4,MGCG5,53,Long,5,2025-01-14 03:31:35,2025-01-14 04:26:15,2660.1,2669.32,5.0
57,1005,4,GCG5,53,Long,1,2025-01-14 03:31:37,2025-01-14 04:25:55,2660.1,2669.3,4.0
58,1001,5,MESH5,,Long,10,2025-01-14 08:49:47,2025-01-14 09:01:16,5922.25,5916.0,10.0
59,1002,5,ESH5,58,Long,2,2025-01-14 08:49:49,2025-01-14 09:01:27,5922.5,5916.0,8.0
60,1003,5,MESH5,58,Long,10,2025-01-14 08:49:49,2025-01-14 09:01:43,5922.25,5916.0,10.0
61,1004,5,MESH5,58,Long,10,2025-01-14 08:49:47,2025-01-14 09:01:34,5922.5,5915.75,10.0
62,1005,5,ESH5,58,Long,2,2025-01-14 08:49:49,2025-01-14 09:01:09,5922.25,5916.0,8.0
63,1001,1,MNQH5,,Short,6,2025-01-15 09:50:01,2025-01-15 10:21:22,20189.25,20208.75,6.0
64,1002,1,NQH5,63,Short,2,2025-01-15 09:50:01,2025-01-15 10:21:41,20189.0,20208.75,8.0
65,1003,1,MNQH5,63,Short,6,2025-01-15 09:50:04,2025-01-15 10:21:34,20189.0,20209.0,6.0
66,1004,1,MNQH5,63,Short,6,2025-01-15 09:50:01,2025-01-15 10:21:07,20189.25,20208.75,6.0
67,1005,1,NQH5,63,Short,2,2025-01-15 09:50:03,2025-01-15 10:21:47,20189.0,20209.0,8.0
68,1002,4,GCG5,,Short,1,2025-01-15 03:22:54,2025-01-15 04:06:12,2669.2,2675.2,4.0
69,1004,4,MGCG5,68,Short,5,2025-01-15 03:22:55,2025-01-15 04:06:28,2669.2,2675.2,5.0
70,1005,4,GCG5,68,Short,1,2025-01-15 03:22:54,2025-01-15 04:06:48,2669.2,2675.2,4.0
71,1001,1,MYMH5,,Short,10,2025-01-16 09:52:40,2025-01-16 11:16:45,41458.0,41523.0,10.0
72,1002,1,YMH5,71,Short,2,2025-01-16 09:52:42,2025-01-16 11:16:52,41457.0,41523.0,8.0
73,1003,1,MYMH5,71,Short,10,2025-01-16 09:52:42,2025-01-16 11:17:33,41458.0,41523.0,10.0
74,1004,1,MYMH5,71,Short,10,2025-01-16 09:52:40,2025-01-16 11:17:00,41458.0,41523.0,10.0
75,1005,1,YMH5,71,Short,2,2025-01-16 09:52:42,2025-01-16 11:17:20,41457.0,41524.0,8.0
76,1001,2,MESH5,,Long,10,2025-01-16 12:10:02,2025-01-16 12:20:20,5973.5,5966.5,10.0
77,1002,2,ESH5,76,Long,2,2025-01-16 12:10:04,2025-01-16 12:21:00,5973.75,5966.25,8.0
78,1004,2,MESH5,76,Long,10,2025-01-16 12:10:02,2025-01-16 12:20:39,5973.5,5966.5,10.0
79,1005,2,ESH5,76,Long,2,2025-01-16 12:10:02,2025-01-16 12:20:32,5973.5,5966.5,8.0
80,1002,3,CLH5,,Long,2,2025-01-16 10:20:03,2025-01-16 11:09:15,74.58,75.22,8.0
81,1003,3,MCLH5,80,Long,10,2025-01-16 10:20:06,2025-01-16 11:09:30,74.58,75.22,10.0
82,1004,3,MCLH5,80,Long,10,2025-01-16 10:20:03,2025-01-16 11:09:47,74.58,75.22,10.0
83,1005,3,CLH5,80,Long,2,2025-01-16 10:20:04,2025-01-16 11:09:47,74.58,75.22,8.0
84,1001,4,MCLH5,,Short,10,2025-01-16 03:28:12,2025-01-16 03:42:28,73.45,73.0,10.0
85,1002,4,CLH5,84,Short,2,2025-01-16 03:28:12,2025-01-16 03:42:58,73.45,73.0,8.0
86,1003,4,MCLH5,84,Short,10,2025-01-16 03:28:12,2025-01-16 03:42:28,73.44,73.0,10.0
87,1004,4,MCLH5,84,Short,10,2025-01-16 03:28:15,2025-01-16 03:42:46,73.44,73.0,10.0
88,1005,4,CLH5,84,Short,2,2025-01-16 03:28:13,2025-01-16 03:42:42,73.45,73.0,8.0
89,1001,3,MGCG5,,Short,5,2025-01-17 10:39:56,2025-01-17 12:12:22,2638.5,2645.1,5.0
90,1002,3,GCG5,89,Short,1,2025-01-17 10:39:58,2025-01-17 12:12:39,2638.4,2645.2,4.0
91,1003,3,MGCG5,89,Short,5,2025-01-17 10:39:59,2025-01-17 12:12:09,2638.5,2645.1,5.0
92,1004,3,MGCG5,89,Short,5,2025-01-17 10:39:59,2025-01-17 12:12:32,2638.4,2645.1,5.0
93,1006,3,MGCG5,89,Short,5,2025-01-17 10:39:58,2025-01-17 12:12:37,2638.4,2645.2,5.0
94,1001,4,MCLH5,,Short,10,2025-01-17 03:24:48,2025-01-17 03:51:20,70.17,69.67,10.0
95,1002,4,CLH5,94,Short,2,2025-01-17 03:24:49,2025-01-17 03:51:08,70.17,69.67,8.0
96,1003,4,MCLH5,94,Short,10,2025-01-17 03:24:48,2025-01-17 03:51:12,70.16,69.67,10.0
97,1004,4,MCLH5,94,Short,10,2025-01-17 03:24:50,2025-01-17 03:51:12,70.16,69.67,10.0
98,1005,4,CLH5,94,Short,2,2025-01-17 03:24:48,2025-01-17 03:51:36,70.17,69.67,8.0
99,1006,4,MCLH5,94,Short,10,2025-01-17 03:24:49,2025-01-17 03:50:52,70.17,69.67,10.0
100,1001,1,MNQH5,,Long,6,2025-01-21 09:49:39,2025-01-21 10:59:59,20040.0,20012.75,6.0
101,1002,1,NQH5,100,Long,2,2025-01-21 09:49:41,2025-01-21 11:00:06,20040.0,20012.75,8.0
102,1004,1,MNQH5,100,Long,6,2025-01-21 09:49:41,2025-01-21 11:00:13,20040.0,20012.75,6.0
103,1005,1,NQH5,100,Long,2,2025-01-21 09:49:41,2025-01-21 11:00:00,20040.25,20012.75,8.0
104,1006,1,MNQH5,100,Long,6,2025-01-21 09:49:39,2025-01-21 11:00:01,20040.25,20012.5,6.0
105,1001,3,MGCJ5,,Short,5,2025-01-21 10:35:47,2025-01-21 10:47:13,2647.1,2652.6,5.0
106,1002,3,GCJ5,105,Short,1,2025-01-21 10:35:48,2025-01-21 10:47:26,2647.1,2652.6,4.0
107,1003,3,MGCJ5,105,Short,5,2025-01-21 10:35:49,2025-01-21 10:47:23,2647.0,2652.6,5.0
108,1005,3,GCJ5,105,Short,1,2025-01-21 10:35:47,2025-01-21 10:47:16,2647.0,2652.7,4.0
109,1006,3,MGCJ5,105,Short,5,2025-01-21 10:35:48,2025-01-21 10:47:33,2647.0,2652.6,5.0
110,1001,1,MYMH5,,Short,10,2025-01-22 09:49:25,2025-01-22 11:14:29,41463.0,41519.0,10.0
111,1002,1,YMH5,110,Short,2,2025-01-22 09:49:28,2025-01-22 11:15:22,41463.0,41519.0,8.0
112,1003,1,MYMH5,110,Short,10,2025-01-22 09:49:27,2025-01-22 11:15:03,41462.0,41520.0,10.0
113,1004,1,MYMH5,110,Short,10,2025-01-22 09:49:25,2025-01-22 11:14:58,41463.0,41519.0,10.0
114,1005,1,YMH5,110,Short,2,2025-01-22 09:49:27,2025-01-22 11:14:48,41462.0,41519.0,8.0
115,1006,1,MYMH5,110,Short,10,2025-01-22 09:49:25,2025-01-22 11:15:10,41463.0,41519.0,10.0
116,1001,4,MGCJ5,,Long,5,2025-01-22 03:28:08,2025-01-22 04:12:25,2681.8,2690.8,5.0
117,1002,4,GCJ5,116,Long,1,2025-01-22 03:28:10,2025-01-22 04:12:56,2681.9,2690.8,4.0
118,1003,4,MGCJ5,116,Long,5,2025-01-22 03:28:08,2025-01-22 04:12:42,2681.9,2690.8,5.0
119,1004,4,MGCJ5,116,Long,5,2025-01-22 03:28:09,2025-01-22 04:12:59,2681.8,2690.8,5.0
120,1005,4,GCJ5,116,Long,1,2025-01-22 03:28:09,2025-01-22 04:12:09,2681.9,2690.8,4.0
121,1006,4,MGCJ5,116,Long,5,2025-01-22 03:28:09,2025-01-22 04:13:03,2681.9,2690.68,5.0
122,1001,1,MNQH5,,Short,6,2025-01-23 09:52:18,2025-01-23 10:33:16,19515.75,19536.5,6.0
123,1002,1,NQH5,122,Short,2,2025-01-23 09:52:21,2025-01-23 10:32:32,19515.5,19536.5,8.0
124,1003,1,MNQH5,122,Short,6,2025-01-23 09:52:21,2025-01-23 10:32:27,19515.75,19536.5,6.0
125,1004,1,MNQH5,122,Short,6,2025-01-23 09:52:19,2025-01-23 10:32:38,19515.5,19536.5,6.0
126,1005,1,NQH5,122,Short,2,2025-01-23 09:52:18,2025-01-23 10:32:38,19515.75,19536.5,8.0
127,1006,1,MNQH5,122,Short,6,2025-01-23 09:52:20,2025-01-23 10:33:01,19515.75,19536.5,6.0
128,1001,3,MCLH5,,Short,10,2025-01-23 10:39:44,2025-01-23 10:55:05,68.96,69.24,10.0
129,1003,3,MCLH5,128,Short,10,2025-01-23 10:39:46,2025-01-23 10:54:54,68.96,69.24,10.0
130,1004,3,MCLH5,128,Short,10,2025-01-23 10:39:44,2025-01-23 10:54:55,68.96,69.24,10.0
131,1005,3,CLH5,128,Short,2,2025-01-23 10:39:45,2025-01-23 10:54:54,68.95,69.24,8.0
132,1006,3,MCLH5,128,Short,10,2025-01-23 10:39:47,2025-01-23 10:54:47,68.96,69.24,10.0
133,1001,4,MGCJ5,,Long,5,2025-01-23 03:25:08,2025-01-23 04:12:14,2651.8,2645.4,5.0
134,1002,4,GCJ5,133,Long,1,2025-01-23 03:25:11,2025-01-23 04:12:15,2651.8,2645.4,4.0
135,1003,4,MGCJ5,133,Long,5,2025-01-23 03:25:08,2025-01-23 04:12:59,2651.9,2645.3,5.0
136,1004,4,MGCJ5,133,Long,5,2025-01-23 03:25:09,2025-01-23 04:12:49,2651.9,2645.4,5.0
137,1005,4,GCJ5,133,Long,1,2025-01-23 03:25:11,2025-01-23 04:12:16,2651.8,2645.4,4.0
138,1006,4,MGCJ5,133,Long,5,2025-01-23 03:25:10,2025-01-23 04:13:03,2651.9,2645.3,5.0
139,1001,4,MGCJ5,,Long,5,2025-01-24 03:28:55,2025-01-24 04:02:15,2612.5,2621.18,5.0
140,1002,4,GCJ5,139,Long,1,2025-01-24 03:28:58,2025-01-24 04:02:28,2612.5,2621.2,4.0
141,1003,4,MGCJ5,139,Long,5,2025-01-24 03:28:58,2025-01-24 04:02:02,2612.6,2621.22,5.0
142,1004,4,MGCJ5,139,Long,5,2025-01-24 03:28:56,2025-01-24 04:02:51,2612.6,2621.12,5.0
143,1005,4,GCJ5,139,Long,1,2025-01-24 03:28:56,2025-01-24 04:02:40,2612.5,2621.2,4.0
144,1006,4,MGCJ5,139,Long,5,2025-01-24 03:28:56,2025-01-24 04:02:45,2612.6,2621.2,5.0
145,1001,2,M2KH5,,Short,10,2025-01-27 12:20:10,2025-01-27 12:45:41,2289.3,2296.6,10.0
146,1002,2,RTYH5,145,Short,2,2025-01-27 12:20:11,2025-01-27 12:45:27,2289.2,2296.6,8.0
147,1003,2,M2KH5,145,Short,10,2025-01-27 12:20:11,2025-01-27 12:45:13,2289.3,2296.6,10.0
148,1004,2,M2KH5,145,Short,10,2025-01-27 12:20:13,2025-01-27 12:45:25,2289.3,2296.6,10.0
149,1005,2,RTYH5,145,Short,2,2025-01-27 12:20:13,2025-01-27 12:45:32,2289.3,2296.6,8.0
150,1006,2,M2KH5,145,Short,10,2025-01-27 12:20:10,2025-01-27 12:45:29,2289.2,2296.7,10.0
151,1001,3,MCLH5,,Short,10,2025-01-27 10:25:07,2025-01-27 11:22:55,67.84,67.16,10.0
152,1002,3,CLH5,151,Short,2,2025-01-27 10:25:07,2025-01-27 11:22:55,67.84,67.16,8.0
153,1003,3,MCLH5,151,Short,10,2025-01-27 10:25:10,2025-01-27 11:22:28,67.83,67.17,10.0
154,1004,3,MCLH5,151,Short,10,2025-01-27 10:25:09,2025-01-27 11:22:58,67.84,67.16,10.0
155,1005,3,CLH5,151,Short,2,2025-01-27 10:25:08,2025-01-27 11:22:34,67.84,67.16,8.0
156,1006,3,MCLH5,151,Short,10,2025-01-27 10:25:10,2025-01-27 11:22:37,67.84,67.16,10.0
157,1001,1,MESH5,,Long,10,2025-01-28 09:55:39,2025-01-28 11:20:58,6074.25,6085.5,10.0
158,1002,1,ESH5,157,Long,2,2025-01-28 09:55:42,2025-01-28 11:21:35,6074.25,6085.5,8.0
159,1003,1,MESH5,157,Long,10,2025-01-28 09:55:39,2025-01-28 11:21:11,6074.25,6085.5,10.0
160,1004,1,MESH5,157,Long,10,2025-01-28 09:55:39,2025-01-28 11:20:48,6074.25,6085.5,10.0
161,1005,1,ESH5,157,Long,2,2025-01-28 09:55:42,2025-01-28 11:21:40,6074.5,6085.5,8.0
162,1006,1,MESH5,157,Long,10,2025-01-28 09:55:40,2025-01-28 11:20:45,6074.25,6085.5,10.0
163,1001,2,M2KH5,,Long,10,2025-01-28 12:25:20,2025-01-28 12:49:02,2229.3,2223.2,10.0
164,1002,2,RTYH5,163,Long,2,2025-01-28 12:25:20,2025-01-28 12:48:49,2229.3,2223.2,8.0
165,1003,2,M2KH5,163,Long,10,2025-01-28 12:25:22,2025-01-28 12:49:16,2229.3,2223.2,10.0
166,1004,2,M2KH5,163,Long,10,2025-01-28 12:25:21,2025-01-28 12:48:40,2229.3,2223.2,10.0
167,1005,2,RTYH5,163,Long,2,2025-01-28 12:25:22,2025-01-28 12:49:00,2229.3,2223.2,8.0
168,1006,2,M2KH5,163,Long,10,2025-01-28 12:25:22,2025-01-28 12:48:58,2229.3,2223.2,10.0
169,1001,4,MGCJ5,,Long,5,2025-01-28 03:32:59,2025-01-28 04:33:48,2579.2,2573.9,5.0
170,1002,4,GCJ5,169,Long,1,2025-01-28 03:33:01,2025-01-28 04:33:17,2579.2,2573.9,4.0
171,1003,4,MGCJ5,169,Long,5,2025-01-28 03:32:59,2025-01-28 04:33:14,2579.3,2573.9,5.0
172,1004,4,MGCJ5,169,Long,5,2025-01-28 03:33:01,2025-01-28 04:33:17,2579.3,2573.9,5.0
173,1005,4,GCJ5,169,Long,1,2025-01-28 03:32:59,2025-01-28 04:33:03,2579.2,2573.9,4.0
174,1006,4,MGCJ5,169,Long,5,2025-01-28 03:33:02,2025-01-28 04:33:53,2579.2,2573.9,5.0
175,1001,4,MCLH5,,Short,10,2025-01-29 03:26:35,2025-01-29 04:10:51,69.59,69.84,10.0
176,1002,4,CLH5,175,Short,2,2025-01-29 03:26:35,2025-01-29 04:10:54,69.58,69.85,8.0
177,1003,4,MCLH5,175,Short,10,2025-01-29 03:26:36,2025-01-29 04:11:26,69.58,69.84,10.0
178,1004,4,MCLH5,175,Short,10,2025-01-29 03:26:36,2025-01-29 04:11:24,69.59,69.84,10.0
179,1005,4,CLH5,175,Short,2,2025-01-29 03:26:36,2025-01-29 04:10:48,69.58,69.84,8.0
180,1006,4,MCLH5,175,Short,10,2025-01-29 03:26:38,2025-01-29 04:10:55,69.59,69.84,10.0
181,1001,1,MNQH5,,Short,6,2025-01-30 09:52:27,2025-01-30 10:03:34,20450.5,20472.5,6.0
182,1002,1,NQH5,181,Short,2,2025-01-30 09:52:27,2025-01-30 10:04:24,20450.5,20472.5,8.0
183,1003,1,MNQH5,181,Short,6,2025-01-30 09:52:30,2025-01-30 10:04:05,20450.25,20472.75,6.0
184,1004,1,MNQH5,181,Short,6,2025-01-30 09:52:30,2025-01-30 10:04:23,20450.5,20472.5,6.0
185,1005,1,NQH5,181,Short,2,2025-01-30 09:52:29,2025-01-30 10:04:05,20450.25,20472.75,8.0
186,1006,1,MNQH5,181,Short,6,2025-01-30 09:52:27,2025-01-30 10:04:13,20450.5,20472.5,6.0
187,1001,2,M2KH5,,Short,10,2025-01-30 12:26:59,2025-01-30 12:48:23,2187.7,2194.3,10.0
188,1002,2,RTYH5,187,Short,2,2025-01-30 12:27:02,2025-01-30 12:48:47,2187.7,2194.3,8.0
189,1003,2,M2KH5,187,Short,10,2025-01-30 12:26:59,2025-01-30 12:48:50,2187.6,2194.3,10.0
190,1004,2,M2KH5,187,Short,10,2025-01-30 12:27:02,2025-01-30 12:48:27,2187.6,2194.4,10.0
191,1005,2,RTYH5,187,Short,2,2025-01-30 12:27:00,2025-01-30 12:48:41,2187.6,2194.4,8.0
192,1006,2,M2KH5,187,Short,10,2025-01-30 12:27:01,2025-01-30 12:48:22,2187.6,2194.3,10.0
193,1001,2,M2KH5,,Long,10,2025-01-31 12:16:20,2025-01-31 12:34:57,2183.6,2189.2,10.0
194,1002,2,RTYH5,193,Long,2,2025-01-31 12:16:20,2025-01-31 12:34:21,2183.6,2189.2,8.0
195,1003,2,M2KH5,193,Long,10,2025-01-31 12:16:20,2025-01-31 12:35:00,2183.6,2189.2,10.0
196,1004,2,M2KH5,193,Long,10,2025-01-31 12:16:23,2025-01-31 12:34:24,2183.6,2189.2,10.0
197,1005,2,RTYH5,193,Long,2,2025-01-31 12:16:20,2025-01-31 12:34:22,2183.7,2189.1,8.0
198,1006,2,M2KH5,193,Long,10,2025-01-31 12:16:21,2025-01-31 12:34:57,2183.7,2189.2,10.0
199,1001,3,MCLH5,,Short,10,2025-01-31 10:24:21,2025-01-31 11:36:30,67.85,67.11,10.0
200,1002,3,CLH5,199,Short,2,2025-01-31 10:24:24,2025-01-31 11:37:00,67.85,67.11,8.0
201,1003,3,MCLH5,199,Short,10,2025-01-31 10:24:24,2025-01-31 11:37:02,67.85,67.11,10.0
202,1004,3,MCLH5,199,Short,10,2025-01-31 10:24:22,2025-01-31 11:37:04,67.85,67.11,10.0
203,1005,3,CLH5,199,Short,2,2025-01-31 10:24:22,2025-01-31 11:36:46,67.84,67.12,8.0
204,1006,3,MCLH5,199,Short,10,2025-01-31 10:24:21,2025-01-31 11:36:26,67.85,67.11,10.0
205,1001,1,MYMH5,,Long,10,2025-02-03 10:02:37,2025-02-03 11:23:59,40414.0,40350.0,10.0
206,1002,1,YMH5,205,Long,2,2025-02-03 10:02:39,2025-02-03 11:23:50,40415.0,40350.0,8.0
207,1003,1,MYMH5,205,Long,10,2025-02-03 10:02:37,2025-02-03 11:23:54,40414.0,40350.0,10.0
208,1004,1,MYMH5,205,Long,10,2025-02-03 10:02:37,2025-02-03 11:24:18,40415.0,40350.0,10.0
209,1005,1,YMH5,205,Long,2,2025-02-03 10:02:39,2025-02-03 11:24:17,40414.0,40350.0,8.0
210,1006,1,MYMH5,205,Long,10,2025-02-03 10:02:40,2025-02-03 11:24:39,40414.0,40350.0,10.0
211,1002,3,NQH5,,Long,2,2025-02-03 10:39:34,2025-02-03 10:53:39,20447.75,20510.0,8.0
212,1003,3,MNQH5,211,Long,6,2025-02-03 10:39:35,2025-02-03 10:54:12,20447.75,20510.0,6.0
213,1004,3,MNQH5,211,Long,6,2025-02-03 10:39:37,2025-02-03 10:53:41,20448.0,20509.75,6.0
214,1005,3,NQH5,211,Long,2,2025-02-03 10:39:36,2025-02-03 10:54:00,20448.0,20510.0,8.0
215,1006,3,MNQH5,211,Long,6,2025-02-03 10:39:37,2025-02-03 10:54:00,20447.75,20510.0,6.0
216,1001,1,MYMH5,,Long,10,2025-02-04 09:57:25,2025-02-04 11:08:02,39709.0,39781.0,10.0
217,1002,1,YMH5,216,Long,2,2025-02-04 09:57:27,2025-02-04 11:07:33,39709.0,39781.0,8.0
218,1003,1,MYMH5,216,Long,10,2025-02-04 09:57:26,2025-02-04 11:07:33,39710.0,39780.0,10.0
219,1004,1,MYMH5,216,Long,10,2025-02-04 09:57:25,2025-02-04 11:08:06,39709.0,39781.0,10.0
220,1005,1,YMH5,216,Long,2,2025-02-04 09:57:28,2025-02-04 11:07:29,39709.0,39781.0,8.0
221,1006,1,MYMH5,216,Long,10,2025-02-04 09:57:26,2025-02-04 11:08:10,39710.0,39780.0,10.0
222,1001,4,MCLH5,,Long,10,2025-02-04 03:27:38,2025-02-04 04:17:38,72.58,73.05,10.0
223,1002,4,CLH5,222,Long,2,2025-02-04 03:27:38,2025-02-04 04:18:16,72.59,73.05,8.0
224,1003,4,MCLH5,222,Long,10,2025-02-04 03:27:39,2025-02-04 04:17:49,72.58,73.05,10.0
225,1005,4,CLH5,222,Long,2,2025-02-04 03:27:40,2025-02-04 04:17:40,72.58,73.05,8.0
226,1006,4,MCLH5,222,Long,10,2025-02-04 03:27:41,2025-02-04 04:18:09,72.59,73.04,10.0
227,1001,1,MYMH5,,Short,10,2025-02-05 09:57:47,2025-02-05 10:30:58,39697.0,39745.0,10.0
228,1002,1,YMH5,227,Short,2,2025-02-05 09:57:50,2025-02-05 10:31:40,39696.0,39746.0,8.0
229,1003,1,MYMH5,227,Short,10,2025-02-05 09:57:47,2025-02-05 10:30:52,39697.0,39745.0,10.0
230,1004,1,MYMH5,227,Short,10,2025-02-05 09:57:48,2025-02-05 10:31:42,39696.0,39745.0,10.0
231,1005,1,YMH5,227,Short,2,2025-02-05 09:57:48,2025-02-05 10:31:21,39697.0,39745.0,8.0
232,1006,1,MYMH5,227,Short,10,2025-02-05 09:57:50,2025-02-05 10:31:35,39697.0,39745.0,10.0
233,1001,3,MGCJ5,,Long,5,2025-02-05 10:31:45,2025-02-05 11:41:12,2655.1,2647.8,5.0
234,1002,3,GCJ5,233,Long,1,2025-02-05 10:31:46,2025-02-05 11:41:18,2655.1,2647.8,4.0
235,1003,3,MGCJ5,233,Long,5,2025-02-05 10:31:48,2025-02-05 11:41:45,2655.1,2647.8,5.0
236,1004,3,MGCJ5,233,Long,5,2025-02-05 10:31:48,2025-02-05 11:41:21,2655.2,2647.7,5.0
237,1005,3,GCJ5,233,Long,1,2025-02-05 10:31:46,2025-02-05 11:40:50,2655.2,2647.8,4.0
238,1006,3,MGCJ5,233,Long,5,2025-02-05 10:31:45,2025-02-05 11:41:19,2655.1,2647.8,5.0
239,1001,1,MESH5,,Long,10,2025-02-06 09:49:52,2025-02-06 11:07:58,6300.75,6309.25,10.0
240,1002,1,ESH5,239,Long,2,2025-02-06 09:49:55,2025-02-06 11:07:56,6301.0,6309.25,8.0
241,1003,1,MESH5,239,Long,10,2025-02-06 09:49:54,2025-02-06 11:08:30,6301.0,6309.25,10.0
242,1004,1,MESH5,239,Long,10,2025-02-06 09:49:54,2025-02-06 11:08:16,6300.75,6309.25,10.0
243,1005,1,ESH5,239,Long,2,2025-02-06 09:49:53,2025-02-06 11:08:39,6301.0,6309.25,8.0
244,1006,1,MESH5,239,Long,10,2025-02-06 09:49:55,2025-02-06 11:08:15,6301.0,6309.0,10.0
245,1001,2,M2KH5,,Short,10,2025-02-06 12:13:00,2025-02-06 12:34:08,2174.4,2180.2,10.0
246,1002,2,RTYH5,245,Short,2,2025-02-06 12:13:02,2025-02-06 12:34:26,2174.4,2180.2,8.0
247,1003,2,M2KH5,245,Short,10,2025-02-06 12:13:00,2025-02-06 12:34:31,2174.4,2180.2,10.0
248,1004,2,M2KH5,245,Short,10,2025-02-06 12:13:01,2025-02-06 12:34:49,2174.3,2180.2,10.0
249,1005,2,RTYH5,245,Short,2,2025-02-06 12:13:03,2025-02-06 12:34:53,2174.4,2180.2,8.0
250,1006,2,M2KH5,245,Short,10,2025-02-06 12:13:02,2025-02-06 12:34:04,2174.3,2180.3,10.0
251,1001,3,MGCJ5,,Long,5,2025-02-06 10:29:36,2025-02-06 11:47:34,2651.6,2645.4,5.0
252,1002,3,GCJ5,251,Long,1,2025-02-06 10:29:39,2025-02-06 11:46:56,2651.6,2645.4,4.0
253,1003,3,MGCJ5,251,Long,5,2025-02-06 10:29:37,2025-02-06 11:47:22,2651.7,2645.4,5.0
254,1004,3,MGCJ5,251,Long,5,2025-02-06 10:29:39,2025-02-06 11:47:02,2651.6,2645.4,5.0
255,1005,3,GCJ5,251,Long,1,2025-02-06 10:29:38,2025-02-06 11:46:54,2651.6,2645.4,4.0
256,1006,3,MGCJ5,251,Long,5,2025-02-06 10:29:36,2025-02-06 11:46:46,2651.7,2645.3,5.0
257,1001,3,MCLH5,,Short,10,2025-02-07 10:29:58,2025-02-07 11:46:09,66.1,66.4,10.0
258,1002,3,CLH5,257,Short,2,2025-02-07 10:30:01,2025-02-07 11:46:29,66.1,66.4,8.0
259,1005,3,CLH5,257,Short,2,2025-02-07 10:29:58,2025-02-07 11:46:11,66.09,66.41,8.0
260,1006,3,MCLH5,257,Short,10,2025-02-07 10:30:00,2025-02-07 11:46:53,66.09,66.41,10.0
261,1001,5,MNQH5,,Short,6,2025-02-07 08:53:52,2025-02-07 09:15:58,20500.0,20474.0,6.0
262,1002,5,NQH5,261,Short,2,2025-02-07 08:53:53,2025-02-07 09:16:34,20499.75,20474.25,8.0
263,1003,5,MNQH5,261,Short,6,2025-02-07 08:53:52,2025-02-07 09:16:09,20499.75,20474.0,6.0
264,1005,5,NQH5,261,Short,2,2025-02-07 08:53:54,2025-02-07 09:15:58,20499.75,20474.25,8.0
265,1006,5,MNQH5,261,Short,6,2025-02-07 08:53:54,2025-02-07 09:16:34,20500.0,20474.0,6.0
266,1001,1,MYMH5,,Short,10,2025-02-10 09:46:11,2025-02-10 11:03:58,39661.0,39563.0,10.0
267,1002,1,YMH5,266,Short,2,2025-02-10 09:46:11,2025-02-10 11:04:05,39660.0,39564.0,8.0
268,1003,1,MYMH5,266,Short,10,2025-02-10 09:46:13,2025-02-10 11:03:18,39660.0,39564.0,10.0
269,1004,1,MYMH5,266,Short,10,2025-02-10 09:46:12,2025-02-10 11:03:52,39661.0,39563.0,10.0
270,1005,1,YMH5,266,Short,2,2025-02-10 09:46:13,2025-02-10 11:04:08,39661.0,39563.0,8.0
271,1001,3,MNQH5,,Short,6,2025-02-10 10:21:44,2025-02-10 11:43:28,20461.0,20486.5,6.0
272,1002,3,NQH5,271,Short,2,2025-02-10 10:21:47,2025-02-10 11:43:03,20460.75,20486.5,8.0
273,1003,3,MNQH5,271,Short,6,2025-02-10 10:21:44,2025-02-10 11:43:09,20461.0,20486.5,6.0
274,1005,3,NQH5,271,Short,2,2025-02-10 10:21:46,2025-02-10 11:43:01,20461.0,20486.5,8.0
275,1006,3,MNQH5,271,Short,6,2025-02-10 10:21:45,2025-02-10 11:43:02,20460.75,20486.5,6.0
276,1001,4,MGCJ5,,Long,5,2025-02-10 03:34:36,2025-02-10 04:23:31,2721.3,2716.1,5.0
277,1002,4,GCJ5,276,Long,1,2025-02-10 03:34:39,2025-02-10 04:23:04,2721.4,2716.1,4.0
278,1003,4,MGCJ5,276,Long,5,2025-02-10 03:34:37,2025-02-10 04:23:26,2721.3,2716.1,5.0
279,1004,4,MGCJ5,276,Long,5,2025-02-10 03:34:36,2025-02-10 04:22:42,2721.3,2716.1,5.0
280,1005,4,GCJ5,276,Long,1,2025-02-10 03:34:37,2025-02-10 04:22:52,2721.4,2716.1,4.0
281,1006,4,MGCJ5,276,Long,5,2025-02-10 03:34:38,2025-02-10 04:23:35,2721.3,2716.1,5.0
282,1001,3,MGCJ5,,Short,5,2025-02-11 10:36:42,2025-02-11 11:25:56,2722.5,2728.4,5.0
283,1002,3,GCJ5,282,Short,1,2025-02-11 10:36:44,2025-02-11 11:26:32,2722.5,2728.4,4.0
284,1003,3,MGCJ5,282,Short,5,2025-02-11 10:36:43,2025-02-11 11:26:02,2722.5,2728.4,5.0
285,1004,3,MGCJ5,282,Short,5,2025-02-11 10:36:44,2025-02-11 11:26:06,2722.5,2728.4,5.0
286,1005,3,GCJ5,282,Short,1,2025-02-11 10:36:42,2025-02-11 11:26:16,2722.5,2728.4,4.0
287,1006,3,MGCJ5,282,Short,5,2025-02-11 10:36:45,2025-02-11 11:25:49,2722.4,2728.4,5.0
288,1002,4,GCJ5,,Short,1,2025-02-11 03:19:18,2025-02-11 04:31:46,2709.6,2700.7,4.0
289,1003,4,MGCJ5,288,Short,5,2025-02-11 03:19:19,2025-02-11 04:32:02,2709.5,2700.82,5.0
290,1004,4,MGCJ5,288,Short,5,2025-02-11 03:19:20,2025-02-11 04:32:10,2709.6,2700.7,5.0
291,1005,4,GCJ5,288,Short,1,2025-02-11 03:19:20,2025-02-11 04:31:55,2709.6,2700.7,4.0
292,1006,4,MGCJ5,288,Short,5,2025-02-11 03:19:19,2025-02-11 04:31:43,2709.5,2700.7,5.0
293,1001,5,MESH5,,Short,10,2025-02-11 08:49:52,2025-02-11 08:56:40,6203.75,6209.25,10.0
294,1002,5,ESH5,293,Short,2,2025-02-11 08:49:53,2025-02-11 08:56:12,6203.75,6209.25,8.0
295,1003,5,MESH5,293,Short,10,2025-02-11 08:49:55,2025-02-11 08:56:43,6203.75,6209.25,10.0
296,1004,5,MESH5,293,Short,10,2025-02-11 08:49:55,2025-02-11 08:56:54,6203.75,6209.25,10.0
297,1005,5,ESH5,293,Short,2,2025-02-11 08:49:54,2025-02-11 08:56:04,6203.5,6209.5,8.0
298,1006,5,MESH5,293,Short,10,2025-02-11 08:49:55,2025-02-11 08:55:58,6203.75,6209.25,10.0
299,1001,1,MESH5,,Short,10,2025-02-12 10:04:39,2025-02-12 11:33:28,6150.0,6137.25,10.0
300,1002,1,ESH5,299,Short,2,2025-02-12 10:04:40,2025-02-12 11:33:02,6150.0,6137.25,8.0
301,1003,1,MESH5,299,Short,10,2025-02-12 10:04:42,2025-02-12 11:33:27,6149.75,6137.5,10.0
302,1004,1,MESH5,299,Short,10,2025-02-12 10:04:41,2025-02-12 11:33:26,6150.0,6137.25,10.0
303,1005,1,ESH5,299,Short,2,2025-02-12 10:04:42,2025-02-12 11:33:04,6149.75,6137.25,8.0
304,1006,1,MESH5,299,Short,10,2025-02-12 10:04:39,2025-02-12 11:33:09,6149.75,6137.5,10.0
305,1001,3,MCLJ5,,Short,10,2025-02-12 10:27:07,2025-02-12 10:59:55,60.98,61.29,10.0
306,1002,3,CLJ5,305,Short,2,2025-02-12 10:27:08,2025-02-12 10:59:30,60.98,61.29,8.0
307,1003,3,MCLJ5,305,Short,10,2025-02-12 10:27:09,2025-02-12 11:00:01,60.98,61.29,10.0
308,1004,3,MCLJ5,305,Short,10,2025-02-12 10:27:09,2025-02-12 11:00:01,60.97,61.29,10.0
309,1005,3,CLJ5,305,Short,2,2025-02-12 10:27:07,2025-02-12 11:00:04,60.98,61.29,8.0
310,1006,3,MCLJ5,305,Short,10,2025-02-12 10:27:10,2025-02-12 10:59:10,60.97,61.3,10.0
311,1001,4,MCLJ5,,Short,10,2025-02-12 03:24:20,2025-02-12 04:00:52,61.39,61.63,10.0
312,1002,4,CLJ5,311,Short,2,2025-02-12 03:24:23,2025-02-12 04:01:18,61.38,61.64,8.0
313,1003,4,MCLJ5,311,Short,10,2025-02-12 03:24:23,2025-02-12 04:01:19,61.39,61.63,10.0
314,1004,4,MCLJ5,311,Short,10,2025-02-12 03:24:22,2025-02-12 04:01:09,61.39,61.63,10.0
315,1005,4,CLJ5,311,Short,2,2025-02-12 03:24:20,2025-02-12 04:00:57,61.38,61.64,8.0
316,1006,4,MCLJ5,311,Short,10,2025-02-12 03:24:21,2025-02-12 04:00:21,61.38,61.63,10.0
317,1001,2,M2KH5,,Short,10,2025-02-13 12:21:25,2025-02-13 12:45:06,2098.7,2105.6,10.0
318,1002,2,RTYH5,317,Short,2,2025-02-13 12:21:27,2025-02-13 12:45:18,2098.6,2105.7,8.0
319,1004,2,M2KH5,317,Short,10,2025-02-13 12:21:28,2025-02-13 12:44:48,2098.7,2105.6,10.0
320,1005,2,RTYH5,317,Short,2,2025-02-13 12:21:26,2025-02-13 12:45:11,2098.7,2105.6,8.0
321,1006,2,M2KH5,317,Short,10,2025-02-13 12:21:26,2025-02-13 12:45:20,2098.6,2105.6,10.0
322,1001,3,MGCJ5,,Long,5,2025-02-13 10:30:09,2025-02-13 11:42:13,2691.4,2701.2,5.0
323,1002,3,GCJ5,322,Long,1,2025-02-13 10:30:09,2025-02-13 11:42:28,2691.5,2701.1,4.0
324,1003,3,MGCJ5,322,Long,5,2025-02-13 10:30:11,2025-02-13 11:42:54,2691.4,2701.2,5.0
325,1004,3,MGCJ5,322,Long,5,2025-02-13 10:30:12,2025-02-13 11:42:50,2691.4,2701.2,5.0
326,1001,4,MGCJ5,,Long,5,2025-02-13 03:17:34,2025-02-13 03:37:02,2688.1,2682.6,5.0
327,1002,4,GCJ5,326,Long,1,2025-02-13 03:17:36,2025-02-13 03:36:38,2688.2,2682.6,4.0
328,1003,4,MGCJ5,326,Long,5,2025-02-13 03:17:34,2025-02-13 03:37:09,2688.1,2682.6,5.0
329,1004,4,MGCJ5,326,Long,5,2025-02-13 03:17:37,2025-02-13 03:37:25,2688.2,2682.6,5.0
330,1005,4,GCJ5,326,Long,1,2025-02-13 03:17:36,2025-02-13 03:37:22,2688.2,2682.6,4.0
331,1006,4,MGCJ5,326,Long,5,2025-02-13 03:17:35,2025-02-13 03:37:16,2688.1,2682.6,5.0
332,1001,2,MESH5,,Long,10,2025-02-14 12:17:28,2025-02-14 12:26:28,6085.0,6078.0,10.0
333,1002,2,ESH5,332,Long,2,2025-02-14 12:17:29,2025-02-14 12:27:03,6085.25,6078.0,8.0
334,1003,2,MESH5,332,Long,10,2025-02-14 12:17:29,2025-02-14 12:26:33,6085.25,6078.0,10.0
335,1004,2,MESH5,332,Long,10,2025-02-14 12:17:29,2025-02-14 12:26:57,6085.25,6078.0,10.0
336,1005,2,ESH5,332,Long,2,2025-02-14 12:17:28,2025-02-14 12:26:43,6085.25,6077.75,8.0
337,1001,3,MGCJ5,,Short,5,2025-02-14 10:31:00,2025-02-14 12:05:37,2678.6,2685.7,5.0
338,1002,3,GCJ5,337,Short,1,2025-02-14 10:31:03,2025-02-14 12:05:08,2678.6,2685.7,4.0
339,1003,3,MGCJ5,337,Short,5,2025-02-14 10:31:02,2025-02-14 12:06:00,2678.6,2685.7,5.0
340,1004,3,MGCJ5,337,Short,5,2025-02-14 10:31:00,2025-02-14 12:05:49,2678.6,2685.7,5.0
341,1005,3,GCJ5,337,Short,1,2025-02-14 10:31:00,2025-02-14 12:05:17,2678.6,2685.7,4.0
342,1006,3,MGCJ5,337,Short,5,2025-02-14 10:31:02,2025-02-14 12:05:12,2678.6,2685.7,5.0
343,1001,4,MCLJ5,,Short,10,2025-02-14 03:29:15,2025-02-14 04:32:57,61.29,60.84,10.0
344,1002,4,CLJ5,343,Short,2,2025-02-14 03:29:16,2025-02-14 04:32:16,61.28,60.85,8.0
345,1003,4,MCLJ5,343,Short,10,2025-02-14 03:29:17,2025-02-14 04:32:37,61.29,60.84,10.0
346,1004,4,MCLJ5,343,Short,10,2025-02-14 03:29:15,2025-02-14 04:32:19,61.28,60.84,10.0
347,1005,4,CLJ5,343,Short,2,2025-02-14 03:29:15,2025-02-14 04:33:09,61.28,60.84,8.0
348,1006,4,MCLJ5,343,Short,10,2025-02-14 03:29:17,2025-02-14 04:32:22,61.29,60.84,10.0
349,1002,3,GCJ5,,Short,1,2025-02-17 10:30:22,2025-02-17 11:26:46,2688.8,2693.6,4.0
350,1003,3,MGCJ5,349,Short,5,2025-02-17 10:30:23,2025-02-17 11:26:38,2688.8,2693.6,5.0
351,1004,3,MGCJ5,349,Short,5,2025-02-17 10:30:23,2025-02-17 11:26:23,2688.8,2693.6,5.0
352,1005,3,GCJ5,349,Short,1,2025-02-17 10:30:24,2025-02-17 11:26:58,2688.8,2693.6,4.0
353,1006,3,MGCJ5,349,Short,5,2025-02-17 10:30:22,2025-02-17 11:26:31,2688.8,2693.6,5.0
354,1007,3,MGCJ5,349,Short,5,2025-02-17 10:30:25,2025-02-17 11:27:08,2688.7,2693.7,5.0
355,1002,1,NQH5,,Short,2,2025-02-18 09:58:24,2025-02-18 10:14:35,20255.5,20215.5,8.0
356,1003,1,MNQH5,355,Short,6,2025-02-18 09:58:24,2025-02-18 10:14:29,20255.5,20215.5,6.0
357,1004,1,MNQH5,355,Short,6,2025-02-18 09:58:24,2025-02-18 10:14:27,20255.5,20215.5,6.0
358,1005,1,NQH5,355,Short,2,2025-02-18 09:58:24,2025-02-18 10:14:31,20255.5,20215.5,8.0
359,1006,1,MNQH5,355,Short,6,2025-02-18 09:58:24,2025-02-18 10:15:23,20255.5,20215.5,6.0
360,1007,1,MNQH5,355,Short,6,2025-02-18 09:58:24,2025-02-18 10:15:15,20255.5,20215.5,6.0
361,1002,3,GCJ5,,Long,1,2025-02-18 10:30:33,2025-02-18 11:35:27,2695.3,2689.0,4.0
362,1003,3,MGCJ5,361,Long,5,2025-02-18 10:30:34,2025-02-18 11:34:43,2695.4,2689.0,5.0
363,1004,3,MGCJ5,361,Long,5,2025-02-18 10:30:35,2025-02-18 11:34:43,2695.3,2689.0,5.0
364,1005,3,GCJ5,361,Long,1,2025-02-18 10:30:35,2025-02-18 11:35:26,2695.3,2689.0,4.0
365,1006,3,MGCJ5,361,Long,5,2025-02-18 10:30:35,2025-02-18 11:35:10,2695.4,2688.9,5.0
366,1007,3,MGCJ5,361,Long,5,2025-02-18 10:30:33,2025-02-18 11:34:58,2695.3,2689.0,5.0
367,1002,4,CLJ5,,Long,2,2025-02-18 03:18:05,2025-02-18 04:34:11,59.81,59.57,8.0
368,1003,4,MCLJ5,367,Long,10,2025-02-18 03:18:08,2025-02-18 04:34:45,59.81,59.57,10.0
369,1004,4,MCLJ5,367,Long,10,2025-02-18 03:18:06,2025-02-18 04:34:08,59.81,59.57,10.0
370,1006,4,MCLJ5,367,Long,10,2025-02-18 03:18:05,2025-02-18 04:34:37,59.82,59.56,10.0
371,1007,4,MCLJ5,367,Long,10,2025-02-18 03:18:08,2025-02-18 04:34:19,59.81,59.57,10.0
372,1002,1,NQH5,,Short,2,2025-02-19 09:57:27,2025-02-19 11:14:10,20423.5,20452.5,8.0
373,1003,1,MNQH5,372,Short,6,2025-02-19 09:57:30,2025-02-19 11:14:24,20423.5,20452.5,6.0
374,1004,1,MNQH5,372,Short,6,2025-02-19 09:57:30,2025-02-19 11:13:58,20423.25,20452.75,6.0
375,1005,1,NQH5,372,Short,2,2025-02-19 09:57:30,2025-02-19 11:13:50,20423.5,20452.5,8.0
376,1006,1,MNQH5,372,Short,6,2025-02-19 09:57:29,2025-02-19 11:13:36,20423.5,20452.5,6.0
377,1007,1,MNQH5,372,Short,6,2025-02-19 09:57:27,2025-02-19 11:14:00,20423.5,20452.5,6.0
378,1002,2,RTYH5,,Short,2,2025-02-19 12:11:21,2025-02-19 12:37:00,2080.1,2074.9,8.0
379,1003,2,M2KH5,378,Short,10,2025-02-19 12:11:21,2025-02-19 12:37:18,2080.1,2074.9,10.0
380,1004,2,M2KH5,378,Short,10,2025-02-19 12:11:24,2025-02-19 12:37:13,2080.0,2075.0,10.0
381,1002,4,CLJ5,,Short,2,2025-02-19 03:20:16,2025-02-19 03:34:29,58.39,57.89,8.0
382,1003,4,MCLJ5,381,Short,10,2025-02-19 03:20:19,2025-02-19 03:34:56,58.38,57.9,10.0
383,1004,4,MCLJ5,381,Short,10,2025-02-19 03:20:18,2025-02-19 03:35:04,58.38,57.9,10.0
384,1005,4,CLJ5,381,Short,2,2025-02-19 03:20:16,2025-02-19 03:34:39,58.38,57.9,8.0
385,1006,4,MCLJ5,381,Short,10,2025-02-19 03:20:18,2025-02-19 03:34:35,58.38,57.9,10.0
386,1007,4,MCLJ5,381,Short,10,2025-02-19 03:20:16,2025-02-19 03:35:06,58.39,57.89,10.0
387,1002,2,ESH5,,Short,2,2025-02-20 12:24:15,2025-02-20 12:40:22,6236.25,6230.25,8.0
388,1003,2,MESH5,387,Short,10,2025-02-20 12:24:18,2025-02-20 12:41:00,6236.25,6230.25,10.0
389,1004,2,MESH5,387,Short,10,2025-02-20 12:24:16,2025-02-20 12:40:33,6236.25,6230.25,10.0
390,1005,2,ESH5,387,Short,2,2025-02-20 12:24:15,2025-02-20 12:40:22,6236.25,6230.25,8.0
391,1006,2,MESH5,387,Short,10,2025-02-20 12:24:17,2025-02-20 12:40:32,6236.25,6230.25,10.0
392,1007,2,MESH5,387,Short,10,2025-02-20 12:24:15,2025-02-20 12:40:16,6236.25,6230.25,10.0
393,1002,3,CLJ5,,Short,2,2025-02-20 10:36:33,2025-02-20 11:38:39,58.73,59.06,8.0
394,1003,3,MCLJ5,393,Short,10,2025-02-20 10:36:36,2025-02-20 11:39:34,58.73,59.06,10.0
395,1004,3,MCLJ5,393,Short,10,2025-02-20 10:36:34,2025-02-20 11:38:47,58.73,59.06,10.0
396,1005,3,CLJ5,393,Short,2,2025-02-20 10:36:33,2025-02-20 11:39:16,58.73,59.06,8.0
397,1006,3,MCLJ5,393,Short,10,2025-02-20 10:36:33,2025-02-20 11:39:20,58.73,59.06,10.0
398,1007,3,MCLJ5,393,Short,10,2025-02-20 10:36:34,2025-02-20 11:38:49,58.72,59.07,10.0
399,1002,1,NQH5,,Long,2,2025-02-21 10:05:05,2025-02-21 11:35:20,20250.75,20224.75,8.0
400,1003,1,MNQH5,399,Long,6,2025-02-21 10:05:05,2025-02-21 11:35:28,20250.75,20224.75,6.0
401,1004,1,MNQH5,399,Long,6,2025-02-21 10:05:05,2025-02-21 11:35:31,20250.75,20224.75,6.0
402,1006,1,MNQH5,399,Long,6,2025-02-21 10:05:07,2025-02-21 11:35:11,20250.75,20224.75,6.0
403,1007,1,MNQH5,399,Long,6,2025-02-21 10:05:07,2025-02-21 11:35:49,20250.75,20224.75,6.0
404,1002,4,GCJ5,,Long,1,2025-02-21 03:34:40,2025-02-21 04:15:53,2718.2,2727.2,4.0
405,1003,4,MGCJ5,404,Long,5,2025-02-21 03:34:41,2025-02-21 04:15:43,2718.3,2727.1,5.0
406,1004,4,MGCJ5,404,Long,5,2025-02-21 03:34:42,2025-02-21 04:16:23,2718.3,2727.1,5.0
407,1005,4,GCJ5,404,Long,1,2025-02-21 03:34:41,2025-02-21 04:16:24,2718.2,2727.2,4.0
408,1002,1,NQH5,,Short,2,2025-02-24 09:59:43,2025-02-24 10:28:19,20142.75,20101.25,8.0
409,1003,1,MNQH5,408,Short,6,2025-02-24 09:59:44,2025-02-24 10:27:58,20142.5,20101.5,6.0
410,1004,1,MNQH5,408,Short,6,2025-02-24 09:59:45,2025-02-24 10:28:05,20142.75,20101.25,6.0
411,1005,1,NQH5,408,Short,2,2025-02-24 09:59:46,2025-02-24 10:27:56,20142.75,20101.25,8.0
412,1006,1,MNQH5,408,Short,6,2025-02-24 09:59:46,2025-02-24 10:28:29,20142.75,20101.25,6.0
413,1007,1,MNQH5,408,Short,6,2025-02-24 09:59:44,2025-02-24 10:27:44,20142.75,20101.25,6.0
414,1002,3,CLJ5,,Short,2,2025-02-24 10:23:38,2025-02-24 11:14:55,55.96,56.32,8.0
415,1003,3,MCLJ5,414,Short,10,2025-02-24 10:23:38,2025-02-24 11:14:49,55.96,56.32,10.0
416,1004,3,MCLJ5,414,Short,10,2025-02-24 10:23:38,2025-02-24 11:14:56,55.96,56.32,10.0
417,1005,3,CLJ5,414,Short,2,2025-02-24 10:23:40,2025-02-24 11:14:41,55.95,56.32,8.0
418,1006,3,MCLJ5,414,Short,10,2025-02-24 10:23:41,2025-02-24 11:14:46,55.96,56.32,10.0
419,1007,3,MCLJ5,414,Short,10,2025-02-24 10:23:41,2025-02-24 11:15:08,55.96,56.32,10.0
420,1002,4,CLJ5,,Long,2,2025-02-24 03:28:52,2025-02-24 03:59:39,55.97,55.72,8.0
421,1003,4,MCLJ5,420,Long,10,2025-02-24 03:28:54,2025-02-24 03:58:57,55.97,55.72,10.0
422,1005,4,CLJ5,420,Long,2,2025-02-24 03:28:53,2025-02-24 03:59:20,55.98,55.72,8.0
423,1007,4,MCLJ5,420,Long,10,2025-02-24 03:28:52,2025-02-24 03:59:14,55.97,55.72,10.0
424,1002,1,NQH5,,Long,2,2025-02-25 09:47:57,2025-02-25 10:43:48,20436.0,20473.0,8.0
425,1003,1,MNQH5,424,Long,6,2025-02-25 09:48:00,2025-02-25 10:43:15,20436.25,20473.0,6.0
426,1004,1,MNQH5,424,Long,6,2025-02-25 09:47:59,2025-02-25 10:43:05,20436.25,20472.75,6.0
427,1005,1,NQH5,424,Long,2,2025-02-25 09:47:59,2025-02-25 10:43:46,20436.0,20473.0,8.0
428,1006,1,MNQH5,424,Long,6,2025-02-25 09:47:57,2025-02-25 10:43:35,20436.0,20473.0,6.0
429,1007,1,MNQH5,424,Long,6,2025-02-25 09:48:00,2025-02-25 10:43:49,20436.25,20472.75,6.0
430,1002,2,ESH5,,Short,2,2025-02-25 12:26:46,2025-02-25 12:36:19,6247.0,6241.75,8.0
431,1003,2,MESH5,430,Short,10,2025-02-25 12:26:48,2025-02-25 12:36:03,6247.0,6241.75,10.0
432,1004,2,MESH5,430,Short,10,2025-02-25 12:26:46,2025-02-25 12:36:05,6246.75,6241.75,10.0
433,1005,2,ESH5,430,Short,2,2025-02-25 12:26:48,2025-02-25 12:36:35,6247.0,6241.75,8.0
434,1006,2,MESH5,430,Short,10,2025-02-25 12:26:47,2025-02-25 12:35:49,6247.0,6241.75,10.0
435,1007,2,MESH5,430,Short,10,2025-02-25 12:26:46,2025-02-25 12:36:15,6246.75,6241.75,10.0
436,1002,3,GCJ5,,Long,1,2025-02-25 10:36:49,2025-02-25 11:24:09,2735.1,2729.9,4.0
437,1003,3,MGCJ5,436,Long,5,2025-02-25 10:36:52,2025-02-25 11:24:07,2735.2,2729.8,5.0
438,1004,3,MGCJ5,436,Long,5,2025-02-25 10:36:49,2025-02-25 11:24:19,2735.1,2729.9,5.0
439,1005,3,GCJ5,436,Long,1,2025-02-25 10:36:50,2025-02-25 11:24:39,2735.1,2729.9,4.0
440,1006,3,MGCJ5,436,Long,5,2025-02-25 10:36:50,2025-02-25 11:24:27,2735.1,2729.9,5.0
441,1007,3,MGCJ5,436,Long,5,2025-02-25 10:36:49,2025-02-25 11:24:25,2735.2,2729.9,5.0
442,1002,4,GCJ5,,Long,1,2025-02-25 03:31:47,2025-02-25 04:32:24,2739.0,2733.0,4.0
443,1003,4,MGCJ5,442,Long,5,2025-02-25 03:31:50,2025-02-25 04:32:19,2739.1,2732.9,5.0
444,1004,4,MGCJ5,442,Long,5,2025-02-25 03:31:47,2025-02-25 04:32:14,2739.0,2733.0,5.0
445,1005,4,GCJ5,442,Long,1,2025-02-25 03:31:49,2025-02-25 04:32:31,2739.1,2733.0,4.0
446,1006,4,MGCJ5,442,Long,5,2025-02-25 03:31:50,2025-02-25 04:31:54,2739.0,2733.0,5.0
447,1007,4,MGCJ5,442,Long,5,2025-02-25 03:31:47,2025-02-25 04:32:18,2739.0,2733.0,5.0
448,1002,1,NQH5,,Short,2,2025-02-26 10:03:49,2025-02-26 10:42:32,20940.5,20962.0,8.0
449,1003,1,MNQH5,448,Short,6,2025-02-26 10:03:49,2025-02-26 10:41:58,20940.5,20962.0,6.0
450,1004,1,MNQH5,448,Short,6,2025-02-26 10:03:49,2025-02-26 10:42:05,20940.25,20962.0,6.0
451,1005,1,NQH5,448,Short,2,2025-02-26 10:03:49,2025-02-26 10:42:26,20940.5,20962.0,8.0
452,1006,1,MNQH5,448,Short,6,2025-02-26 10:03:50,2025-02-26 10:41:51,20940.25,20962.0,6.0
453,1007,1,MNQH5,448,Short,6,2025-02-26 10:03:50,2025-02-26 10:42:24,20940.5,20962.0,6.0
454,1002,2,RTYH5,,Short,2,2025-02-26 12:13:58,2025-02-26 12:28:01,2010.0,2016.6,8.0
455,1003,2,M2KH5,454,Short,10,2025-02-26 12:13:59,2025-02-26 12:28:13,2009.9,2016.7,10.0
456,1004,2,M2KH5,454,Short,10,2025-02-26 12:14:00,2025-02-26 12:28:02,2010.0,2016.6,10.0
457,1005,2,RTYH5,454,Short,2,2025-02-26 12:14:00,2025-02-26 12:28:51,2009.9,2016.7,8.0
458,1006,2,M2KH5,454,Short,10,2025-02-26 12:14:01,2025-02-26 12:28:17,2010.0,2016.6,10.0
459,1007,2,M2KH5,454,Short,10,2025-02-26 12:13:58,2025-02-26 12:28:26,2010.0,2016.6,10.0
460,1002,2,RTYH5,,Long,2,2025-02-27 12:17:58,2025-02-27 12:42:45,2018.4,2022.3,8.0
461,1003,2,M2KH5,460,Long,10,2025-02-27 12:17:58,2025-02-27 12:42:44,2018.4,2022.3,10.0
462,1004,2,M2KH5,460,Long,10,2025-02-27 12:18:00,2025-02-27 12:42:42,2018.5,2022.3,10.0
463,1005,2,RTYH5,460,Long,2,2025-02-27 12:18:00,2025-02-27 12:42:29,2018.4,2022.3,8.0
464,1006,2,M2KH5,460,Long,10,2025-02-27 12:18:00,2025-02-27 12:42:48,2018.4,2022.3,10.0
465,1007,2,M2KH5,460,Long,10,2025-02-27 12:17:59,2025-02-27 12:42:54,2018.4,2022.3,10.0
466,1002,3,NQH5,,Long,2,2025-02-27 10:39:19,2025-02-27 11:10:26,21137.5,21189.5,8.0
467,1003,3,MNQH5,466,Long,6,2025-02-27 10:39:21,2025-02-27 11:10:30,21137.5,21189.5,6.0
468,1004,3,MNQH5,466,Long,6,2025-02-27 10:39:20,2025-02-27 11:11:08,21137.75,21189.5,6.0
469,1005,3,NQH5,466,Long,2,2025-02-27 10:39:22,2025-02-27 11:11:13,21137.75,21189.25,8.0
470,1006,3,MNQH5,466,Long,6,2025-02-27 10:39:20,2025-02-27 11:10:40,21137.5,21189.5,6.0
471,1007,3,MNQH5,466,Long,6,2025-02-27 10:39:22,2025-02-27 11:10:42,21137.75,21189.5,6.0
472,1002,4,CLJ5,,Short,2,2025-02-27 03:34:30,2025-02-27 04:53:49,55.54,55.03,8.0
473,1003,4,MCLJ5,472,Short,10,2025-02-27 03:34:32,2025-02-27 04:54:19,55.54,55.03,10.0
474,1004,4,MCLJ5,472,Short,10,2025-02-27 03:34:31,2025-02-27 04:53:58,55.54,55.03,10.0
475,1005,4,CLJ5,472,Short,2,2025-02-27 03:34:33,2025-02-27 04:54:30,55.54,55.03,8.0
476,1006,4,MCLJ5,472,Short,10,2025-02-27 03:34:33,2025-02-27 04:54:04,55.53,55.04,10.0
477,1007,4,MCLJ5,472,Short,10,2025-02-27 03:34:30,2025-02-27 04:53:50,55.53,55.03,10.0
478,1002,2,RTYH5,,Short,2,2025-02-28 12:10:43,2025-02-28 12:18:43,2051.6,2057.6,8.0
479,1003,2,M2KH5,478,Short,10,2025-02-28 12:10:43,2025-02-28 12:19:06,2051.5,2057.7,10.0
480,1004,2,M2KH5,478,Short,10,2025-02-28 12:10:44,2025-02-28 12:19:21,2051.6,2057.6,10.0
481,1005,2,RTYH5,478,Short,2,2025-02-28 12:10:45,2025-02-28 12:19:37,2051.5,2057.6,8.0
482,1006,2,M2KH5,478,Short,10,2025-02-28 12:10:44,2025-02-28 12:18:55,2051.5,2057.6,10.0
483,1007,2,M2KH5,478,Short,10,2025-02-28 12:10:45,2025-02-28 12:19:16,2051.6,2057.6,10.0
484,1002,3,GCJ5,,Short,1,2025-02-28 10:23:11,2025-02-28 10:46:26,2817.6,2803.5,4.0
485,1003,3,MGCJ5,484,Short,5,2025-02-28 10:23:12,2025-02-28 10:46:41,2817.6,2803.52,5.0
486,1004,3,MGCJ5,484,Short,5,2025-02-28 10:23:14,2025-02-28 10:46:55,2817.6,2803.5,5.0
487,1006,3,MGCJ5,484,Short,5,2025-02-28 10:23:12,2025-02-28 10:46:48,2817.6,2803.5,5.0
488,1007,3,MGCJ5,484,Short,5,2025-02-28 10:23:12,2025-02-28 10:46:31,2817.6,2803.5,5.0
489,1002,4,GCJ5,,Short,1,2025-02-28 03:16:34,2025-02-28 04:12:56,2809.4,2815.9,4.0
490,1005,4,GCJ5,489,Short,1,2025-02-28 03:16:34,2025-02-28 04:12:51,2809.3,2815.9,4.0
491,1006,4,MGCJ5,489,Short,5,2025-02-28 03:16:36,2025-02-28 04:12:47,2809.3,2815.9,5.0
492,1007,4,MGCJ5,489,Short,5,2025-02-28 03:16:37,2025-02-28 04:13:15,2809.4,2815.9,5.0
493,1002,2,ESH5,,Short,2,2025-03-03 12:28:37,2025-03-03 12:46:43,6036.0,6031.0,8.0
494,1003,2,MESH5,493,Short,10,2025-03-03 12:28:39,2025-03-03 12:47:15,6036.0,6031.0,10.0
495,1004,2,MESH5,493,Short,10,2025-03-03 12:28:40,2025-03-03 12:47:03,6035.75,6031.0,10.0
496,1005,2,ESH5,493,Short,2,2025-03-03 12:28:37,2025-03-03 12:46:46,6035.75,6031.0,8.0
497,1006,2,MESH5,493,Short,10,2025-03-03 12:28:39,2025-03-03 12:47:29,6036.0,6031.0,10.0
498,1007,2,MESH5,493,Short,10,2025-03-03 12:28:39,2025-03-03 12:47:06,6035.75,6031.25,10.0
499,1002,4,CLJ5,,Short,2,2025-03-03 03:28:13,2025-03-03 04:22:49,53.11,53.39,8.0
500,1003,4,MCLJ5,499,Short,10,2025-03-03 03:28:14,2025-03-03 04:22:44,53.11,53.39,10.0
501,1004,4,MCLJ5,499,Short,10,2025-03-03 03:28:13,2025-03-03 04:22:26,53.1,53.4,10.0
502,1005,4,CLJ5,499,Short,2,2025-03-03 03:28:16,2025-03-03 04:22:51,53.11,53.39,8.0
503,1006,4,MCLJ5,499,Short,10,2025-03-03 03:28:14,2025-03-03 04:22:50,53.11,53.39,10.0
504,1007,4,MCLJ5,499,Short,10,2025-03-03 03:28:15,2025-03-03 04:23:07,53.11,53.39,10.0
505,1002,1,ESH5,,Short,2,2025-03-05 09:52:03,2025-03-05 10:48:51,6225.25,6217.0,8.0
506,1004,1,MESH5,505,Short,10,2025-03-05 09:52:05,2025-03-05 10:48:19,6225.25,6217.0,10.0
507,1005,1,ESH5,505,Short,2,2025-03-05 09:52:03,2025-03-05 10:48:33,6225.0,6217.0,8.0
508,1006,1,MESH5,505,Short,10,2025-03-05 09:52:06,2025-03-05 10:48:23,6225.25,6217.0,10.0
509,1007,1,MESH5,505,Short,10,2025-03-05 09:52:04,2025-03-05 10:48:07,6225.25,6217.0,10.0
510,1003,4,MGCJ5,,Short,5,2025-03-05 03:25:34,2025-03-05 04:57:18,2760.1,2751.5,5.0
511,1004,4,MGCJ5,510,Short,5,2025-03-05 03:25:37,2025-03-05 04:57:24,2760.1,2751.48,5.0
512,1005,4,GCJ5,510,Short,1,2025-03-05 03:25:35,2025-03-05 04:56:51,2760.1,2751.5,4.0
513,1007,4,MGCJ5,510,Short,5,2025-03-05 03:25:35,2025-03-05 04:57:11,2760.0,2751.5,5.0
514,1002,1,NQH5,,Long,2,2025-03-06 09:49:43,2025-03-06 10:01:49,20358.25,20333.75,8.0
515,1004,1,MNQH5,514,Long,6,2025-03-06 09:49:43,2025-03-06 10:02:28,20358.25,20333.75,6.0
516,1005,1,NQH5,514,Long,2,2025-03-06 09:49:46,2025-03-06 10:01:57,20358.5,20333.5,8.0
517,1006,1,MNQH5,514,Long,6,2025-03-06 09:49:45,2025-03-06 10:02:10,20358.25,20333.75,6.0
518,1007,1,MNQH5,514,Long,6,2025-03-06 09:49:43,2025-03-06 10:02:09,20358.5,20333.5,6.0
519,1008,1,MNQH5,514,Long,6,2025-03-06 09:49:43,2025-03-06 10:01:58,20358.25,20333.75,6.0
520,1009,1,MNQH5,514,Long,6,2025-03-06 09:49:44,2025-03-06 10:02:35,20358.25,20333.75,6.0
521,1002,2,ESH5,,Short,2,2025-03-06 12:20:09,2025-03-06 12:42:18,6223.5,6228.25,8.0
522,1004,2,MESH5,521,Short,10,2025-03-06 12:20:12,2025-03-06 12:42:22,6223.5,6228.25,10.0
523,1005,2,ESH5,521,Short,2,2025-03-06 12:20:10,2025-03-06 12:42:17,6223.5,6228.25,8.0
524,1006,2,MESH5,521,Short,10,2025-03-06 12:20:11,2025-03-06 12:42:54,6223.5,6228.25,10.0
525,1007,2,MESH5,521,Short,10,2025-03-06 12:20:12,2025-03-06 12:43:01,6223.5,6228.25,10.0
526,1008,2,MESH5,521,Short,10,2025-03-06 12:20:11,2025-03-06 12:42:21,6223.25,6228.5,10.0
527,1009,2,MESH5,521,Short,10,2025-03-06 12:20:09,2025-03-06 12:42:53,6223.25,6228.25,10.0
528,1002,3,NQH5,,Long,2,2025-03-06 10:25:51,2025-03-06 11:22:27,20157.0,20135.5,8.0
529,1004,3,MNQH5,528,Long,6,2025-03-06 10:25:51,2025-03-06 11:22:29,20157.0,20135.5,6.0
530,1005,3,NQH5,528,Long,2,2025-03-06 10:25:52,2025-03-06 11:22:00,20157.0,20135.5,8.0
531,1006,3,MNQH5,528,Long,6,2025-03-06 10:25:53,2025-03-06 11:21:54,20157.0,20135.5,6.0
532,1007,3,MNQH5,528,Long,6,2025-03-06 10:25:54,2025-03-06 11:22:11,20157.25,20135.5,6.0
533,1008,3,MNQH5,528,Long,6,2025-03-06 10:25:52,2025-03-06 11:22:22,20157.0,20135.5,6.0
534,1009,3,MNQH5,528,Long,6,2025-03-06 10:25:54,2025-03-06 11:22:05,20157.25,20135.25,6.0
535,1002,4,GCJ5,,Long,1,2025-03-07 03:15:37,2025-03-07 03:40:08,2765.9,2773.6,4.0
536,1004,4,MGCJ5,535,Long,5,2025-03-07 03:15:37,2025-03-07 03:40:07,2766.0,2773.5,5.0
537,1005,4,GCJ5,535,Long,1,2025-03-07 03:15:40,2025-03-07 03:40:30,2766.0,2773.6,4.0
538,1006,4,MGCJ5,535,Long,5,2025-03-07 03:15:37,2025-03-07 03:40:13,2765.9,2773.62,5.0
539,1007,4,MGCJ5,535,Long,5,2025-03-07 03:15:39,2025-03-07 03:39:53,2766.0,2773.5,5.0
540,1008,4,MGCJ5,535,Long,5,2025-03-07 03:15:40,2025-03-07 03:40:28,2765.9,2773.6,5.0
541,1009,4,MGCJ5,535,Long,5,2025-03-07 03:15:37,2025-03-07 03:40:24,2766.0,2773.5,5.0
542,1002,5,NQH5,,Short,2,2025-03-07 08:43:24,2025-03-07 08:57:27,20588.5,20561.75,8.0
543,1004,5,MNQH5,542,Short,6,2025-03-07 08:43:26,2025-03-07 08:57:44,20588.5,20561.75,6.0
544,1006,5,MNQH5,542,Short,6,2025-03-07 08:43:26,2025-03-07 08:57:59,20588.5,20561.75,6.0
545,1007,5,MNQH5,542,Short,6,2025-03-07 08:43:27,2025-03-07 08:57:41,20588.5,20561.75,6.0
546,1008,5,MNQH5,542,Short,6,2025-03-07 08:43:25,2025-03-07 08:57:56,20588.5,20561.75,6.0
547,1009,5,MNQH5,542,Short,6,2025-03-07 08:43:24,2025-03-07 08:57:26,20588.5,20561.75,6.0
548,1002,2,ESH5,,Short,2,2025-03-10 12:13:21,2025-03-10 12:17:33,6209.25,6215.0,8.0
549,1006,2,MESH5,548,Short,10,2025-03-10 12:13:23,2025-03-10 12:17:57,6209.0,6215.0,10.0
550,1007,2,MESH5,548,Short,10,2025-03-10 12:13:22,2025-03-10 12:17:37,6209.0,6215.25,10.0
551,1008,2,MESH5,548,Short,10,2025-03-10 12:13:24,2025-03-10 12:17:34,6209.25,6215.0,10.0
552,1009,2,MESH5,548,Short,10,2025-03-10 12:13:24,2025-03-10 12:18:05,6209.25,6215.0,10.0
553,1002,4,GCJ5,,Short,1,2025-03-10 03:17:14,2025-03-10 03:44:22,2742.3,2748.3,4.0
554,1004,4,MGCJ5,553,Short,5,2025-03-10 03:17:16,2025-03-10 03:44:59,2742.3,2748.3,5.0
555,1005,4,GCJ5,553,Short,1,2025-03-10 03:17:16,2025-03-10 03:44:41,2742.2,2748.4,4.0
556,1006,4,MGCJ5,553,Short,5,2025-03-10 03:17:14,2025-03-10 03:44:25,2742.3,2748.3,5.0
557,1007,4,MGCJ5,553,Short,5,2025-03-10 03:17:17,2025-03-10 03:44:53,2742.3,2748.3,5.0
558,1008,4,MGCJ5,553,Short,5,2025-03-10 03:17:15,2025-03-10 03:44:21,2742.3,2748.3,5.0
559,1009,4,MGCJ5,553,Short,5,2025-03-10 03:17:15,2025-03-10 03:44:54,2742.3,2748.3,5.0
560,1002,2,ESH5,,Long,2,2025-03-11 12:28:57,2025-03-11 12:44:08,6213.5,6218.75,8.0
561,1004,2,MESH5,560,Long,10,2025-03-11 12:29:00,2025-03-11 12:44:42,6213.75,6218.5,10.0
562,1005,2,ESH5,560,Long,2,2025-03-11 12:28:58,2025-03-11 12:44:48,6213.5,6218.75,8.0
563,1006,2,MESH5,560,Long,10,2025-03-11 12:29:00,2025-03-11 12:44:41,6213.5,6218.75,10.0
564,1007,2,MESH5,560,Long,10,2025-03-11 12:28:58,2025-03-11 12:44:15,6213.75,6218.75,10.0
565,1008,2,MESH5,560,Long,10,2025-03-11 12:29:00,2025-03-11 12:44:06,6213.5,6218.75,10.0
566,1009,2,MESH5,560,Long,10,2025-03-11 12:28:57,2025-03-11 12:44:36,6213.5,6218.75,10.0
567,1002,3,CLJ5,,Short,2,2025-03-11 10:33:39,2025-03-11 11:11:49,53.73,54.08,8.0
568,1004,3,MCLJ5,567,Short,10,2025-03-11 10:33:40,2025-03-11 11:12:24,53.73,54.08,10.0
569,1005,3,CLJ5,567,Short,2,2025-03-11 10:33:39,2025-03-11 11:11:56,53.73,54.08,8.0
570,1006,3,MCLJ5,567,Short,10,2025-03-11 10:33:40,2025-03-11 11:12:16,53.72,54.08,10.0
571,1007,3,MCLJ5,567,Short,10,2025-03-11 10:33:40,2025-03-11 11:12:00,53.72,54.09,10.0
572,1008,3,MCLJ5,567,Short,10,2025-03-11 10:33:41,2025-03-11 11:11:43,53.73,54.08,10.0
573,1009,3,MCLJ5,567,Short,10,2025-03-11 10:33:42,2025-03-11 11:12:17,53.73,54.08,10.0
574,1002,5,ESH5,,Short,2,2025-03-11 08:47:40,2025-03-11 09:03:51,6236.5,6241.75,8.0
575,1004,5,MESH5,574,Short,10,2025-03-11 08:47:41,2025-03-11 09:04:00,6236.5,6241.75,10.0
576,1006,5,MESH5,574,Short,10,2025-03-11 08:47:41,2025-03-11 09:03:59,6236.5,6241.75,10.0
577,1007,5,MESH5,574,Short,10,2025-03-11 08:47:41,2025-03-11 09:03:52,6236.5,6241.75,10.0
578,1008,5,MESH5,574,Short,10,2025-03-11 08:47:43,2025-03-11 09:04:01,6236.25,6241.75,10.0
579,1009,5,MESH5,574,Short,10,2025-03-11 08:47:40,2025-03-11 09:03:49,6236.25,6242.0,10.0
580,1002,1,NQH5,,Long,2,2025-03-12 09:53:27,2025-03-12 10:03:57,21608.25,21580.25,8.0
581,1004,1,MNQH5,580,Long,6,2025-03-12 09:53:29,2025-03-12 10:04:03,21608.25,21580.25,6.0
582,1005,1,NQH5,580,Long,2,2025-03-12 09:53:27,2025-03-12 10:04:20,21608.5,21580.25,8.0
583,1006,1,MNQH5,580,Long,6,2025-03-12 09:53:30,2025-03-12 10:03:38,21608.25,21580.25,6.0
584,1007,1,MNQH5,580,Long,6,2025-03-12 09:53:29,2025-03-12 10:04:05,21608.5,21580.25,6.0
585,1009,1,MNQH5,580,Long,6,2025-03-12 09:53:28,2025-03-12 10:03:58,21608.25,21580.25,6.0
586,1002,3,NQH5,,Short,2,2025-03-12 10:23:54,2025-03-12 11:24:38,21461.0,21484.5,8.0
587,1004,3,MNQH5,586,Short,6,2025-03-12 10:23:57,2025-03-12 11:24:33,21460.75,21484.5,6.0
588,1005,3,NQH5,586,Short,2,2025-03-12 10:23:55,2025-03-12 11:24:37,21460.75,21484.5,8.0
589,1006,3,MNQH5,586,Short,6,2025-03-12 10:23:55,2025-03-12 11:24:20,21461.0,21484.5,6.0
590,1008,3,MNQH5,586,Short,6,2025-03-12 10:23:56,2025-03-12 11:24:32,21461.0,21484.5,6.0
591,1009,3,MNQH5,586,Short,6,2025-03-12 10:23:54,2025-03-12 11:24:46,21461.0,21484.5,6.0
592,1002,4,CLK5,,Short,2,2025-03-12 03:16:26,2025-03-12 04:18:52,54.95,54.36,8.0
593,1004,4,MCLK5,592,Short,10,2025-03-12 03:16:27,2025-03-12 04:18:58,54.95,54.36,10.0
594,1005,4,CLK5,592,Short,2,2025-03-12 03:16:28,2025-03-12 04:18:32,54.95,54.36,8.0
595,1006,4,MCLK5,592,Short,10,2025-03-12 03:16:29,2025-03-12 04:18:34,54.94,54.37,10.0
596,1007,4,MCLK5,592,Short,10,2025-03-12 03:16:29,2025-03-12 04:19:05,54.94,54.37,10.0
597,1008,4,MCLK5,592,Short,10,2025-03-12 03:16:26,2025-03-12 04:18:46,54.95,54.36,10.0
598,1009,4,MCLK5,592,Short,10,2025-03-12 03:16:26,2025-03-12 04:19:00,54.95,54.36,10.0
599,1002,1,YMM5,,Long,2,2025-03-13 09:55:34,2025-03-13 10:07:33,40647.0,40581.0,8.0
600,1004,1,MYMM5,599,Long,10,2025-03-13 09:55:37,2025-03-13 10:07:11,40647.0,40581.0,10.0
601,1005,1,YMM5,599,Long,2,2025-03-13 09:55:37,2025-03-13 10:06:41,40647.0,40581.0,8.0
602,1006,1,MYMM5,599,Long,10,2025-03-13 09:55:34,2025-03-13 10:06:41,40647.0,40581.0,10.0
603,1007,1,MYMM5,599,Long,10,2025-03-13 09:55:35,2025-03-13 10:06:49,40647.0,40581.0,10.0
604,1008,1,MYMM5,599,Long,10,2025-03-13 09:55:34,2025-03-13 10:07:21,40648.0,40581.0,10.0
605,1009,1,MYMM5,599,Long,10,2025-03-13 09:55:37,2025-03-13 10:06:53,40647.0,40581.0,10.0
606,1002,2,ESM5,,Short,2,2025-03-13 12:15:16,2025-03-13 12:23:59,6178.25,6185.0,8.0
607,1004,2,MESM5,606,Short,10,2025-03-13 12:15:19,2025-03-13 12:23:47,6178.25,6185.0,10.0
608,1005,2,ESM5,606,Short,2,2025-03-13 12:15:18,2025-03-13 12:23:35,6178.25,6185.0,8.0
609,1006,2,MESM5,606,Short,10,2025-03-13 12:15:17,2025-03-13 12:23:48,6178.25,6185.0,10.0
610,1008,2,MESM5,606,Short,10,2025-03-13 12:15:17,2025-03-13 12:23:19,6178.25,6185.0,10.0
611,1002,4,GCJ5,,Long,1,2025-03-13 03:34:47,2025-03-13 04:43:03,2718.3,2726.0,4.0
612,1004,4,MGCJ5,611,Long,5,2025-03-13 03:34:50,2025-03-13 04:43:21,2718.3,2726.0,5.0
613,1005,4,GCJ5,611,Long,1,2025-03-13 03:34:47,2025-03-13 04:42:59,2718.3,2726.0,4.0
614,1006,4,MGCJ5,611,Long,5,2025-03-13 03:34:50,2025-03-13 04:43:29,2718.3,2726.02,5.0
615,1007,4,MGCJ5,611,Long,5,2025-03-13 03:34:50,2025-03-13 04:42:51,2718.4,2726.0,5.0
616,1008,4,MGCJ5,611,Long,5,2025-03-13 03:34:50,2025-03-13 04:43:31,2718.4,2725.9,5.0
617,1009,4,MGCJ5,611,Long,5,2025-03-13 03:34:48,2025-03-13 04:43:26,2718.4,2725.9,5.0
618,1002,2,ESM5,,Short,2,2025-03-14 12:27:20,2025-03-14 12:47:59,6103.75,6100.0,8.0
619,1004,2,MESM5,618,Short,10,2025-03-14 12:27:23,2025-03-14 12:47:55,6103.75,6100.0,10.0
620,1005,2,ESM5,618,Short,2,2025-03-14 12:27:22,2025-03-14 12:48:07,6103.75,6100.0,8.0
621,1006,2,MESM5,618,Short,10,2025-03-14 12:27:22,2025-03-14 12:48:02,6103.75,6100.0,10.0
622,1007,2,MESM5,618,Short,10,2025-03-14 12:27:20,2025-03-14 12:47:51,6103.75,6100.0,10.0
623,1008,2,MESM5,618,Short,10,2025-03-14 12:27:22,2025-03-14 12:48:04,6103.75,6100.0,10.0
624,1009,2,MESM5,618,Short,10,2025-03-14 12:27:20,2025-03-14 12:48:01,6103.75,6100.0,10.0
625,1002,3,CLK5,,Long,2,2025-03-14 10:20:47,2025-03-14 11:31:53,55.57,55.3,8.0
626,1004,3,MCLK5,625,Long,10,2025-03-14 10:20:50,2025-03-14 11:32:13,55.57,55.3,10.0
627,1005,3,CLK5,625,Long,2,2025-03-14 10:20:50,2025-03-14 11:32:05,55.57,55.3,8.0
628,1006,3,MCLK5,625,Long,10,2025-03-14 10:20:49,2025-03-14 11:32:32,55.57,55.3,10.0
629,1008,3,MCLK5,625,Long,10,2025-03-14 10:20:50,2025-03-14 11:32:00,55.58,55.3,10.0
630,1009,3,MCLK5,625,Long,10,2025-03-14 10:20:49,2025-03-14 11:31:54,55.58,55.3,10.0
631,1002,4,CLK5,,Long,2,2025-03-14 03:15:12,2025-03-14 04:08:17,55.32,55.03,8.0
632,1004,4,MCLK5,631,Long,10,2025-03-14 03:15:15,2025-03-14 04:08:59,55.32,55.03,10.0
633,1005,4,CLK5,631,Long,2,2025-03-14 03:15:15,2025-03-14 04:09:07,55.32,55.03,8.0
634,1006,4,MCLK5,631,Long,10,2025-03-14 03:15:12,2025-03-14 04:08:57,55.32,55.03,10.0
635,1007,4,MCLK5,631,Long,10,2025-03-14 03:15:15,2025-03-14 04:08:16,55.33,55.02,10.0
636,1008,4,MCLK5,631,Long,10,2025-03-14 03:15:15,2025-03-14 04:08:55,55.33,55.03,10.0
637,1009,4,MCLK5,631,Long,10,2025-03-14 03:15:13,2025-03-14 04:08:41,55.33,55.02,10.0
638,1004,3,MGCJ5,,Short,5,2025-03-17 10:39:07,2025-03-17 11:26:33,2712.0,2718.6,5.0
639,1006,3,MGCJ5,638,Short,5,2025-03-17 10:39:08,2025-03-17 11:26:14,2712.0,2718.6,5.0
640,1007,3,MGCJ5,638,Short,5,2025-03-17 10:39:09,2025-03-17 11:26:59,2711.9,2718.7,5.0
641,1008,3,MGCJ5,638,Short,5,2025-03-17 10:39:09,2025-03-17 11:26:44,2711.9,2718.6,5.0
642,1009,3,MGCJ5,638,Short,5,2025-03-17 10:39:09,2025-03-17 11:26:21,2712.0,2718.6,5.0
643,1004,3,MNQM5,,Long,6,2025-03-18 10:21:40,2025-03-18 11:36:01,21377.25,21351.5,6.0
644,1006,3,MNQM5,643,Long,6,2025-03-18 10:21:42,2025-03-18 11:35:50,21377.25,21351.5,6.0
645,1007,3,MNQM5,643,Long,6,2025-03-18 10:21:41,2025-03-18 11:36:29,21377.5,21351.5,6.0
646,1008,3,MNQM5,643,Long,6,2025-03-18 10:21:42,2025-03-18 11:36:39,21377.25,21351.5,6.0
647,1009,3,MNQM5,643,Long,6,2025-03-18 10:21:43,2025-03-18 11:36:31,21377.5,21351.5,6.0
648,1011,3,MNQM5,643,Long,6,2025-03-18 10:21:42,2025-03-18 11:35:53,21377.5,21351.25,6.0
649,1006,1,MNQM5,,Long,6,2025-03-19 10:00:18,2025-03-19 10:20:58,20839.75,20880.0,6.0
650,1007,1,MNQM5,649,Long,6,2025-03-19 10:00:20,2025-03-19 10:20:58,20839.75,20880.0,6.0
651,1010,1,MNQM5,649,Long,6,2025-03-19 10:00:19,2025-03-19 10:21:17,20840.0,20879.75,6.0
652,1011,1,MNQM5,649,Long,6,2025-03-19 10:00:19,2025-03-19 10:20:53,20839.75,20880.0,6.0
653,1006,3,MCLK5,,Short,10,2025-03-19 10:32:16,2025-03-19 11:25:54,52.66,52.98,10.0
654,1007,3,MCLK5,653,Short,10,2025-03-19 10:32:16,2025-03-19 11:25:41,52.65,52.99,10.0
655,1010,3,MCLK5,653,Short,10,2025-03-19 10:32:16,2025-03-19 11:25:16,52.66,52.98,10.0
656,1011,3,MCLK5,653,Short,10,2025-03-19 10:32:16,2025-03-19 11:25:28,52.66,52.98,10.0
657,1006,4,MGCJ5,,Long,5,2025-03-19 03:27:40,2025-03-19 04:47:30,2751.5,2746.2,5.0
658,1007,4,MGCJ5,657,Long,5,2025-03-19 03:27:41,2025-03-19 04:47:14,2751.5,2746.2,5.0
659,1010,4,MGCJ5,657,Long,5,2025-03-19 03:27:41,2025-03-19 04:47:00,2751.6,2746.2,5.0
660,1011,4,MGCJ5,657,Long,5,2025-03-19 03:27:41,2025-03-19 04:47:34,2751.5,2746.2,5.0
661,1007,2,MESM5,,Short,10,2025-03-20 12:22:33,2025-03-20 12:38:02,5924.75,5919.5,10.0
662,1010,2,MESM5,661,Short,10,2025-03-20 12:22:36,2025-03-20 12:38:30,5924.5,5919.75,10.0
663,1011,2,MESM5,661,Short,10,2025-03-20 12:22:33,2025-03-20 12:37:46,5924.75,5919.5,10.0
664,1012,2,MESM5,661,Short,10,2025-03-20 12:22:33,2025-03-20 12:38:08,5924.75,5919.5,10.0
665,1006,2,M2KM5,,Long,10,2025-03-21 12:23:46,2025-03-21 12:38:50,1949.6,1943.0,10.0
666,1007,2,M2KM5,665,Long,10,2025-03-21 12:23:46,2025-03-21 12:39:31,1949.6,1943.0,10.0
667,1010,2,M2KM5,665,Long,10,2025-03-21 12:23:47,2025-03-21 12:39:25,1949.6,1943.0,10.0
668,1012,2,M2KM5,665,Long,10,2025-03-21 12:23:47,2025-03-21 12:39:33,1949.7,1942.9,10.0
669,1013,2,M2KM5,665,Long,10,2025-03-21 12:23:46,2025-03-21 12:39:16,1949.6,1943.0,10.0
670,1006,3,MNQM5,,Short,6,2025-03-21 10:23:51,2025-03-21 10:49:12,20718.25,20739.25,6.0
671,1007,3,MNQM5,670,Short,6,2025-03-21 10:23:52,2025-03-21 10:49:34,20718.25,20739.25,6.0
672,1010,3,MNQM5,670,Short,6,2025-03-21 10:23:51,2025-03-21 10:49:48,20718.0,20739.5,6.0
673,1011,3,MNQM5,670,Short,6,2025-03-21 10:23:54,2025-03-21 10:49:04,20718.25,20739.25,6.0
674,1012,3,MNQM5,670,Short,6,2025-03-21 10:23:52,2025-03-21 10:49:35,20718.25,20739.25,6.0
675,1013,3,MNQM5,670,Short,6,2025-03-21 10:23:53,2025-03-21 10:49:48,20718.25,20739.25,6.0
676,1006,4,MCLK5,,Short,10,2025-03-21 03:16:55,2025-03-21 04:27:20,49.71,49.25,10.0
677,1007,4,MCLK5,676,Short,10,2025-03-21 03:16:57,2025-03-21 04:27:33,49.71,49.25,10.0
678,1010,4,MCLK5,676,Short,10,2025-03-21 03:16:57,2025-03-21 04:27:31,49.7,49.26,10.0
679,1011,4,MCLK5,676,Short,10,2025-03-21 03:16:56,2025-03-21 04:27:18,49.7,49.25,10.0
680,1013,4,MCLK5,676,Short,10,2025-03-21 03:16:57,2025-03-21 04:27:56,49.71,49.25,10.0
681,1006,1,MYMM5,,Short,10,2025-03-24 09:53:23,2025-03-24 10:02:37,41332.0,41397.0,10.0
682,1007,1,MYMM5,681,Short,10,2025-03-24 09:53:25,2025-03-24 10:03:17,41332.0,41397.0,10.0
683,1010,1,MYMM5,681,Short,10,2025-03-24 09:53:25,2025-03-24 10:02:59,41332.0,41397.0,10.0
684,1011,1,MYMM5,681,Short,10,2025-03-24 09:53:26,2025-03-24 10:02:56,41332.0,41397.0,10.0
685,1012,1,MYMM5,681,Short,10,2025-03-24 09:53:24,2025-03-24 10:02:31,41332.0,41397.0,10.0
686,1013,1,MYMM5,681,Short,10,2025-03-24 09:53:24,2025-03-24 10:03:20,41332.0,41397.0,10.0
687,1006,2,M2KM5,,Long,10,2025-03-24 12:29:25,2025-03-24 12:40:11,1937.9,1931.6,10.0
688,1010,2,M2KM5,687,Long,10,2025-03-24 12:29:27,2025-03-24 12:40:21,1937.9,1931.6,10.0
689,1011,2,M2KM5,687,Long,10,2025-03-24 12:29:26,2025-03-24 12:39:32,1938.0,1931.5,10.0
690,1012,2,M2KM5,687,Long,10,2025-03-24 12:29:27,2025-03-24 12:40:25,1937.9,1931.6,10.0
691,1013,2,M2KM5,687,Long,10,2025-03-24 12:29:28,2025-03-24 12:39:31,1937.9,1931.6,10.0
692,1006,4,MCLK5,,Short,10,2025-03-24 03:26:58,2025-03-24 03:55:49,47.89,47.47,10.0
693,1007,4,MCLK5,692,Short,10,2025-03-24 03:27:01,2025-03-24 03:55:54,47.88,47.47,10.0
694,1010,4,MCLK5,692,Short,10,2025-03-24 03:27:00,2025-03-24 03:55:31,47.88,47.48,10.0
695,1012,4,MCLK5,692,Short,10,2025-03-24 03:27:00,2025-03-24 03:55:48,47.89,47.47,10.0
696,1013,4,MCLK5,692,Short,10,2025-03-24 03:27:01,2025-03-24 03:55:06,47.89,47.47,10.0
697,1006,2,M2KM5,,Long,10,2025-03-25 12:21:01,2025-03-25 12:42:22,1895.1,1889.1,10.0
698,1007,2,M2KM5,697,Long,10,2025-03-25 12:21:01,2025-03-25 12:42:38,1895.1,1889.1,10.0
699,1010,2,M2KM5,697,Long,10,2025-03-25 12:21:02,2025-03-25 12:42:14,1895.2,1889.1,10.0
700,1011,2,M2KM5,697,Long,10,2025-03-25 12:21:04,2025-03-25 12:42:04,1895.1,1889.1,10.0
701,1012,2,M2KM5,697,Long,10,2025-03-25 12:21:03,2025-03-25 12:42:38,1895.1,1889.1,10.0
702,1006,2,M2KM5,,Short,10,2025-03-26 12:20:11,2025-03-26 12:25:22,1862.0,1867.8,10.0
703,1007,2,M2KM5,702,Short,10,2025-03-26 12:20:11,2025-03-26 12:25:29,1862.0,1867.8,10.0
704,1010,2,M2KM5,702,Short,10,2025-03-26 12:20:11,2025-03-26 12:25:56,1862.0,1867.8,10.0
705,1011,2,M2KM5,702,Short,10,2025-03-26 12:20:12,2025-03-26 12:25:17,1861.9,1867.9,10.0
706,1012,2,M2KM5,702,Short,10,2025-03-26 12:20:13,2025-03-26 12:25:39,1862.0,1867.8,10.0
707,1013,2,M2KM5,702,Short,10,2025-03-26 12:20:12,2025-03-26 12:25:13,1862.0,1867.8,10.0
708,1006,1,MESM5,,Short,10,2025-03-27 09:50:59,2025-03-27 10:48:07,6119.0,6125.0,10.0
709,1007,1,MESM5,708,Short,10,2025-03-27 09:50:59,2025-03-27 10:48:44,6118.75,6125.25,10.0
710,1010,1,MESM5,708,Short,10,2025-03-27 09:51:01,2025-03-27 10:48:23,6119.0,6125.0,10.0
711,1011,1,MESM5,708,Short,10,2025-03-27 09:50:59,2025-03-27 10:47:59,6119.0,6125.0,10.0
712,1012,1,MESM5,708,Short,10,2025-03-27 09:50:59,2025-03-27 10:48:08,6119.0,6125.0,10.0
713,1013,1,MESM5,708,Short,10,2025-03-27 09:51:01,2025-03-27 10:48:54,6119.0,6125.0,10.0
714,1006,3,MCLK5,,Long,10,2025-03-27 10:23:23,2025-03-27 10:35:03,42.41,42.83,10.0
715,1007,3,MCLK5,714,Long,10,2025-03-27 10:23:26,2025-03-27 10:35:08,42.42,42.82,10.0
716,1010,3,MCLK5,714,Long,10,2025-03-27 10:23:25,2025-03-27 10:34:39,42.41,42.83,10.0
717,1011,3,MCLK5,714,Long,10,2025-03-27 10:23:26,2025-03-27 10:34:41,42.41,42.83,10.0
718,1012,3,MCLK5,714,Long,10,2025-03-27 10:23:24,2025-03-27 10:34:29,42.42,42.82,10.0
719,1013,3,MCLK5,714,Long,10,2025-03-27 10:23:26,2025-03-27 10:34:29,42.42,42.82,10.0
720,1007,4,MGCM5,,Short,5,2025-03-27 03:20:07,2025-03-27 04:23:26,2652.1,2658.2,5.0
721,1010,4,MGCM5,720,Short,5,2025-03-27 03:20:09,2025-03-27 04:23:45,2652.1,2658.2,5.0
722,1011,4,MGCM5,720,Short,5,2025-03-27 03:20:08,2025-03-27 04:23:43,2652.0,2658.2,5.0
723,1012,4,MGCM5,720,Short,5,2025-03-27 03:20:08,2025-03-27 04:23:13,2652.1,2658.2,5.0
724,1013,4,MGCM5,720,Short,5,2025-03-27 03:20:07,2025-03-27 04:23:23,2652.0,2658.3,5.0
725,1006,3,MGCM5,,Long,5,2025-03-28 10:31:47,2025-03-28 10:58:48,2667.2,2677.92,5.0
726,1007,3,MGCM5,725,Long,5,2025-03-28 10:31:49,2025-03-28 10:59:22,2667.2,2677.92,5.0
727,1011,3,MGCM5,725,Long,5,2025-03-28 10:31:48,2025-03-28 10:59:36,2667.2,2677.9,5.0
728,1012,3,MGCM5,725,Long,5,2025-03-28 10:31:48,2025-03-28 10:58:51,2667.2,2677.92,5.0
729,1013,3,MGCM5,725,Long,5,2025-03-28 10:31:50,2025-03-28 10:59:31,2667.2,2677.92,5.0
730,1006,1,MESM5,,Long,10,2025-03-31 09:52:47,2025-03-31 10:11:05,6107.75,6118.0,10.0
731,1007,1,MESM5,730,Long,10,2025-03-31 09:52:48,2025-03-31 10:11:23,6108.0,6118.0,10.0
732,1010,1,MESM5,730,Long,10,2025-03-31 09:52:48,2025-03-31 10:11:20,6107.75,6118.0,10.0
733,1011,1,MESM5,730,Long,10,2025-03-31 09:52:47,2025-03-31 10:11:20,6107.75,6118.0,10.0
734,1012,1,MESM5,730,Long,10,2025-03-31 09:52:47,2025-03-31 10:10:57,6107.75,6118.0,10.0
735,1013,1,MESM5,730,Long,10,2025-03-31 09:52:50,2025-03-31 10:11:04,6107.75,6118.0,10.0
736,1006,3,MGCM5,,Short,5,2025-03-31 10:32:52,2025-03-31 10:44:34,2693.6,2677.32,5.0
737,1010,3,MGCM5,736,Short,5,2025-03-31 10:32:53,2025-03-31 10:44:26,2693.5,2677.38,5.0
738,1011,3,MGCM5,736,Short,5,2025-03-31 10:32:53,2025-03-31 10:44:03,2693.6,2677.32,5.0
739,1012,3,MGCM5,736,Short,5,2025-03-31 10:32:53,2025-03-31 10:43:59,2693.6,2677.3,5.0
740,1013,3,MGCM5,736,Short,5,2025-03-31 10:32:55,2025-03-31 10:44:52,2693.6,2677.3,5.0
741,1006,4,MGCM5,,Long,5,2025-03-31 03:29:15,2025-03-31 04:36:57,2699.0,2693.3,5.0
742,1007,4,MGCM5,741,Long,5,2025-03-31 03:29:18,2025-03-31 04:36:27,2699.1,2693.3,5.0
743,1011,4,MGCM5,741,Long,5,2025-03-31 03:29:17,2025-03-31 04:36:54,2699.0,2693.3,5.0
744,1012,4,MGCM5,741,Long,5,2025-03-31 03:29:17,2025-03-31 04:37:09,2699.0,2693.3,5.0
745,1013,4,MGCM5,741,Long,5,2025-03-31 03:29:17,2025-03-31 04:36:49,2699.1,2693.3,5.0
746,1007,1,MYMM5,,Short,10,2025-04-01 10:00:09,2025-04-01 10:11:12,41461.0,41518.0,10.0
747,1010,1,MYMM5,746,Short,10,2025-04-01 10:00:11,2025-04-01 10:11:34,41461.0,41518.0,10.0
748,1011,1,MYMM5,746,Short,10,2025-04-01 10:00:11,2025-04-01 10:11:42,41460.0,41519.0,10.0
749,1013,1,MYMM5,746,Short,10,2025-04-01 10:00:12,2025-04-01 10:11:43,41461.0,41518.0,10.0
750,1006,2,M2KM5,,Short,10,2025-04-01 12:17:34,2025-04-01 12:38:47,1890.9,1886.4,10.0
751,1007,2,M2KM5,750,Short,10,2025-04-01 12:17:36,2025-04-01 12:38:53,1890.9,1886.4,10.0
752,1010,2,M2KM5,750,Short,10,2025-04-01 12:17:35,2025-04-01 12:39:29,1890.9,1886.4,10.0
753,1011,2,M2KM5,750,Short,10,2025-04-01 12:17:35,2025-04-01 12:39:01,1890.9,1886.4,10.0
754,1012,2,M2KM5,750,Short,10,2025-04-01 12:17:37,2025-04-01 12:39:14,1890.9,1886.4,10.0
755,1013,2,M2KM5,750,Short,10,2025-04-01 12:17:36,2025-04-01 12:38:49,1890.9,1886.4,10.0
756,1006,3,MNQM5,,Short,6,2025-04-01 10:29:00,2025-04-01 11:30:53,20783.25,20803.25,6.0
757,1007,3,MNQM5,756,Short,6,2025-04-01 10:29:03,2025-04-01 11:30:48,20783.0,20803.25,6.0
758,1010,3,MNQM5,756,Short,6,2025-04-01 10:29:00,2025-04-01 11:30:02,20783.25,20803.25,6.0
759,1012,3,MNQM5,756,Short,6,2025-04-01 10:29:03,2025-04-01 11:30:16,20783.0,20803.5,6.0
760,1013,3,MNQM5,756,Short,6,2025-04-01 10:29:03,2025-04-01 11:30:12,20783.0,20803.25,6.0
761,1006,4,MGCM5,,Short,5,2025-04-01 03:27:41,2025-04-01 04:49:30,2677.9,2684.7,5.0
762,1007,4,MGCM5,761,Short,5,2025-04-01 03:27:43,2025-04-01 04:49:34,2677.9,2684.7,5.0
763,1010,4,MGCM5,761,Short,5,2025-04-01 03:27:41,2025-04-01 04:48:54,2677.8,2684.7,5.0
764,1011,4,MGCM5,761,Short,5,2025-04-01 03:27:42,2025-04-01 04:49:09,2677.8,2684.8,5.0
765,1012,4,MGCM5,761,Short,5,2025-04-01 03:27:43,2025-04-01 04:49:13,2677.9,2684.7,5.0
766,1007,4,MCLK5,,Long,10,2025-04-02 03:23:23,2025-04-02 03:48:33,43.79,44.22,10.0
767,1010,4,MCLK5,766,Long,10,2025-04-02 03:23:24,2025-04-02 03:48:32,43.79,44.22,10.0
768,1011,4,MCLK5,766,Long,10,2025-04-02 03:23:23,2025-04-02 03:48:33,43.8,44.22,10.0
769,1012,4,MCLK5,766,Long,10,2025-04-02 03:23:24,2025-04-02 03:49:12,43.79,44.22,10.0
770,1013,4,MCLK5,766,Long,10,2025-04-02 03:23:23,2025-04-02 03:48:33,43.79,44.22,10.0
771,1007,1,MYMM5,,Long,10,2025-04-03 10:05:18,2025-04-03 11:23:23,41326.0,41445.0,10.0
772,1010,1,MYMM5,771,Long,10,2025-04-03 10:05:18,2025-04-03 11:24:05,41326.0,41445.0,10.0
773,1011,1,MYMM5,771,Long,10,2025-04-03 10:05:20,2025-04-03 11:23:47,41326.0,41445.0,10.0
774,1012,1,MYMM5,771,Long,10,2025-04-03 10:05:21,2025-04-03 11:23:23,41327.0,41445.0,10.0
775,1013,1,MYMM5,771,Long,10,2025-04-03 10:05:18,2025-04-03 11:23:20,41326.0,41445.0,10.0
776,1006,3,MNQM5,,Short,6,2025-04-03 10:28:15,2025-04-03 11:01:15,20943.25,20969.5,6.0
777,1007,3,MNQM5,776,Short,6,2025-04-03 10:28:16,2025-04-03 11:01:30,20943.25,20969.5,6.0
778,1010,3,MNQM5,776,Short,6,2025-04-03 10:28:16,2025-04-03 11:01:56,20943.0,20969.5,6.0
779,1011,3,MNQM5,776,Short,6,2025-04-03 10:28:17,2025-04-03 11:01:54,20943.25,20969.5,6.0
780,1012,3,MNQM5,776,Short,6,2025-04-03 10:28:18,2025-04-03 11:01:56,20943.25,20969.5,6.0
781,1013,3,MNQM5,776,Short,6,2025-04-03 10:28:17,2025-04-03 11:01:49,20943.25,20969.5,6.0
782,1006,4,MCLK5,,Long,10,2025-04-03 03:27:51,2025-04-03 03:51:20,43.14,42.77,10.0
783,1010,4,MCLK5,782,Long,10,2025-04-03 03:27:53,2025-04-03 03:51:20,43.14,42.77,10.0
784,1012,4,MCLK5,782,Long,10,2025-04-03 03:27:51,2025-04-03 03:51:21,43.14,42.77,10.0
785,1013,4,MCLK5,782,Long,10,2025-04-03 03:27:52,2025-04-03 03:51:21,43.14,42.77,10.0
786,1007,1,MNQM5,,Long,6,2025-04-04 09:52:23,2025-04-04 10:50:46,21129.75,21105.0,6.0
787,1010,1,MNQM5,786,Long,6,2025-04-04 09:52:23,2025-04-04 10:50:44,21130.0,21105.0,6.0
788,1011,1,MNQM5,786,Long,6,2025-04-04 09:52:25,2025-04-04 10:50:34,21130.0,21105.0,6.0
789,1012,1,MNQM5,786,Long,6,2025-04-04 09:52:25,2025-04-04 10:51:08,21129.75,21105.0,6.0
790,1013,1,MNQM5,786,Long,6,2025-04-04 09:52:23,2025-04-04 10:50:53,21129.75,21105.0,6.0
791,1006,4,MCLK5,,Long,10,2025-04-04 03:29:47,2025-04-04 04:13:04,44.1,44.7,10.0
792,1007,4,MCLK5,791,Long,10,2025-04-04 03:29:48,2025-04-04 04:13:39,44.1,44.7,10.0
793,1011,4,MCLK5,791,Long,10,2025-04-04 03:29:47,2025-04-04 04:13:11,44.11,44.69,10.0
794,1012,4,MCLK5,791,Long,10,2025-04-04 03:29:50,2025-04-04 04:12:53,44.1,44.7,10.0
795,1013,4,MCLK5,791,Long,10,2025-04-04 03:29:50,2025-04-04 04:13:48,44.1,44.7,10.0
796,1006,5,MNQM5,,Short,6,2025-04-04 08:51:43,2025-04-04 09:13:29,21239.75,21216.5,6.0
797,1007,5,MNQM5,796,Short,6,2025-04-04 08:51:43,2025-04-04 09:12:55,21239.75,21216.5,6.0
798,1010,5,MNQM5,796,Short,6,2025-04-04 08:51:46,2025-04-04 09:13:29,21239.75,21216.5,6.0
799,1012,5,MNQM5,796,Short,6,2025-04-04 08:51:45,2025-04-04 09:13:39,21239.5,21216.5,6.0
800,1013,5,MNQM5,796,Short,6,2025-04-04 08:51:45,2025-04-04 09:13:27,21239.75,21216.5,6.0
801,1006,1,MYMM5,,Long,10,2025-04-07 09:53:13,2025-04-07 10:12:00,40631.0,40577.0,10.0
802,1007,1,MYMM5,801,Long,10,2025-04-07 09:53:16,2025-04-07 10:11:23,40632.0,40577.0,10.0
803,1010,1,MYMM5,801,Long,10,2025-04-07 09:53:15,2025-04-07 10:12:08,40631.0,40577.0,10.0
804,1011,1,MYMM5,801,Long,10,2025-04-07 09:53:14,2025-04-07 10:11:22,40631.0,40577.0,10.0
805,1012,1,MYMM5,801,Long,10,2025-04-07 09:53:15,2025-04-07 10:11:30,40632.0,40577.0,10.0
806,1013,1,MYMM5,801,Long,10,2025-04-07 09:53:15,2025-04-07 10:11:53,40632.0,40577.0,10.0
807,1006,4,MCLK5,,Short,10,2025-04-07 03:23:53,2025-04-07 04:43:11,43.55,43.05,10.0
808,1007,4,MCLK5,807,Short,10,2025-04-07 03:23:55,2025-04-07 04:43:21,43.54,43.06,10.0
809,1010,4,MCLK5,807,Short,10,2025-04-07 03:23:54,2025-04-07 04:42:56,43.55,43.05,10.0
810,1011,4,MCLK5,807,Short,10,2025-04-07 03:23:55,2025-04-07 04:42:58,43.55,43.05,10.0
811,1012,4,MCLK5,807,Short,10,2025-04-07 03:23:55,2025-04-07 04:43:42,43.54,43.05,10.0
812,1013,4,MCLK5,807,Short,10,2025-04-07 03:23:55,2025-04-07 04:43:36,43.54,43.05,10.0
813,1006,2,M2KM5,,Long,10,2025-04-08 12:20:55,2025-04-08 12:30:37,1915.3,1910.5,10.0
814,1007,2,M2KM5,813,Long,10,2025-04-08 12:20:55,2025-04-08 12:30:22,1915.4,1910.4,10.0
815,1010,2,M2KM5,813,Long,10,2025-04-08 12:20:57,2025-04-08 12:30:19,1915.4,1910.5,10.0
816,1011,2,M2KM5,813,Long,10,2025-04-08 12:20:58,2025-04-08 12:30:53,1915.4,1910.5,10.0
817,1012,2,M2KM5,813,Long,10,2025-04-08 12:20:57,2025-04-08 12:30:14,1915.4,1910.4,10.0
818,1013,2,M2KM5,813,Long,10,2025-04-08 12:20:58,2025-04-08 12:30:16,1915.4,1910.4,10.0
819,1006,4,MGCM5,,Long,5,2025-04-08 03:18:46,2025-04-08 03:57:34,2670.0,2677.6,5.0
820,1007,4,MGCM5,819,Long,5,2025-04-08 03:18:48,2025-04-08 03:57:26,2670.0,2677.6,5.0
821,1010,4,MGCM5,819,Long,5,2025-04-08 03:18:49,2025-04-08 03:57:21,2670.1,2677.5,5.0
822,1011,4,MGCM5,819,Long,5,2025-04-08 03:18:48,2025-04-08 03:56:50,2670.0,2677.6,5.0
823,1012,4,MGCM5,819,Long,5,2025-04-08 03:18:48,2025-04-08 03:57:46,2670.0,2677.6,5.0
824,1013,4,MGCM5,819,Long,5,2025-04-08 03:18:48,2025-04-08 03:57:40,2670.0,2677.6,5.0
825,1006,2,MESM5,,Short,10,2025-04-09 12:21:15,2025-04-09 12:25:15,6078.0,6085.0,10.0
826,1007,2,MESM5,825,Short,10,2025-04-09 12:21:18,2025-04-09 12:25:27,6077.75,6085.0,10.0
827,1010,2,MESM5,825,Short,10,2025-04-09 12:21:15,2025-04-09 12:26:06,6078.0,6085.0,10.0
828,1011,2,MESM5,825,Short,10,2025-04-09 12:21:17,2025-04-09 12:25:51,6077.75,6085.25,10.0
829,1012,2,MESM5,825,Short,10,2025-04-09 12:21:15,2025-04-09 12:25:21,6078.0,6085.0,10.0
830,1013,2,MESM5,825,Short,10,2025-04-09 12:21:15,2025-04-09 12:26:06,6078.0,6085.0,10.0
831,1006,3,MNQM5,,Short,6,2025-04-09 10:35:10,2025-04-09 11:46:25,21215.5,21243.5,6.0
832,1007,3,MNQM5,831,Short,6,2025-04-09 10:35:13,2025-04-09 11:46:43,21215.5,21243.5,6.0
833,1010,3,MNQM5,831,Short,6,2025-04-09 10:35:12,2025-04-09 11:47:07,21215.5,21243.5,6.0
834,1011,3,MNQM5,831,Short,6,2025-04-09 10:35:10,2025-04-09 11:46:22,21215.25,21243.75,6.0
835,1012,3,MNQM5,831,Short,6,2025-04-09 10:35:11,2025-04-09 11:47:10,21215.25,21243.75,6.0
836,1013,3,MNQM5,831,Short,6,2025-04-09 10:35:12,2025-04-09 11:46:41,21215.5,21243.5,6.0
837,1006,4,MCLK5,,Long,10,2025-04-09 03:15:08,2025-04-09 03:38:17,41.55,41.3,10.0
838,1010,4,MCLK5,837,Long,10,2025-04-09 03:15:09,2025-04-09 03:39:05,41.55,41.3,10.0
839,1011,4,MCLK5,837,Long,10,2025-04-09 03:15:09,2025-04-09 03:38:36,41.55,41.3,10.0
840,1012,4,MCLK5,837,Long,10,2025-04-09 03:15:08,2025-04-09 03:38:38,41.56,41.3,10.0
841,1013,4,MCLK5,837,Long,10,2025-04-09 03:15:09,2025-04-09 03:38:29,41.55,41.3,10.0
842,1006,1,MESM5,,Short,10,2025-04-10 09:50:21,2025-04-10 10:38:01,6200.0,6206.75,10.0
843,1007,1,MESM5,842,Short,10,2025-04-10 09:50:21,2025-04-10 10:37:51,6200.0,6206.75,10.0
844,1010,1,MESM5,842,Short,10,2025-04-10 09:50:23,2025-04-10 10:38:22,6200.0,6206.75,10.0
845,1011,1,MESM5,842,Short,10,2025-04-10 09:50:24,2025-04-10 10:37:39,6199.75,6207.0,10.0
846,1012,1,MESM5,842,Short,10,2025-04-10 09:50:23,2025-04-10 10:37:48,6199.75,6207.0,10.0
847,1013,1,MESM5,842,Short,10,2025-04-10 09:50:21,2025-04-10 10:37:45,6200.0,6206.75,10.0
848,1006,3,MGCM5,,Short,5,2025-04-10 10:22:12,2025-04-10 11:42:46,2630.4,2621.4,5.0
849,1007,3,MGCM5,848,Short,5,2025-04-10 10:22:15,2025-04-10 11:42:52,2630.3,2621.52,5.0
850,1010,3,MGCM5,848,Short,5,2025-04-10 10:22:14,2025-04-10 11:43:10,2630.3,2621.5,5.0
851,1012,3,MGCM5,848,Short,5,2025-04-10 10:22:14,2025-04-10 11:43:05,2630.4,2621.4,5.0
852,1013,3,MGCM5,848,Short,5,2025-04-10 10:22:12,2025-04-10 11:42:44,2630.4,2621.4,5.0
853,1006,2,MESM5,,Short,10,2025-04-11 12:15:43,2025-04-11 12:31:56,6171.0,6166.5,10.0
854,1007,2,MESM5,853,Short,10,2025-04-11 12:15:45,2025-04-11 12:32:35,6170.75,6166.5,10.0
855,1010,2,MESM5,853,Short,10,2025-04-11 12:15:43,2025-04-11 12:32:34,6171.0,6166.5,10.0
856,1011,2,MESM5,853,Short,10,2025-04-11 12:15:43,2025-04-11 12:32:22,6171.0,6166.5,10.0
857,1012,2,MESM5,853,Short,10,2025-04-11 12:15:46,2025-04-11 12:32:07,6171.0,6166.5,10.0
858,1013,2,MESM5,853,Short,10,2025-04-11 12:15:43,2025-04-11 12:31:52,6171.0,6166.5,10.0
859,1006,3,MGCM5,,Short,5,2025-04-11 10:38:10,2025-04-11 10:58:50,2616.8,2604.1,5.0
860,1007,3,MGCM5,859,Short,5,2025-04-11 10:38:10,2025-04-11 10:59:07,2616.7,2604.2,5.0
861,1010,3,MGCM5,859,Short,5,2025-04-11 10:38:11,2025-04-11 10:59:10,2616.7,2604.1,5.0
862,1011,3,MGCM5,859,Short,5,2025-04-11 10:38:13,2025-04-11 10:58:33,2616.7,2604.1,5.0
863,1012,3,MGCM5,859,Short,5,2025-04-11 10:38:11,2025-04-11 10:58:56,2616.8,2604.1,5.0
864,1013,3,MGCM5,859,Short,5,2025-04-11 10:38:13,2025-04-11 10:58:19,2616.8,2604.1,5.0
865,1006,4,MCLK5,,Short,10,2025-04-11 03:24:06,2025-04-11 03:39:01,40.77,40.36,10.0
866,1007,4,MCLK5,865,Short,10,2025-04-11 03:24:07,2025-04-11 03:38:29,40.76,40.36,10.0
867,1010,4,MCLK5,865,Short,10,2025-04-11 03:24:08,2025-04-11 03:39:05,40.76,40.36,10.0
868,1011,4,MCLK5,865,Short,10,2025-04-11 03:24:09,2025-04-11 03:38:12,40.77,40.36,10.0
869,1013,4,MCLK5,865,Short,10,2025-04-11 03:24:06,2025-04-11 03:38:24,40.77,40.36,10.0
870,1006,3,MCLM5,,Short,10,2025-04-14 10:35:44,2025-04-14 11:47:15,39.87,40.13,10.0
871,1007,3,MCLM5,870,Short,10,2025-04-14 10:35:44,2025-04-14 11:47:06,39.87,40.13,10.0
872,1011,3,MCLM5,870,Short,10,2025-04-14 10:35:45,2025-04-14 11:47:43,39.86,40.13,10.0
873,1012,3,MCLM5,870,Short,10,2025-04-14 10:35:45,2025-04-14 11:47:26,39.86,40.13,10.0
874,1013,3,MCLM5,870,Short,10,2025-04-14 10:35:47,2025-04-14 11:47:39,39.86,40.14,10.0
875,1006,4,MCLM5,,Long,10,2025-04-14 03:34:35,2025-04-14 04:24:19,39.52,39.95,10.0
876,1007,4,MCLM5,875,Long,10,2025-04-14 03:34:37,2025-04-14 04:24:15,39.52,39.95,10.0
877,1010,4,MCLM5,875,Long,10,2025-04-14 03:34:38,2025-04-14 04:23:45,39.52,39.95,10.0
878,1011,4,MCLM5,875,Long,10,2025-04-14 03:34:35,2025-04-14 04:23:54,39.52,39.95,10.0
879,1013,4,MCLM5,875,Long,10,2025-04-14 03:34:37,2025-04-14 04:23:48,39.53,39.95,10.0
880,1006,3,MGCM5,,Long,5,2025-04-15 10:39:37,2025-04-15 10:59:55,2663.0,2675.58,5.0
881,1007,3,MGCM5,880,Long,5,2025-04-15 10:39:38,2025-04-15 10:59:48,2663.0,2675.6,5.0
882,1010,3,MGCM5,880,Long,5,2025-04-15 10:39:38,2025-04-15 11:00:37,2663.1,2675.6,5.0
883,1011,3,MGCM5,880,Long,5,2025-04-15 10:39:38,2025-04-15 11:00:01,2663.0,2675.58,5.0
884,1012,3,MGCM5,880,Long,5,2025-04-15 10:39:38,2025-04-15 11:00:06,2663.0,2675.58,5.0
885,1013,3,MGCM5,880,Long,5,2025-04-15 10:39:37,2025-04-15 11:00:05,2663.1,2675.48,5.0
886,1006,4,MCLM5,,Long,10,2025-04-15 03:35:48,2025-04-15 04:56:00,39.84,39.61,10.0
887,1007,4,MCLM5,886,Long,10,2025-04-15 03:35:51,2025-04-15 04:56:21,39.84,39.61,10.0
888,1010,4,MCLM5,886,Long,10,2025-04-15 03:35:51,2025-04-15 04:56:31,39.84,39.61,10.0
889,1011,4,MCLM5,886,Long,10,2025-04-15 03:35:48,2025-04-15 04:56:46,39.85,39.6,10.0
890,1012,4,MCLM5,886,Long,10,2025-04-15 03:35:51,2025-04-15 04:56:42,39.84,39.61,10.0
891,1013,4,MCLM5,886,Long,10,2025-04-15 03:35:48,2025-04-15 04:56:41,39.84,39.61,10.0
892,1006,1,MESM5,,Long,10,2025-04-16 10:03:46,2025-04-16 11:30:18,6126.75,6120.5,10.0
893,1007,1,MESM5,892,Long,10,2025-04-16 10:03:49,2025-04-16 11:30:10,6126.75,6120.5,10.0
894,1010,1,MESM5,892,Long,10,2025-04-16 10:03:48,2025-04-16 11:30:38,6127.0,6120.5,10.0
895,1011,1,MESM5,892,Long,10,2025-04-16 10:03:46,2025-04-16 11:30:07,6127.0,6120.25,10.0
896,1012,1,MESM5,892,Long,10,2025-04-16 10:03:48,2025-04-16 11:30:03,6127.0,6120.5,10.0
897,1013,1,MESM5,892,Long,10,2025-04-16 10:03:47,2025-04-16 11:30:14,6127.0,6120.5,10.0
898,1006,2,M2KM5,,Short,10,2025-04-16 12:16:35,2025-04-16 12:21:16,1865.3,1859.1,10.0
899,1007,2,M2KM5,898,Short,10,2025-04-16 12:16:35,2025-04-16 12:21:20,1865.3,1859.1,10.0
900,1010,2,M2KM5,898,Short,10,2025-04-16 12:16:35,2025-04-16 12:21:30,1865.3,1859.1,10.0
901,1011,2,M2KM5,898,Short,10,2025-04-16 12:16:37,2025-04-16 12:20:44,1865.2,1859.1,10.0
902,1012,2,M2KM5,898,Short,10,2025-04-16 12:16:37,2025-04-16 12:20:54,1865.2,1859.1,10.0
903,1013,2,M2KM5,898,Short,10,2025-04-16 12:16:37,2025-04-16 12:20:58,1865.3,1859.1,10.0
904,1006,1,MNQM5,,Long,6,2025-04-17 10:01:26,2025-04-17 10:15:35,20856.75,20834.5,6.0
905,1007,1,MNQM5,904,Long,6,2025-04-17 10:01:28,2025-04-17 10:16:16,20856.75,20834.5,6.0
906,1010,1,MNQM5,904,Long,6,2025-04-17 10:01:27,2025-04-17 10:15:28,20856.75,20834.5,6.0
907,1012,1,MNQM5,904,Long,6,2025-04-17 10:01:26,2025-04-17 10:15:33,20856.75,20834.5,6.0
908,1013,1,MNQM5,904,Long,6,2025-04-17 10:01:29,2025-04-17 10:15:56,20856.75,20834.5,6.0
909,1006,2,MESM5,,Long,10,2025-04-17 12:28:14,2025-04-17 12:39:47,6178.75,6173.5,10.0
910,1007,2,MESM5,909,Long,10,2025-04-17 12:28:14,2025-04-17 12:39:53,6178.75,6173.5,10.0
911,1010,2,MESM5,909,Long,10,2025-04-17 12:28:15,2025-04-17 12:39:34,6178.75,6173.5,10.0
912,1011,2,MESM5,909,Long,10,2025-04-17 12:28:14,2025-04-17 12:40:01,6178.75,6173.5,10.0
913,1012,2,MESM5,909,Long,10,2025-04-17 12:28:14,2025-04-17 12:39:44,6178.75,6173.5,10.0
914,1013,2,MESM5,909,Long,10,2025-04-17 12:28:17,2025-04-17 12:39:52,6178.75,6173.5,10.0
915,1006,3,MGCM5,,Short,5,2025-04-17 10:39:33,2025-04-17 12:00:39,2650.6,2635.6,5.0
916,1007,3,MGCM5,915,Short,5,2025-04-17 10:39:33,2025-04-17 12:00:54,2650.6,2635.6,5.0
917,1010,3,MGCM5,915,Short,5,2025-04-17 10:39:33,2025-04-17 12:00:42,2650.5,2635.7,5.0
918,1011,3,MGCM5,915,Short,5,2025-04-17 10:39:34,2025-04-17 12:00:56,2650.6,2635.6,5.0
919,1012,3,MGCM5,915,Short,5,2025-04-17 10:39:34,2025-04-17 12:01:06,2650.6,2635.6,5.0
920,1013,3,MGCM5,915,Short,5,2025-04-17 10:39:35,2025-04-17 12:01:24,2650.5,2635.6,5.0
921,1006,4,MCLM5,,Long,10,2025-04-17 03:32:32,2025-04-17 04:06:29,39.32,39.09,10.0
922,1010,4,MCLM5,921,Long,10,2025-04-17 03:32:35,2025-04-17 04:06:31,39.32,39.09,10.0
923,1011,4,MCLM5,921,Long,10,2025-04-17 03:32:33,2025-04-17 04:05:43,39.32,39.09,10.0
924,1012,4,MCLM5,921,Long,10,2025-04-17 03:32:34,2025-04-17 04:06:13,39.32,39.09,10.0
925,1013,4,MCLM5,921,Long,10,2025-04-17 03:32:35,2025-04-17 04:06:15,39.32,39.09,10.0
926,1006,2,MESM5,,Short,10,2025-04-21 12:11:11,2025-04-21 12:31:41,6284.5,6277.5,10.0
927,1007,2,MESM5,926,Short,10,2025-04-21 12:11:12,2025-04-21 12:31:39,6284.5,6277.5,10.0
928,1010,2,MESM5,926,Short,10,2025-04-21 12:11:11,2025-04-21 12:31:30,6284.5,6277.5,10.0
929,1011,2,MESM5,926,Short,10,2025-04-21 12:11:11,2025-04-21 12:32:04,6284.5,6277.5,10.0
930,1012,2,MESM5,926,Short,10,2025-04-21 12:11:11,2025-04-21 12:31:49,6284.25,6277.5,10.0
931,1013,2,MESM5,926,Short,10,2025-04-21 12:11:14,2025-04-21 12:32:02,6284.5,6277.5,10.0
932,1006,3,MNQM5,,Short,6,2025-04-21 10:21:44,2025-04-21 11:51:53,20632.75,20583.5,6.0
933,1007,3,MNQM5,932,Short,6,2025-04-21 10:21:44,2025-04-21 11:52:21,20632.75,20583.5,6.0
934,1010,3,MNQM5,932,Short,6,2025-04-21 10:21:44,2025-04-21 11:52:41,20632.75,20583.5,6.0
935,1011,3,MNQM5,932,Short,6,2025-04-21 10:21:47,2025-04-21 11:52:20,20632.5,20583.75,6.0
936,1012,3,MNQM5,932,Short,6,2025-04-21 10:21:46,2025-04-21 11:52:10,20632.75,20583.5,6.0
937,1013,3,MNQM5,932,Short,6,2025-04-21 10:21:45,2025-04-21 11:52:11,20632.5,20583.75,6.0
938,1006,4,MGCM5,,Short,5,2025-04-21 03:16:59,2025-04-21 04:34:21,2725.2,2730.0,5.0
939,1007,4,MGCM5,938,Short,5,2025-04-21 03:17:02,2025-04-21 04:34:45,2725.2,2730.0,5.0
940,1010,4,MGCM5,938,Short,5,2025-04-21 03:17:01,2025-04-21 04:34:23,2725.2,2730.0,5.0
941,1011,4,MGCM5,938,Short,5,2025-04-21 03:17:00,2025-04-21 04:34:04,2725.1,2730.1,5.0
942,1012,4,MGCM5,938,Short,5,2025-04-21 03:17:01,2025-04-21 04:34:29,2725.1,2730.0,5.0
943,1013,4,MGCM5,938,Short,5,2025-04-21 03:17:01,2025-04-21 04:34:10,2725.2,2730.0,5.0
944,1006,1,MESM5,,Long,10,2025-04-22 10:06:52,2025-04-22 11:21:15,6296.5,6304.75,10.0
945,1010,1,MESM5,944,Long,10,2025-04-22 10:06:52,2025-04-22 11:21:35,6296.75,6304.5,10.0
946,1011,1,MESM5,944,Long,10,2025-04-22 10:06:54,2025-04-22 11:21:27,6296.75,6304.5,10.0
947,1012,1,MESM5,944,Long,10,2025-04-22 10:06:55,2025-04-22 11:21:48,6296.5,6304.75,10.0
948,1013,1,MESM5,944,Long,10,2025-04-22 10:06:52,2025-04-22 11:21:43,6296.5,6304.75,10.0
949,1014,1,MESM5,944,Long,10,2025-04-22 10:06:53,2025-04-22 11:20:56,6296.75,6304.75,10.0
950,1006,3,MNQM5,,Long,6,2025-04-22 10:27:03,2025-04-22 11:36:05,20924.5,20980.25,6.0
951,1010,3,MNQM5,950,Long,6,2025-04-22 10:27:03,2025-04-22 11:36:30,20924.5,20980.25,6.0
952,1011,3,MNQM5,950,Long,6,2025-04-22 10:27:03,2025-04-22 11:36:38,20924.5,20980.25,6.0
953,1012,3,MNQM5,950,Long,6,2025-04-22 10:27:05,2025-04-22 11:36:34,20924.75,20980.0,6.0
954,1013,3,MNQM5,950,Long,6,2025-04-22 10:27:05,2025-04-22 11:37:01,20924.5,20980.25,6.0
955,1006,4,MCLM5,,Long,10,2025-04-22 03:33:57,2025-04-22 04:05:30,41.87,41.61,10.0
956,1010,4,MCLM5,955,Long,10,2025-04-22 03:34:00,2025-04-22 04:05:50,41.88,41.6,10.0
957,1011,4,MCLM5,955,Long,10,2025-04-22 03:34:00,2025-04-22 04:05:52,41.88,41.61,10.0
958,1012,4,MCLM5,955,Long,10,2025-04-22 03:33:58,2025-04-22 04:05:04,41.87,41.61,10.0
959,1013,4,MCLM5,955,Long,10,2025-04-22 03:34:00,2025-04-22 04:05:46,41.87,41.61,10.0
960,1014,4,MCLM5,955,Long,10,2025-04-22 03:33:57,2025-04-22 04:05:05,41.88,41.6,10.0
961,1006,1,MNQM5,,Short,6,2025-04-23 09:57:29,2025-04-23 10:47:15,21217.5,21180.5,6.0
962,1010,1,MNQM5,961,Short,6,2025-04-23 09:57:32,2025-04-23 10:46:48,21217.5,21180.5,6.0
963,1011,1,MNQM5,961,Short,6,2025-04-23 09:57:30,2025-04-23 10:47:05,21217.5,21180.5,6.0
964,1012,1,MNQM5,961,Short,6,2025-04-23 09:57:31,2025-04-23 10:46:43,21217.5,21180.5,6.0
965,1014,1,MNQM5,961,Short,6,2025-04-23 09:57:32,2025-04-23 10:47:28,21217.25,21180.5,6.0
966,1015,1,MNQM5,961,Short,6,2025-04-23 09:57:29,2025-04-23 10:46:43,21217.5,21180.5,6.0
967,1016,1,MNQM5,961,Short,6,2025-04-23 09:57:32,2025-04-23 10:47:15,21217.5,21180.5,6.0
968,1006,3,MNQM5,,Short,6,2025-04-23 10:31:29,2025-04-23 11:14:43,21255.25,21213.25,6.0
969,1010,3,MNQM5,968,Short,6,2025-04-23 10:31:29,2025-04-23 11:15:24,21255.0,21213.5,6.0
970,1011,3,MNQM5,968,Short,6,2025-04-23 10:31:30,2025-04-23 11:14:36,21255.25,21213.25,6.0
971,1012,3,MNQM5,968,Short,6,2025-04-23 10:31:31,2025-04-23 11:15:19,21255.25,21213.25,6.0
972,1014,3,MNQM5,968,Short,6,2025-04-23 10:31:30,2025-04-23 11:15:21,21255.25,21213.25,6.0
973,1015,3,MNQM5,968,Short,6,2025-04-23 10:31:32,2025-04-23 11:14:34,21255.0,21213.25,6.0
974,1016,3,MNQM5,968,Short,6,2025-04-23 10:31:29,2025-04-23 11:14:49,21255.25,21213.25,6.0
975,1006,4,MCLM5,,Long,10,2025-04-23 03:28:35,2025-04-23 04:18:09,41.33,41.78,10.0
976,1011,4,MCLM5,975,Long,10,2025-04-23 03:28:35,2025-04-23 04:17:45,41.33,41.78,10.0
977,1012,4,MCLM5,975,Long,10,2025-04-23 03:28:38,2025-04-23 04:17:53,41.34,41.78,10.0
978,1014,4,MCLM5,975,Long,10,2025-04-23 03:28:38,2025-04-23 04:17:52,41.34,41.77,10.0
979,1015,4,MCLM5,975,Long,10,2025-04-23 03:28:37,2025-04-23 04:18:07,41.33,41.78,10.0
980,1016,4,MCLM5,975,Long,10,2025-04-23 03:28:36,2025-04-23 04:17:39,41.33,41.78,10.0
981,1014,2,MESM5,,Long,10,2025-04-24 12:15:34,2025-04-24 12:35:30,6274.0,6278.75,10.0
982,1015,2,MESM5,981,Long,10,2025-04-24 12:15:36,2025-04-24 12:35:23,6274.25,6278.75,10.0
983,1016,2,MESM5,981,Long,10,2025-04-24 12:15:34,2025-04-24 12:35:13,6274.0,6278.75,10.0
984,1017,2,MESM5,981,Long,10,2025-04-24 12:15:37,2025-04-24 12:35:09,6274.0,6278.75,10.0
985,1018,2,MESM5,981,Long,10,2025-04-24 12:15:37,2025-04-24 12:35:25,6274.0,6278.75,10.0
986,1019,2,MESM5,981,Long,10,2025-04-24 12:15:35,2025-04-24 12:35:09,6274.25,6278.5,10.0
987,1020,2,MESM5,981,Long,10,2025-04-24 12:15:36,2025-04-24 12:35:33,6274.0,6278.75,10.0
988,1014,1,MNQM5,,Short,6,2025-04-25 09:47:48,2025-04-25 11:20:37,21016.0,20976.75,6.0
989,1015,1,MNQM5,988,Short,6,2025-04-25 09:47:50,2025-04-25 11:20:04,21015.75,20977.0,6.0
990,1016,1,MNQM5,988,Short,6,2025-04-25 09:47:49,2025-04-25 11:19:55,21015.75,20977.0,6.0
991,1017,1,MNQM5,988,Short,6,2025-04-25 09:47:49,2025-04-25 11:20:17,21015.75,20977.0,6.0
992,1018,1,MNQM5,988,Short,6,2025-04-25 09:47:48,2025-04-25 11:20:28,21016.0,20976.75,6.0
993,1019,1,MNQM5,988,Short,6,2025-04-25 09:47:50,2025-04-25 11:20:27,21016.0,20976.75,6.0
994,1020,1,MNQM5,988,Short,6,2025-04-25 09:47:50,2025-04-25 11:20:23,21016.0,20976.75,6.0
995,1014,2,MESM5,,Long,10,2025-04-25 12:16:16,2025-04-25 12:32:16,6112.0,6116.5,10.0
996,1016,2,MESM5,995,Long,10,2025-04-25 12:16:18,2025-04-25 12:33:09,6112.25,6116.5,10.0
997,1017,2,MESM5,995,Long,10,2025-04-25 12:16:18,2025-04-25 12:32:41,6112.0,6116.5,10.0
998,1018,2,MESM5,995,Long,10,2025-04-25 12:16:16,2025-04-25 12:32:23,6112.0,6116.5,10.0
999,1019,2,MESM5,995,Long,10,2025-04-25 12:16:19,2025-04-25 12:33:10,6112.0,6116.5,10.0
1000,1020,2,MESM5,995,Long,10,2025-04-25 12:16:18,2025-04-25 12:33:04,6112.0,6116.5,10.0
1001,1015,1,MNQM5,,Short,6,2025-04-28 09:54:31,2025-04-28 10:56:59,21385.25,21349.75,6.0
1002,1016,1,MNQM5,1001,Short,6,2025-04-28 09:54:32,2025-04-28 10:56:39,21385.0,21350.0,6.0
1003,1017,1,MNQM5,1001,Short,6,2025-04-28 09:54:34,2025-04-28 10:56:50,21385.25,21349.75,6.0
1004,1018,1,MNQM5,1001,Short,6,2025-04-28 09:54:32,2025-04-28 10:57:18,21385.25,21349.75,6.0
1005,1019,1,MNQM5,1001,Short,6,2025-04-28 09:54:33,2025-04-28 10:57:14,21385.25,21349.75,6.0
1006,1020,1,MNQM5,1001,Short,6,2025-04-28 09:54:33,2025-04-28 10:57:17,21385.25,21349.75,6.0
1007,1014,2,M2KM5,,Short,10,2025-04-28 12:10:52,2025-04-28 12:33:46,1804.4,1810.5,10.0
1008,1016,2,M2KM5,1007,Short,10,2025-04-28 12:10:54,2025-04-28 12:32:59,1804.3,1810.5,10.0
1009,1017,2,M2KM5,1007,Short,10,2025-04-28 12:10:52,2025-04-28 12:33:19,1804.4,1810.5,10.0
1010,1018,2,M2KM5,1007,Short,10,2025-04-28 12:10:55,2025-04-28 12:33:07,1804.4,1810.5,10.0
1011,1019,2,M2KM5,1007,Short,10,2025-04-28 12:10:54,2025-04-28 12:33:45,1804.4,1810.5,10.0
1012,1020,2,M2KM5,1007,Short,10,2025-04-28 12:10:53,2025-04-28 12:33:19,1804.3,1810.6,10.0
1013,1015,4,MCLM5,,Long,10,2025-04-28 03:16:24,2025-04-28 03:45:39,41.0,41.42,10.0
1014,1016,4,MCLM5,1013,Long,10,2025-04-28 03:16:24,2025-04-28 03:45:30,41.01,41.41,10.0
1015,1017,4,MCLM5,1013,Long,10,2025-04-28 03:16:24,2025-04-28 03:46:08,41.01,41.42,10.0
1016,1018,4,MCLM5,1013,Long,10,2025-04-28 03:16:26,2025-04-28 03:45:55,41.01,41.42,10.0
1017,1019,4,MCLM5,1013,Long,10,2025-04-28 03:16:26,2025-04-28 03:45:55,41.0,41.42,10.0
1018,1020,4,MCLM5,1013,Long,10,2025-04-28 03:16:25,2025-04-28 03:45:56,41.01,41.41,10.0
1019,1014,1,MNQM5,,Short,6,2025-04-29 09:47:29,2025-04-29 10:39:35,21417.25,21440.25,6.0
1020,1016,1,MNQM5,1019,Short,6,2025-04-29 09:47:32,2025-04-29 10:39:57,21417.0,21440.25,6.0
1021,1018,1,MNQM5,1019,Short,6,2025-04-29 09:47:31,2025-04-29 10:40:17,21417.0,21440.5,6.0
1022,1019,1,MNQM5,1019,Short,6,2025-04-29 09:47:29,2025-04-29 10:39:36,21417.0,21440.25,6.0
1023,1020,1,MNQM5,1019,Short,6,2025-04-29 09:47:32,2025-04-29 10:39:38,21417.0,21440.25,6.0
1024,1014,2,MESM5,,Long,10,2025-04-29 12:13:37,2025-04-29 12:35:59,6237.0,6243.25,10.0
1025,1015,2,MESM5,1024,Long,10,2025-04-29 12:13:37,2025-04-29 12:36:21,6237.0,6243.25,10.0
1026,1017,2,MESM5,1024,Long,10,2025-04-29 12:13:38,2025-04-29 12:35:58,6237.25,6243.25,10.0
1027,1018,2,MESM5,1024,Long,10,2025-04-29 12:13:39,2025-04-29 12:36:16,6237.0,6243.25,10.0
1028,1019,2,MESM5,1024,Long,10,2025-04-29 12:13:40,2025-04-29 12:36:36,6237.0,6243.25,10.0
1029,1020,2,MESM5,1024,Long,10,2025-04-29 12:13:39,2025-04-29 12:36:11,6237.25,6243.0,10.0
1030,1014,4,MGCM5,,Short,5,2025-04-29 03:25:44,2025-04-29 05:00:12,2712.0,2717.3,5.0
1031,1016,4,MGCM5,1030,Short,5,2025-04-29 03:25:45,2025-04-29 05:00:22,2712.0,2717.3,5.0
1032,1017,4,MGCM5,1030,Short,5,2025-04-29 03:25:47,2025-04-29 05:00:33,2712.0,2717.3,5.0
1033,1018,4,MGCM5,1030,Short,5,2025-04-29 03:25:44,2025-04-29 05:00:10,2712.0,2717.3,5.0
1034,1019,4,MGCM5,1030,Short,5,2025-04-29 03:25:45,2025-04-29 05:00:03,2712.0,2717.3,5.0
1035,1020,4,MGCM5,1030,Short,5,2025-04-29 03:25:47,2025-04-29 05:00:19,2711.9,2717.3,5.0
1036,1014,2,M2KM5,,Long,10,2025-04-30 12:22:20,2025-04-30 12:39:27,1863.5,1858.1,10.0
1037,1015,2,M2KM5,1036,Long,10,2025-04-30 12:22:22,2025-04-30 12:40:11,1863.5,1858.1,10.0
1038,1016,2,M2KM5,1036,Long,10,2025-04-30 12:22:20,2025-04-30 12:40:15,1863.5,1858.1,10.0
1039,1017,2,M2KM5,1036,Long,10,2025-04-30 12:22:23,2025-04-30 12:40:13,1863.5,1858.1,10.0
1040,1019,2,M2KM5,1036,Long,10,2025-04-30 12:22:23,2025-04-30 12:39:56,1863.6,1858.1,10.0
1041,1020,2,M2KM5,1036,Long,10,2025-04-30 12:22:22,2025-04-30 12:39:50,1863.6,1858.1,10.0
1042,1014,3,MNQM5,,Long,6,2025-04-30 10:29:46,2025-04-30 11:08:51,21224.0,21200.0,6.0
1043,1015,3,MNQM5,1042,Long,6,2025-04-30 10:29:49,2025-04-30 11:09:35,21224.0,21200.0,6.0
1044,1016,3,MNQM5,1042,Long,6,2025-04-30 10:29:49,2025-04-30 11:08:51,21224.0,21200.0,6.0
1045,1017,3,MNQM5,1042,Long,6,2025-04-30 10:29:46,2025-04-30 11:09:44,21224.25,21199.75,6.0
1046,1018,3,MNQM5,1042,Long,6,2025-04-30 10:29:49,2025-04-30 11:09:14,21224.25,21200.0,6.0
1047,1019,3,MNQM5,1042,Long,6,2025-04-30 10:29:47,2025-04-30 11:09:36,21224.0,21200.0,6.0
1048,1020,3,MNQM5,1042,Long,6,2025-04-30 10:29:49,2025-04-30 11:08:50,21224.0,21200.0,6.0
1049,1014,4,MGCM5,,Short,5,2025-04-30 03:30:01,2025-04-30 03:46:08,2715.2,2719.6,5.0
1050,1015,4,MGCM5,1049,Short,5,2025-04-30 03:30:02,2025-04-30 03:46:43,2715.1,2719.6,5.0
1051,1016,4,MGCM5,1049,Short,5,2025-04-30 03:30:01,2025-04-30 03:46:02,2715.2,2719.6,5.0
1052,1017,4,MGCM5,1049,Short,5,2025-04-30 03:30:02,2025-04-30 03:46:37,2715.2,2719.6,5.0
1053,1018,4,MGCM5,1049,Short,5,2025-04-30 03:30:03,2025-04-30 03:46:49,2715.1,2719.7,5.0
1054,1019,4,MGCM5,1049,Short,5,2025-04-30 03:30:04,2025-04-30 03:46:30,2715.1,2719.6,5.0
1055,1020,4,MGCM5,1049,Short,5,2025-04-30 03:30:02,2025-04-30 03:46:49,2715.1,2719.7,5.0
1056,1014,1,MNQM5,,Short,6,2025-05-01 10:04:59,2025-05-01 11:23:08,21352.75,21372.5,6.0
1057,1015,1,MNQM5,1056,Short,6,2025-05-01 10:05:02,2025-05-01 11:23:08,21352.75,21372.5,6.0
1058,1016,1,MNQM5,1056,Short,6,2025-05-01 10:05:00,2025-05-01 11:23:46,21352.75,21372.5,6.0
1059,1017,1,MNQM5,1056,Short,6,2025-05-01 10:04:59,2025-05-01 11:23:47,21352.75,21372.5,6.0
1060,1018,1,MNQM5,1056,Short,6,2025-05-01 10:04:59,2025-05-01 11:23:57,21352.75,21372.5,6.0
1061,1020,1,MNQM5,1056,Short,6,2025-05-01 10:05:01,2025-05-01 11:23:38,21352.75,21372.5,6.0
1062,1021,1,MNQM5,1056,Short,6,2025-05-01 10:05:01,2025-05-01 11:23:52,21352.75,21372.5,6.0
1063,1014,3,MGCM5,,Long,5,2025-05-01 10:31:44,2025-05-01 11:24:04,2706.1,2699.7,5.0
1064,1015,3,MGCM5,1063,Long,5,2025-05-01 10:31:46,2025-05-01 11:23:46,2706.1,2699.7,5.0
1065,1017,3,MGCM5,1063,Long,5,2025-05-01 10:31:44,2025-05-01 11:24:08,2706.2,2699.6,5.0
1066,1018,3,MGCM5,1063,Long,5,2025-05-01 10:31:46,2025-05-01 11:24:36,2706.1,2699.7,5.0
1067,1019,3,MGCM5,1063,Long,5,2025-05-01 10:31:45,2025-05-01 11:24:44,2706.2,2699.7,5.0
1068,1020,3,MGCM5,1063,Long,5,2025-05-01 10:31:45,2025-05-01 11:24:00,2706.1,2699.7,5.0
1069,1021,3,MGCM5,1063,Long,5,2025-05-01 10:31:45,2025-05-01 11:24:08,2706.1,2699.7,5.0
1070,1014,4,MGCM5,,Long,5,2025-05-01 03:16:14,2025-05-01 03:33:09,2718.3,2726.5,5.0
1071,1015,4,MGCM5,1070,Long,5,2025-05-01 03:16:15,2025-05-01 03:32:39,2718.4,2726.38,5.0
1072,1016,4,MGCM5,1070,Long,5,2025-05-01 03:16:17,2025-05-01 03:32:25,2718.4,2726.4,5.0
1073,1017,4,MGCM5,1070,Long,5,2025-05-01 03:16:17,2025-05-01 03:33:10,2718.3,2726.5,5.0
1074,1018,4,MGCM5,1070,Long,5,2025-05-01 03:16:16,2025-05-01 03:32:21,2718.3,2726.5,5.0
1075,1019,4,MGCM5,1070,Long,5,2025-05-01 03:16:17,2025-05-01 03:32:29,2718.3,2726.5,5.0
1076,1020,4,MGCM5,1070,Long,5,2025-05-01 03:16:17,2025-05-01 03:33:15,2718.4,2726.38,5.0
1077,1021,4,MGCM5,1070,Long,5,2025-05-01 03:16:16,2025-05-01 03:32:49,2718.3,2726.5,5.0
1078,1014,1,MYMM5,,Long,10,2025-05-02 09:48:34,2025-05-02 11:07:06,41430.0,41378.0,10.0
1079,1015,1,MYMM5,1078,Long,10,2025-05-02 09:48:37,2025-05-02 11:07:32,41430.0,41378.0,10.0
1080,1017,1,MYMM5,1078,Long,10,2025-05-02 09:48:35,2025-05-02 11:07:13,41430.0,41378.0,10.0
1081,1018,1,MYMM5,1078,Long,10,2025-05-02 09:48:36,2025-05-02 11:07:05,41431.0,41378.0,10.0
1082,1019,1,MYMM5,1078,Long,10,2025-05-02 09:48:37,2025-05-02 11:06:53,41431.0,41377.0,10.0
1083,1020,1,MYMM5,1078,Long,10,2025-05-02 09:48:35,2025-05-02 11:06:50,41431.0,41377.0,10.0
1084,1021,1,MYMM5,1078,Long,10,2025-05-02 09:48:35,2025-05-02 11:07:25,41431.0,41377.0,10.0
1085,1014,2,MESM5,,Short,10,2025-05-02 12:24:34,2025-05-02 12:44:43,6249.75,6246.25,10.0
1086,1015,2,MESM5,1085,Short,10,2025-05-02 12:24:35,2025-05-02 12:45:02,6249.75,6246.25,10.0
1087,1016,2,MESM5,1085,Short,10,2025-05-02 12:24:37,2025-05-02 12:44:37,6249.75,6246.25,10.0
1088,1017,2,MESM5,1085,Short,10,2025-05-02 12:24:35,2025-05-02 12:44:38,6249.5,6246.25,10.0
1089,1018,2,MESM5,1085,Short,10,2025-05-02 12:24:37,2025-05-02 12:45:36,6249.5,6246.25,10.0
1090,1019,2,MESM5,1085,Short,10,2025-05-02 12:24:34,2025-05-02 12:44:57,6249.75,6246.25,10.0
1091,1020,2,MESM5,1085,Short,10,2025-05-02 12:24:36,2025-05-02 12:45:16,6249.5,6246.5,10.0
1092,1021,2,MESM5,1085,Short,10,2025-05-02 12:24:35,2025-05-02 12:45:00,6249.75,6246.25,10.0
1093,1014,3,MCLM5,,Short,10,2025-05-02 10:20:44,2025-05-02 10:34:54,40.22,39.59,10.0
1094,1015,3,MCLM5,1093,Short,10,2025-05-02 10:20:47,2025-05-02 10:34:58,40.21,39.6,10.0
1095,1016,3,MCLM5,1093,Short,10,2025-05-02 10:20:46,2025-05-02 10:35:34,40.21,39.6,10.0
1096,1017,3,MCLM5,1093,Short,10,2025-05-02 10:20:47,2025-05-02 10:35:20,40.22,39.59,10.0
1097,1018,3,MCLM5,1093,Short,10,2025-05-02 10:20:46,2025-05-02 10:35:32,40.21,39.59,10.0
1098,1019,3,MCLM5,1093,Short,10,2025-05-02 10:20:46,2025-05-02 10:35:08,40.22,39.59,10.0
1099,1020,3,MCLM5,1093,Short,10,2025-05-02 10:20:44,2025-05-02 10:34:52,40.22,39.59,10.0
1100,1021,3,MCLM5,1093,Short,10,2025-05-02 10:20:47,2025-05-02 10:34:56,40.22,39.59,10.0
1101,1015,4,MCLM5,,Short,10,2025-05-02 03:32:59,2025-05-02 04:30:15,40.49,39.96,10.0
1102,1016,4,MCLM5,1101,Short,10,2025-05-02 03:33:00,2025-05-02 04:30:18,40.49,39.96,10.0
1103,1018,4,MCLM5,1101,Short,10,2025-05-02 03:33:01,2025-05-02 04:30:08,40.49,39.96,10.0
1104,1019,4,MCLM5,1101,Short,10,2025-05-02 03:33:00,2025-05-02 04:30:45,40.49,39.96,10.0
1105,1020,4,MCLM5,1101,Short,10,2025-05-02 03:32:59,2025-05-02 04:30:48,40.48,39.96,10.0
1106,1021,4,MCLM5,1101,Short,10,2025-05-02 03:33:00,2025-05-02 04:30:30,40.49,39.96,10.0
1107,1014,5,MNQM5,,Long,6,2025-05-02 08:51:11,2025-05-02 09:14:19,21613.0,21646.25,6.0
1108,1015,5,MNQM5,1107,Long,6,2025-05-02 08:51:12,2025-05-02 09:14:40,21613.25,21646.25,6.0
1109,1016,5,MNQM5,1107,Long,6,2025-05-02 08:51:14,2025-05-02 09:14:21,21613.0,21646.25,6.0
1110,1017,5,MNQM5,1107,Long,6,2025-05-02 08:51:12,2025-05-02 09:14:39,21613.0,21646.25,6.0
1111,1018,5,MNQM5,1107,Long,6,2025-05-02 08:51:11,2025-05-02 09:14:38,21613.0,21646.25,6.0
1112,1019,5,MNQM5,1107,Long,6,2025-05-02 08:51:12,2025-05-02 09:14:20,21613.25,21646.0,6.0
1113,1020,5,MNQM5,1107,Long,6,2025-05-02 08:51:13,2025-05-02 09:14:52,21613.25,21646.0,6.0
1114,1014,2,M2KM5,,Short,10,2025-05-05 12:22:16,2025-05-05 12:47:15,1914.3,1919.4,10.0
1115,1015,2,M2KM5,1114,Short,10,2025-05-05 12:22:17,2025-05-05 12:46:27,1914.3,1919.4,10.0
1116,1016,2,M2KM5,1114,Short,10,2025-05-05 12:22:17,2025-05-05 12:46:56,1914.2,1919.4,10.0
1117,1017,2,M2KM5,1114,Short,10,2025-05-05 12:22:19,2025-05-05 12:47:09,1914.2,1919.4,10.0
1118,1018,2,M2KM5,1114,Short,10,2025-05-05 12:22:18,2025-05-05 12:47:10,1914.2,1919.4,10.0
1119,1019,2,M2KM5,1114,Short,10,2025-05-05 12:22:18,2025-05-05 12:47:15,1914.3,1919.4,10.0
1120,1020,2,M2KM5,1114,Short,10,2025-05-05 12:22:16,2025-05-05 12:46:29,1914.2,1919.5,10.0
1121,1021,2,M2KM5,1114,Short,10,2025-05-05 12:22:17,2025-05-05 12:46:54,1914.3,1919.4,10.0
1122,1022,2,M2KM5,1114,Short,10,2025-05-05 12:22:17,2025-05-05 12:46:40,1914.3,1919.4,10.0
1123,1014,3,MNQM5,,Long,6,2025-05-05 10:39:12,2025-05-05 11:41:54,21305.25,21344.75,6.0
1124,1015,3,MNQM5,1123,Long,6,2025-05-05 10:39:15,2025-05-05 11:41:39,21305.5,21344.5,6.0
1125,1016,3,MNQM5,1123,Long,6,2025-05-05 10:39:13,2025-05-05 11:41:52,21305.5,21344.75,6.0
1126,1017,3,MNQM5,1123,Long,6,2025-05-05 10:39:15,2025-05-05 11:42:03,21305.5,21344.75,6.0
1127,1018,3,MNQM5,1123,Long,6,2025-05-05 10:39:13,2025-05-05 11:41:19,21305.25,21344.75,6.0
1128,1019,3,MNQM5,1123,Long,6,2025-05-05 10:39:12,2025-05-05 11:41:56,21305.25,21344.75,6.0
1129,1020,3,MNQM5,1123,Long,6,2025-05-05 10:39:13,2025-05-05 11:41:36,21305.25,21344.75,6.0
1130,1021,3,MNQM5,1123,Long,6,2025-05-05 10:39:14,2025-05-05 11:41:18,21305.5,21344.75,6.0
1131,1022,3,MNQM5,1123,Long,6,2025-05-05 10:39:13,2025-05-05 11:41:26,21305.25,21344.75,6.0
1132,1014,3,MNQM5,,Short,6,2025-05-06 10:22:58,2025-05-06 11:46:45,21058.25,21017.5,6.0
1133,1015,3,MNQM5,1132,Short,6,2025-05-06 10:23:01,2025-05-06 11:46:50,21058.0,21017.5,6.0
1134,1018,3,MNQM5,1132,Short,6,2025-05-06 10:22:59,2025-05-06 11:46:14,21058.25,21017.5,6.0
1135,1019,3,MNQM5,1132,Short,6,2025-05-06 10:23:01,2025-05-06 11:46:40,21058.25,21017.5,6.0
1136,1021,3,MNQM5,1132,Short,6,2025-05-06 10:22:58,2025-05-06 11:46:31,21058.25,21017.5,6.0
1137,1022,3,MNQM5,1132,Short,6,2025-05-06 10:22:58,2025-05-06 11:46:48,21058.0,21017.5,6.0
1138,1023,3,MNQM5,1132,Short,6,2025-05-06 10:23:01,2025-05-06 11:46:29,21058.0,21017.5,6.0
1139,1014,4,MCLM5,,Short,10,2025-05-06 03:21:11,2025-05-06 03:58:19,40.54,39.98,10.0
1140,1015,4,MCLM5,1139,Short,10,2025-05-06 03:21:14,2025-05-06 03:58:55,40.54,39.98,10.0
1141,1017,4,MCLM5,1139,Short,10,2025-05-06 03:21:11,2025-05-06 03:58:34,40.54,39.98,10.0
1142,1019,4,MCLM5,1139,Short,10,2025-05-06 03:21:12,2025-05-06 03:58:17,40.54,39.98,10.0
1143,1020,4,MCLM5,1139,Short,10,2025-05-06 03:21:11,2025-05-06 03:58:25,40.53,39.98,10.0
1144,1021,4,MCLM5,1139,Short,10,2025-05-06 03:21:14,2025-05-06 03:59:06,40.54,39.98,10.0
1145,1022,4,MCLM5,1139,Short,10,2025-05-06 03:21:11,2025-05-06 03:59:00,40.54,39.98,10.0
1146,1023,4,MCLM5,1139,Short,10,2025-05-06 03:21:11,2025-05-06 03:58:38,40.54,39.98,10.0
1147,1014,1,MYMM5,,Long,10,2025-05-07 10:01:21,2025-05-07 11:24:27,41649.0,41591.0,10.0
1148,1017,1,MYMM5,1147,Long,10,2025-05-07 10:01:24,2025-05-07 11:24:31,41650.0,41591.0,10.0
1149,1018,1,MYMM5,1147,Long,10,2025-05-07 10:01:24,2025-05-07 11:24:29,41649.0,41591.0,10.0
1150,1019,1,MYMM5,1147,Long,10,2025-05-07 10:01:22,2025-05-07 11:25:11,41650.0,41590.0,10.0
1151,1020,1,MYMM5,1147,Long,10,2025-05-07 10:01:24,2025-05-07 11:25:12,41649.0,41591.0,10.0
1152,1021,1,MYMM5,1147,Long,10,2025-05-07 10:01:23,2025-05-07 11:24:59,41649.0,41591.0,10.0
1153,1022,1,MYMM5,1147,Long,10,2025-05-07 10:01:24,2025-05-07 11:24:44,41649.0,41591.0,10.0
1154,1023,1,MYMM5,1147,Long,10,2025-05-07 10:01:24,2025-05-07 11:25:14,41649.0,41591.0,10.0
1155,1024,1,MYMM5,1147,Long,10,2025-05-07 10:01:23,2025-05-07 11:24:23,41650.0,41590.0,10.0
1156,1014,2,M2KM5,,Long,10,2025-05-07 12:13:04,2025-05-07 12:29:55,1942.9,1936.5,10.0
1157,1015,2,M2KM5,1156,Long,10,2025-05-07 12:13:07,2025-05-07 12:29:59,1943.0,1936.5,10.0
1158,1017,2,M2KM5,1156,Long,10,2025-05-07 12:13:05,2025-05-07 12:29:13,1942.9,1936.5,10.0
1159,1018,2,M2KM5,1156,Long,10,2025-05-07 12:13:04,2025-05-07 12:30:01,1943.0,1936.4,10.0
1160,1019,2,M2KM5,1156,Long,10,2025-05-07 12:13:06,2025-05-07 12:29:21,1943.0,1936.4,10.0
1161,1020,2,M2KM5,1156,Long,10,2025-05-07 12:13:04,2025-05-07 12:30:02,1943.0,1936.4,10.0
1162,1021,2,M2KM5,1156,Long,10,2025-05-07 12:13:04,2025-05-07 12:29:58,1943.0,1936.4,10.0
1163,1022,2,M2KM5,1156,Long,10,2025-05-07 12:13:04,2025-05-07 12:29:26,1942.9,1936.5,10.0
1164,1023,2,M2KM5,1156,Long,10,2025-05-07 12:13:04,2025-05-07 12:29:29,1942.9,1936.5,10.0
1165,1024,2,M2KM5,1156,Long,10,2025-05-07 12:13:07,2025-05-07 12:29:56,1943.0,1936.5,10.0
1166,1014,4,MGCM5,,Short,5,2025-05-07 03:24:48,2025-05-07 04:19:23,2673.8,2679.2,5.0
1167,1015,4,MGCM5,1166,Short,5,2025-05-07 03:24:50,2025-05-07 04:18:53,2673.8,2679.2,5.0
1168,1017,4,MGCM5,1166,Short,5,2025-05-07 03:24:51,2025-05-07 04:19:25,2673.8,2679.2,5.0
1169,1018,4,MGCM5,1166,Short,5,2025-05-07 03:24:51,2025-05-07 04:19:37,2673.8,2679.2,5.0
1170,1019,4,MGCM5,1166,Short,5,2025-05-07 03:24:51,2025-05-07 04:19:40,2673.8,2679.2,5.0
1171,1020,4,MGCM5,1166,Short,5,2025-05-07 03:24:51,2025-05-07 04:19:08,2673.7,2679.2,5.0
1172,1021,4,MGCM5,1166,Short,5,2025-05-07 03:24:51,2025-05-07 04:19:34,2673.8,2679.2,5.0
1173,1022,4,MGCM5,1166,Short,5,2025-05-07 03:24:48,2025-05-07 04:19:02,2673.7,2679.3,5.0
1174,1023,4,MGCM5,1166,Short,5,2025-05-07 03:24:49,2025-05-07 04:19:08,2673.8,2679.2,5.0
1175,1024,4,MGCM5,1166,Short,5,2025-05-07 03:24:49,2025-05-07 04:19:21,2673.7,2679.2,5.0
1176,1014,2,M2KM5,,Long,10,2025-05-08 12:24:15,2025-05-08 12:33:39,1941.4,1946.6,10.0
1177,1015,2,M2KM5,1176,Long,10,2025-05-08 12:24:18,2025-05-08 12:33:18,1941.4,1946.6,10.0
1178,1017,2,M2KM5,1176,Long,10,2025-05-08 12:24:18,2025-05-08 12:34:03,1941.4,1946.6,10.0
1179,1018,2,M2KM5,1176,Long,10,2025-05-08 12:24:15,2025-05-08 12:34:07,1941.5,1946.5,10.0
1180,1019,2,M2KM5,1176,Long,10,2025-05-08 12:24:15,2025-05-08 12:33:57,1941.4,1946.6,10.0
1181,1020,2,M2KM5,1176,Long,10,2025-05-08 12:24:15,2025-05-08 12:34:04,1941.4,1946.6,10.0
1182,1021,2,M2KM5,1176,Long,10,2025-05-08 12:24:16,2025-05-08 12:33:28,1941.4,1946.6,10.0
1183,1022,2,M2KM5,1176,Long,10,2025-05-08 12:24:15,2025-05-08 12:34:07,1941.5,1946.5,10.0
1184,1023,2,M2KM5,1176,Long,10,2025-05-08 12:24:15,2025-05-08 12:34:02,1941.5,1946.5,10.0
1185,1024,2,M2KM5,1176,Long,10,2025-05-08 12:24:17,2025-05-08 12:33:36,1941.5,1946.6,10.0
1186,1025,2,M2KM5,1176,Long,10,2025-05-08 12:24:16,2025-05-08 12:33:21,1941.5,1946.6,10.0
1187,1014,3,MCLM5,,Short,10,2025-05-08 10:27:23,2025-05-08 11:42:30,43.02,42.45,10.0
1188,1015,3,MCLM5,1187,Short,10,2025-05-08 10:27:25,2025-05-08 11:42:54,43.02,42.45,10.0
1189,1017,3,MCLM5,1187,Short,10,2025-05-08 10:27:25,2025-05-08 11:42:38,43.01,42.45,10.0
1190,1018,3,MCLM5,1187,Short,10,2025-05-08 10:27:24,2025-05-08 11:42:35,43.02,42.45,10.0
1191,1019,3,MCLM5,1187,Short,10,2025-05-08 10:27:26,2025-05-08 11:42:51,43.01,42.46,10.0
1192,1020,3,MCLM5,1187,Short,10,2025-05-08 10:27:26,2025-05-08 11:43:17,43.02,42.45,10.0
1193,1022,3,MCLM5,1187,Short,10,2025-05-08 10:27:23,2025-05-08 11:43:08,43.02,42.45,10.0
1194,1023,3,MCLM5,1187,Short,10,2025-05-08 10:27:25,2025-05-08 11:43:16,43.02,42.45,10.0
1195,1024,3,MCLM5,1187,Short,10,2025-05-08 10:27:25,2025-05-08 11:43:16,43.02,42.45,10.0
1196,1025,3,MCLM5,1187,Short,10,2025-05-08 10:27:23,2025-05-08 11:42:37,43.02,42.45,10.0
1197,1014,4,MGCM5,,Long,5,2025-05-08 03:23:48,2025-05-08 04:21:42,2670.8,2664.1,5.0
1198,1015,4,MGCM5,1197,Long,5,2025-05-08 03:23:50,2025-05-08 04:21:44,2670.8,2664.1,5.0
1199,1017,4,MGCM5,1197,Long,5,2025-05-08 03:23:50,2025-05-08 04:21:04,2670.8,2664.1,5.0
1200,1018,4,MGCM5,1197,Long,5,2025-05-08 03:23:50,2025-05-08 04:21:35,2670.9,2664.1,5.0
1201,1019,4,MGCM5,1197,Long,5,2025-05-08 03:23:49,2025-05-08 04:21:41,2670.8,2664.1,5.0
1202,1020,4,MGCM5,1197,Long,5,2025-05-08 03:23:48,2025-05-08 04:21:02,2670.8,2664.1,5.0
1203,1021,4,MGCM5,1197,Long,5,2025-05-08 03:23:48,2025-05-08 04:20:57,2670.9,2664.1,5.0
1204,1022,4,MGCM5,1197,Long,5,2025-05-08 03:23:50,2025-05-08 04:21:00,2670.9,2664.1,5.0
1205,1023,4,MGCM5,1197,Long,5,2025-05-08 03:23:49,2025-05-08 04:21:40,2670.9,2664.0,5.0
1206,1024,4,MGCM5,1197,Long,5,2025-05-08 03:23:51,2025-05-08 04:21:09,2670.9,2664.1,5.0
1207,1025,4,MGCM5,1197,Long,5,2025-05-08 03:23:48,2025-05-08 04:21:31,2670.8,2664.1,5.0
1208,1014,1,MESM5,,Long,10,2025-05-09 09:58:32,2025-05-09 10:44:56,6292.5,6287.75,10.0
1209,1015,1,MESM5,1208,Long,10,2025-05-09 09:58:35,2025-05-09 10:45:03,6292.5,6287.75,10.0
1210,1017,1,MESM5,1208,Long,10,2025-05-09 09:58:33,2025-05-09 10:45:14,6292.5,6287.75,10.0
1211,1018,1,MESM5,1208,Long,10,2025-05-09 09:58:33,2025-05-09 10:45:15,6292.5,6287.75,10.0
1212,1019,1,MESM5,1208,Long,10,2025-05-09 09:58:33,2025-05-09 10:44:36,6292.5,6287.75,10.0
1213,1020,1,MESM5,1208,Long,10,2025-05-09 09:58:34,2025-05-09 10:45:03,6292.75,6287.75,10.0
1214,1021,1,MESM5,1208,Long,10,2025-05-09 09:58:34,2025-05-09 10:44:44,6292.5,6287.75,10.0
1215,1022,1,MESM5,1208,Long,10,2025-05-09 09:58:33,2025-05-09 10:44:45,6292.5,6287.75,10.0
1216,1023,1,MESM5,1208,Long,10,2025-05-09 09:58:34,2025-05-09 10:45:26,6292.75,6287.75,10.0
1217,1024,1,MESM5,1208,Long,10,2025-05-09 09:58:34,2025-05-09 10:45:19,6292.75,6287.5,10.0
1218,1025,1,MESM5,1208,Long,10,2025-05-09 09:58:34,2025-05-09 10:45:12,6292.75,6287.75,10.0
1219,1014,2,MESM5,,Long,10,2025-05-09 12:15:37,2025-05-09 12:22:40,6255.0,6260.25,10.0
1220,1015,2,MESM5,1219,Long,10,2025-05-09 12:15:40,2025-05-09 12:23:12,6255.0,6260.25,10.0
1221,1018,2,MESM5,1219,Long,10,2025-05-09 12:15:37,2025-05-09 12:22:44,6255.25,6260.0,10.0
1222,1019,2,MESM5,1219,Long,10,2025-05-09 12:15:39,2025-05-09 12:23:32,6255.25,6260.25,10.0
1223,1020,2,MESM5,1219,Long,10,2025-05-09 12:15:39,2025-05-09 12:23:16,6255.25,6260.25,10.0
1224,1021,2,MESM5,1219,Long,10,2025-05-09 12:15:38,2025-05-09 12:23:19,6255.0,6260.25,10.0
1225,1022,2,MESM5,1219,Long,10,2025-05-09 12:15:37,2025-05-09 12:23:05,6255.0,6260.25,10.0
1226,1023,2,MESM5,1219,Long,10,2025-05-09 12:15:37,2025-05-09 12:23:10,6255.25,6260.0,10.0
1227,1024,2,MESM5,1219,Long,10,2025-05-09 12:15:38,2025-05-09 12:22:42,6255.0,6260.25,10.0
1228,1025,2,MESM5,1219,Long,10,2025-05-09 12:15:39,2025-05-09 12:22:44,6255.0,6260.25,10.0
1229,1026,2,MESM5,1219,Long,10,2025-05-09 12:15:37,2025-05-09 12:23:16,6255.0,6260.25,10.0
1230,1014,1,MNQM5,,Short,6,2025-05-12 10:04:10,2025-05-12 10:43:38,20897.25,20869.75,6.0
1231,1015,1,MNQM5,1230,Short,6,2025-05-12 10:04:13,2025-05-12 10:43:47,20897.0,20869.75,6.0
1232,1017,1,MNQM5,1230,Short,6,2025-05-12 10:04:13,2025-05-12 10:43:16,20897.0,20870.0,6.0
1233,1018,1,MNQM5,1230,Short,6,2025-05-12 10:04:11,2025-05-12 10:43:20,20897.25,20869.75,6.0
1234,1019,1,MNQM5,1230,Short,6,2025-05-12 10:04:10,2025-05-12 10:43:55,20897.0,20870.0,6.0
1235,1020,1,MNQM5,1230,Short,6,2025-05-12 10:04:11,2025-05-12 10:43:55,20897.25,20869.75,6.0
1236,1021,1,MNQM5,1230,Short,6,2025-05-12 10:04:11,2025-05-12 10:43:55,20897.25,20869.75,6.0
1237,1022,1,MNQM5,1230,Short,6,2025-05-12 10:04:13,2025-05-12 10:43:26,20897.0,20870.0,6.0
1238,1023,1,MNQM5,1230,Short,6,2025-05-12 10:04:10,2025-05-12 10:43:25,20897.0,20870.0,6.0
1239,1024,1,MNQM5,1230,Short,6,2025-05-12 10:04:13,2025-05-12 10:43:17,20897.0,20869.75,6.0
1240,1025,1,MNQM5,1230,Short,6,2025-05-12 10:04:12,2025-05-12 10:44:07,20897.25,20869.75,6.0
1241,1026,1,MNQM5,1230,Short,6,2025-05-12 10:04:13,2025-05-12 10:43:27,20897.25,20869.75,6.0
1242,1014,3,MNQM5,,Long,6,2025-05-12 10:37:13,2025-05-12 11:10:03,20767.0,20742.25,6.0
1243,1015,3,MNQM5,1242,Long,6,2025-05-12 10:37:13,2025-05-12 11:09:19,20767.25,20742.0,6.0
1244,1017,3,MNQM5,1242,Long,6,2025-05-12 10:37:16,2025-05-12 11:09:46,20767.0,20742.25,6.0
1245,1018,3,MNQM5,1242,Long,6,2025-05-12 10:37:13,2025-05-12 11:10:02,20767.0,20742.25,6.0
1246,1019,3,MNQM5,1242,Long,6,2025-05-12 10:37:16,2025-05-12 11:09:34,20767.0,20742.25,6.0
1247,1020,3,MNQM5,1242,Long,6,2025-05-12 10:37:16,2025-05-12 11:09:24,20767.0,20742.25,6.0
1248,1021,3,MNQM5,1242,Long,6,2025-05-12 10:37:13,2025-05-12 11:10:09,20767.25,20742.0,6.0
1249,1022,3,MNQM5,1242,Long,6,2025-05-12 10:37:13,2025-05-12 11:09:52,20767.0,20742.25,6.0
1250,1023,3,MNQM5,1242,Long,6,2025-05-12 10:37:16,2025-05-12 11:09:49,20767.0,20742.25,6.0
1251,1024,3,MNQM5,1242,Long,6,2025-05-12 10:37:15,2025-05-12 11:09:30,20767.0,20742.25,6.0
1252,1025,3,MNQM5,1242,Long,6,2025-05-12 10:37:15,2025-05-12 11:09:55,20767.0,20742.25,6.0
1253,1026,3,MNQM5,1242,Long,6,2025-05-12 10:37:16,2025-05-12 11:10:11,20767.25,20742.25,6.0
1254,1015,4,MCLN5,,Short,10,2025-05-12 03:35:08,2025-05-12 03:44:18,43.34,43.64,10.0
1255,1017,4,MCLN5,1254,Short,10,2025-05-12 03:35:11,2025-05-12 03:44:18,43.34,43.64,10.0
1256,1018,4,MCLN5,1254,Short,10,2025-05-12 03:35:10,2025-05-12 03:44:22,43.34,43.64,10.0
1257,1020,4,MCLN5,1254,Short,10,2025-05-12 03:35:11,2025-05-12 03:44:45,43.34,43.64,10.0
1258,1021,4,MCLN5,1254,Short,10,2025-05-12 03:35:08,2025-05-12 03:44:23,43.34,43.64,10.0
1259,1022,4,MCLN5,1254,Short,10,2025-05-12 03:35:08,2025-05-12 03:44:41,43.34,43.64,10.0
1260,1023,4,MCLN5,1254,Short,10,2025-05-12 03:35:09,2025-05-12 03:44:20,43.33,43.65,10.0
1261,1024,4,MCLN5,1254,Short,10,2025-05-12 03:35:11,2025-05-12 03:44:12,43.33,43.64,10.0
1262,1025,4,MCLN5,1254,Short,10,2025-05-12 03:35:11,2025-05-12 03:44:14,43.34,43.64,10.0
1263,1026,4,MCLN5,1254,Short,10,2025-05-12 03:35:09,2025-05-12 03:44:55,43.34,43.64,10.0
1264,1014,1,MESM5,,Long,10,2025-05-13 09:48:21,2025-05-13 10:10:42,6297.75,6290.5,10.0
1265,1015,1,MESM5,1264,Long,10,2025-05-13 09:48:24,2025-05-13 10:11:15,6298.0,6290.5,10.0
1266,1017,1,MESM5,1264,Long,10,2025-05-13 09:48:22,2025-05-13 10:11:09,6298.0,6290.25,10.0
1267,1018,1,MESM5,1264,Long,10,2025-05-13 09:48:24,2025-05-13 10:10:46,6298.0,6290.25,10.0
1268,1019,1,MESM5,1264,Long,10,2025-05-13 09:48:24,2025-05-13 10:10:40,6297.75,6290.5,10.0
1269,1020,1,MESM5,1264,Long,10,2025-05-13 09:48:22,2025-05-13 10:10:44,6297.75,6290.5,10.0
1270,1021,1,MESM5,1264,Long,10,2025-05-13 09:48:21,2025-05-13 10:10:55,6297.75,6290.5,10.0
1271,1022,1,MESM5,1264,Long,10,2025-05-13 09:48:23,2025-05-13 10:11:07,6297.75,6290.5,10.0
1272,1023,1,MESM5,1264,Long,10,2025-05-13 09:48:21,2025-05-13 10:10:33,6298.0,6290.5,10.0
1273,1024,1,MESM5,1264,Long,10,2025-05-13 09:48:21,2025-05-13 10:11:02,6297.75,6290.5,10.0
1274,1025,1,MESM5,1264,Long,10,2025-05-13 09:48:21,2025-05-13 10:11:03,6297.75,6290.5,10.0
1275,1026,1,MESM5,1264,Long,10,2025-05-13 09:48:24,2025-05-13 10:10:40,6297.75,6290.5,10.0
1276,1027,1,MESM5,1264,Long,10,2025-05-13 09:48:21,2025-05-13 10:10:33,6298.0,6290.5,10.0
1277,1014,5,MESM5,,Long,10,2025-05-13 08:51:35,2025-05-13 09:09:55,6252.75,6247.75,10.0
1278,1015,5,MESM5,1277,Long,10,2025-05-13 08:51:35,2025-05-13 09:10:14,6252.75,6247.75,10.0
1279,1017,5,MESM5,1277,Long,10,2025-05-13 08:51:36,2025-05-13 09:10:23,6253.0,6247.5,10.0
1280,1018,5,MESM5,1277,Long,10,2025-05-13 08:51:36,2025-05-13 09:10:22,6252.75,6247.75,10.0
1281,1019,5,MESM5,1277,Long,10,2025-05-13 08:51:37,2025-05-13 09:10:22,6253.0,6247.5,10.0
1282,1020,5,MESM5,1277,Long,10,2025-05-13 08:51:36,2025-05-13 09:10:10,6252.75,6247.75,10.0
1283,1022,5,MESM5,1277,Long,10,2025-05-13 08:51:37,2025-05-13 09:10:29,6252.75,6247.75,10.0
1284,1023,5,MESM5,1277,Long,10,2025-05-13 08:51:38,2025-05-13 09:10:25,6252.75,6247.75,10.0
1285,1024,5,MESM5,1277,Long,10,2025-05-13 08:51:36,2025-05-13 09:09:59,6253.0,6247.75,10.0
1286,1025,5,MESM5,1277,Long,10,2025-05-13 08:51:35,2025-05-13 09:10:26,6252.75,6247.75,10.0
1287,1026,5,MESM5,1277,Long,10,2025-05-13 08:51:37,2025-05-13 09:10:16,6252.75,6247.75,10.0
1288,1027,5,MESM5,1277,Long,10,2025-05-13 08:51:35,2025-05-13 09:10:33,6253.0,6247.75,10.0
1289,1014,1,MNQM5,,Short,6,2025-05-14 10:01:01,2025-05-14 11:17:56,20567.75,20590.5,6.0
1290,1015,1,MNQM5,1289,Short,6,2025-05-14 10:01:01,2025-05-14 11:17:13,20567.75,20590.5,6.0
1291,1017,1,MNQM5,1289,Short,6,2025-05-14 10:01:01,2025-05-14 11:17:34,20567.75,20590.5,6.0
1292,1018,1,MNQM5,1289,Short,6,2025-05-14 10:01:03,2025-05-14 11:17:06,20567.5,20590.5,6.0
1293,1019,1,MNQM5,1289,Short,6,2025-05-14 10:01:04,2025-05-14 11:17:44,20567.75,20590.5,6.0
1294,1020,1,MNQM5,1289,Short,6,2025-05-14 10:01:04,2025-05-14 11:17:42,20567.5,20590.75,6.0
1295,1021,1,MNQM5,1289,Short,6,2025-05-14 10:01:01,2025-05-14 11:17:47,20567.75,20590.5,6.0
1296,1022,1,MNQM5,1289,Short,6,2025-05-14 10:01:03,2025-05-14 11:17:44,20567.75,20590.5,6.0
1297,1023,1,MNQM5,1289,Short,6,2025-05-14 10:01:02,2025-05-14 11:17:54,20567.75,20590.5,6.0
1298,1024,1,MNQM5,1289,Short,6,2025-05-14 10:01:02,2025-05-14 11:17:34,20567.5,20590.5,6.0
1299,1025,1,MNQM5,1289,Short,6,2025-05-14 10:01:01,2025-05-14 11:17:19,20567.5,20590.5,6.0
1300,1026,1,MNQM5,1289,Short,6,2025-05-14 10:01:02,2025-05-14 11:17:04,20567.5,20590.75,6.0
1301,1014,3,MNQM5,,Short,6,2025-05-14 10:39:20,2025-05-14 11:19:12,20684.5,20711.25,6.0
1302,1015,3,MNQM5,1301,Short,6,2025-05-14 10:39:23,2025-05-14 11:18:47,20684.25,20711.25,6.0
1303,1017,3,MNQM5,1301,Short,6,2025-05-14 10:39:20,2025-05-14 11:18:54,20684.5,20711.25,6.0
1304,1018,3,MNQM5,1301,Short,6,2025-05-14 10:39:22,2025-05-14 11:19:19,20684.5,20711.25,6.0
1305,1019,3,MNQM5,1301,Short,6,2025-05-14 10:39:22,2025-05-14 11:18:24,20684.25,20711.5,6.0
1306,1020,3,MNQM5,1301,Short,6,2025-05-14 10:39:21,2025-05-14 11:18:39,20684.25,20711.25,6.0
1307,1021,3,MNQM5,1301,Short,6,2025-05-14 10:39:22,2025-05-14 11:18:45,20684.25,20711.25,6.0
1308,1022,3,MNQM5,1301,Short,6,2025-05-14 10:39:23,2025-05-14 11:18:39,20684.5,20711.25,6.0
1309,1023,3,MNQM5,1301,Short,6,2025-05-14 10:39:21,2025-05-14 11:18:25,20684.5,20711.25,6.0
1310,1024,3,MNQM5,1301,Short,6,2025-05-14 10:39:23,2025-05-14 11:19:06,20684.5,20711.25,6.0
1311,1025,3,MNQM5,1301,Short,6,2025-05-14 10:39:22,2025-05-14 11:18:59,20684.25,20711.25,6.0
1312,1026,3,MNQM5,1301,Short,6,2025-05-14 10:39:22,2025-05-14 11:18:44,20684.5,20711.25,6.0
1313,1027,3,MNQM5,1301,Short,6,2025-05-14 10:39:20,2025-05-14 11:19:05,20684.25,20711.25,6.0
1314,1014,4,MGCM5,,Short,5,2025-05-14 03:29:02,2025-05-14 04:40:08,2688.4,2680.32,5.0
1315,1015,4,MGCM5,1314,Short,5,2025-05-14 03:29:02,2025-05-14 04:40:52,2688.4,2680.32,5.0
1316,1017,4,MGCM5,1314,Short,5,2025-05-14 03:29:05,2025-05-14 04:40:23,2688.4,2680.3,5.0
1317,1018,4,MGCM5,1314,Short,5,2025-05-14 03:29:02,2025-05-14 04:40:37,2688.3,2680.42,5.0
1318,1019,4,MGCM5,1314,Short,5,2025-05-14 03:29:03,2025-05-14 04:40:10,2688.4,2680.32,5.0
1319,1020,4,MGCM5,1314,Short,5,2025-05-14 03:29:03,2025-05-14 04:40:14,2688.4,2680.32,5.0
1320,1021,4,MGCM5,1314,Short,5,2025-05-14 03:29:04,2025-05-14 04:40:35,2688.4,2680.32,5.0
1321,1022,4,MGCM5,1314,Short,5,2025-05-14 03:29:04,2025-05-14 04:40:54,2688.3,2680.3,5.0
1322,1023,4,MGCM5,1314,Short,5,2025-05-14 03:29:04,2025-05-14 04:40:40,2688.4,2680.3,5.0
1323,1024,4,MGCM5,1314,Short,5,2025-05-14 03:29:02,2025-05-14 04:40:23,2688.3,2680.42,5.0
1324,1025,4,MGCM5,1314,Short,5,2025-05-14 03:29:04,2025-05-14 04:40:42,2688.3,2680.4,5.0
1325,1026,4,MGCM5,1314,Short,5,2025-05-14 03:29:02,2025-05-14 04:40:41,2688.3,2680.3,5.0
1326,1027,4,MGCM5,1314,Short,5,2025-05-14 03:29:05,2025-05-14 04:40:10,2688.4,2680.32,5.0
1327,1017,1,MESM5,,Short,10,2025-05-15 10:05:16,2025-05-15 10:38:12,6311.5,6318.5,10.0
1328,1018,1,MESM5,1327,Short,10,2025-05-15 10:05:19,2025-05-15 10:37:31,6311.5,6318.5,10.0
1329,1019,1,MESM5,1327,Short,10,2025-05-15 10:05:18,2025-05-15 10:37:24,6311.25,6318.75,10.0
1330,1021,1,MESM5,1327,Short,10,2025-05-15 10:05:18,2025-05-15 10:38:11,6311.25,6318.75,10.0
1331,1022,1,MESM5,1327,Short,10,2025-05-15 10:05:16,2025-05-15 10:37:27,6311.5,6318.5,10.0
1332,1024,1,MESM5,1327,Short,10,2025-05-15 10:05:16,2025-05-15 10:37:41,6311.25,6318.75,10.0
1333,1025,1,MESM5,1327,Short,10,2025-05-15 10:05:17,2025-05-15 10:37:40,6311.5,6318.5,10.0
1334,1026,1,MESM5,1327,Short,10,2025-05-15 10:05:19,2025-05-15 10:38:12,6311.25,6318.5,10.0
1335,1027,1,MESM5,1327,Short,10,2025-05-15 10:05:19,2025-05-15 10:37:47,6311.25,6318.75,10.0
1336,1015,2,MESM5,,Long,10,2025-05-15 12:12:45,2025-05-15 12:17:33,6347.25,6341.0,10.0
1337,1017,2,MESM5,1336,Long,10,2025-05-15 12:12:46,2025-05-15 12:17:17,6347.25,6341.0,10.0
1338,1018,2,MESM5,1336,Long,10,2025-05-15 12:12:45,2025-05-15 12:17:25,6347.5,6340.75,10.0
1339,1019,2,MESM5,1336,Long,10,2025-05-15 12:12:48,2025-05-15 12:17:12,6347.5,6340.75,10.0
1340,1021,2,MESM5,1336,Long,10,2025-05-15 12:12:48,2025-05-15 12:17:20,6347.5,6340.75,10.0
1341,1022,2,MESM5,1336,Long,10,2025-05-15 12:12:45,2025-05-15 12:17:11,6347.25,6341.0,10.0
1342,1023,2,MESM5,1336,Long,10,2025-05-15 12:12:48,2025-05-15 12:17:35,6347.25,6341.0,10.0
1343,1025,2,MESM5,1336,Long,10,2025-05-15 12:12:46,2025-05-15 12:17:10,6347.5,6341.0,10.0
1344,1026,2,MESM5,1336,Long,10,2025-05-15 12:12:48,2025-05-15 12:16:48,6347.25,6341.0,10.0
1345,1027,2,MESM5,1336,Long,10,2025-05-15 12:12:48,2025-05-15 12:17:37,6347.25,6341.0,10.0
1346,1014,3,MCLN5,,Long,10,2025-05-15 10:22:41,2025-05-15 11:07:37,42.95,42.69,10.0
1347,1015,3,MCLN5,1346,Long,10,2025-05-15 10:22:42,2025-05-15 11:07:21,42.95,42.69,10.0
1348,1017,3,MCLN5,1346,Long,10,2025-05-15 10:22:41,2025-05-15 11:07:07,42.95,42.69,10.0
1349,1018,3,MCLN5,1346,Long,10,2025-05-15 10:22:44,2025-05-15 11:07:24,42.95,42.69,10.0
1350,1019,3,MCLN5,1346,Long,10,2025-05-15 10:22:42,2025-05-15 11:07:18,42.95,42.69,10.0
1351,1021,3,MCLN5,1346,Long,10,2025-05-15 10:22:43,2025-05-15 11:06:57,42.95,42.69,10.0
1352,1022,3,MCLN5,1346,Long,10,2025-05-15 10:22:44,2025-05-15 11:07:36,42.96,42.68,10.0
1353,1024,3,MCLN5,1346,Long,10,2025-05-15 10:22:44,2025-05-15 11:06:56,42.95,42.69,10.0
1354,1025,3,MCLN5,1346,Long,10,2025-05-15 10:22:44,2025-05-15 11:07:27,42.95,42.69,10.0
1355,1026,3,MCLN5,1346,Long,10,2025-05-15 10:22:44,2025-05-15 11:06:51,42.96,42.69,10.0
1356,1027,3,MCLN5,1346,Long,10,2025-05-15 10:22:44,2025-05-15 11:07:24,42.95,42.69,10.0
1357,1014,4,MGCM5,,Short,5,2025-05-15 03:27:52,2025-05-15 04:27:57,2700.4,2706.5,5.0
1358,1017,4,MGCM5,1357,Short,5,2025-05-15 03:27:54,2025-05-15 04:28:34,2700.4,2706.5,5.0
1359,1018,4,MGCM5,1357,Short,5,2025-05-15 03:27:53,2025-05-15 04:28:10,2700.4,2706.5,5.0
1360,1019,4,MGCM5,1357,Short,5,2025-05-15 03:27:55,2025-05-15 04:28:34,2700.3,2706.6,5.0
1361,1021,4,MGCM5,1357,Short,5,2025-05-15 03:27:52,2025-05-15 04:28:08,2700.3,2706.5,5.0
1362,1022,4,MGCM5,1357,Short,5,2025-05-15 03:27:55,2025-05-15 04:28:25,2700.3,2706.5,5.0
1363,1023,4,MGCM5,1357,Short,5,2025-05-15 03:27:54,2025-05-15 04:28:32,2700.4,2706.5,5.0
1364,1024,4,MGCM5,1357,Short,5,2025-05-15 03:27:53,2025-05-15 04:28:35,2700.4,2706.5,5.0
1365,1027,4,MGCM5,1357,Short,5,2025-05-15 03:27:53,2025-05-15 04:28:00,2700.4,2706.5,5.0
1366,1015,1,MNQM5,,Short,6,2025-05-16 09:53:06,2025-05-16 10:35:44,20521.75,20549.5,6.0
1367,1022,1,MNQM5,1366,Short,6,2025-05-16 09:53:06,2025-05-16 10:35:48,20521.5,20549.5,6.0
1368,1025,1,MNQM5,1366,Short,6,2025-05-16 09:53:08,2025-05-16 10:35:43,20521.5,20549.75,6.0
1369,1026,1,MNQM5,1366,Short,6,2025-05-16 09:53:09,2025-05-16 10:35:18,20521.75,20549.5,6.0
1370,1027,1,MNQM5,1366,Short,6,2025-05-16 09:53:09,2025-05-16 10:35:13,20521.75,20549.5,6.0
1371,1022,2,MESM5,,Short,10,2025-05-19 12:14:40,2025-05-19 12:35:28,6361.0,6355.75,10.0
1372,1025,2,MESM5,1371,Short,10,2025-05-19 12:14:43,2025-05-19 12:35:22,6360.75,6355.75,10.0
1373,1026,2,MESM5,1371,Short,10,2025-05-19 12:14:43,2025-05-19 12:35:15,6360.75,6355.75,10.0
1374,1027,2,MESM5,1371,Short,10,2025-05-19 12:14:42,2025-05-19 12:34:42,6361.0,6355.75,10.0
1375,1028,2,MESM5,1371,Short,10,2025-05-19 12:14:43,2025-05-19 12:35:02,6361.0,6355.75,10.0
1376,1022,3,MCLN5,,Long,10,2025-05-19 10:29:58,2025-05-19 11:54:56,44.18,43.86,10.0
1377,1025,3,MCLN5,1376,Long,10,2025-05-19 10:29:59,2025-05-19 11:54:34,44.18,43.86,10.0
1378,1026,3,MCLN5,1376,Long,10,2025-05-19 10:29:58,2025-05-19 11:54:11,44.18,43.86,10.0
1379,1027,3,MCLN5,1376,Long,10,2025-05-19 10:30:00,2025-05-19 11:54:50,44.19,43.85,10.0
1380,1028,3,MCLN5,1376,Long,10,2025-05-19 10:29:58,2025-05-19 11:54:34,44.19,43.86,10.0
1381,1022,4,MGCM5,,Long,5,2025-05-19 03:30:19,2025-05-19 05:02:07,2685.0,2692.6,5.0
1382,1025,4,MGCM5,1381,Long,5,2025-05-19 03:30:19,2025-05-19 05:01:22,2685.1,2692.6,5.0
1383,1026,4,MGCM5,1381,Long,5,2025-05-19 03:30:19,2025-05-19 05:01:25,2685.0,2692.6,5.0
1384,1027,4,MGCM5,1381,Long,5,2025-05-19 03:30:21,2025-05-19 05:02:16,2685.0,2692.6,5.0
1385,1028,4,MGCM5,1381,Long,5,2025-05-19 03:30:19,2025-05-19 05:01:45,2685.0,2692.6,5.0
1386,1022,2,M2KM5,,Long,10,2025-05-20 12:12:47,2025-05-20 12:29:39,1917.0,1910.7,10.0
1387,1025,2,M2KM5,1386,Long,10,2025-05-20 12:12:49,2025-05-20 12:29:30,1917.1,1910.7,10.0
1388,1027,2,M2KM5,1386,Long,10,2025-05-20 12:12:50,2025-05-20 12:29:27,1917.0,1910.7,10.0
1389,1028,2,M2KM5,1386,Long,10,2025-05-20 12:12:50,2025-05-20 12:29:47,1917.1,1910.7,10.0
1390,1022,3,MCLN5,,Long,10,2025-05-20 10:34:29,2025-05-20 11:02:27,43.8,43.48,10.0
1391,1025,3,MCLN5,1390,Long,10,2025-05-20 10:34:31,2025-05-20 11:02:29,43.81,43.48,10.0
1392,1027,3,MCLN5,1390,Long,10,2025-05-20 10:34:30,2025-05-20 11:01:43,43.8,43.48,10.0
1393,1028,3,MCLN5,1390,Long,10,2025-05-20 10:34:29,2025-05-20 11:01:54,43.8,43.48,10.0
1394,1025,1,MESM5,,Short,10,2025-05-21 09:53:01,2025-05-21 10:33:30,6287.0,6280.25,10.0
1395,1026,1,MESM5,1394,Short,10,2025-05-21 09:53:04,2025-05-21 10:33:05,6287.0,6280.25,10.0
1396,1027,1,MESM5,1394,Short,10,2025-05-21 09:53:03,2025-05-21 10:33:20,6287.0,6280.25,10.0
1397,1028,1,MESM5,1394,Short,10,2025-05-21 09:53:01,2025-05-21 10:33:58,6287.0,6280.25,10.0
1398,1029,1,MESM5,1394,Short,10,2025-05-21 09:53:02,2025-05-21 10:33:33,6286.75,6280.25,10.0
1399,1022,2,M2KM5,,Long,10,2025-05-21 12:10:53,2025-05-21 12:18:29,1922.1,1916.1,10.0
1400,1025,2,M2KM5,1399,Long,10,2025-05-21 12:10:55,2025-05-21 12:18:53,1922.2,1916.0,10.0
1401,1026,2,M2KM5,1399,Long,10,2025-05-21 12:10:55,2025-05-21 12:18:34,1922.2,1916.1,10.0
1402,1027,2,M2KM5,1399,Long,10,2025-05-21 12:10:54,2025-05-21 12:18:16,1922.1,1916.1,10.0
1403,1028,2,M2KM5,1399,Long,10,2025-05-21 12:10:53,2025-05-21 12:18:23,1922.2,1916.1,10.0
1404,1029,2,M2KM5,1399,Long,10,2025-05-21 12:10:53,2025-05-21 12:18:37,1922.2,1916.0,10.0
1405,1022,3,MGCQ5,,Short,5,2025-05-21 10:22:13,2025-05-21 10:32:45,2683.9,2690.2,5.0
1406,1025,3,MGCQ5,1405,Short,5,2025-05-21 10:22:16,2025-05-21 10:32:56,2683.9,2690.2,5.0
1407,1026,3,MGCQ5,1405,Short,5,2025-05-21 10:22:16,2025-05-21 10:33:00,2683.9,2690.2,5.0
1408,1027,3,MGCQ5,1405,Short,5,2025-05-21 10:22:15,2025-05-21 10:32:23,2683.9,2690.2,5.0
1409,1028,3,MGCQ5,1405,Short,5,2025-05-21 10:22:15,2025-05-21 10:32:40,2683.8,2690.3,5.0
1410,1029,3,MGCQ5,1405,Short,5,2025-05-21 10:22:14,2025-05-21 10:33:13,2683.8,2690.3,5.0
1411,1022,4,MCLN5,,Long,10,2025-05-21 03:32:51,2025-05-21 04:10:06,44.27,44.01,10.0
1412,1025,4,MCLN5,1411,Long,10,2025-05-21 03:32:54,2025-05-21 04:10:07,44.28,44.01,10.0
1413,1026,4,MCLN5,1411,Long,10,2025-05-21 03:32:51,2025-05-21 04:10:50,44.28,44.01,10.0
1414,1027,4,MCLN5,1411,Long,10,2025-05-21 03:32:51,2025-05-21 04:09:53,44.28,44.01,10.0
1415,1028,4,MCLN5,1411,Long,10,2025-05-21 03:32:54,2025-05-21 04:10:07,44.28,44.0,10.0
1416,1029,4,MCLN5,1411,Long,10,2025-05-21 03:32:53,2025-05-21 04:10:00,44.28,44.0,10.0
1417,1022,3,MCLN5,,Long,10,2025-05-22 10:25:15,2025-05-22 11:31:48,44.15,43.86,10.0
1418,1025,3,MCLN5,1417,Long,10,2025-05-22 10:25:16,2025-05-22 11:31:24,44.15,43.86,10.0
1419,1026,3,MCLN5,1417,Long,10,2025-05-22 10:25:17,2025-05-22 11:31:37,44.15,43.86,10.0
1420,1027,3,MCLN5,1417,Long,10,2025-05-22 10:25:15,2025-05-22 11:31:36,44.15,43.86,10.0
1421,1029,3,MCLN5,1417,Long,10,2025-05-22 10:25:17,2025-05-22 11:31:35,44.16,43.86,10.0
1422,1022,4,MCLN5,,Long,10,2025-05-22 03:28:27,2025-05-22 04:18:47,44.4,44.79,10.0
1423,1025,4,MCLN5,1422,Long,10,2025-05-22 03:28:30,2025-05-22 04:19:27,44.4,44.79,10.0
1424,1026,4,MCLN5,1422,Long,10,2025-05-22 03:28:28,2025-05-22 04:19:16,44.4,44.79,10.0
1425,1027,4,MCLN5,1422,Long,10,2025-05-22 03:28:29,2025-05-22 04:18:39,44.4,44.79,10.0
1426,1028,4,MCLN5,1422,Long,10,2025-05-22 03:28:29,2025-05-22 04:18:37,44.4,44.79,10.0
1427,1029,4,MCLN5,1422,Long,10,2025-05-22 03:28:29,2025-05-22 04:19:14,44.41,44.78,10.0
1428,1022,1,MNQM5,,Short,6,2025-05-23 09:58:55,2025-05-23 10:42:57,20112.0,20070.25,6.0
1429,1026,1,MNQM5,1428,Short,6,2025-05-23 09:58:57,2025-05-23 10:43:25,20111.75,20070.25,6.0
1430,1027,1,MNQM5,1428,Short,6,2025-05-23 09:58:58,2025-05-23 10:43:39,20111.75,20070.25,6.0
1431,1028,1,MNQM5,1428,Short,6,2025-05-23 09:58:56,2025-05-23 10:43:04,20111.75,20070.5,6.0
1432,1029,1,MNQM5,1428,Short,6,2025-05-23 09:58:58,2025-05-23 10:43:24,20111.75,20070.5,6.0
1433,1022,3,MCLN5,,Short,10,2025-05-23 10:29:57,2025-05-23 11:03:55,43.7,44.04,10.0
1434,1025,3,MCLN5,1433,Short,10,2025-05-23 10:29:59,2025-05-23 11:03:15,43.7,44.04,10.0
1435,1026,3,MCLN5,1433,Short,10,2025-05-23 10:29:59,2025-05-23 11:03:48,43.7,44.04,10.0
1436,1028,3,MCLN5,1433,Short,10,2025-05-23 10:30:00,2025-05-23 11:03:11,43.7,44.04,10.0
1437,1029,3,MCLN5,1433,Short,10,2025-05-23 10:29:58,2025-05-23 11:03:26,43.7,44.04,10.0
1438,1022,1,MESM5,,Long,10,2025-05-26 10:02:23,2025-05-26 10:16:32,6187.5,6182.25,10.0
1439,1025,1,MESM5,1438,Long,10,2025-05-26 10:02:24,2025-05-26 10:16:25,6187.5,6182.25,10.0
1440,1026,1,MESM5,1438,Long,10,2025-05-26 10:02:25,2025-05-26 10:16:40,6187.5,6182.25,10.0
1441,1027,1,MESM5,1438,Long,10,2025-05-26 10:02:23,2025-05-26 10:16:55,6187.5,6182.25,10.0
1442,1028,1,MESM5,1438,Long,10,2025-05-26 10:02:23,2025-05-26 10:17:16,6187.75,6182.25,10.0
1443,1029,1,MESM5,1438,Long,10,2025-05-26 10:02:25,2025-05-26 10:17:05,6187.75,6182.25,10.0
1444,1022,2,M2KM5,,Short,10,2025-05-26 12:14:23,2025-05-26 12:39:32,1913.1,1918.9,10.0
1445,1025,2,M2KM5,1444,Short,10,2025-05-26 12:14:24,2025-05-26 12:40:02,1913.0,1919.0,10.0
1446,1026,2,M2KM5,1444,Short,10,2025-05-26 12:14:26,2025-05-26 12:39:28,1913.0,1919.0,10.0
1447,1028,2,M2KM5,1444,Short,10,2025-05-26 12:14:25,2025-05-26 12:40:18,1913.1,1918.9,10.0
1448,1029,2,M2KM5,1444,Short,10,2025-05-26 12:14:24,2025-05-26 12:39:55,1913.0,1919.0,10.0
1449,1022,3,MGCQ5,,Long,5,2025-05-26 10:40:04,2025-05-26 10:49:31,2682.7,2695.98,5.0
1450,1025,3,MGCQ5,1449,Long,5,2025-05-26 10:40:06,2025-05-26 10:49:24,2682.7,2696.0,5.0
1451,1026,3,MGCQ5,1449,Long,5,2025-05-26 10:40:05,2025-05-26 10:49:29,2682.7,2695.98,5.0
1452,1027,3,MGCQ5,1449,Long,5,2025-05-26 10:40:04,2025-05-26 10:49:57,2682.7,2695.98,5.0
1453,1028,3,MGCQ5,1449,Long,5,2025-05-26 10:40:04,2025-05-26 10:49:19,2682.7,2695.98,5.0
1454,1029,3,MGCQ5,1449,Long,5,2025-05-26 10:40:05,2025-05-26 10:49:55,2682.8,2695.98,5.0
1455,1022,4,MCLN5,,Short,10,2025-05-26 03:23:46,2025-05-26 04:59:10,43.45,43.78,10.0
1456,1025,4,MCLN5,1455,Short,10,2025-05-26 03:23:47,2025-05-26 04:58:48,43.44,43.79,10.0
1457,1026,4,MCLN5,1455,Short,10,2025-05-26 03:23:47,2025-05-26 04:59:39,43.44,43.78,10.0
1458,1027,4,MCLN5,1455,Short,10,2025-05-26 03:23:49,2025-05-26 04:58:59,43.45,43.78,10.0
1459,1028,4,MCLN5,1455,Short,10,2025-05-26 03:23:48,2025-05-26 04:59:26,43.45,43.78,10.0
1460,1029,4,MCLN5,1455,Short,10,2025-05-26 03:23:47,2025-05-26 04:58:49,43.45,43.78,10.0
1461,1025,1,MYMM5,,Short,10,2025-05-27 09:59:05,2025-05-27 10:37:35,43305.0,43222.0,10.0
1462,1026,1,MYMM5,1461,Short,10,2025-05-27 09:59:05,2025-05-27 10:37:16,43304.0,43223.0,10.0
1463,1027,1,MYMM5,1461,Short,10,2025-05-27 09:59:06,2025-05-27 10:37:06,43304.0,43222.0,10.0
1464,1028,1,MYMM5,1461,Short,10,2025-05-27 09:59:06,2025-05-27 10:37:23,43304.0,43222.0,10.0
1465,1029,1,MYMM5,1461,Short,10,2025-05-27 09:59:06,2025-05-27 10:37:44,43304.0,43223.0,10.0
1466,1022,3,MGCQ5,,Short,5,2025-05-27 10:22:40,2025-05-27 11:06:41,2668.0,2658.4,5.0
1467,1025,3,MGCQ5,1466,Short,5,2025-05-27 10:22:41,2025-05-27 11:07:07,2668.0,2658.42,5.0
1468,1026,3,MGCQ5,1466,Short,5,2025-05-27 10:22:43,2025-05-27 11:07:33,2667.9,2658.4,5.0
1469,1027,3,MGCQ5,1466,Short,5,2025-05-27 10:22:40,2025-05-27 11:07:02,2667.9,2658.4,5.0
1470,1029,3,MGCQ5,1466,Short,5,2025-05-27 10:22:42,2025-05-27 11:06:46,2667.9,2658.4,5.0
1471,1022,4,MCLN5,,Long,10,2025-05-27 03:19:46,2025-05-27 03:53:58,44.41,44.98,10.0
1472,1026,4,MCLN5,1471,Long,10,2025-05-27 03:19:47,2025-05-27 03:54:15,44.41,44.98,10.0
1473,1027,4,MCLN5,1471,Long,10,2025-05-27 03:19:46,2025-05-27 03:54:34,44.41,44.98,10.0
1474,1028,4,MCLN5,1471,Long,10,2025-05-27 03:19:47,2025-05-27 03:54:14,44.42,44.97,10.0
1475,1029,4,MCLN5,1471,Long,10,2025-05-27 03:19:46,2025-05-27 03:54:18,44.41,44.98,10.0
1476,1022,1,MESM5,,Short,10,2025-05-28 10:05:12,2025-05-28 10:27:29,6148.75,6155.0,10.0
1477,1025,1,MESM5,1476,Short,10,2025-05-28 10:05:12,2025-05-28 10:27:30,6148.5,6155.0,10.0
1478,1026,1,MESM5,1476,Short,10,2025-05-28 10:05:12,2025-05-28 10:27:34,6148.75,6155.0,10.0
1479,1027,1,MESM5,1476,Short,10,2025-05-28 10:05:15,2025-05-28 10:28:06,6148.75,6155.0,10.0
1480,1028,1,MESM5,1476,Short,10,2025-05-28 10:05:13,2025-05-28 10:28:07,6148.75,6155.0,10.0
1481,1029,1,MESM5,1476,Short,10,2025-05-28 10:05:12,2025-05-28 10:27:40,6148.75,6155.0,10.0
1482,1022,2,M2KM5,,Long,10,2025-05-28 12:30:19,2025-05-28 12:41:12,1880.3,1873.6,10.0
1483,1025,2,M2KM5,1482,Long,10,2025-05-28 12:30:21,2025-05-28 12:41:01,1880.3,1873.6,10.0
1484,1026,2,M2KM5,1482,Long,10,2025-05-28 12:30:19,2025-05-28 12:40:48,1880.3,1873.6,10.0
1485,1027,2,M2KM5,1482,Long,10,2025-05-28 12:30:21,2025-05-28 12:41:04,1880.4,1873.6,10.0
1486,1028,2,M2KM5,1482,Long,10,2025-05-28 12:30:19,2025-05-28 12:41:08,1880.3,1873.6,10.0
1487,1029,2,M2KM5,1482,Long,10,2025-05-28 12:30:19,2025-05-28 12:40:54,1880.4,1873.6,10.0
1488,1022,3,MGCQ5,,Long,5,2025-05-28 10:29:26,2025-05-28 10:49:26,2658.2,2651.5,5.0
1489,1025,3,MGCQ5,1488,Long,5,2025-05-28 10:29:28,2025-05-28 10:49:37,2658.3,2651.5,5.0
1490,1026,3,MGCQ5,1488,Long,5,2025-05-28 10:29:28,2025-05-28 10:49:33,2658.2,2651.5,5.0
1491,1027,3,MGCQ5,1488,Long,5,2025-05-28 10:29:29,2025-05-28 10:49:54,2658.2,2651.5,5.0
1492,1028,3,MGCQ5,1488,Long,5,2025-05-28 10:29:26,2025-05-28 10:49:44,2658.2,2651.5,5.0
1493,1029,3,MGCQ5,1488,Long,5,2025-05-28 10:29:26,2025-05-28 10:50:09,2658.2,2651.5,5.0
1494,1022,4,MCLN5,,Long,10,2025-05-28 03:19:26,2025-05-28 04:18:43,45.47,45.84,10.0
1495,1025,4,MCLN5,1494,Long,10,2025-05-28 03:19:28,2025-05-28 04:18:42,45.48,45.83,10.0
1496,1026,4,MCLN5,1494,Long,10,2025-05-28 03:19:26,2025-05-28 04:19:00,45.47,45.84,10.0
1497,1028,4,MCLN5,1494,Long,10,2025-05-28 03:19:26,2025-05-28 04:19:09,45.47,45.84,10.0
1498,1029,4,MCLN5,1494,Long,10,2025-05-28 03:19:29,2025-05-28 04:19:24,45.48,45.83,10.0
1499,1022,1,MNQM5,,Long,6,2025-05-29 09:46:58,2025-05-29 10:00:23,20459.75,20436.0,6.0
1500,1025,1,MNQM5,1499,Long,6,2025-05-29 09:46:59,2025-05-29 10:00:06,20459.75,20436.0,6.0
1501,1026,1,MNQM5,1499,Long,6,2025-05-29 09:46:58,2025-05-29 10:00:17,20459.75,20436.0,6.0
1502,1027,1,MNQM5,1499,Long,6,2025-05-29 09:47:00,2025-05-29 10:00:42,20459.75,20436.0,6.0
1503,1028,1,MNQM5,1499,Long,6,2025-05-29 09:47:01,2025-05-29 10:00:12,20459.75,20436.0,6.0
1504,1029,1,MNQM5,1499,Long,6,2025-05-29 09:46:58,2025-05-29 10:00:23,20460.0,20436.0,6.0
1505,1026,2,MESM5,,Short,10,2025-05-29 12:18:53,2025-05-29 12:25:10,6152.5,6146.25,10.0
1506,1027,2,MESM5,1505,Short,10,2025-05-29 12:18:55,2025-05-29 12:25:53,6152.5,6146.25,10.0
1507,1028,2,MESM5,1505,Short,10,2025-05-29 12:18:54,2025-05-29 12:25:30,6152.5,6146.25,10.0
1508,1029,2,MESM5,1505,Short,10,2025-05-29 12:18:54,2025-05-29 12:25:00,6152.5,6146.25,10.0
1509,1022,3,MCLN5,,Long,10,2025-05-29 10:35:14,2025-05-29 10:53:45,44.48,44.19,10.0
1510,1025,3,MCLN5,1509,Long,10,2025-05-29 10:35:14,2025-05-29 10:53:34,44.48,44.19,10.0
1511,1026,3,MCLN5,1509,Long,10,2025-05-29 10:35:14,2025-05-29 10:53:17,44.48,44.19,10.0
1512,1027,3,MCLN5,1509,Long,10,2025-05-29 10:35:15,2025-05-29 10:53:49,44.48,44.19,10.0
1513,1028,3,MCLN5,1509,Long,10,2025-05-29 10:35:14,2025-05-29 10:53:39,44.49,44.19,10.0
1514,1029,3,MCLN5,1509,Long,10,2025-05-29 10:35:17,2025-05-29 10:53:36,44.48,44.19,10.0
1515,1022,2,MESM5,,Long,10,2025-05-30 12:23:42,2025-05-30 12:29:30,6187.5,6192.75,10.0
1516,1025,2,MESM5,1515,Long,10,2025-05-30 12:23:44,2025-05-30 12:29:29,6187.75,6192.75,10.0
1517,1027,2,MESM5,1515,Long,10,2025-05-30 12:23:43,2025-05-30 12:29:10,6187.5,6192.75,10.0
1518,1028,2,MESM5,1515,Long,10,2025-05-30 12:23:45,2025-05-30 12:29:44,6187.5,6192.75,10.0
1519,1029,2,MESM5,1515,Long,10,2025-05-30 12:23:44,2025-05-30 12:29:21,6187.5,6192.75,10.0
1520,1022,1,MESM5,,Short,10,2025-06-03 09:46:12,2025-06-03 11:19:14,6183.25,6172.25,10.0
1521,1025,1,MESM5,1520,Short,10,2025-06-03 09:46:14,2025-06-03 11:19:52,6183.0,6172.25,10.0
1522,1026,1,MESM5,1520,Short,10,2025-06-03 09:46:12,2025-06-03 11:19:52,6183.25,6172.25,10.0
1523,1027,1,MESM5,1520,Short,10,2025-06-03 09:46:13,2025-06-03 11:19:23,6183.0,6172.25,10.0
1524,1028,1,MESM5,1520,Short,10,2025-06-03 09:46:13,2025-06-03 11:19:14,6183.0,6172.5,10.0
1525,1022,2,MESM5,,Short,10,2025-06-03 12:20:47,2025-06-03 12:36:16,6162.5,6168.5,10.0
1526,1025,2,MESM5,1525,Short,10,2025-06-03 12:20:49,2025-06-03 12:36:38,6162.5,6168.5,10.0
1527,1026,2,MESM5,1525,Short,10,2025-06-03 12:20:48,2025-06-03 12:36:34,6162.5,6168.5,10.0
1528,1028,2,MESM5,1525,Short,10,2025-06-03 12:20:49,2025-06-03 12:35:52,6162.25,6168.5,10.0
1529,1029,2,MESM5,1525,Short,10,2025-06-03 12:20:50,2025-06-03 12:36:19,6162.5,6168.5,10.0
1530,1022,4,MCLN5,,Short,10,2025-06-03 03:23:56,2025-06-03 03:58:05,44.06,43.67,10.0
1531,1025,4,MCLN5,1530,Short,10,2025-06-03 03:23:59,2025-06-03 03:58:11,44.05,43.68,10.0
1532,1026,4,MCLN5,1530,Short,10,2025-06-03 03:23:56,2025-06-03 03:58:22,44.05,43.67,10.0
1533,1027,4,MCLN5,1530,Short,10,2025-06-03 03:23:57,2025-06-03 03:58:26,44.06,43.67,10.0
1534,1022,1,MNQM5,,Long,6,2025-06-04 10:05:29,2025-06-04 10:54:34,20668.5,20724.0,6.0
1535,1025,1,MNQM5,1534,Long,6,2025-06-04 10:05:31,2025-06-04 10:54:50,20668.75,20724.0,6.0
1536,1026,1,MNQM5,1534,Long,6,2025-06-04 10:05:31,2025-06-04 10:54:41,20668.5,20724.0,6.0
1537,1027,1,MNQM5,1534,Long,6,2025-06-04 10:05:31,2025-06-04 10:55:13,20668.5,20724.0,6.0
1538,1028,1,MNQM5,1534,Long,6,2025-06-04 10:05:32,2025-06-04 10:54:50,20668.75,20723.75,6.0
1539,1029,1,MNQM5,1534,Long,6,2025-06-04 10:05:32,2025-06-04 10:55:21,20668.75,20723.75,6.0
1540,1022,3,MNQM5,,Short,6,2025-06-05 10:36:57,2025-06-05 10:47:04,20388.75,20411.75,6.0
1541,1025,3,MNQM5,1540,Short,6,2025-06-05 10:36:57,2025-06-05 10:47:50,20388.5,20411.75,6.0
1542,1026,3,MNQM5,1540,Short,6,2025-06-05 10:37:00,2025-06-05 10:47:34,20388.75,20411.75,6.0
1543,1027,3,MNQM5,1540,Short,6,2025-06-05 10:36:59,2025-06-05 10:47:19,20388.5,20411.75,6.0
1544,1028,3,MNQM5,1540,Short,6,2025-06-05 10:36:57,2025-06-05 10:47:04,20388.5,20411.75,6.0
1545,1029,3,MNQM5,1540,Short,6,2025-06-05 10:36:58,2025-06-05 10:47:17,20388.75,20411.75,6.0
1546,1022,1,MNQM5,,Short,6,2025-06-06 10:01:02,2025-06-06 11:33:48,20743.75,20770.75,6.0
1547,1025,1,MNQM5,1546,Short,6,2025-06-06 10:01:03,2025-06-06 11:34:00,20743.5,20770.75,6.0
1548,1026,1,MNQM5,1546,Short,6,2025-06-06 10:01:02,2025-06-06 11:33:07,20743.75,20770.75,6.0
1549,1027,1,MNQM5,1546,Short,6,2025-06-06 10:01:02,2025-06-06 11:33:47,20743.75,20770.75,6.0
1550,1028,1,MNQM5,1546,Short,6,2025-06-06 10:01:03,2025-06-06 11:33:15,20743.5,20770.75,6.0
1551,1029,1,MNQM5,1546,Short,6,2025-06-06 10:01:05,2025-06-06 11:33:06,20743.5,20770.75,6.0
1552,1022,2,MESM5,,Long,10,2025-06-06 12:28:58,2025-06-06 12:49:40,6367.75,6372.75,10.0
1553,1026,2,MESM5,1552,Long,10,2025-06-06 12:29:00,2025-06-06 12:49:15,6368.0,6372.5,10.0
1554,1027,2,MESM5,1552,Long,10,2025-06-06 12:28:59,2025-06-06 12:49:35,6367.75,6372.75,10.0
1555,1028,2,MESM5,1552,Long,10,2025-06-06 12:29:01,2025-06-06 12:49:14,6367.75,6372.75,10.0
1556,1029,2,MESM5,1552,Long,10,2025-06-06 12:29:01,2025-06-06 12:49:17,6367.75,6372.75,10.0
1557,1022,3,MGCQ5,,Long,5,2025-06-06 10:23:23,2025-06-06 11:15:31,2650.4,2645.1,5.0
1558,1025,3,MGCQ5,1557,Long,5,2025-06-06 10:23:23,2025-06-06 11:15:29,2650.4,2645.1,5.0
1559,1026,3,MGCQ5,1557,Long,5,2025-06-06 10:23:26,2025-06-06 11:16:21,2650.5,2645.1,5.0
1560,1027,3,MGCQ5,1557,Long,5,2025-06-06 10:23:23,2025-06-06 11:16:02,2650.4,2645.1,5.0
1561,1028,3,MGCQ5,1557,Long,5,2025-06-06 10:23:24,2025-06-06 11:16:15,2650.5,2645.1,5.0
1562,1029,3,MGCQ5,1557,Long,5,2025-06-06 10:23:25,2025-06-06 11:15:25,2650.5,2645.1,5.0
1563,1022,4,MGCQ5,,Long,5,2025-06-06 03:24:42,2025-06-06 04:57:11,2677.5,2670.9,5.0
1564,1025,4,MGCQ5,1563,Long,5,2025-06-06 03:24:42,2025-06-06 04:57:38,2677.6,2670.8,5.0
1565,1026,4,MGCQ5,1563,Long,5,2025-06-06 03:24:45,2025-06-06 04:57:08,2677.5,2670.9,5.0
1566,1027,4,MGCQ5,1563,Long,5,2025-06-06 03:24:44,2025-06-06 04:56:50,2677.5,2670.9,5.0
1567,1028,4,MGCQ5,1563,Long,5,2025-06-06 03:24:42,2025-06-06 04:56:55,2677.6,2670.9,5.0
1568,1029,4,MGCQ5,1563,Long,5,2025-06-06 03:24:45,2025-06-06 04:57:17,2677.5,2670.9,5.0
1569,1022,5,MESM5,,Short,10,2025-06-06 08:49:17,2025-06-06 09:11:36,6346.0,6341.5,10.0
1570,1025,5,MESM5,1569,Short,10,2025-06-06 08:49:17,2025-06-06 09:11:32,6346.0,6341.5,10.0
1571,1026,5,MESM5,1569,Short,10,2025-06-06 08:49:18,2025-06-06 09:11:52,6345.75,6341.75,10.0
1572,1027,5,MESM5,1569,Short,10,2025-06-06 08:49:17,2025-06-06 09:11:47,6346.0,6341.5,10.0
1573,1028,5,MESM5,1569,Short,10,2025-06-06 08:49:20,2025-06-06 09:11:58,6345.75,6341.5,10.0
1574,1022,2,M2KM5,,Short,10,2025-06-09 12:11:10,2025-06-09 12:19:01,1999.4,1993.8,10.0
1575,1025,2,M2KM5,1574,Short,10,2025-06-09 12:11:11,2025-06-09 12:19:07,1999.4,1993.8,10.0
1576,1026,2,M2KM5,1574,Short,10,2025-06-09 12:11:13,2025-06-09 12:18:52,1999.4,1993.8,10.0
1577,1027,2,M2KM5,1574,Short,10,2025-06-09 12:11:12,2025-06-09 12:19:08,1999.4,1993.8,10.0
1578,1028,2,M2KM5,1574,Short,10,2025-06-09 12:11:11,2025-06-09 12:18:49,1999.4,1993.8,10.0
1579,1029,2,M2KM5,1574,Short,10,2025-06-09 12:11:11,2025-06-09 12:18:18,1999.3,1993.9,10.0
1580,1022,3,MNQM5,,Short,6,2025-06-09 10:24:38,2025-06-09 11:40:59,20747.25,20776.0,6.0
1581,1025,3,MNQM5,1580,Short,6,2025-06-09 10:24:40,2025-06-09 11:41:26,20747.0,20776.25,6.0
1582,1026,3,MNQM5,1580,Short,6,2025-06-09 10:24:38,2025-06-09 11:41:15,20747.25,20776.0,6.0
1583,1027,3,MNQM5,1580,Short,6,2025-06-09 10:24:39,2025-06-09 11:41:05,20747.0,20776.0,6.0
1584,1028,3,MNQM5,1580,Short,6,2025-06-09 10:24:41,2025-06-09 11:41:37,20747.25,20776.0,6.0
1585,1029,3,MNQM5,1580,Short,6,2025-06-09 10:24:38,2025-06-09 11:41:09,20747.25,20776.0,6.0
1586,1022,1,MYMM5,,Long,10,2025-06-10 10:02:52,2025-06-10 11:07:46,44038.0,43977.0,10.0
1587,1025,1,MYMM5,1586,Long,10,2025-06-10 10:02:55,2025-06-10 11:06:55,44039.0,43976.0,10.0
1588,1026,1,MYMM5,1586,Long,10,2025-06-10 10:02:52,2025-06-10 11:07:21,44039.0,43977.0,10.0
1589,1027,1,MYMM5,1586,Long,10,2025-06-10 10:02:52,2025-06-10 11:06:52,44038.0,43977.0,10.0
1590,1028,1,MYMM5,1586,Long,10,2025-06-10 10:02:55,2025-06-10 11:07:31,44039.0,43976.0,10.0
1591,1029,1,MYMM5,1586,Long,10,2025-06-10 10:02:55,2025-06-10 11:07:31,44039.0,43977.0,10.0
1592,1022,2,MESM5,,Long,10,2025-06-10 12:15:14,2025-06-10 12:32:15,6370.0,6363.5,10.0
1593,1025,2,MESM5,1592,Long,10,2025-06-10 12:15:16,2025-06-10 12:32:54,6370.0,6363.5,10.0
1594,1026,2,MESM5,1592,Long,10,2025-06-10 12:15:16,2025-06-10 12:33:13,6370.25,6363.5,10.0
1595,1027,2,MESM5,1592,Long,10,2025-06-10 12:15:15,2025-06-10 12:32:27,6370.25,6363.5,10.0
1596,1028,2,MESM5,1592,Long,10,2025-06-10 12:15:15,2025-06-10 12:32:32,6370.25,6363.5,10.0
1597,1022,3,MGCQ5,,Short,5,2025-06-10 10:21:39,2025-06-10 10:49:34,2642.8,2628.38,5.0
1598,1025,3,MGCQ5,1597,Short,5,2025-06-10 10:21:40,2025-06-10 10:49:24,2642.7,2628.5,5.0
1599,1026,3,MGCQ5,1597,Short,5,2025-06-10 10:21:39,2025-06-10 10:49:30,2642.7,2628.4,5.0
1600,1027,3,MGCQ5,1597,Short,5,2025-06-10 10:21:40,2025-06-10 10:48:45,2642.7,2628.5,5.0
1601,1028,3,MGCQ5,1597,Short,5,2025-06-10 10:21:39,2025-06-10 10:49:06,2642.7,2628.4,5.0
1602,1029,3,MGCQ5,1597,Short,5,2025-06-10 10:21:39,2025-06-10 10:49:11,2642.8,2628.4,5.0
1603,1022,2,MESM5,,Long,10,2025-06-11 12:16:25,2025-06-11 12:34:33,6458.75,6463.25,10.0
1604,1025,2,MESM5,1603,Long,10,2025-06-11 12:16:26,2025-06-11 12:35:04,6458.75,6463.25,10.0
1605,1026,2,MESM5,1603,Long,10,2025-06-11 12:16:25,2025-06-11 12:34:41,6459.0,6463.0,10.0
1606,1027,2,MESM5,1603,Long,10,2025-06-11 12:16:26,2025-06-11 12:35:25,6459.0,6463.0,10.0
1607,1028,2,MESM5,1603,Long,10,2025-06-11 12:16:25,2025-06-11 12:34:50,6458.75,6463.25,10.0
1608,1029,2,MESM5,1603,Long,10,2025-06-11 12:16:26,2025-06-11 12:35:18,6458.75,6463.25,10.0
1609,1025,3,MNQM5,,Short,6,2025-06-11 10:22:47,2025-06-11 10:59:55,21373.75,21399.75,6.0
1610,1026,3,MNQM5,1609,Short,6,2025-06-11 10:22:49,2025-06-11 11:00:23,21373.75,21399.75,6.0
1611,1027,3,MNQM5,1609,Short,6,2025-06-11 10:22:49,2025-06-11 11:00:33,21373.75,21399.75,6.0
1612,1028,3,MNQM5,1609,Short,6,2025-06-11 10:22:47,2025-06-11 11:00:07,21373.5,21399.75,6.0
1613,1029,3,MNQM5,1609,Short,6,2025-06-11 10:22:50,2025-06-11 11:00:45,21373.5,21399.75,6.0
1614,1022,1,MESU5,,Short,10,2025-06-12 10:05:23,2025-06-12 11:26:19,6456.75,6463.0,10.0
1615,1025,1,MESU5,1614,Short,10,2025-06-12 10:05:23,2025-06-12 11:26:19,6456.5,6463.25,10.0
1616,1026,1,MESU5,1614,Short,10,2025-06-12 10:05:24,2025-06-12 11:26:01,6456.5,6463.25,10.0
1617,1027,1,MESU5,1614,Short,10,2025-06-12 10:05:25,2025-06-12 11:26:21,6456.5,6463.0,10.0
1618,1028,1,MESU5,1614,Short,10,2025-06-12 10:05:23,2025-06-12 11:25:59,6456.5,6463.0,10.0
1619,1029,1,MESU5,1614,Short,10,2025-06-12 10:05:26,2025-06-12 11:25:27,6456.75,6463.0,10.0
1620,1022,2,MESU5,,Long,10,2025-06-12 12:10:54,2025-06-12 12:29:37,6437.0,6431.75,10.0
1621,1025,2,MESU5,1620,Long,10,2025-06-12 12:10:56,2025-06-12 12:28:58,6437.25,6431.75,10.0
1622,1026,2,MESU5,1620,Long,10,2025-06-12 12:10:55,2025-06-12 12:29:52,6437.0,6431.75,10.0
1623,1027,2,MESU5,1620,Long,10,2025-06-12 12:10:54,2025-06-12 12:29:09,6437.25,6431.75,10.0
1624,1028,2,MESU5,1620,Long,10,2025-06-12 12:10:56,2025-06-12 12:29:20,6437.0,6431.75,10.0
1625,1029,2,MESU5,1620,Long,10,2025-06-12 12:10:55,2025-06-12 12:29:10,6437.0,6431.75,10.0
1626,1022,3,MCLQ5,,Short,10,2025-06-12 10:31:26,2025-06-12 10:53:05,45.06,45.34,10.0
1627,1025,3,MCLQ5,1626,Short,10,2025-06-12 10:31:26,2025-06-12 10:53:04,45.06,45.34,10.0
1628,1026,3,MCLQ5,1626,Short,10,2025-06-12 10:31:28,2025-06-12 10:53:07,45.06,45.34,10.0
1629,1027,3,MCLQ5,1626,Short,10,2025-06-12 10:31:26,2025-06-12 10:52:52,45.05,45.34,10.0
1630,1028,3,MCLQ5,1626,Short,10,2025-06-12 10:31:28,2025-06-12 10:52:48,45.05,45.35,10.0
1631,1029,3,MCLQ5,1626,Short,10,2025-06-12 10:31:28,2025-06-12 10:53:05,45.05,45.34,10.0
1632,1022,1,MYMU5,,Long,10,2025-06-13 09:54:59,2025-06-13 10:13:28,43282.0,43217.0,10.0
1633,1027,1,MYMU5,1632,Long,10,2025-06-13 09:54:59,2025-06-13 10:13:35,43283.0,43216.0,10.0
1634,1028,1,MYMU5,1632,Long,10,2025-06-13 09:54:59,2025-06-13 10:13:56,43282.0,43217.0,10.0
1635,1030,1,MYMU5,1632,Long,10,2025-06-13 09:54:59,2025-06-13 10:13:19,43283.0,43216.0,10.0
1636,1022,4,MCLQ5,,Short,10,2025-06-13 03:30:17,2025-06-13 05:00:26,43.4,42.98,10.0
1637,1026,4,MCLQ5,1636,Short,10,2025-06-13 03:30:20,2025-06-13 05:01:13,43.39,42.98,10.0
1638,1028,4,MCLQ5,1636,Short,10,2025-06-13 03:30:20,2025-06-13 05:00:39,43.4,42.98,10.0
1639,1026,1,MESU5,,Short,10,2025-06-16 09:46:04,2025-06-16 09:58:48,6480.5,6485.0,10.0
1640,1028,1,MESU5,1639,Short,10,2025-06-16 09:46:05,2025-06-16 09:58:14,6480.5,6485.0,10.0
1641,1031,1,MESU5,1639,Short,10,2025-06-16 09:46:05,2025-06-16 09:58:28,6480.5,6485.0,10.0
1642,1022,2,M2KU5,,Short,10,2025-06-16 12:10:51,2025-06-16 12:20:38,1972.8,1977.5,10.0
1643,1026,2,M2KU5,1642,Short,10,2025-06-16 12:10:52,2025-06-16 12:20:42,1972.8,1977.5,10.0
1644,1028,2,M2KU5,1642,Short,10,2025-06-16 12:10:53,2025-06-16 12:20:46,1972.8,1977.5,10.0
1645,1030,2,M2KU5,1642,Short,10,2025-06-16 12:10:52,2025-06-16 12:20:14,1972.8,1977.5,10.0
1646,1031,2,M2KU5,1642,Short,10,2025-06-16 12:10:51,2025-06-16 12:20:27,1972.8,1977.5,10.0
1647,1022,3,MGCQ5,,Short,5,2025-06-16 10:37:24,2025-06-16 10:46:28,2707.5,2712.7,5.0
1648,1026,3,MGCQ5,1647,Short,5,2025-06-16 10:37:24,2025-06-16 10:47:18,2707.4,2712.8,5.0
1649,1028,3,MGCQ5,1647,Short,5,2025-06-16 10:37:24,2025-06-16 10:46:41,2707.4,2712.7,5.0
1650,1030,3,MGCQ5,1647,Short,5,2025-06-16 10:37:27,2025-06-16 10:46:32,2707.5,2712.7,5.0
1651,1031,3,MGCQ5,1647,Short,5,2025-06-16 10:37:26,2025-06-16 10:46:29,2707.5,2712.7,5.0
1652,1028,1,MESU5,,Long,10,2025-06-17 10:02:05,2025-06-17 10:38:03,6499.25,6494.0,10.0
1653,1030,1,MESU5,1652,Long,10,2025-06-17 10:02:06,2025-06-17 10:37:54,6499.5,6493.75,10.0
1654,1031,1,MESU5,1652,Long,10,2025-06-17 10:02:07,2025-06-17 10:37:35,6499.25,6494.0,10.0
1655,1032,1,MESU5,1652,Long,10,2025-06-17 10:02:08,2025-06-17 10:37:28,6499.5,6493.75,10.0
1656,1028,2,MESU5,,Short,10,2025-06-17 12:10:59,2025-06-17 12:21:56,6489.5,6495.25,10.0
1657,1030,2,MESU5,1656,Short,10,2025-06-17 12:11:00,2025-06-17 12:21:02,6489.5,6495.25,10.0
1658,1031,2,MESU5,1656,Short,10,2025-06-17 12:10:59,2025-06-17 12:21:48,6489.25,6495.5,10.0
1659,1032,2,MESU5,1656,Short,10,2025-06-17 12:11:00,2025-06-17 12:21:37,6489.5,6495.25,10.0
1660,1028,3,MCLQ5,,Long,10,2025-06-17 10:22:25,2025-06-17 10:35:38,42.8,43.32,10.0
1661,1030,3,MCLQ5,1660,Long,10,2025-06-17 10:22:26,2025-06-17 10:36:24,42.8,43.32,10.0
1662,1031,3,MCLQ5,1660,Long,10,2025-06-17 10:22:28,2025-06-17 10:35:50,42.81,43.31,10.0
1663,1032,3,MCLQ5,1660,Long,10,2025-06-17 10:22:25,2025-06-17 10:35:50,42.81,43.32,10.0
1664,1028,4,MCLQ5,,Long,10,2025-06-17 03:24:19,2025-06-17 04:30:51,43.37,43.06,10.0
1665,1030,4,MCLQ5,1664,Long,10,2025-06-17 03:24:19,2025-06-17 04:30:47,43.38,43.06,10.0
1666,1031,4,MCLQ5,1664,Long,10,2025-06-17 03:24:19,2025-06-17 04:31:11,43.38,43.05,10.0
1667,1030,1,MYMU5,,Long,10,2025-06-18 09:57:46,2025-06-18 10:40:48,43004.0,42943.0,10.0
1668,1031,1,MYMU5,1667,Long,10,2025-06-18 09:57:49,2025-06-18 10:41:14,43005.0,42942.0,10.0
1669,1032,1,MYMU5,1667,Long,10,2025-06-18 09:57:46,2025-06-18 10:41:21,43004.0,42943.0,10.0
1670,1033,1,YMU5,1667,Long,2,2025-06-18 09:57:47,2025-06-18 10:41:19,43004.0,42943.0,8.0
1671,1028,2,MESU5,,Short,10,2025-06-18 12:20:37,2025-06-18 12:28:18,6431.25,6437.25,10.0
1672,1030,2,MESU5,1671,Short,10,2025-06-18 12:20:39,2025-06-18 12:28:03,6431.25,6437.25,10.0
1673,1031,2,MESU5,1671,Short,10,2025-06-18 12:20:40,2025-06-18 12:28:24,6431.0,6437.5,10.0
1674,1032,2,MESU5,1671,Short,10,2025-06-18 12:20:38,2025-06-18 12:27:54,6431.25,6437.25,10.0
1675,1033,2,ESU5,1671,Short,2,2025-06-18 12:20:37,2025-06-18 12:28:15,6431.0,6437.5,8.0
1676,1028,3,MCLQ5,,Long,10,2025-06-18 10:34:44,2025-06-18 11:49:50,44.35,44.11,10.0
1677,1030,3,MCLQ5,1676,Long,10,2025-06-18 10:34:46,2025-06-18 11:50:42,44.35,44.11,10.0
1678,1031,3,MCLQ5,1676,Long,10,2025-06-18 10:34:45,2025-06-18 11:50:37,44.35,44.11,10.0
1679,1033,3,CLQ5,1676,Long,2,2025-06-18 10:34:47,2025-06-18 11:49:49,44.36,44.1,8.0
1680,1028,3,MGCQ5,,Short,5,2025-06-19 10:33:20,2025-06-19 12:06:46,2718.1,2704.2,5.0
1681,1032,3,MGCQ5,1680,Short,5,2025-06-19 10:33:23,2025-06-19 12:07:15,2718.1,2704.22,5.0
1682,1033,3,GCQ5,1680,Short,1,2025-06-19 10:33:20,2025-06-19 12:07:08,2718.1,2704.2,4.0
1683,1034,3,MGCQ5,1680,Short,5,2025-06-19 10:33:22,2025-06-19 12:06:36,2718.0,2704.18,5.0
1684,1028,4,MGCQ5,,Short,5,2025-06-19 03:34:40,2025-06-19 04:43:18,2733.5,2740.3,5.0
1685,1031,4,MGCQ5,1684,Short,5,2025-06-19 03:34:41,2025-06-19 04:43:06,2733.5,2740.3,5.0
1686,1032,4,MGCQ5,1684,Short,5,2025-06-19 03:34:43,2025-06-19 04:42:58,2733.5,2740.3,5.0
1687,1033,4,GCQ5,1684,Short,1,2025-06-19 03:34:40,2025-06-19 04:43:01,2733.5,2740.3,4.0
1688,1034,4,MGCQ5,1684,Short,5,2025-06-19 03:34:40,2025-06-19 04:43:20,2733.5,2740.3,5.0
1689,1028,1,MYMU5,,Short,10,2025-06-20 09:55:20,2025-06-20 10:31:33,42183.0,42088.0,10.0
1690,1031,1,MYMU5,1689,Short,10,2025-06-20 09:55:21,2025-06-20 10:31:24,42182.0,42089.0,10.0
1691,1032,1,MYMU5,1689,Short,10,2025-06-20 09:55:22,2025-06-20 10:32:19,42182.0,42089.0,10.0
1692,1033,1,YMU5,1689,Short,2,2025-06-20 09:55:22,2025-06-20 10:32:17,42183.0,42088.0,8.0
1693,1034,1,MYMU5,1689,Short,10,2025-06-20 09:55:23,2025-06-20 10:31:26,42182.0,42088.0,10.0
1694,1028,2,M2KU5,,Short,10,2025-06-20 12:25:20,2025-06-20 12:34:40,1908.3,1913.0,10.0
1695,1031,2,M2KU5,1694,Short,10,2025-06-20 12:25:21,2025-06-20 12:34:32,1908.3,1913.0,10.0
1696,1033,2,RTYU5,1694,Short,2,2025-06-20 12:25:23,2025-06-20 12:35:01,1908.2,1913.1,8.0
1697,1034,2,M2KU5,1694,Short,10,2025-06-20 12:25:20,2025-06-20 12:34:29,1908.3,1913.0,10.0
1698,1031,3,MNQU5,,Short,6,2025-06-20 10:20:46,2025-06-20 11:29:11,21536.75,21561.5,6.0
1699,1032,3,MNQU5,1698,Short,6,2025-06-20 10:20:49,2025-06-20 11:29:44,21536.75,21561.5,6.0
1700,1033,3,NQU5,1698,Short,2,2025-06-20 10:20:48,2025-06-20 11:29:03,21536.75,21561.5,8.0
1701,1034,3,MNQU5,1698,Short,6,2025-06-20 10:20:46,2025-06-20 11:29:09,21536.75,21561.5,6.0
1702,1028,4,MCLQ5,,Long,10,2025-06-20 03:21:16,2025-06-20 03:37:33,42.2,42.69,10.0
1703,1031,4,MCLQ5,1702,Long,10,2025-06-20 03:21:19,2025-06-20 03:37:30,42.21,42.69,10.0
1704,1032,4,MCLQ5,1702,Long,10,2025-06-20 03:21:18,2025-06-20 03:37:19,42.2,42.69,10.0
1705,1034,4,MCLQ5,1702,Long,10,2025-06-20 03:21:17,2025-06-20 03:37:20,42.21,42.69,10.0
1706,1031,1,MYMU5,,Long,10,2025-06-23 09:56:25,2025-06-23 10:14:11,42548.0,42648.0,10.0
1707,1032,1,MYMU5,1706,Long,10,2025-06-23 09:56:28,2025-06-23 10:13:57,42549.0,42648.0,10.0
1708,1034,1,MYMU5,1706,Long,10,2025-06-23 09:56:27,2025-06-23 10:13:29,42548.0,42648.0,10.0
1709,1035,1,MYMU5,1706,Long,10,2025-06-23 09:56:28,2025-06-23 10:14:07,42548.0,42648.0,10.0
1710,1028,2,MESU5,,Short,10,2025-06-23 12:12:51,2025-06-23 12:17:33,6528.25,6534.0,10.0
1711,1032,2,MESU5,1710,Short,10,2025-06-23 12:12:51,2025-06-23 12:16:58,6528.0,6534.0,10.0
1712,1033,2,ESU5,1710,Short,2,2025-06-23 12:12:53,2025-06-23 12:17:24,6528.0,6534.25,8.0
1713,1034,2,MESU5,1710,Short,10,2025-06-23 12:12:54,2025-06-23 12:17:51,6528.25,6534.0,10.0
1714,1035,2,MESU5,1710,Short,10,2025-06-23 12:12:54,2025-06-23 12:17:06,6528.25,6534.0,10.0
1715,1028,4,MCLQ5,,Long,10,2025-06-23 03:22:40,2025-06-23 03:51:27,40.44,40.18,10.0
1716,1031,4,MCLQ5,1715,Long,10,2025-06-23 03:22:41,2025-06-23 03:51:03,40.44,40.18,10.0
1717,1032,4,MCLQ5,1715,Long,10,2025-06-23 03:22:40,2025-06-23 03:50:56,40.45,40.17,10.0
1718,1033,4,CLQ5,1715,Long,2,2025-06-23 03:22:41,2025-06-23 03:51:29,40.45,40.18,8.0
1719,1034,4,MCLQ5,1715,Long,10,2025-06-23 03:22:43,2025-06-23 03:51:19,40.45,40.17,10.0
1720,1035,4,MCLQ5,1715,Long,10,2025-06-23 03:22:41,2025-06-23 03:51:40,40.45,40.17,10.0
1721,1028,2,M2KU5,,Short,10,2025-06-24 12:24:36,2025-06-24 12:41:42,1931.4,1937.8,10.0
1722,1031,2,M2KU5,1721,Short,10,2025-06-24 12:24:39,2025-06-24 12:42:19,1931.4,1937.8,10.0
1723,1032,2,M2KU5,1721,Short,10,2025-06-24 12:24:37,2025-06-24 12:41:59,1931.3,1937.9,10.0
1724,1034,2,M2KU5,1721,Short,10,2025-06-24 12:24:36,2025-06-24 12:42:30,1931.4,1937.8,10.0
1725,1035,2,M2KU5,1721,Short,10,2025-06-24 12:24:36,2025-06-24 12:41:54,1931.4,1937.8,10.0
1726,1028,4,MCLQ5,,Short,10,2025-06-24 03:25:24,2025-06-24 03:38:12,40.57,40.89,10.0
1727,1031,4,MCLQ5,1726,Short,10,2025-06-24 03:25:26,2025-06-24 03:38:22,40.56,40.9,10.0
1728,1032,4,MCLQ5,1726,Short,10,2025-06-24 03:25:27,2025-06-24 03:37:55,40.56,40.89,10.0
1729,1033,4,CLQ5,1726,Short,2,2025-06-24 03:25:26,2025-06-24 03:37:29,40.56,40.89,8.0
1730,1034,4,MCLQ5,1726,Short,10,2025-06-24 03:25:25,2025-06-24 03:38:17,40.56,40.89,10.0
1731,1035,4,MCLQ5,1726,Short,10,2025-06-24 03:25:26,2025-06-24 03:37:29,40.57,40.89,10.0
1732,1028,2,MESU5,,Long,10,2025-06-25 12:24:39,2025-06-25 12:34:30,6688.75,6694.0,10.0
1733,1031,2,MESU5,1732,Long,10,2025-06-25 12:24:41,2025-06-25 12:34:37,6689.0,6693.75,10.0
1734,1032,2,MESU5,1732,Long,10,2025-06-25 12:24:42,2025-06-25 12:34:07,6688.75,6694.0,10.0
1735,1033,2,ESU5,1732,Long,2,2025-06-25 12:24:42,2025-06-25 12:34:19,6688.75,6694.0,8.0
1736,1034,2,MESU5,1732,Long,10,2025-06-25 12:24:42,2025-06-25 12:34:21,6688.75,6694.0,10.0
1737,1035,2,MESU5,1732,Long,10,2025-06-25 12:24:40,2025-06-25 12:34:30,6689.0,6694.0,10.0
1738,1028,4,MGCQ5,,Short,5,2025-06-25 03:25:27,2025-06-25 04:25:42,2716.4,2721.9,5.0
1739,1031,4,MGCQ5,1738,Short,5,2025-06-25 03:25:28,2025-06-25 04:25:53,2716.4,2721.9,5.0
1740,1032,4,MGCQ5,1738,Short,5,2025-06-25 03:25:28,2025-06-25 04:26:04,2716.4,2721.9,5.0
1741,1033,4,GCQ5,1738,Short,1,2025-06-25 03:25:30,2025-06-25 04:25:32,2716.4,2721.9,4.0
1742,1034,4,MGCQ5,1738,Short,5,2025-06-25 03:25:27,2025-06-25 04:26:18,2716.3,2721.9,5.0
1743,1035,4,MGCQ5,1738,Short,5,2025-06-25 03:25:27,2025-06-25 04:25:49,2716.4,2721.9,5.0
1744,1028,1,MYMU5,,Short,10,2025-06-26 10:01:41,2025-06-26 11:19:51,43358.0,43416.0,10.0
1745,1031,1,MYMU5,1744,Short,10,2025-06-26 10:01:42,2025-06-26 11:19:59,43358.0,43416.0,10.0
1746,1032,1,MYMU5,1744,Short,10,2025-06-26 10:01:42,2025-06-26 11:20:15,43358.0,43416.0,10.0
1747,1033,1,YMU5,1744,Short,2,2025-06-26 10:01:44,2025-06-26 11:20:10,43357.0,43416.0,8.0
1748,1034,1,MYMU5,1744,Short,10,2025-06-26 10:01:41,2025-06-26 11:20:02,43358.0,43416.0,10.0
1749,1035,1,MYMU5,1744,Short,10,2025-06-26 10:01:41,2025-06-26 11:19:51,43358.0,43416.0,10.0
1750,1028,3,MCLQ5,,Long,10,2025-06-26 10:38:48,2025-06-26 10:54:21,41.25,40.89,10.0
1751,1031,3,MCLQ5,1750,Long,10,2025-06-26 10:38:51,2025-06-26 10:54:18,41.26,40.89,10.0
1752,1032,3,MCLQ5,1750,Long,10,2025-06-26 10:38:51,2025-06-26 10:53:55,41.25,40.89,10.0
1753,1033,3,CLQ5,1750,Long,2,2025-06-26 10:38:48,2025-06-26 10:54:06,41.25,40.89,8.0
1754,1034,3,MCLQ5,1750,Long,10,2025-06-26 10:38:48,2025-06-26 10:54:38,41.25,40.89,10.0
1755,1035,3,MCLQ5,1750,Long,10,2025-06-26 10:38:50,2025-06-26 10:53:57,41.25,40.89,10.0
1756,1028,1,MESU5,,Long,10,2025-06-27 09:47:43,2025-06-27 10:44:25,6695.5,6689.75,10.0
1757,1031,1,MESU5,1756,Long,10,2025-06-27 09:47:45,2025-06-27 10:44:01,6695.5,6689.75,10.0
1758,1032,1,MESU5,1756,Long,10,2025-06-27 09:47:46,2025-06-27 10:44:03,6695.75,6689.75,10.0
1759,1033,1,ESU5,1756,Long,2,2025-06-27 09:47:43,2025-06-27 10:44:30,6695.75,6689.5,8.0
1760,1034,1,MESU5,1756,Long,10,2025-06-27 09:47:44,2025-06-27 10:44:06,6695.75,6689.5,10.0
1761,1035,1,MESU5,1756,Long,10,2025-06-27 09:47:43,2025-06-27 10:43:43,6695.5,6689.75,10.0
1762,1028,3,MGCQ5,,Short,5,2025-06-27 10:30:25,2025-06-27 11:34:08,2776.9,2782.2,5.0
1763,1031,3,MGCQ5,1762,Short,5,2025-06-27 10:30:28,2025-06-27 11:34:02,2776.9,2782.2,5.0
1764,1032,3,MGCQ5,1762,Short,5,2025-06-27 10:30:27,2025-06-27 11:33:43,2776.8,2782.2,5.0
1765,1033,3,GCQ5,1762,Short,1,2025-06-27 10:30:26,2025-06-27 11:34:18,2776.8,2782.2,4.0
1766,1034,3,MGCQ5,1762,Short,5,2025-06-27 10:30:25,2025-06-27 11:33:34,2776.9,2782.2,5.0
1767,1035,3,MGCQ5,1762,Short,5,2025-06-27 10:30:25,2025-06-27 11:33:29,2776.8,2782.2,5.0
1768,1031,3,MGCQ5,,Short,5,2025-06-30 10:38:44,2025-06-30 11:55:50,2800.2,2807.2,5.0
1769,1033,3,GCQ5,1768,Short,1,2025-06-30 10:38:44,2025-06-30 11:55:59,2800.2,2807.2,4.0
1770,1034,3,MGCQ5,1768,Short,5,2025-06-30 10:38:44,2025-06-30 11:56:15,2800.2,2807.2,5.0
1771,1036,3,MGCQ5,1768,Short,5,2025-06-30 10:38:45,2025-06-30 11:56:30,2800.2,2807.2,5.0
1772,1033,1,NQU5,,Long,2,2025-07-01 09:47:09,2025-07-01 10:00:44,21142.0,21191.0,8.0
1773,1036,1,MNQU5,1772,Long,6,2025-07-01 09:47:09,2025-07-01 10:00:38,21142.25,21190.75,6.0
1774,1037,1,MNQU5,1772,Long,6,2025-07-01 09:47:11,2025-07-01 10:00:36,21142.25,21190.75,6.0
1775,1033,1,ESU5,,Short,2,2025-07-02 09:50:56,2025-07-02 10:29:57,6691.75,6678.5,8.0
1776,1034,1,MESU5,1775,Short,10,2025-07-02 09:50:57,2025-07-02 10:30:02,6691.75,6678.5,10.0
1777,1036,1,MESU5,1775,Short,10,2025-07-02 09:50:57,2025-07-02 10:30:47,6691.75,6678.5,10.0
1778,1037,1,MESU5,1775,Short,10,2025-07-02 09:50:56,2025-07-02 10:30:22,6691.5,6678.5,10.0
1779,1038,1,MESU5,1775,Short,10,2025-07-02 09:50:57,2025-07-02 10:30:17,6691.75,6678.5,10.0
1780,1033,3,CLQ5,,Long,2,2025-07-02 10:22:00,2025-07-02 11:51:46,48.27,48.73,8.0
1781,1034,3,MCLQ5,1780,Long,10,2025-07-02 10:22:01,2025-07-02 11:51:12,48.27,48.73,10.0
1782,1036,3,MCLQ5,1780,Long,10,2025-07-02 10:22:02,2025-07-02 11:52:01,48.27,48.73,10.0
1783,1037,3,MCLQ5,1780,Long,10,2025-07-02 10:22:03,2025-07-02 11:51:16,48.27,48.73,10.0
1784,1038,3,MCLQ5,1780,Long,10,2025-07-02 10:22:01,2025-07-02 11:51:07,48.27,48.73,10.0
1785,1033,1,YMU5,,Short,2,2025-07-03 09:48:35,2025-07-03 11:16:22,44238.0,44287.0,8.0
1786,1034,1,MYMU5,1785,Short,10,2025-07-03 09:48:38,2025-07-03 11:15:49,44237.0,44287.0,10.0
1787,1036,1,MYMU5,1785,Short,10,2025-07-03 09:48:37,2025-07-03 11:16:03,44238.0,44287.0,10.0
1788,1037,1,MYMU5,1785,Short,10,2025-07-03 09:48:35,2025-07-03 11:15:55,44237.0,44288.0,10.0
1789,1038,1,MYMU5,1785,Short,10,2025-07-03 09:48:35,2025-07-03 11:16:04,44238.0,44287.0,10.0
1790,1033,3,CLQ5,,Short,2,2025-07-04 10:22:54,2025-07-04 11:02:31,48.43,47.91,8.0
1791,1034,3,MCLQ5,1790,Short,10,2025-07-04 10:22:56,2025-07-04 11:02:14,48.43,47.91,10.0
1792,1036,3,MCLQ5,1790,Short,10,2025-07-04 10:22:54,2025-07-04 11:02:41,48.42,47.92,10.0
1793,1037,3,MCLQ5,1790,Short,10,2025-07-04 10:22:54,2025-07-04 11:02:46,48.42,47.92,10.0
1794,1038,3,MCLQ5,1790,Short,10,2025-07-04 10:22:57,2025-07-04 11:01:57,48.43,47.91,10.0
1795,1033,5,ESU5,,Short,2,2025-07-04 08:52:27,2025-07-04 09:17:47,6655.0,6661.75,8.0
1796,1034,5,MESU5,1795,Short,10,2025-07-04 08:52:30,2025-07-04 09:18:12,6655.0,6661.75,10.0
1797,1036,5,MESU5,1795,Short,10,2025-07-04 08:52:27,2025-07-04 09:17:58,6655.0,6661.75,10.0
1798,1037,5,MESU5,1795,Short,10,2025-07-04 08:52:30,2025-07-04 09:17:46,6654.75,6661.75,10.0
1799,1038,5,MESU5,1795,Short,10,2025-07-04 08:52:30,2025-07-04 09:17:54,6654.75,6661.75,10.0
1800,1033,2,ESU5,,Long,2,2025-07-07 12:28:50,2025-07-07 12:51:57,6722.25,6726.0,8.0
1801,1034,2,MESU5,1800,Long,10,2025-07-07 12:28:52,2025-07-07 12:51:53,6722.5,6725.75,10.0
1802,1036,2,MESU5,1800,Long,10,2025-07-07 12:28:52,2025-07-07 12:52:19,6722.25,6726.0,10.0
1803,1037,2,MESU5,1800,Long,10,2025-07-07 12:28:53,2025-07-07 12:52:10,6722.5,6726.0,10.0
1804,1038,2,MESU5,1800,Long,10,2025-07-07 12:28:53,2025-07-07 12:51:53,6722.25,6726.0,10.0
1805,1033,3,CLQ5,,Long,2,2025-07-07 10:31:36,2025-07-07 11:01:34,47.22,46.97,8.0
1806,1034,3,MCLQ5,1805,Long,10,2025-07-07 10:31:38,2025-07-07 11:01:01,47.23,46.97,10.0
1807,1036,3,MCLQ5,1805,Long,10,2025-07-07 10:31:39,2025-07-07 11:01:01,47.22,46.97,10.0
1808,1037,3,MCLQ5,1805,Long,10,2025-07-07 10:31:39,2025-07-07 11:01:34,47.23,46.97,10.0
1809,1038,3,MCLQ5,1805,Long,10,2025-07-07 10:31:36,2025-07-07 11:01:15,47.22,46.97,10.0
1810,1033,4,CLQ5,,Long,2,2025-07-07 03:18:22,2025-07-07 04:12:18,47.22,46.99,8.0
1811,1034,4,MCLQ5,1810,Long,10,2025-07-07 03:18:22,2025-07-07 04:12:19,47.23,46.99,10.0
1812,1036,4,MCLQ5,1810,Long,10,2025-07-07 03:18:22,2025-07-07 04:11:33,47.22,46.99,10.0
1813,1037,4,MCLQ5,1810,Long,10,2025-07-07 03:18:23,2025-07-07 04:11:37,47.22,46.99,10.0
1814,1038,4,MCLQ5,1810,Long,10,2025-07-07 03:18:25,2025-07-07 04:11:57,47.23,46.99,10.0
1815,1033,4,GCQ5,,Short,1,2025-07-08 03:24:31,2025-07-08 03:32:55,2807.4,2799.5,4.0
1816,1034,4,MGCQ5,1815,Short,5,2025-07-08 03:24:33,2025-07-08 03:33:12,2807.4,2799.5,5.0
1817,1036,4,MGCQ5,1815,Short,5,2025-07-08 03:24:33,2025-07-08 03:32:52,2807.3,2799.48,5.0
1818,1037,4,MGCQ5,1815,Short,5,2025-07-08 03:24:34,2025-07-08 03:33:12,2807.4,2799.52,5.0
1819,1039,4,MGCQ5,1815,Short,5,2025-07-08 03:24:31,2025-07-08 03:32:49,2807.4,2799.52,5.0
1820,1033,1,NQU5,,Short,2,2025-07-09 09:57:15,2025-07-09 11:07:48,21162.5,21129.0,8.0
1821,1034,1,MNQU5,1820,Short,6,2025-07-09 09:57:17,2025-07-09 11:07:56,21162.5,21129.0,6.0
1822,1036,1,MNQU5,1820,Short,6,2025-07-09 09:57:17,2025-07-09 11:07:50,21162.5,21129.0,6.0
1823,1037,1,MNQU5,1820,Short,6,2025-07-09 09:57:17,2025-07-09 11:07:37,21162.5,21129.0,6.0
1824,1038,1,MNQU5,1820,Short,6,2025-07-09 09:57:17,2025-07-09 11:07:27,21162.5,21129.0,6.0
1825,1039,1,MNQU5,1820,Short,6,2025-07-09 09:57:15,2025-07-09 11:08:07,21162.5,21129.0,6.0
1826,1033,3,NQU5,,Short,2,2025-07-09 10:21:41,2025-07-09 11:14:51,21274.5,21295.0,8.0
1827,1034,3,MNQU5,1826,Short,6,2025-07-09 10:21:41,2025-07-09 11:14:53,21274.5,21295.0,6.0
1828,1036,3,MNQU5,1826,Short,6,2025-07-09 10:21:44,2025-07-09 11:15:25,21274.25,21295.0,6.0
1829,1038,3,MNQU5,1826,Short,6,2025-07-09 10:21:43,2025-07-09 11:15:22,21274.5,21295.0,6.0
1830,1039,3,MNQU5,1826,Short,6,2025-07-09 10:21:41,2025-07-09 11:14:44,21274.25,21295.25,6.0
1831,1033,4,GCQ5,,Long,1,2025-07-09 03:26:22,2025-07-09 03:50:05,2782.0,2777.2,4.0
1832,1034,4,MGCQ5,1831,Long,5,2025-07-09 03:26:24,2025-07-09 03:50:10,2782.0,2777.2,5.0
1833,1036,4,MGCQ5,1831,Long,5,2025-07-09 03:26:22,2025-07-09 03:49:49,2782.0,2777.2,5.0
1834,1037,4,MGCQ5,1831,Long,5,2025-07-09 03:26:23,2025-07-09 03:50:17,2782.0,2777.2,5.0
1835,1038,4,MGCQ5,1831,Long,5,2025-07-09 03:26:25,2025-07-09 03:49:44,2782.1,2777.2,5.0
1836,1039,4,MGCQ5,1831,Long,5,2025-07-09 03:26:25,2025-07-09 03:49:57,2782.1,2777.1,5.0
1837,1033,1,ESU5,,Short,2,2025-07-10 09:53:05,2025-07-10 10:54:38,6805.25,6811.0,8.0
1838,1034,1,MESU5,1837,Short,10,2025-07-10 09:53:06,2025-07-10 10:54:10,6805.25,6811.0,10.0
1839,1036,1,MESU5,1837,Short,10,2025-07-10 09:53:05,2025-07-10 10:54:25,6805.0,6811.25,10.0
1840,1037,1,MESU5,1837,Short,10,2025-07-10 09:53:07,2025-07-10 10:54:35,6805.0,6811.25,10.0
1841,1038,1,MESU5,1837,Short,10,2025-07-10 09:53:07,2025-07-10 10:54:17,6805.25,6811.0,10.0
1842,1039,1,MESU5,1837,Short,10,2025-07-10 09:53:06,2025-07-10 10:54:42,6805.25,6811.0,10.0
1843,1033,4,GCQ5,,Long,1,2025-07-10 03:28:43,2025-07-10 04:07:03,2810.2,2818.4,4.0
1844,1034,4,MGCQ5,1843,Long,5,2025-07-10 03:28:45,2025-07-10 04:06:51,2810.2,2818.4,5.0
1845,1036,4,MGCQ5,1843,Long,5,2025-07-10 03:28:43,2025-07-10 04:06:50,2810.3,2818.3,5.0
1846,1037,4,MGCQ5,1843,Long,5,2025-07-10 03:28:43,2025-07-10 04:07:34,2810.3,2818.38,5.0
1847,1038,4,MGCQ5,1843,Long,5,2025-07-10 03:28:43,2025-07-10 04:06:55,2810.2,2818.4,5.0
1848,1039,4,MGCQ5,1843,Long,5,2025-07-10 03:28:46,2025-07-10 04:07:00,2810.3,2818.28,5.0
1849,1033,1,YMU5,,Long,2,2025-07-11 10:03:07,2025-07-11 10:36:46,43263.0,43362.0,8.0
1850,1034,1,MYMU5,1849,Long,10,2025-07-11 10:03:09,2025-07-11 10:36:47,43263.0,43362.0,10.0
1851,1036,1,MYMU5,1849,Long,10,2025-07-11 10:03:10,2025-07-11 10:36:38,43264.0,43362.0,10.0
1852,1037,1,MYMU5,1849,Long,10,2025-07-11 10:03:09,2025-07-11 10:36:46,43263.0,43362.0,10.0
1853,1038,1,MYMU5,1849,Long,10,2025-07-11 10:03:09,2025-07-11 10:36:21,43264.0,43361.0,10.0
1854,1039,1,MYMU5,1849,Long,10,2025-07-11 10:03:08,2025-07-11 10:36:49,43264.0,43362.0,10.0
1855,1033,2,RTYU5,,Long,2,2025-07-11 12:14:22,2025-07-11 12:31:49,1948.6,1941.4,8.0
1856,1034,2,M2KU5,1855,Long,10,2025-07-11 12:14:23,2025-07-11 12:31:26,1948.7,1941.4,10.0
1857,1036,2,M2KU5,1855,Long,10,2025-07-11 12:14:23,2025-07-11 12:31:38,1948.6,1941.4,10.0
1858,1037,2,M2KU5,1855,Long,10,2025-07-11 12:14:24,2025-07-11 12:31:47,1948.7,1941.3,10.0
1859,1038,2,M2KU5,1855,Long,10,2025-07-11 12:14:24,2025-07-11 12:32:10,1948.6,1941.4,10.0
1860,1039,2,M2KU5,1855,Long,10,2025-07-11 12:14:22,2025-07-11 12:31:56,1948.6,1941.4,10.0
1861,1033,4,CLQ5,,Long,2,2025-07-11 03:20:53,2025-07-11 04:44:42,45.48,45.18,8.0
1862,1036,4,MCLQ5,1861,Long,10,2025-07-11 03:20:54,2025-07-11 04:44:40,45.48,45.18,10.0
1863,1037,4,MCLQ5,1861,Long,10,2025-07-11 03:20:55,2025-07-11 04:44:39,45.48,45.18,10.0
1864,1038,4,MCLQ5,1861,Long,10,2025-07-11 03:20:54,2025-07-11 04:43:54,45.49,45.18,10.0
1865,1039,4,MCLQ5,1861,Long,10,2025-07-11 03:20:53,2025-07-11 04:44:50,45.49,45.18,10.0
1866,1033,1,ESU5,,Short,2,2025-07-14 09:58:33,2025-07-14 10:24:48,6899.75,6904.5,8.0
1867,1034,1,MESU5,1866,Short,10,2025-07-14 09:58:34,2025-07-14 10:25:06,6899.5,6904.75,10.0
1868,1036,1,MESU5,1866,Short,10,2025-07-14 09:58:35,2025-07-14 10:24:49,6899.75,6904.5,10.0
1869,1037,1,MESU5,1866,Short,10,2025-07-14 09:58:33,2025-07-14 10:25:32,6899.75,6904.5,10.0
1870,1038,1,MESU5,1866,Short,10,2025-07-14 09:58:36,2025-07-14 10:25:32,6899.75,6904.5,10.0
1871,1039,1,MESU5,1866,Short,10,2025-07-14 09:58:36,2025-07-14 10:25:04,6899.5,6904.75,10.0
1872,1033,2,RTYU5,,Long,2,2025-07-14 12:29:59,2025-07-14 12:40:41,1940.7,1933.2,8.0
1873,1034,2,M2KU5,1872,Long,10,2025-07-14 12:30:01,2025-07-14 12:40:45,1940.8,1933.1,10.0
1874,1036,2,M2KU5,1872,Long,10,2025-07-14 12:30:02,2025-07-14 12:40:06,1940.8,1933.2,10.0
1875,1037,2,M2KU5,1872,Long,10,2025-07-14 12:30:02,2025-07-14 12:40:05,1940.7,1933.2,10.0
1876,1038,2,M2KU5,1872,Long,10,2025-07-14 12:30:02,2025-07-14 12:40:55,1940.7,1933.2,10.0
1877,1039,2,M2KU5,1872,Long,10,2025-07-14 12:29:59,2025-07-14 12:40:35,1940.7,1933.2,10.0
1878,1033,3,CLU5,,Long,2,2025-07-14 10:34:14,2025-07-14 11:22:59,44.76,44.51,8.0
1879,1034,3,MCLU5,1878,Long,10,2025-07-14 10:34:17,2025-07-14 11:23:13,44.76,44.51,10.0
1880,1036,3,MCLU5,1878,Long,10,2025-07-14 10:34:16,2025-07-14 11:22:45,44.77,44.5,10.0
1881,1037,3,MCLU5,1878,Long,10,2025-07-14 10:34:17,2025-07-14 11:22:40,44.76,44.51,10.0
1882,1038,3,MCLU5,1878,Long,10,2025-07-14 10:34:17,2025-07-14 11:22:20,44.76,44.51,10.0
1883,1039,3,MCLU5,1878,Long,10,2025-07-14 10:34:16,2025-07-14 11:22:34,44.76,44.51,10.0
1884,1033,4,CLU5,,Long,2,2025-07-14 03:26:34,2025-07-14 04:43:12,45.22,44.86,8.0
1885,1034,4,MCLU5,1884,Long,10,2025-07-14 03:26:37,2025-07-14 04:42:59,45.22,44.86,10.0
1886,1036,4,MCLU5,1884,Long,10,2025-07-14 03:26:35,2025-07-14 04:43:28,45.23,44.86,10.0
1887,1037,4,MCLU5,1884,Long,10,2025-07-14 03:26:35,2025-07-14 04:42:47,45.22,44.86,10.0
1888,1038,4,MCLU5,1884,Long,10,2025-07-14 03:26:36,2025-07-14 04:43:09,45.22,44.86,10.0
1889,1039,4,MCLU5,1884,Long,10,2025-07-14 03:26:36,2025-07-14 04:42:48,45.22,44.86,10.0
1890,1033,1,NQU5,,Short,2,2025-07-15 09:52:43,2025-07-15 10:33:28,22057.75,22076.25,8.0
1891,1034,1,MNQU5,1890,Short,6,2025-07-15 09:52:43,2025-07-15 10:32:53,22057.75,22076.25,6.0
1892,1036,1,MNQU5,1890,Short,6,2025-07-15 09:52:46,2025-07-15 10:32:56,22057.75,22076.25,6.0
1893,1037,1,MNQU5,1890,Short,6,2025-07-15 09:52:43,2025-07-15 10:33:14,22057.75,22076.25,6.0
1894,1038,1,MNQU5,1890,Short,6,2025-07-15 09:52:46,2025-07-15 10:33:43,22057.75,22076.25,6.0
1895,1039,1,MNQU5,1890,Short,6,2025-07-15 09:52:45,2025-07-15 10:33:03,22057.75,22076.25,6.0
1896,1033,2,RTYU5,,Short,2,2025-07-15 12:22:13,2025-07-15 12:44:34,1975.1,1980.5,8.0
1897,1034,2,M2KU5,1896,Short,10,2025-07-15 12:22:14,2025-07-15 12:45:07,1975.1,1980.5,10.0
1898,1036,2,M2KU5,1896,Short,10,2025-07-15 12:22:14,2025-07-15 12:45:03,1975.0,1980.5,10.0
1899,1037,2,M2KU5,1896,Short,10,2025-07-15 12:22:15,2025-07-15 12:44:19,1975.1,1980.5,10.0
1900,1038,2,M2KU5,1896,Short,10,2025-07-15 12:22:15,2025-07-15 12:44:18,1975.1,1980.5,10.0
1901,1034,3,MGCQ5,,Short,5,2025-07-15 10:35:56,2025-07-15 11:41:45,2870.6,2860.8,5.0
1902,1036,3,MGCQ5,1901,Short,5,2025-07-15 10:35:56,2025-07-15 11:41:40,2870.5,2860.8,5.0
1903,1038,3,MGCQ5,1901,Short,5,2025-07-15 10:35:58,2025-07-15 11:41:13,2870.6,2860.8,5.0
1904,1039,3,MGCQ5,1901,Short,5,2025-07-15 10:35:58,2025-07-15 11:41:34,2870.5,2860.8,5.0
1905,1033,4,CLU5,,Long,2,2025-07-15 03:34:48,2025-07-15 04:15:00,44.32,44.78,8.0
1906,1034,4,MCLU5,1905,Long,10,2025-07-15 03:34:49,2025-07-15 04:15:08,44.33,44.77,10.0
1907,1036,4,MCLU5,1905,Long,10,2025-07-15 03:34:50,2025-07-15 04:15:48,44.32,44.78,10.0
1908,1037,4,MCLU5,1905,Long,10,2025-07-15 03:34:49,2025-07-15 04:15:29,44.33,44.77,10.0
1909,1038,4,MCLU5,1905,Long,10,2025-07-15 03:34:48,2025-07-15 04:15:30,44.33,44.78,10.0
1910,1039,4,MCLU5,1905,Long,10,2025-07-15 03:34:50,2025-07-15 04:15:34,44.33,44.77,10.0
1911,1033,1,ESU5,,Long,2,2025-07-16 10:04:59,2025-07-16 11:34:32,6998.5,6993.0,8.0
1912,1034,1,MESU5,1911,Long,10,2025-07-16 10:04:59,2025-07-16 11:34:50,6998.5,6993.0,10.0
1913,1036,1,MESU5,1911,Long,10,2025-07-16 10:04:59,2025-07-16 11:34:44,6998.5,6993.0,10.0
1914,1037,1,MESU5,1911,Long,10,2025-07-16 10:05:02,2025-07-16 11:34:35,6998.5,6993.0,10.0
1915,1038,1,MESU5,1911,Long,10,2025-07-16 10:05:00,2025-07-16 11:34:03,6998.5,6993.0,10.0
1916,1039,1,MESU5,1911,Long,10,2025-07-16 10:05:01,2025-07-16 11:34:38,6998.5,6993.0,10.0
1917,1033,2,ESU5,,Long,2,2025-07-16 12:16:40,2025-07-16 12:35:14,6991.25,6986.25,8.0
1918,1034,2,MESU5,1917,Long,10,2025-07-16 12:16:40,2025-07-16 12:35:04,6991.5,6986.25,10.0
1919,1036,2,MESU5,1917,Long,10,2025-07-16 12:16:43,2025-07-16 12:34:49,6991.5,6986.0,10.0
1920,1037,2,MESU5,1917,Long,10,2025-07-16 12:16:41,2025-07-16 12:35:15,6991.25,6986.25,10.0
1921,1038,2,MESU5,1917,Long,10,2025-07-16 12:16:43,2025-07-16 12:34:51,6991.5,6986.25,10.0
1922,1039,2,MESU5,1917,Long,10,2025-07-16 12:16:41,2025-07-16 12:34:45,6991.25,6986.25,10.0
1923,1033,3,GCQ5,,Long,1,2025-07-16 10:20:32,2025-07-16 10:49:32,2882.4,2876.8,4.0
1924,1034,3,MGCQ5,1923,Long,5,2025-07-16 10:20:33,2025-07-16 10:50:03,2882.4,2876.8,5.0
1925,1036,3,MGCQ5,1923,Long,5,2025-07-16 10:20:32,2025-07-16 10:50:15,2882.4,2876.8,5.0
1926,1037,3,MGCQ5,1923,Long,5,2025-07-16 10:20:35,2025-07-16 10:50:08,2882.4,2876.8,5.0
1927,1038,3,MGCQ5,1923,Long,5,2025-07-16 10:20:32,2025-07-16 10:50:10,2882.5,2876.8,5.0
1928,1039,3,MGCQ5,1923,Long,5,2025-07-16 10:20:32,2025-07-16 10:50:31,2882.5,2876.8,5.0
1929,1034,1,MYMU5,,Short,10,2025-07-17 09:46:32,2025-07-17 10:54:10,43902.0,43815.0,10.0
1930,1038,1,MYMU5,1929,Short,10,2025-07-17 09:46:32,2025-07-17 10:54:08,43901.0,43816.0,10.0
1931,1039,1,MYMU5,1929,Short,10,2025-07-17 09:46:33,2025-07-17 10:53:46,43902.0,43815.0,10.0
1932,1040,1,MYMU5,1929,Short,10,2025-07-17 09:46:34,2025-07-17 10:53:48,43902.0,43815.0,10.0
1933,1034,2,M2KU5,,Long,10,2025-07-17 12:26:03,2025-07-17 12:37:26,1968.0,1974.3,10.0
1934,1038,2,M2KU5,1933,Long,10,2025-07-17 12:26:03,2025-07-17 12:37:30,1968.1,1974.2,10.0
1935,1039,2,M2KU5,1933,Long,10,2025-07-17 12:26:04,2025-07-17 12:37:06,1968.0,1974.3,10.0
1936,1040,2,M2KU5,1933,Long,10,2025-07-17 12:26:04,2025-07-17 12:37:53,1968.1,1974.3,10.0
1937,1034,1,MESU5,,Short,10,2025-07-18 09:47:19,2025-07-18 10:24:25,6811.0,6800.0,10.0
1938,1038,1,MESU5,1937,Short,10,2025-07-18 09:47:22,2025-07-18 10:24:55,6811.0,6800.0,10.0
1939,1039,1,MESU5,1937,Short,10,2025-07-18 09:47:20,2025-07-18 10:25:16,6811.0,6800.0,10.0
1940,1040,1,MESU5,1937,Short,10,2025-07-18 09:47:20,2025-07-18 10:24:50,6811.0,6800.0,10.0
1941,1041,1,MESU5,1937,Short,10,2025-07-18 09:47:22,2025-07-18 10:24:58,6811.0,6800.0,10.0
1942,1034,4,MGCV5,,Long,5,2025-07-21 03:24:02,2025-07-21 03:59:24,2860.1,2854.1,5.0
1943,1038,4,MGCV5,1942,Long,5,2025-07-21 03:24:02,2025-07-21 03:59:41,2860.2,2854.0,5.0
1944,1039,4,MGCV5,1942,Long,5,2025-07-21 03:24:03,2025-07-21 03:59:41,2860.1,2854.1,5.0
1945,1040,4,MGCV5,1942,Long,5,2025-07-21 03:24:04,2025-07-21 03:59:36,2860.1,2854.1,5.0
1946,1041,4,MGCV5,1942,Long,5,2025-07-21 03:24:02,2025-07-21 03:59:26,2860.2,2854.0,5.0
1947,1034,3,MCLU5,,Short,10,2025-07-22 10:29:25,2025-07-22 11:05:54,41.26,41.59,10.0
1948,1038,3,MCLU5,1947,Short,10,2025-07-22 10:29:27,2025-07-22 11:06:16,41.25,41.59,10.0
1949,1039,3,MCLU5,1947,Short,10,2025-07-22 10:29:26,2025-07-22 11:06:02,41.26,41.59,10.0
1950,1040,3,MCLU5,1947,Short,10,2025-07-22 10:29:26,2025-07-22 11:05:59,41.25,41.59,10.0
1951,1041,3,MCLU5,1947,Short,10,2025-07-22 10:29:27,2025-07-22 11:05:33,41.26,41.59,10.0
1952,1042,3,MCLU5,1947,Short,10,2025-07-22 10:29:26,2025-07-22 11:06:16,41.26,41.59,10.0
1953,1034,4,MCLU5,,Long,10,2025-07-22 03:34:37,2025-07-22 04:55:50,42.01,42.51,10.0
1954,1038,4,MCLU5,1953,Long,10,2025-07-22 03:34:38,2025-07-22 04:56:16,42.01,42.51,10.0
1955,1039,4,MCLU5,1953,Long,10,2025-07-22 03:34:39,2025-07-22 04:55:53,42.02,42.51,10.0
1956,1040,4,MCLU5,1953,Long,10,2025-07-22 03:34:37,2025-07-22 04:56:05,42.01,42.51,10.0
1957,1041,4,MCLU5,1953,Long,10,2025-07-22 03:34:38,2025-07-22 04:56:03,42.01,42.51,10.0
1958,1042,4,MCLU5,1953,Long,10,2025-07-22 03:34:37,2025-07-22 04:56:25,42.01,42.51,10.0
1959,1034,1,MYMU5,,Long,10,2025-07-23 10:00:11,2025-07-23 11:00:52,44276.0,44218.0,10.0
1960,1038,1,MYMU5,1959,Long,10,2025-07-23 10:00:11,2025-07-23 11:00:17,44276.0,44218.0,10.0
1961,1039,1,MYMU5,1959,Long,10,2025-07-23 10:00:14,2025-07-23 11:01:12,44276.0,44218.0,10.0
1962,1040,1,MYMU5,1959,Long,10,2025-07-23 10:00:13,2025-07-23 11:01:04,44276.0,44218.0,10.0
1963,1042,1,MYMU5,1959,Long,10,2025-07-23 10:00:14,2025-07-23 11:01:01,44276.0,44218.0,10.0
1964,1034,1,MESU5,,Short,10,2025-07-24 09:54:13,2025-07-24 10:14:08,6671.0,6675.75,10.0
1965,1038,1,MESU5,1964,Short,10,2025-07-24 09:54:14,2025-07-24 10:14:11,6670.75,6675.75,10.0
1966,1039,1,MESU5,1964,Short,10,2025-07-24 09:54:14,2025-07-24 10:14:07,6671.0,6675.75,10.0
1967,1040,1,MESU5,1964,Short,10,2025-07-24 09:54:15,2025-07-24 10:13:39,6671.0,6675.75,10.0
1968,1041,1,MESU5,1964,Short,10,2025-07-24 09:54:16,2025-07-24 10:14:07,6671.0,6675.75,10.0
1969,1042,1,MESU5,1964,Short,10,2025-07-24 09:54:16,2025-07-24 10:13:32,6670.75,6675.75,10.0
1970,1034,1,MESU5,,Short,10,2025-07-25 09:56:44,2025-07-25 10:39:16,6531.25,6537.25,10.0
1971,1038,1,MESU5,1970,Short,10,2025-07-25 09:56:46,2025-07-25 10:39:07,6531.25,6537.25,10.0
1972,1039,1,MESU5,1970,Short,10,2025-07-25 09:56:45,2025-07-25 10:39:39,6531.25,6537.25,10.0
1973,1040,1,MESU5,1970,Short,10,2025-07-25 09:56:44,2025-07-25 10:39:29,6531.25,6537.25,10.0
1974,1041,1,MESU5,1970,Short,10,2025-07-25 09:56:46,2025-07-25 10:38:46,6531.25,6537.25,10.0
1975,1042,1,MESU5,1970,Short,10,2025-07-25 09:56:44,2025-07-25 10:39:27,6531.25,6537.25,10.0
1976,1034,4,MGCV5,,Long,5,2025-07-25 03:25:10,2025-07-25 04:53:52,3005.6,3011.98,5.0
1977,1038,4,MGCV5,1976,Long,5,2025-07-25 03:25:11,2025-07-25 04:53:11,3005.7,3011.9,5.0
1978,1039,4,MGCV5,1976,Long,5,2025-07-25 03:25:12,2025-07-25 04:53:17,3005.7,3012.02,5.0
1979,1040,4,MGCV5,1976,Long,5,2025-07-25 03:25:11,2025-07-25 04:53:16,3005.6,3011.98,5.0
1980,1041,4,MGCV5,1976,Long,5,2025-07-25 03:25:10,2025-07-25 04:53:11,3005.6,3012.0,5.0
1981,1042,4,MGCV5,1976,Long,5,2025-07-25 03:25:12,2025-07-25 04:54:07,3005.6,3011.98,5.0
1982,1034,2,MESU5,,Short,10,2025-07-28 12:27:21,2025-07-28 12:49:01,6481.75,6478.0,10.0
1983,1038,2,MESU5,1982,Short,10,2025-07-28 12:27:23,2025-07-28 12:49:05,6481.75,6478.0,10.0
1984,1039,2,MESU5,1982,Short,10,2025-07-28 12:27:24,2025-07-28 12:49:01,6481.75,6478.0,10.0
1985,1040,2,MESU5,1982,Short,10,2025-07-28 12:27:21,2025-07-28 12:49:19,6481.75,6478.0,10.0
1986,1041,2,MESU5,1982,Short,10,2025-07-28 12:27:24,2025-07-28 12:48:54,6481.75,6478.0,10.0
1987,1034,3,MCLU5,,Long,10,2025-07-28 10:40:37,2025-07-28 12:03:29,41.17,40.9,10.0
1988,1038,3,MCLU5,1987,Long,10,2025-07-28 10:40:39,2025-07-28 12:03:37,41.18,40.9,10.0
1989,1039,3,MCLU5,1987,Long,10,2025-07-28 10:40:37,2025-07-28 12:02:40,41.17,40.9,10.0
1990,1040,3,MCLU5,1987,Long,10,2025-07-28 10:40:38,2025-07-28 12:03:34,41.18,40.89,10.0
1991,1041,3,MCLU5,1987,Long,10,2025-07-28 10:40:38,2025-07-28 12:03:30,41.17,40.9,10.0
1992,1042,3,MCLU5,1987,Long,10,2025-07-28 10:40:38,2025-07-28 12:03:15,41.17,40.9,10.0
1993,1034,4,MCLU5,,Long,10,2025-07-28 03:31:45,2025-07-28 04:02:21,41.14,41.52,10.0
1994,1038,4,MCLU5,1993,Long,10,2025-07-28 03:31:45,2025-07-28 04:02:34,41.14,41.52,10.0
1995,1039,4,MCLU5,1993,Long,10,2025-07-28 03:31:45,2025-07-28 04:02:41,41.15,41.51,10.0
1996,1040,4,MCLU5,1993,Long,10,2025-07-28 03:31:46,2025-07-28 04:02:20,41.15,41.51,10.0
1997,1041,4,MCLU5,1993,Long,10,2025-07-28 03:31:47,2025-07-28 04:01:48,41.15,41.51,10.0
1998,1042,4,MCLU5,1993,Long,10,2025-07-28 03:31:47,2025-07-28 04:02:00,41.15,41.51,10.0
1999,1034,1,MESU5,,Long,10,2025-07-29 10:02:26,2025-07-29 10:54:26,6396.0,6390.75,10.0
2000,1038,1,MESU5,1999,Long,10,2025-07-29 10:02:26,2025-07-29 10:54:51,6396.0,6390.75,10.0
2001,1039,1,MESU5,1999,Long,10,2025-07-29 10:02:29,2025-07-29 10:55:12,6396.25,6390.5,10.0
2002,1040,1,MESU5,1999,Long,10,2025-07-29 10:02:26,2025-07-29 10:54:49,6396.25,6390.5,10.0
2003,1041,1,MESU5,1999,Long,10,2025-07-29 10:02:26,2025-07-29 10:55:09,6396.0,6390.75,10.0
2004,1042,1,MESU5,1999,Long,10,2025-07-29 10:02:27,2025-07-29 10:55:08,6396.0,6390.75,10.0
2005,1034,3,MNQU5,,Long,6,2025-07-29 10:32:50,2025-07-29 11:32:19,22213.25,22189.75,6.0
2006,1038,3,MNQU5,2005,Long,6,2025-07-29 10:32:51,2025-07-29 11:32:10,22213.5,22189.5,6.0
2007,1039,3,MNQU5,2005,Long,6,2025-07-29 10:32:53,2025-07-29 11:32:21,22213.5,22189.75,6.0
2008,1040,3,MNQU5,2005,Long,6,2025-07-29 10:32:52,2025-07-29 11:32:00,22213.5,22189.5,6.0
2009,1041,3,MNQU5,2005,Long,6,2025-07-29 10:32:51,2025-07-29 11:32:43,22213.5,22189.75,6.0
2010,1042,3,MNQU5,2005,Long,6,2025-07-29 10:32:50,2025-07-29 11:32:05,22213.25,22189.75,6.0
2011,1034,1,MYMU5,,Short,10,2025-07-30 09:46:26,2025-07-30 11:11:59,45191.0,45101.0,10.0
2012,1038,1,MYMU5,2011,Short,10,2025-07-30 09:46:26,2025-07-30 11:12:07,45191.0,45101.0,10.0
2013,1039,1,MYMU5,2011,Short,10,2025-07-30 09:46:27,2025-07-30 11:12:07,45191.0,45101.0,10.0
2014,1040,1,MYMU5,2011,Short,10,2025-07-30 09:46:29,2025-07-30 11:11:55,45191.0,45101.0,10.0
2015,1041,1,MYMU5,2011,Short,10,2025-07-30 09:46:27,2025-07-30 11:11:32,45191.0,45101.0,10.0
2016,1042,1,MYMU5,2011,Short,10,2025-07-30 09:46:27,2025-07-30 11:11:35,45191.0,45101.0,10.0
2017,1034,2,MESU5,,Short,10,2025-07-30 12:23:42,2025-07-30 12:43:13,6476.75,6471.25,10.0
2018,1038,2,MESU5,2017,Short,10,2025-07-30 12:23:45,2025-07-30 12:43:26,6476.75,6471.25,10.0
2019,1039,2,MESU5,2017,Short,10,2025-07-30 12:23:43,2025-07-30 12:43:08,6476.5,6471.5,10.0
2020,1040,2,MESU5,2017,Short,10,2025-07-30 12:23:43,2025-07-30 12:43:02,6476.75,6471.25,10.0
2021,1041,2,MESU5,2017,Short,10,2025-07-30 12:23:45,2025-07-30 12:43:01,6476.5,6471.5,10.0
2022,1042,2,MESU5,2017,Short,10,2025-07-30 12:23:43,2025-07-30 12:43:39,6476.75,6471.25,10.0
2023,1034,3,MNQU5,,Short,6,2025-07-30 10:25:55,2025-07-30 11:34:02,22189.5,22141.0,6.0
2024,1038,3,MNQU5,2023,Short,6,2025-07-30 10:25:57,2025-07-30 11:34:28,22189.25,22141.0,6.0
2025,1039,3,MNQU5,2023,Short,6,2025-07-30 10:25:56,2025-07-30 11:34:06,22189.5,22141.0,6.0
2026,1040,3,MNQU5,2023,Short,6,2025-07-30 10:25:56,2025-07-30 11:34:18,22189.25,22141.25,6.0
2027,1041,3,MNQU5,2023,Short,6,2025-07-30 10:25:58,2025-07-30 11:34:49,22189.5,22141.0,6.0
2028,1042,3,MNQU5,2023,Short,6,2025-07-30 10:25:55,2025-07-30 11:34:43,22189.5,22141.0,6.0
2029,1034,1,MYMU5,,Short,10,2025-07-31 10:05:32,2025-07-31 10:32:28,45644.0,45703.0,10.0
2030,1038,1,MYMU5,2029,Short,10,2025-07-31 10:05:34,2025-07-31 10:31:42,45644.0,45703.0,10.0
2031,1039,1,MYMU5,2029,Short,10,2025-07-31 10:05:32,2025-07-31 10:31:58,45643.0,45703.0,10.0
2032,1041,1,MYMU5,2029,Short,10,2025-07-31 10:05:33,2025-07-31 10:32:30,45643.0,45704.0,10.0
2033,1042,1,MYMU5,2029,Short,10,2025-07-31 10:05:35,2025-07-31 10:32:10,45644.0,45703.0,10.0
2034,1034,4,MGCV5,,Short,5,2025-07-31 03:26:52,2025-07-31 03:52:17,2996.4,2989.48,5.0
2035,1038,4,MGCV5,2034,Short,5,2025-07-31 03:26:55,2025-07-31 03:52:02,2996.3,2989.6,5.0
2036,1039,4,MGCV5,2034,Short,5,2025-07-31 03:26:55,2025-07-31 03:52:17,2996.4,2989.5,5.0
2037,1040,4,MGCV5,2034,Short,5,2025-07-31 03:26:52,2025-07-31 03:52:50,2996.4,2989.5,5.0
2038,1041,4,MGCV5,2034,Short,5,2025-07-31 03:26:53,2025-07-31 03:52:14,2996.3,2989.5,5.0
2039,1034,2,M2KU5,,Short,10,2025-08-01 12:13:00,2025-08-01 12:19:14,2001.4,2006.4,10.0
2040,1038,2,M2KU5,2039,Short,10,2025-08-01 12:13:03,2025-08-01 12:19:56,2001.4,2006.4,10.0
2041,1039,2,M2KU5,2039,Short,10,2025-08-01 12:13:00,2025-08-01 12:19:07,2001.4,2006.4,10.0
2042,1040,2,M2KU5,2039,Short,10,2025-08-01 12:13:01,2025-08-01 12:19:50,2001.3,2006.4,10.0
2043,1041,2,M2KU5,2039,Short,10,2025-08-01 12:13:02,2025-08-01 12:20:00,2001.4,2006.4,10.0
2044,1042,2,M2KU5,2039,Short,10,2025-08-01 12:13:02,2025-08-01 12:19:16,2001.4,2006.4,10.0
2045,1034,3,MCLU5,,Short,10,2025-08-01 10:32:14,2025-08-01 10:59:23,42.81,43.03,10.0
2046,1038,3,MCLU5,2045,Short,10,2025-08-01 10:32:16,2025-08-01 10:59:25,42.8,43.04,10.0
2047,1040,3,MCLU5,2045,Short,10,2025-08-01 10:32:17,2025-08-01 10:59:35,42.8,43.03,10.0
2048,1041,3,MCLU5,2045,Short,10,2025-08-01 10:32:17,2025-08-01 10:59:46,42.81,43.03,10.0
2049,1034,4,MGCV5,,Short,5,2025-08-01 03:34:28,2025-08-01 04:51:45,3025.1,3031.2,5.0
2050,1038,4,MGCV5,2049,Short,5,2025-08-01 03:34:30,2025-08-01 04:51:48,3025.1,3031.2,5.0
2051,1039,4,MGCV5,2049,Short,5,2025-08-01 03:34:31,2025-08-01 04:51:52,3025.1,3031.2,5.0
2052,1040,4,MGCV5,2049,Short,5,2025-08-01 03:34:30,2025-08-01 04:52:26,3025.0,3031.2,5.0
2053,1041,4,MGCV5,2049,Short,5,2025-08-01 03:34:30,2025-08-01 04:51:57,3025.0,3031.2,5.0
2054,1042,4,MGCV5,2049,Short,5,2025-08-01 03:34:28,2025-08-01 04:52:11,3025.1,3031.2,5.0
2055,1038,5,MNQU5,,Long,6,2025-08-01 08:46:37,2025-08-01 08:52:39,22832.25,22859.5,6.0
2056,1039,5,MNQU5,2055,Long,6,2025-08-01 08:46:39,2025-08-01 08:53:30,22832.25,22859.5,6.0
2057,1040,5,MNQU5,2055,Long,6,2025-08-01 08:46:38,2025-08-01 08:53:01,22832.5,22859.5,6.0
2058,1042,5,MNQU5,2055,Long,6,2025-08-01 08:46:40,2025-08-01 08:52:50,22832.5,22859.25,6.0
2059,1034,3,MNQU5,,Long,6,2025-08-04 10:26:43,2025-08-04 11:38:59,22811.25,22781.25,6.0
2060,1038,3,MNQU5,2059,Long,6,2025-08-04 10:26:45,2025-08-04 11:39:41,22811.25,22781.25,6.0
2061,1039,3,MNQU5,2059,Long,6,2025-08-04 10:26:45,2025-08-04 11:39:38,22811.5,22781.25,6.0
2062,1040,3,MNQU5,2059,Long,6,2025-08-04 10:26:46,2025-08-04 11:38:57,22811.25,22781.25,6.0
2063,1041,3,MNQU5,2059,Long,6,2025-08-04 10:26:45,2025-08-04 11:39:32,22811.5,22781.25,6.0
2064,1042,3,MNQU5,2059,Long,6,2025-08-04 10:26:44,2025-08-04 11:38:44,22811.25,22781.25,6.0
2065,1038,3,MNQU5,,Short,6,2025-08-05 10:27:29,2025-08-05 10:41:34,22403.75,22371.0,6.0
2066,1039,3,MNQU5,2065,Short,6,2025-08-05 10:27:30,2025-08-05 10:41:45,22403.75,22371.0,6.0
2067,1040,3,MNQU5,2065,Short,6,2025-08-05 10:27:32,2025-08-05 10:42:14,22403.5,22371.0,6.0
2068,1041,3,MNQU5,2065,Short,6,2025-08-05 10:27:31,2025-08-05 10:42:24,22403.75,22371.0,6.0
2069,1042,3,MNQU5,2065,Short,6,2025-08-05 10:27:31,2025-08-05 10:41:40,22403.5,22371.25,6.0
2070,1034,3,MNQU5,,Short,6,2025-08-06 10:22:24,2025-08-06 11:14:03,22405.75,22347.5,6.0
2071,1038,3,MNQU5,2070,Short,6,2025-08-06 10:22:26,2025-08-06 11:13:44,22405.5,22347.75,6.0
2072,1039,3,MNQU5,2070,Short,6,2025-08-06 10:22:25,2025-08-06 11:13:46,22405.75,22347.5,6.0
2073,1040,3,MNQU5,2070,Short,6,2025-08-06 10:22:27,2025-08-06 11:13:48,22405.75,22347.5,6.0
2074,1041,3,MNQU5,2070,Short,6,2025-08-06 10:22:24,2025-08-06 11:14:21,22405.75,22347.5,6.0
2075,1042,3,MNQU5,2070,Short,6,2025-08-06 10:22:25,2025-08-06 11:13:41,22405.75,22347.5,6.0
2076,1034,4,MGCV5,,Short,5,2025-08-06 03:16:42,2025-08-06 04:14:03,3087.5,3092.3,5.0
2077,1038,4,MGCV5,2076,Short,5,2025-08-06 03:16:45,2025-08-06 04:13:55,3087.4,3092.4,5.0
2078,1039,4,MGCV5,2076,Short,5,2025-08-06 03:16:42,2025-08-06 04:14:13,3087.5,3092.3,5.0
2079,1040,4,MGCV5,2076,Short,5,2025-08-06 03:16:44,2025-08-06 04:14:16,3087.5,3092.3,5.0
2080,1041,4,MGCV5,2076,Short,5,2025-08-06 03:16:43,2025-08-06 04:14:23,3087.5,3092.3,5.0
2081,1042,4,MGCV5,2076,Short,5,2025-08-06 03:16:44,2025-08-06 04:14:29,3087.5,3092.3,5.0
2082,1034,1,MESU5,,Short,10,2025-08-07 10:05:19,2025-08-07 10:19:39,6603.5,6608.25,10.0
2083,1038,1,MESU5,2082,Short,10,2025-08-07 10:05:20,2025-08-07 10:19:21,6603.25,6608.25,10.0
2084,1039,1,MESU5,2082,Short,10,2025-08-07 10:05:20,2025-08-07 10:19:27,6603.5,6608.25,10.0
2085,1040,1,MESU5,2082,Short,10,2025-08-07 10:05:19,2025-08-07 10:20:16,6603.25,6608.25,10.0
2086,1042,1,MESU5,2082,Short,10,2025-08-07 10:05:20,2025-08-07 10:19:41,6603.5,6608.25,10.0
2087,1034,2,MESU5,,Short,10,2025-08-07 12:28:06,2025-08-07 12:47:23,6585.25,6579.25,10.0
2088,1038,2,MESU5,2087,Short,10,2025-08-07 12:28:07,2025-08-07 12:47:32,6585.25,6579.25,10.0
2089,1040,2,MESU5,2087,Short,10,2025-08-07 12:28:09,2025-08-07 12:47:51,6585.25,6579.25,10.0
2090,1041,2,MESU5,2087,Short,10,2025-08-07 12:28:08,2025-08-07 12:48:00,6585.25,6579.25,10.0
2091,1042,2,MESU5,2087,Short,10,2025-08-07 12:28:09,2025-08-07 12:47:58,6585.25,6579.25,10.0
2092,1034,4,MGCV5,,Short,5,2025-08-07 03:22:12,2025-08-07 04:51:29,3100.4,3092.6,5.0
2093,1038,4,MGCV5,2092,Short,5,2025-08-07 03:22:12,2025-08-07 04:51:15,3100.4,3092.58,5.0
2094,1039,4,MGCV5,2092,Short,5,2025-08-07 03:22:13,2025-08-07 04:51:56,3100.3,3092.6,5.0
2095,1040,4,MGCV5,2092,Short,5,2025-08-07 03:22:13,2025-08-07 04:51:26,3100.4,3092.58,5.0
2096,1041,4,MGCV5,2092,Short,5,2025-08-07 03:22:14,2025-08-07 04:52:05,3100.4,3092.6,5.0
2097,1042,4,MGCV5,2092,Short,5,2025-08-07 03:22:15,2025-08-07 04:51:44,3100.3,3092.6,5.0
2098,1034,2,M2KU5,,Long,10,2025-08-08 12:15:38,2025-08-08 12:41:28,1985.6,1980.2,10.0
2099,1038,2,M2KU5,2098,Long,10,2025-08-08 12:15:41,2025-08-08 12:41:00,1985.7,1980.1,10.0
2100,1039,2,M2KU5,2098,Long,10,2025-08-08 12:15:41,2025-08-08 12:41:21,1985.6,1980.2,10.0
2101,1040,2,M2KU5,2098,Long,10,2025-08-08 12:15:39,2025-08-08 12:40:56,1985.6,1980.2,10.0
2102,1041,2,M2KU5,2098,Long,10,2025-08-08 12:15:39,2025-08-08 12:40:58,1985.6,1980.2,10.0
2103,1042,2,M2KU5,2098,Long,10,2025-08-08 12:15:40,2025-08-08 12:41:01,1985.6,1980.2,10.0
2104,1034,2,MESU5,,Short,10,2025-08-11 12:27:34,2025-08-11 12:50:44,6675.0,6681.75,10.0
2105,1038,2,MESU5,2104,Short,10,2025-08-11 12:27:37,2025-08-11 12:50:45,6675.0,6681.75,10.0
2106,1039,2,MESU5,2104,Short,10,2025-08-11 12:27:36,2025-08-11 12:50:44,6675.0,6681.75,10.0
2107,1040,2,MESU5,2104,Short,10,2025-08-11 12:27:36,2025-08-11 12:51:00,6674.75,6682.0,10.0
2108,1041,2,MESU5,2104,Short,10,2025-08-11 12:27:35,2025-08-11 12:50:52,6675.0,6681.75,10.0
2109,1042,2,MESU5,2104,Short,10,2025-08-11 12:27:37,2025-08-11 12:51:19,6675.0,6681.75,10.0
2110,1034,3,MCLU5,,Short,10,2025-08-11 10:32:43,2025-08-11 11:35:42,42.08,42.39,10.0
2111,1038,3,MCLU5,2110,Short,10,2025-08-11 10:32:45,2025-08-11 11:35:15,42.08,42.39,10.0
2112,1039,3,MCLU5,2110,Short,10,2025-08-11 10:32:46,2025-08-11 11:35:32,42.08,42.39,10.0
2113,1040,3,MCLU5,2110,Short,10,2025-08-11 10:32:45,2025-08-11 11:34:45,42.08,42.39,10.0
2114,1041,3,MCLU5,2110,Short,10,2025-08-11 10:32:44,2025-08-11 11:35:18,42.08,42.39,10.0
2115,1042,3,MCLU5,2110,Short,10,2025-08-11 10:32:44,2025-08-11 11:35:35,42.08,42.39,10.0
2116,1034,2,MESU5,,Long,10,2025-08-12 12:27:36,2025-08-12 12:53:20,6732.25,6726.0,10.0
2117,1039,2,MESU5,2116,Long,10,2025-08-12 12:27:39,2025-08-12 12:52:56,6732.5,6726.0,10.0
2118,1040,2,MESU5,2116,Long,10,2025-08-12 12:27:39,2025-08-12 12:52:49,6732.25,6726.0,10.0
2119,1041,2,MESU5,2116,Long,10,2025-08-12 12:27:38,2025-08-12 12:52:43,6732.25,6726.0,10.0
2120,1042,2,MESU5,2116,Long,10,2025-08-12 12:27:38,2025-08-12 12:52:56,6732.5,6726.0,10.0
2121,1034,5,MESU5,,Short,10,2025-08-12 08:48:00,2025-08-12 09:04:49,6698.25,6704.25,10.0
2122,1038,5,MESU5,2121,Short,10,2025-08-12 08:48:03,2025-08-12 09:04:15,6698.0,6704.5,10.0
2123,1039,5,MESU5,2121,Short,10,2025-08-12 08:48:01,2025-08-12 09:04:24,6698.0,6704.5,10.0
2124,1040,5,MESU5,2121,Short,10,2025-08-12 08:48:02,2025-08-12 09:04:15,6698.25,6704.25,10.0
2125,1041,5,MESU5,2121,Short,10,2025-08-12 08:48:00,2025-08-12 09:04:11,6698.25,6704.25,10.0
2126,1042,5,MESU5,2121,Short,10,2025-08-12 08:48:02,2025-08-12 09:04:47,6698.0,6704.25,10.0
2127,1038,3,MNQU5,,Short,6,2025-08-14 10:30:58,2025-08-14 12:00:10,22990.75,23017.75,6.0
2128,1039,3,MNQU5,2127,Short,6,2025-08-14 10:30:59,2025-08-14 12:00:57,22990.5,23017.75,6.0
2129,1040,3,MNQU5,2127,Short,6,2025-08-14 10:31:01,2025-08-14 12:00:37,22990.5,23018.0,6.0
2130,1041,3,MNQU5,2127,Short,6,2025-08-14 10:30:59,2025-08-14 12:00:28,22990.75,23017.75,6.0
2131,1042,3,MNQU5,2127,Short,6,2025-08-14 10:30:59,2025-08-14 12:00:57,22990.75,23017.75,6.0
2132,1038,4,MGCV5,,Long,5,2025-08-14 03:27:45,2025-08-14 04:32:07,3067.6,3062.5,5.0
2133,1039,4,MGCV5,2132,Long,5,2025-08-14 03:27:45,2025-08-14 04:32:23,3067.6,3062.5,5.0
2134,1040,4,MGCV5,2132,Long,5,2025-08-14 03:27:45,2025-08-14 04:32:21,3067.7,3062.4,5.0
2135,1041,4,MGCV5,2132,Long,5,2025-08-14 03:27:46,2025-08-14 04:32:26,3067.7,3062.4,5.0
2136,1042,4,MGCV5,2132,Long,5,2025-08-14 03:27:45,2025-08-14 04:32:04,3067.7,3062.5,5.0
2137,1038,1,MNQU5,,Long,6,2025-08-15 10:04:51,2025-08-15 10:41:35,23031.5,23084.5,6.0
2138,1039,1,MNQU5,2137,Long,6,2025-08-15 10:04:52,2025-08-15 10:40:54,23031.5,23084.5,6.0
2139,1042,1,MNQU5,2137,Long,6,2025-08-15 10:04:53,2025-08-15 10:41:06,23031.5,23084.5,6.0
2140,1043,1,MNQU5,2137,Long,6,2025-08-15 10:04:52,2025-08-15 10:41:17,23031.5,23084.5,6.0
2141,1038,2,MESU5,,Long,10,2025-08-15 12:12:41,2025-08-15 12:37:54,6755.5,6761.5,10.0
2142,1039,2,MESU5,2141,Long,10,2025-08-15 12:12:41,2025-08-15 12:37:51,6755.5,6761.5,10.0
2143,1042,2,MESU5,2141,Long,10,2025-08-15 12:12:44,2025-08-15 12:37:45,6755.5,6761.5,10.0
2144,1043,2,MESU5,2141,Long,10,2025-08-15 12:12:43,2025-08-15 12:38:16,6755.75,6761.5,10.0
2145,1038,3,MCLV5,,Short,10,2025-08-15 10:40:28,2025-08-15 12:06:47,42.7,42.11,10.0
2146,1039,3,MCLV5,2145,Short,10,2025-08-15 10:40:30,2025-08-15 12:06:42,42.7,42.11,10.0
2147,1043,3,MCLV5,2145,Short,10,2025-08-15 10:40:29,2025-08-15 12:06:55,42.7,42.11,10.0
2148,1038,1,MESU5,,Long,10,2025-08-18 09:55:42,2025-08-18 10:53:57,6832.25,6843.25,10.0
2149,1039,1,MESU5,2148,Long,10,2025-08-18 09:55:43,2025-08-18 10:53:51,6832.25,6843.25,10.0
2150,1042,1,MESU5,2148,Long,10,2025-08-18 09:55:44,2025-08-18 10:54:13,6832.5,6843.25,10.0
2151,1043,1,MESU5,2148,Long,10,2025-08-18 09:55:43,2025-08-18 10:54:17,6832.25,6843.25,10.0
2152,1044,1,MESU5,2148,Long,10,2025-08-18 09:55:42,2025-08-18 10:54:00,6832.5,6843.25,10.0
2153,1038,2,MESU5,,Long,10,2025-08-18 12:14:52,2025-08-18 12:21:09,6817.5,6811.0,10.0
2154,1039,2,MESU5,2153,Long,10,2025-08-18 12:14:53,2025-08-18 12:21:18,6817.5,6811.0,10.0
2155,1042,2,MESU5,2153,Long,10,2025-08-18 12:14:52,2025-08-18 12:21:09,6817.5,6811.0,10.0
2156,1044,2,MESU5,2153,Long,10,2025-08-18 12:14:52,2025-08-18 12:20:53,6817.5,6811.0,10.0
2157,1038,1,MESU5,,Short,10,2025-08-19 09:46:53,2025-08-19 10:18:43,6813.0,6818.25,10.0
2158,1039,1,MESU5,2157,Short,10,2025-08-19 09:46:55,2025-08-19 10:18:18,6813.0,6818.25,10.0
2159,1042,1,MESU5,2157,Short,10,2025-08-19 09:46:55,2025-08-19 10:18:29,6813.0,6818.25,10.0
2160,1045,1,MESU5,2157,Short,10,2025-08-19 09:46:55,2025-08-19 10:18:00,6812.75,6818.5,10.0
2161,1039,2,M2KU5,,Short,10,2025-08-19 12:18:21,2025-08-19 12:39:26,1892.4,1887.0,10.0
2162,1042,2,M2KU5,2161,Short,10,2025-08-19 12:18:24,2025-08-19 12:39:56,1892.3,1887.0,10.0
2163,1043,2,M2KU5,2161,Short,10,2025-08-19 12:18:23,2025-08-19 12:39:41,1892.4,1887.0,10.0
2164,1044,2,M2KU5,2161,Short,10,2025-08-19 12:18:23,2025-08-19 12:40:11,1892.4,1887.0,10.0
2165,1045,2,M2KU5,2161,Short,10,2025-08-19 12:18:23,2025-08-19 12:40:22,1892.4,1887.0,10.0
2166,1038,4,MGCV5,,Short,5,2025-08-19 03:20:56,2025-08-19 04:05:26,3144.8,3149.9,5.0
2167,1039,4,MGCV5,2166,Short,5,2025-08-19 03:20:57,2025-08-19 04:05:20,3144.8,3149.9,5.0
2168,1042,4,MGCV5,2166,Short,5,2025-08-19 03:20:57,2025-08-19 04:05:32,3144.7,3150.0,5.0
2169,1043,4,MGCV5,2166,Short,5,2025-08-19 03:20:58,2025-08-19 04:05:07,3144.7,3149.9,5.0
2170,1044,4,MGCV5,2166,Short,5,2025-08-19 03:20:56,2025-08-19 04:05:06,3144.8,3149.9,5.0
2171,1045,4,MGCV5,2166,Short,5,2025-08-19 03:20:56,2025-08-19 04:05:22,3144.7,3149.9,5.0
2172,1038,1,MNQU5,,Short,6,2025-08-20 09:55:12,2025-08-20 10:27:47,23238.75,23206.75,6.0
2173,1039,1,MNQU5,2172,Short,6,2025-08-20 09:55:14,2025-08-20 10:28:13,23238.5,23207.0,6.0
2174,1044,1,MNQU5,2172,Short,6,2025-08-20 09:55:14,2025-08-20 10:28:02,23238.75,23206.75,6.0
2175,1045,1,MNQU5,2172,Short,6,2025-08-20 09:55:15,2025-08-20 10:28:02,23238.75,23206.75,6.0
2176,1038,2,M2KU5,,Short,10,2025-08-20 12:29:51,2025-08-20 12:38:21,1899.2,1906.4,10.0
2177,1039,2,M2KU5,2176,Short,10,2025-08-20 12:29:53,2025-08-20 12:38:14,1899.2,1906.4,10.0
2178,1042,2,M2KU5,2176,Short,10,2025-08-20 12:29:54,2025-08-20 12:38:15,1899.2,1906.4,10.0
2179,1043,2,M2KU5,2176,Short,10,2025-08-20 12:29:51,2025-08-20 12:38:49,1899.1,1906.5,10.0
2180,1044,2,M2KU5,2176,Short,10,2025-08-20 12:29:52,2025-08-20 12:38:39,1899.1,1906.5,10.0
2181,1045,2,M2KU5,2176,Short,10,2025-08-20 12:29:52,2025-08-20 12:38:30,1899.1,1906.5,10.0
2182,1038,1,MNQU5,,Long,6,2025-08-21 09:54:46,2025-08-21 10:44:40,23373.75,23350.25,6.0
2183,1039,1,MNQU5,2182,Long,6,2025-08-21 09:54:46,2025-08-21 10:43:53,23374.0,23350.0,6.0
2184,1042,1,MNQU5,2182,Long,6,2025-08-21 09:54:47,2025-08-21 10:44:12,23374.0,23350.25,6.0
2185,1043,1,MNQU5,2182,Long,6,2025-08-21 09:54:47,2025-08-21 10:44:12,23373.75,23350.25,6.0
2186,1044,1,MNQU5,2182,Long,6,2025-08-21 09:54:47,2025-08-21 10:44:03,23374.0,23350.25,6.0
2187,1045,1,MNQU5,2182,Long,6,2025-08-21 09:54:47,2025-08-21 10:44:08,23373.75,23350.25,6.0
2188,1038,3,MNQU5,,Long,6,2025-08-21 10:33:32,2025-08-21 11:22:49,23184.5,23165.75,6.0
2189,1039,3,MNQU5,2188,Long,6,2025-08-21 10:33:35,2025-08-21 11:23:33,23184.75,23165.5,6.0
2190,1042,3,MNQU5,2188,Long,6,2025-08-21 10:33:35,2025-08-21 11:23:19,23184.75,23165.5,6.0
2191,1044,3,MNQU5,2188,Long,6,2025-08-21 10:33:33,2025-08-21 11:23:12,23184.75,23165.5,6.0
2192,1045,3,MNQU5,2188,Long,6,2025-08-21 10:33:34,2025-08-21 11:22:45,23184.5,23165.75,6.0
2193,1038,1,MESU5,,Short,10,2025-08-22 09:51:50,2025-08-22 10:47:17,6810.5,6817.25,10.0
2194,1039,1,MESU5,2193,Short,10,2025-08-22 09:51:53,2025-08-22 10:47:16,6810.5,6817.25,10.0
2195,1042,1,MESU5,2193,Short,10,2025-08-22 09:51:53,2025-08-22 10:47:09,6810.25,6817.5,10.0
2196,1043,1,MESU5,2193,Short,10,2025-08-22 09:51:51,2025-08-22 10:47:22,6810.5,6817.25,10.0
2197,1044,1,MESU5,2193,Short,10,2025-08-22 09:51:51,2025-08-22 10:46:53,6810.5,6817.25,10.0
2198,1045,1,MESU5,2193,Short,10,2025-08-22 09:51:53,2025-08-22 10:47:48,6810.5,6817.25,10.0
2199,1038,2,MESU5,,Short,10,2025-08-22 12:10:28,2025-08-22 12:33:38,6815.25,6809.25,10.0
2200,1039,2,MESU5,2199,Short,10,2025-08-22 12:10:30,2025-08-22 12:33:40,6815.25,6809.25,10.0
2201,1042,2,MESU5,2199,Short,10,2025-08-22 12:10:30,2025-08-22 12:34:20,6815.0,6809.5,10.0
2202,1043,2,MESU5,2199,Short,10,2025-08-22 12:10:31,2025-08-22 12:33:41,6815.25,6809.25,10.0
2203,1044,2,MESU5,2199,Short,10,2025-08-22 12:10:30,2025-08-22 12:33:51,6815.25,6809.25,10.0
2204,1045,2,MESU5,2199,Short,10,2025-08-22 12:10:28,2025-08-22 12:33:57,6815.0,6809.5,10.0
2205,1038,4,MGCV5,,Short,5,2025-08-22 03:34:07,2025-08-22 04:48:53,3194.3,3199.7,5.0
2206,1039,4,MGCV5,2205,Short,5,2025-08-22 03:34:09,2025-08-22 04:48:12,3194.3,3199.7,5.0
2207,1042,4,MGCV5,2205,Short,5,2025-08-22 03:34:08,2025-08-22 04:48:22,3194.2,3199.7,5.0
2208,1043,4,MGCV5,2205,Short,5,2025-08-22 03:34:10,2025-08-22 04:48:28,3194.3,3199.7,5.0
2209,1044,4,MGCV5,2205,Short,5,2025-08-22 03:34:09,2025-08-22 04:48:52,3194.2,3199.8,5.0
2210,1045,4,MGCV5,2205,Short,5,2025-08-22 03:34:10,2025-08-22 04:48:12,3194.2,3199.7,5.0
2211,1038,1,MESU5,,Short,10,2025-08-25 09:50:09,2025-08-25 10:59:53,6781.0,6786.5,10.0
2212,1039,1,MESU5,2211,Short,10,2025-08-25 09:50:09,2025-08-25 10:59:11,6781.0,6786.5,10.0
2213,1042,1,MESU5,2211,Short,10,2025-08-25 09:50:09,2025-08-25 10:59:31,6781.0,6786.5,10.0
2214,1044,1,MESU5,2211,Short,10,2025-08-25 09:50:12,2025-08-25 11:00:10,6781.0,6786.5,10.0
2215,1045,1,MESU5,2211,Short,10,2025-08-25 09:50:09,2025-08-25 10:59:35,6780.75,6786.5,10.0
2216,1038,4,MCLV5,,Long,10,2025-08-25 03:31:32,2025-08-25 04:41:47,39.01,38.69,10.0
2217,1039,4,MCLV5,2216,Long,10,2025-08-25 03:31:33,2025-08-25 04:42:06,39.02,38.68,10.0
2218,1042,4,MCLV5,2216,Long,10,2025-08-25 03:31:35,2025-08-25 04:41:37,39.01,38.69,10.0
2219,1043,4,MCLV5,2216,Long,10,2025-08-25 03:31:33,2025-08-25 04:41:51,39.02,38.68,10.0
2220,1044,4,MCLV5,2216,Long,10,2025-08-25 03:31:35,2025-08-25 04:41:52,39.01,38.69,10.0
2221,1045,4,MCLV5,2216,Long,10,2025-08-25 03:31:33,2025-08-25 04:41:53,39.01,38.69,10.0
2222,1039,1,MNQU5,,Short,6,2025-08-26 09:53:57,2025-08-26 10:07:51,23528.75,23547.75,6.0
2223,1043,1,MNQU5,2222,Short,6,2025-08-26 09:53:58,2025-08-26 10:07:04,23528.5,23548.0,6.0
2224,1044,1,MNQU5,2222,Short,6,2025-08-26 09:53:57,2025-08-26 10:07:03,23528.5,23547.75,6.0
2225,1045,1,MNQU5,2222,Short,6,2025-08-26 09:53:59,2025-08-26 10:07:17,23528.5,23547.75,6.0
2226,1039,2,MESU5,,Short,10,2025-08-26 12:25:03,2025-08-26 12:48:39,6811.5,6817.5,10.0
2227,1042,2,MESU5,2226,Short,10,2025-08-26 12:25:05,2025-08-26 12:48:11,6811.5,6817.5,10.0
2228,1043,2,MESU5,2226,Short,10,2025-08-26 12:25:03,2025-08-26 12:48:44,6811.25,6817.5,10.0
2229,1044,2,MESU5,2226,Short,10,2025-08-26 12:25:06,2025-08-26 12:48:36,6811.5,6817.5,10.0
2230,1045,2,MESU5,2226,Short,10,2025-08-26 12:25:03,2025-08-26 12:48:52,6811.25,6817.5,10.0
2231,1039,4,MCLV5,,Long,10,2025-08-26 03:28:52,2025-08-26 04:21:33,40.04,39.73,10.0
2232,1042,4,MCLV5,2231,Long,10,2025-08-26 03:28:53,2025-08-26 04:21:50,40.05,39.73,10.0
2233,1043,4,MCLV5,2231,Long,10,2025-08-26 03:28:52,2025-08-26 04:21:29,40.05,39.73,10.0
2234,1039,3,MCLV5,,Long,10,2025-08-27 10:25:38,2025-08-27 10:35:04,39.93,40.59,10.0
2235,1042,3,MCLV5,2234,Long,10,2025-08-27 10:25:39,2025-08-27 10:34:49,39.94,40.59,10.0
2236,1046,3,MCLV5,2234,Long,10,2025-08-27 10:25:40,2025-08-27 10:35:07,39.94,40.58,10.0
2237,1039,4,MGCV5,,Short,5,2025-08-27 03:15:43,2025-08-27 04:38:09,3188.8,3180.5,5.0
2238,1042,4,MGCV5,2237,Short,5,2025-08-27 03:15:43,2025-08-27 04:38:28,3188.8,3180.5,5.0
2239,1046,4,MGCV5,2237,Short,5,2025-08-27 03:15:45,2025-08-27 04:38:07,3188.8,3180.5,5.0
2240,1039,4,MGCV5,,Short,5,2025-08-28 03:31:42,2025-08-28 04:08:32,3194.5,3185.8,5.0
2241,1042,4,MGCV5,2240,Short,5,2025-08-28 03:31:44,2025-08-28 04:08:41,3194.5,3185.82,5.0
2242,1046,4,MGCV5,2240,Short,5,2025-08-28 03:31:42,2025-08-28 04:07:49,3194.5,3185.82,5.0
2243,1047,4,MGCV5,2240,Short,5,2025-08-28 03:31:44,2025-08-28 04:07:51,3194.4,3185.78,5.0
2244,1039,1,MNQU5,,Long,6,2025-08-29 09:53:38,2025-08-29 10:03:16,23671.75,23711.5,6.0
2245,1042,1,MNQU5,2244,Long,6,2025-08-29 09:53:39,2025-08-29 10:03:13,23672.0,23711.25,6.0
2246,1046,1,MNQU5,2244,Long,6,2025-08-29 09:53:41,2025-08-29 10:03:30,23671.75,23711.5,6.0
2247,1047,1,MNQU5,2244,Long,6,2025-08-29 09:53:41,2025-08-29 10:03:17,23672.0,23711.25,6.0
2248,1039,2,M2KU5,,Long,10,2025-08-29 12:19:14,2025-08-29 12:41:11,1877.4,1871.3,10.0
2249,1042,2,M2KU5,2248,Long,10,2025-08-29 12:19:15,2025-08-29 12:40:21,1877.4,1871.3,10.0
2250,1046,2,M2KU5,2248,Long,10,2025-08-29 12:19:16,2025-08-29 12:40:49,1877.4,1871.3,10.0
2251,1047,2,M2KU5,2248,Long,10,2025-08-29 12:19:16,2025-08-29 12:41:12,1877.5,1871.2,10.0
2252,1042,3,MCLV5,,Long,10,2025-08-29 10:29:15,2025-08-29 11:40:36,39.02,38.7,10.0
2253,1046,3,MCLV5,2252,Long,10,2025-08-29 10:29:16,2025-08-29 11:40:32,39.03,38.69,10.0
2254,1047,3,MCLV5,2252,Long,10,2025-08-29 10:29:15,2025-08-29 11:40:19,39.02,38.7,10.0
2255,1042,2,M2KU5,,Long,10,2025-09-01 12:24:37,2025-09-01 12:35:50,1874.5,1868.2,10.0
2256,1046,2,M2KU5,2255,Long,10,2025-09-01 12:24:38,2025-09-01 12:35:39,1874.6,1868.1,10.0
2257,1047,2,M2KU5,2255,Long,10,2025-09-01 12:24:38,2025-09-01 12:35:44,1874.6,1868.1,10.0
2258,1048,2,M2KU5,2255,Long,10,2025-09-01 12:24:40,2025-09-01 12:35:58,1874.5,1868.2,10.0
2259,1039,3,MGCV5,,Short,5,2025-09-01 10:37:20,2025-09-01 12:08:58,3139.6,3145.1,5.0
2260,1042,3,MGCV5,2259,Short,5,2025-09-01 10:37:23,2025-09-01 12:08:55,3139.6,3145.1,5.0
2261,1046,3,MGCV5,2259,Short,5,2025-09-01 10:37:22,2025-09-01 12:09:11,3139.6,3145.1,5.0
2262,1047,3,MGCV5,2259,Short,5,2025-09-01 10:37:23,2025-09-01 12:09:07,3139.6,3145.1,5.0
2263,1048,3,MGCV5,2259,Short,5,2025-09-01 10:37:23,2025-09-01 12:09:17,3139.6,3145.1,5.0
2264,1039,4,MGCV5,,Long,5,2025-09-01 03:25:04,2025-09-01 04:49:33,3166.2,3173.48,5.0
2265,1042,4,MGCV5,2264,Long,5,2025-09-01 03:25:07,2025-09-01 04:49:38,3166.3,3173.48,5.0
2266,1046,4,MGCV5,2264,Long,5,2025-09-01 03:25:04,2025-09-01 04:49:48,3166.2,3173.48,5.0
2267,1047,4,MGCV5,2264,Long,5,2025-09-01 03:25:05,2025-09-01 04:49:46,3166.3,3173.42,5.0
2268,1048,4,MGCV5,2264,Long,5,2025-09-01 03:25:07,2025-09-01 04:49:13,3166.2,3173.5,5.0
2269,1039,2,M2KU5,,Short,10,2025-09-02 12:21:51,2025-09-02 12:47:47,1891.5,1887.0,10.0
2270,1046,2,M2KU5,2269,Short,10,2025-09-02 12:21:51,2025-09-02 12:47:34,1891.4,1887.0,10.0
2271,1047,2,M2KU5,2269,Short,10,2025-09-02 12:21:52,2025-09-02 12:46:54,1891.5,1887.0,10.0
2272,1048,2,M2KU5,2269,Short,10,2025-09-02 12:21:53,2025-09-02 12:47:41,1891.5,1887.0,10.0
2273,1039,3,MCLV5,,Short,10,2025-09-02 10:31:46,2025-09-02 11:05:39,40.25,40.62,10.0
2274,1042,3,MCLV5,2273,Short,10,2025-09-02 10:31:48,2025-09-02 11:04:48,40.25,40.62,10.0
2275,1046,3,MCLV5,2273,Short,10,2025-09-02 10:31:48,2025-09-02 11:05:28,40.24,40.62,10.0
2276,1047,3,MCLV5,2273,Short,10,2025-09-02 10:31:47,2025-09-02 11:05:16,40.24,40.63,10.0
2277,1048,3,MCLV5,2273,Short,10,2025-09-02 10:31:47,2025-09-02 11:05:41,40.25,40.62,10.0
2278,1039,1,MYMU5,,Short,10,2025-09-03 09:53:50,2025-09-03 11:03:21,41007.0,41060.0,10.0
2279,1042,1,MYMU5,2278,Short,10,2025-09-03 09:53:52,2025-09-03 11:03:26,41006.0,41060.0,10.0
2280,1046,1,MYMU5,2278,Short,10,2025-09-03 09:53:52,2025-09-03 11:03:18,41007.0,41060.0,10.0
2281,1047,1,MYMU5,2278,Short,10,2025-09-03 09:53:53,2025-09-03 11:03:21,41007.0,41060.0,10.0
2282,1048,1,MYMU5,2278,Short,10,2025-09-03 09:53:53,2025-09-03 11:03:06,41007.0,41060.0,10.0
2283,1039,3,MCLV5,,Short,10,2025-09-03 10:21:55,2025-09-03 11:17:32,40.6,40.86,10.0
2284,1042,3,MCLV5,2283,Short,10,2025-09-03 10:21:56,2025-09-03 11:17:11,40.6,40.86,10.0
2285,1046,3,MCLV5,2283,Short,10,2025-09-03 10:21:55,2025-09-03 11:17:51,40.59,40.87,10.0
2286,1047,3,MCLV5,2283,Short,10,2025-09-03 10:21:56,2025-09-03 11:17:09,40.6,40.86,10.0
2287,1048,3,MCLV5,2283,Short,10,2025-09-03 10:21:56,2025-09-03 11:17:30,40.6,40.86,10.0
2288,1039,4,MCLV5,,Short,10,2025-09-03 03:27:02,2025-09-03 04:45:45,40.06,39.68,10.0
2289,1042,4,MCLV5,2288,Short,10,2025-09-03 03:27:02,2025-09-03 04:45:18,40.05,39.68,10.0
2290,1046,4,MCLV5,2288,Short,10,2025-09-03 03:27:04,2025-09-03 04:45:20,40.06,39.68,10.0
2291,1047,4,MCLV5,2288,Short,10,2025-09-03 03:27:03,2025-09-03 04:45:14,40.05,39.68,10.0
2292,1048,4,MCLV5,2288,Short,10,2025-09-03 03:27:03,2025-09-03 04:45:14,40.06,39.68,10.0
2293,1039,2,MESU5,,Long,10,2025-09-04 12:11:12,2025-09-04 12:35:41,6650.75,6645.75,10.0
2294,1042,2,MESU5,2293,Long,10,2025-09-04 12:11:12,2025-09-04 12:35:17,6650.75,6645.75,10.0
2295,1046,2,MESU5,2293,Long,10,2025-09-04 12:11:12,2025-09-04 12:35:59,6650.75,6645.75,10.0
2296,1047,2,MESU5,2293,Long,10,2025-09-04 12:11:14,2025-09-04 12:35:40,6650.75,6645.75,10.0
2297,1048,2,MESU5,2293,Long,10,2025-09-04 12:11:13,2025-09-04 12:35:50,6651.0,6645.5,10.0
2298,1039,3,MNQU5,,Short,6,2025-09-04 10:28:50,2025-09-04 11:07:48,23688.75,23714.25,6.0
2299,1042,3,MNQU5,2298,Short,6,2025-09-04 10:28:51,2025-09-04 11:07:12,23688.75,23714.25,6.0
2300,1046,3,MNQU5,2298,Short,6,2025-09-04 10:28:50,2025-09-04 11:07:19,23688.75,23714.25,6.0
2301,1047,3,MNQU5,2298,Short,6,2025-09-04 10:28:51,2025-09-04 11:07:36,23688.75,23714.25,6.0
2302,1048,3,MNQU5,2298,Short,6,2025-09-04 10:28:51,2025-09-04 11:06:52,23688.5,23714.5,6.0
2303,1039,4,MCLV5,,Short,10,2025-09-04 03:20:36,2025-09-04 04:26:35,40.18,39.69,10.0
2304,1042,4,MCLV5,2303,Short,10,2025-09-04 03:20:37,2025-09-04 04:25:54,40.18,39.69,10.0
2305,1046,4,MCLV5,2303,Short,10,2025-09-04 03:20:37,2025-09-04 04:25:49,40.17,39.7,10.0
2306,1047,4,MCLV5,2303,Short,10,2025-09-04 03:20:39,2025-09-04 04:26:32,40.18,39.69,10.0
2307,1048,4,MCLV5,2303,Short,10,2025-09-04 03:20:38,2025-09-04 04:25:41,40.17,39.69,10.0
2308,1039,1,MNQU5,,Long,6,2025-09-05 10:05:13,2025-09-05 10:15:14,23637.25,23613.0,6.0
2309,1046,1,MNQU5,2308,Long,6,2025-09-05 10:05:14,2025-09-05 10:16:06,23637.25,23613.0,6.0
2310,1047,1,MNQU5,2308,Long,6,2025-09-05 10:05:14,2025-09-05 10:15:27,23637.5,23612.75,6.0
2311,1049,1,MNQU5,2308,Long,6,2025-09-05 10:05:16,2025-09-05 10:15:39,23637.25,23613.0,6.0
2312,1039,2,M2KU5,,Short,10,2025-09-05 12:29:43,2025-09-05 12:43:16,1956.2,1950.2,10.0
2313,1042,2,M2KU5,2312,Short,10,2025-09-05 12:29:46,2025-09-05 12:43:31,1956.2,1950.2,10.0
2314,1047,2,M2KU5,2312,Short,10,2025-09-05 12:29:43,2025-09-05 12:42:56,1956.1,1950.3,10.0
2315,1048,2,M2KU5,2312,Short,10,2025-09-05 12:29:43,2025-09-05 12:43:35,1956.1,1950.3,10.0
2316,1049,2,M2KU5,2312,Short,10,2025-09-05 12:29:43,2025-09-05 12:42:48,1956.2,1950.2,10.0
2317,1039,3,MNQU5,,Short,6,2025-09-05 10:23:19,2025-09-05 10:48:45,23523.75,23545.25,6.0
2318,1042,3,MNQU5,2317,Short,6,2025-09-05 10:23:22,2025-09-05 10:49:16,23523.5,23545.25,6.0
2319,1046,3,MNQU5,2317,Short,6,2025-09-05 10:23:19,2025-09-05 10:48:22,23523.75,23545.25,6.0
2320,1047,3,MNQU5,2317,Short,6,2025-09-05 10:23:19,2025-09-05 10:48:24,23523.75,23545.25,6.0
2321,1048,3,MNQU5,2317,Short,6,2025-09-05 10:23:22,2025-09-05 10:49:16,23523.5,23545.25,6.0
2322,1049,3,MNQU5,2317,Short,6,2025-09-05 10:23:20,2025-09-05 10:48:24,23523.75,23545.25,6.0
2323,1039,4,MCLV5,,Long,10,2025-09-05 03:16:30,2025-09-05 03:37:52,39.39,39.81,10.0
2324,1042,4,MCLV5,2323,Long,10,2025-09-05 03:16:31,2025-09-05 03:37:53,39.39,39.81,10.0
2325,1046,4,MCLV5,2323,Long,10,2025-09-05 03:16:33,2025-09-05 03:38:14,39.39,39.81,10.0
2326,1047,4,MCLV5,2323,Long,10,2025-09-05 03:16:30,2025-09-05 03:38:00,39.4,39.8,10.0
2327,1048,4,MCLV5,2323,Long,10,2025-09-05 03:16:32,2025-09-05 03:38:14,39.39,39.81,10.0
2328,1049,4,MCLV5,2323,Long,10,2025-09-05 03:16:32,2025-09-05 03:37:55,39.4,39.81,10.0
2329,1039,5,MNQU5,,Short,6,2025-09-05 08:35:37,2025-09-05 08:57:23,23489.25,23470.5,6.0
2330,1042,5,MNQU5,2329,Short,6,2025-09-05 08:35:37,2025-09-05 08:57:16,23489.25,23470.5,6.0
2331,1046,5,MNQU5,2329,Short,6,2025-09-05 08:35:37,2025-09-05 08:56:45,23489.0,23470.75,6.0
2332,1047,5,MNQU5,2329,Short,6,2025-09-05 08:35:39,2025-09-05 08:56:59,23489.25,23470.5,6.0
2333,1048,5,MNQU5,2329,Short,6,2025-09-05 08:35:39,2025-09-05 08:57:13,23489.25,23470.5,6.0
2334,1049,5,MNQU5,2329,Short,6,2025-09-05 08:35:37,2025-09-05 08:56:48,23489.0,23470.75,6.0
2335,1039,2,M2KU5,,Long,10,2025-09-08 12:30:12,2025-09-08 12:50:14,1941.2,1946.2,10.0
2336,1042,2,M2KU5,2335,Long,10,2025-09-08 12:30:15,2025-09-08 12:50:33,1941.2,1946.2,10.0
2337,1047,2,M2KU5,2335,Long,10,2025-09-08 12:30:13,2025-09-08 12:51:04,1941.3,1946.2,10.0
2338,1048,2,M2KU5,2335,Long,10,2025-09-08 12:30:12,2025-09-08 12:50:48,1941.2,1946.2,10.0
2339,1049,2,M2KU5,2335,Long,10,2025-09-08 12:30:14,2025-09-08 12:51:04,1941.2,1946.2,10.0
2340,1039,3,MCLV5,,Short,10,2025-09-08 10:28:26,2025-09-08 11:01:09,38.94,39.21,10.0
2341,1042,3,MCLV5,2340,Short,10,2025-09-08 10:28:29,2025-09-08 11:01:13,38.93,39.21,10.0
2342,1046,3,MCLV5,2340,Short,10,2025-09-08 10:28:28,2025-09-08 11:00:35,38.93,39.22,10.0
2343,1047,3,MCLV5,2340,Short,10,2025-09-08 10:28:26,2025-09-08 11:00:47,38.93,39.22,10.0
2344,1048,3,MCLV5,2340,Short,10,2025-09-08 10:28:27,2025-09-08 11:01:00,38.94,39.21,10.0
2345,1049,3,MCLV5,2340,Short,10,2025-09-08 10:28:29,2025-09-08 11:01:14,38.94,39.21,10.0
2346,1039,2,MESU5,,Long,10,2025-09-09 12:30:14,2025-09-09 12:40:48,6686.0,6680.25,10.0
2347,1042,2,MESU5,2346,Long,10,2025-09-09 12:30:16,2025-09-09 12:41:15,6686.0,6680.25,10.0
2348,1046,2,MESU5,2346,Long,10,2025-09-09 12:30:15,2025-09-09 12:40:34,6686.25,6680.0,10.0
2349,1047,2,MESU5,2346,Long,10,2025-09-09 12:30:16,2025-09-09 12:40:17,6686.25,6680.25,10.0
2350,1048,2,MESU5,2346,Long,10,2025-09-09 12:30:16,2025-09-09 12:40:42,6686.0,6680.25,10.0
2351,1049,2,MESU5,2346,Long,10,2025-09-09 12:30:15,2025-09-09 12:40:36,6686.0,6680.25,10.0
2352,1039,3,MCLV5,,Long,10,2025-09-09 10:29:25,2025-09-09 11:01:43,39.87,39.6,10.0
2353,1042,3,MCLV5,2352,Long,10,2025-09-09 10:29:26,2025-09-09 11:02:14,39.88,39.59,10.0
2354,1046,3,MCLV5,2352,Long,10,2025-09-09 10:29:25,2025-09-09 11:02:12,39.87,39.6,10.0
2355,1047,3,MCLV5,2352,Long,10,2025-09-09 10:29:27,2025-09-09 11:01:57,39.87,39.6,10.0
2356,1048,3,MCLV5,2352,Long,10,2025-09-09 10:29:28,2025-09-09 11:01:50,39.88,39.59,10.0
2357,1049,3,MCLV5,2352,Long,10,2025-09-09 10:29:26,2025-09-09 11:01:59,39.87,39.6,10.0
2358,1039,4,MGCV5,,Long,5,2025-09-09 03:21:18,2025-09-09 04:56:33,3210.1,3204.9,5.0
2359,1042,4,MGCV5,2358,Long,5,2025-09-09 03:21:19,2025-09-09 04:56:34,3210.1,3204.9,5.0
2360,1046,4,MGCV5,2358,Long,5,2025-09-09 03:21:20,2025-09-09 04:56:21,3210.2,3204.9,5.0
2361,1047,4,MGCV5,2358,Long,5,2025-09-09 03:21:21,2025-09-09 04:56:52,3210.1,3204.9,5.0
2362,1048,4,MGCV5,2358,Long,5,2025-09-09 03:21:18,2025-09-09 04:56:26,3210.1,3204.9,5.0
2363,1049,4,MGCV5,2358,Long,5,2025-09-09 03:21:20,2025-09-09 04:56:32,3210.2,3204.8,5.0
2364,1039,2,M2KU5,,Short,10,2025-09-10 12:26:12,2025-09-10 12:51:28,1923.6,1928.4,10.0
2365,1042,2,M2KU5,2364,Short,10,2025-09-10 12:26:13,2025-09-10 12:51:36,1923.6,1928.4,10.0
2366,1047,2,M2KU5,2364,Short,10,2025-09-10 12:26:15,2025-09-10 12:51:16,1923.6,1928.4,10.0
2367,1048,2,M2KU5,2364,Short,10,2025-09-10 12:26:14,2025-09-10 12:51:36,1923.6,1928.4,10.0
2368,1049,2,M2KU5,2364,Short,10,2025-09-10 12:26:13,2025-09-10 12:51:24,1923.5,1928.4,10.0
2369,1050,2,M2KU5,2364,Short,10,2025-09-10 12:26:12,2025-09-10 12:51:48,1923.5,1928.4,10.0
2370,1039,4,MGCV5,,Long,5,2025-09-10 03:20:23,2025-09-10 04:49:08,3170.9,3164.1,5.0
2371,1042,4,MGCV5,2370,Long,5,2025-09-10 03:20:23,2025-09-10 04:49:15,3170.9,3164.1,5.0
2372,1047,4,MGCV5,2370,Long,5,2025-09-10 03:20:24,2025-09-10 04:48:36,3170.9,3164.1,5.0
2373,1048,4,MGCV5,2370,Long,5,2025-09-10 03:20:25,2025-09-10 04:48:58,3171.0,3164.0,5.0
2374,1049,4,MGCV5,2370,Long,5,2025-09-10 03:20:24,2025-09-10 04:48:57,3171.0,3164.0,5.0
2375,1050,4,MGCV5,2370,Long,5,2025-09-10 03:20:23,2025-09-10 04:48:34,3170.9,3164.1,5.0
2376,1039,5,MNQU5,,Short,6,2025-09-10 08:49:23,2025-09-10 09:10:02,23516.0,23495.5,6.0
2377,1042,5,MNQU5,2376,Short,6,2025-09-10 08:49:25,2025-09-10 09:09:51,23516.0,23495.5,6.0
2378,1047,5,MNQU5,2376,Short,6,2025-09-10 08:49:23,2025-09-10 09:09:23,23515.75,23495.5,6.0
2379,1048,5,MNQU5,2376,Short,6,2025-09-10 08:49:24,2025-09-10 09:09:30,23516.0,23495.5,6.0
2380,1039,3,MGCV5,,Long,5,2025-09-11 10:37:43,2025-09-11 11:56:20,3217.7,3212.0,5.0
2381,1042,3,MGCV5,2380,Long,5,2025-09-11 10:37:44,2025-09-11 11:56:03,3217.7,3212.0,5.0
2382,1047,3,MGCV5,2380,Long,5,2025-09-11 10:37:43,2025-09-11 11:56:12,3217.7,3212.0,5.0
2383,1048,3,MGCV5,2380,Long,5,2025-09-11 10:37:44,2025-09-11 11:56:34,3217.7,3212.0,5.0
2384,1049,3,MGCV5,2380,Long,5,2025-09-11 10:37:44,2025-09-11 11:56:38,3217.8,3211.9,5.0
2385,1050,3,MGCV5,2380,Long,5,2025-09-11 10:37:43,2025-09-11 11:55:57,3217.8,3211.9,5.0
2386,1039,4,MGCV5,,Long,5,2025-09-11 03:19:52,2025-09-11 03:32:23,3212.8,3206.5,5.0
2387,1042,4,MGCV5,2386,Long,5,2025-09-11 03:19:53,2025-09-11 03:32:01,3212.8,3206.5,5.0
2388,1047,4,MGCV5,2386,Long,5,2025-09-11 03:19:52,2025-09-11 03:32:27,3212.8,3206.5,5.0
2389,1048,4,MGCV5,2386,Long,5,2025-09-11 03:19:54,2025-09-11 03:32:31,3212.9,3206.5,5.0
2390,1049,4,MGCV5,2386,Long,5,2025-09-11 03:19:55,2025-09-11 03:32:08,3212.8,3206.5,5.0
2391,1050,4,MGCV5,2386,Long,5,2025-09-11 03:19:54,2025-09-11 03:32:11,3212.9,3206.5,5.0
2392,1039,2,M2KZ5,,Long,10,2025-09-12 12:19:16,2025-09-12 12:24:53,1943.2,1937.3,10.0
2393,1047,2,M2KZ5,2392,Long,10,2025-09-12 12:19:18,2025-09-12 12:24:19,1943.3,1937.2,10.0
2394,1048,2,M2KZ5,2392,Long,10,2025-09-12 12:19:16,2025-09-12 12:24:32,1943.3,1937.2,10.0
2395,1049,2,M2KZ5,2392,Long,10,2025-09-12 12:19:18,2025-09-12 12:24:51,1943.3,1937.3,10.0
2396,1050,2,M2KZ5,2392,Long,10,2025-09-12 12:19:19,2025-09-12 12:24:49,1943.2,1937.3,10.0
2397,1051,2,M2KZ5,2392,Long,10,2025-09-12 12:19:16,2025-09-12 12:24:16,1943.3,1937.2,10.0
2398,1039,4,MCLX5,,Short,10,2025-09-12 03:34:38,2025-09-12 04:44:46,42.28,41.84,10.0
2399,1047,4,MCLX5,2398,Short,10,2025-09-12 03:34:41,2025-09-12 04:44:42,42.28,41.84,10.0
2400,1048,4,MCLX5,2398,Short,10,2025-09-12 03:34:40,2025-09-12 04:45:30,42.27,41.84,10.0
2401,1050,4,MCLX5,2398,Short,10,2025-09-12 03:34:40,2025-09-12 04:45:28,42.27,41.85,10.0
2402,1051,4,MCLX5,2398,Short,10,2025-09-12 03:34:40,2025-09-12 04:45:05,42.27,41.85,10.0
2403,1039,1,MYMZ5,,Short,10,2025-09-15 09:46:25,2025-09-15 10:53:11,40963.0,40861.0,10.0
2404,1047,1,MYMZ5,2403,Short,10,2025-09-15 09:46:28,2025-09-15 10:52:30,40962.0,40861.0,10.0
2405,1048,1,MYMZ5,2403,Short,10,2025-09-15 09:46:26,2025-09-15 10:52:30,40962.0,40861.0,10.0
2406,1049,1,MYMZ5,2403,Short,10,2025-09-15 09:46:26,2025-09-15 10:52:37,40963.0,40861.0,10.0
2407,1050,1,MYMZ5,2403,Short,10,2025-09-15 09:46:26,2025-09-15 10:52:46,40963.0,40861.0,10.0
2408,1051,1,MYMZ5,2403,Short,10,2025-09-15 09:46:25,2025-09-15 10:53:15,40962.0,40862.0,10.0
2409,1039,2,MESZ5,,Long,10,2025-09-15 12:26:15,2025-09-15 12:37:28,6395.25,6400.25,10.0
2410,1047,2,MESZ5,2409,Long,10,2025-09-15 12:26:16,2025-09-15 12:37:59,6395.25,6400.25,10.0
2411,1048,2,MESZ5,2409,Long,10,2025-09-15 12:26:15,2025-09-15 12:37:17,6395.5,6400.0,10.0
2412,1049,2,MESZ5,2409,Long,10,2025-09-15 12:26:17,2025-09-15 12:38:01,6395.5,6400.25,10.0
2413,1050,2,MESZ5,2409,Long,10,2025-09-15 12:26:15,2025-09-15 12:38:10,6395.25,6400.25,10.0
2414,1051,2,MESZ5,2409,Long,10,2025-09-15 12:26:18,2025-09-15 12:37:42,6395.5,6400.25,10.0
2415,1039,4,MGCV5,,Long,5,2025-09-15 03:35:11,2025-09-15 03:53:27,3283.1,3277.0,5.0
2416,1047,4,MGCV5,2415,Long,5,2025-09-15 03:35:14,2025-09-15 03:53:52,3283.2,3277.0,5.0
2417,1048,4,MGCV5,2415,Long,5,2025-09-15 03:35:12,2025-09-15 03:53:53,3283.1,3277.0,5.0
2418,1049,4,MGCV5,2415,Long,5,2025-09-15 03:35:11,2025-09-15 03:53:33,3283.1,3277.0,5.0
2419,1050,4,MGCV5,2415,Long,5,2025-09-15 03:35:11,2025-09-15 03:54:00,3283.2,3276.9,5.0
2420,1051,4,MGCV5,2415,Long,5,2025-09-15 03:35:13,2025-09-15 03:53:49,3283.1,3277.0,5.0
2421,1039,4,MCLX5,,Short,10,2025-09-16 03:32:44,2025-09-16 04:50:36,41.37,41.73,10.0
2422,1047,4,MCLX5,2421,Short,10,2025-09-16 03:32:45,2025-09-16 04:49:57,41.37,41.73,10.0
2423,1048,4,MCLX5,2421,Short,10,2025-09-16 03:32:44,2025-09-16 04:49:58,41.36,41.73,10.0
2424,1049,4,MCLX5,2421,Short,10,2025-09-16 03:32:44,2025-09-16 04:50:23,41.37,41.73,10.0
2425,1050,4,MCLX5,2421,Short,10,2025-09-16 03:32:47,2025-09-16 04:49:59,41.37,41.73,10.0
2426,1051,4,MCLX5,2421,Short,10,2025-09-16 03:32:46,2025-09-16 04:49:54,41.36,41.73,10.0
2427,1039,2,M2KZ5,,Long,10,2025-09-17 12:19:28,2025-09-17 12:33:19,1967.4,1973.2,10.0
2428,1047,2,M2KZ5,2427,Long,10,2025-09-17 12:19:29,2025-09-17 12:32:48,1967.5,1973.1,10.0
2429,1048,2,M2KZ5,2427,Long,10,2025-09-17 12:19:30,2025-09-17 12:32:32,1967.5,1973.2,10.0
2430,1049,2,M2KZ5,2427,Long,10,2025-09-17 12:19:31,2025-09-17 12:33:27,1967.4,1973.2,10.0
2431,1050,2,M2KZ5,2427,Long,10,2025-09-17 12:19:29,2025-09-17 12:33:03,1967.5,1973.2,10.0
2432,1051,2,M2KZ5,2427,Long,10,2025-09-17 12:19:29,2025-09-17 12:33:04,1967.4,1973.2,10.0
2433,1039,4,MGCV5,,Short,5,2025-09-17 03:16:54,2025-09-17 04:26:54,3304.3,3311.0,5.0
2434,1047,4,MGCV5,2433,Short,5,2025-09-17 03:16:56,2025-09-17 04:26:57,3304.2,3311.1,5.0
2435,1048,4,MGCV5,2433,Short,5,2025-09-17 03:16:57,2025-09-17 04:27:32,3304.2,3311.0,5.0
2436,1049,4,MGCV5,2433,Short,5,2025-09-17 03:16:57,2025-09-17 04:27:03,3304.2,3311.1,5.0
2437,1050,4,MGCV5,2433,Short,5,2025-09-17 03:16:55,2025-09-17 04:27:35,3304.3,3311.0,5.0
2438,1051,4,MGCV5,2433,Short,5,2025-09-17 03:16:57,2025-09-17 04:27:24,3304.2,3311.1,5.0
2439,1047,4,MGCV5,,Long,5,2025-09-18 03:16:33,2025-09-18 04:17:45,3290.6,3301.1,5.0
2440,1048,4,MGCV5,2439,Long,5,2025-09-18 03:16:34,2025-09-18 04:17:36,3290.6,3301.1,5.0
2441,1049,4,MGCV5,2439,Long,5,2025-09-18 03:16:36,2025-09-18 04:18:05,3290.6,3301.1,5.0
2442,1050,4,MGCV5,2439,Long,5,2025-09-18 03:16:35,2025-09-18 04:17:49,3290.6,3301.1,5.0
2443,1051,4,MGCV5,2439,Long,5,2025-09-18 03:16:35,2025-09-18 04:17:56,3290.7,3301.0,5.0
2444,1039,1,MESZ5,,Long,10,2025-09-19 09:53:53,2025-09-19 10:42:24,6406.5,6401.5,10.0
2445,1047,1,MESZ5,2444,Long,10,2025-09-19 09:53:55,2025-09-19 10:41:56,6406.5,6401.5,10.0
2446,1048,1,MESZ5,2444,Long,10,2025-09-19 09:53:54,2025-09-19 10:42:27,6406.5,6401.5,10.0
2447,1050,1,MESZ5,2444,Long,10,2025-09-19 09:53:56,2025-09-19 10:42:39,6406.5,6401.5,10.0
2448,1051,1,MESZ5,2444,Long,10,2025-09-19 09:53:56,2025-09-19 10:42:35,6406.5,6401.5,10.0
2449,1039,2,M2KZ5,,Short,10,2025-09-19 12:25:30,2025-09-19 12:42:52,1921.0,1916.3,10.0
2450,1047,2,M2KZ5,2449,Short,10,2025-09-19 12:25:30,2025-09-19 12:42:55,1920.9,1916.3,10.0
2451,1048,2,M2KZ5,2449,Short,10,2025-09-19 12:25:31,2025-09-19 12:43:20,1921.0,1916.3,10.0
2452,1049,2,M2KZ5,2449,Short,10,2025-09-19 12:25:33,2025-09-19 12:43:09,1920.9,1916.3,10.0
2453,1050,2,M2KZ5,2449,Short,10,2025-09-19 12:25:33,2025-09-19 12:43:14,1921.0,1916.3,10.0
2454,1051,2,M2KZ5,2449,Short,10,2025-09-19 12:25:30,2025-09-19 12:42:43,1920.9,1916.3,10.0
2455,1039,3,MGCV5,,Short,5,2025-09-19 10:40:06,2025-09-19 11:39:37,3292.6,3278.18,5.0
2456,1047,3,MGCV5,2455,Short,5,2025-09-19 10:40:07,2025-09-19 11:39:47,3292.5,3278.3,5.0
2457,1048,3,MGCV5,2455,Short,5,2025-09-19 10:40:06,2025-09-19 11:40:04,3292.5,3278.3,5.0
2458,1050,3,MGCV5,2455,Short,5,2025-09-19 10:40:07,2025-09-19 11:39:08,3292.6,3278.2,5.0
2459,1051,3,MGCV5,2455,Short,5,2025-09-19 10:40:06,2025-09-19 11:39:20,3292.5,3278.3,5.0
2460,1039,1,MYMZ5,,Long,10,2025-09-22 09:46:16,2025-09-22 10:30:31,40881.0,40949.0,10.0
2461,1047,1,MYMZ5,2460,Long,10,2025-09-22 09:46:19,2025-09-22 10:31:07,40881.0,40949.0,10.0
2462,1048,1,MYMZ5,2460,Long,10,2025-09-22 09:46:17,2025-09-22 10:30:17,40881.0,40949.0,10.0
2463,1049,1,MYMZ5,2460,Long,10,2025-09-22 09:46:18,2025-09-22 10:31:05,40881.0,40949.0,10.0
2464,1050,1,MYMZ5,2460,Long,10,2025-09-22 09:46:17,2025-09-22 10:31:14,40881.0,40949.0,10.0
2465,1051,1,MYMZ5,2460,Long,10,2025-09-22 09:46:16,2025-09-22 10:30:47,40882.0,40948.0,10.0
2466,1039,3,MNQZ5,,Long,6,2025-09-22 10:27:06,2025-09-22 11:35:04,24364.0,24404.5,6.0
2467,1047,3,MNQZ5,2466,Long,6,2025-09-22 10:27:09,2025-09-22 11:35:07,24364.0,24404.5,6.0
2468,1048,3,MNQZ5,2466,Long,6,2025-09-22 10:27:06,2025-09-22 11:34:22,24364.0,24404.5,6.0
2469,1049,3,MNQZ5,2466,Long,6,2025-09-22 10:27:06,2025-09-22 11:34:24,24364.25,24404.25,6.0
2470,1050,3,MNQZ5,2466,Long,6,2025-09-22 10:27:06,2025-09-22 11:35:04,24364.0,24404.5,6.0
2471,1051,3,MNQZ5,2466,Long,6,2025-09-22 10:27:08,2025-09-22 11:34:15,24364.0,24404.5,6.0
2472,1047,1,MNQZ5,,Short,6,2025-09-23 09:59:17,2025-09-23 10:30:48,23582.5,23609.25,6.0
2473,1048,1,MNQZ5,2472,Short,6,2025-09-23 09:59:18,2025-09-23 10:30:31,23582.5,23609.25,6.0
2474,1049,1,MNQZ5,2472,Short,6,2025-09-23 09:59:19,2025-09-23 10:31:07,23582.25,23609.25,6.0
2475,1050,1,MNQZ5,2472,Short,6,2025-09-23 09:59:20,2025-09-23 10:30:59,23582.5,23609.25,6.0
2476,1051,1,MNQZ5,2472,Short,6,2025-09-23 09:59:19,2025-09-23 10:30:44,23582.25,23609.25,6.0
2477,1039,2,MESZ5,,Short,10,2025-09-23 12:16:57,2025-09-23 12:42:49,6335.5,6331.0,10.0
2478,1047,2,MESZ5,2477,Short,10,2025-09-23 12:16:57,2025-09-23 12:42:27,6335.5,6331.0,10.0
2479,1048,2,MESZ5,2477,Short,10,2025-09-23 12:17:00,2025-09-23 12:42:44,6335.25,6331.0,10.0
2480,1049,2,MESZ5,2477,Short,10,2025-09-23 12:16:58,2025-09-23 12:42:46,6335.5,6331.0,10.0
2481,1050,2,MESZ5,2477,Short,10,2025-09-23 12:16:59,2025-09-23 12:42:39,6335.5,6331.0,10.0
2482,1051,2,MESZ5,2477,Short,10,2025-09-23 12:17:00,2025-09-23 12:42:14,6335.25,6331.25,10.0
2483,1039,3,MNQZ5,,Short,6,2025-09-23 10:39:45,2025-09-23 11:24:14,23725.75,23748.75,6.0
2484,1047,3,MNQZ5,2483,Short,6,2025-09-23 10:39:45,2025-09-23 11:23:51,23725.75,23748.75,6.0
2485,1048,3,MNQZ5,2483,Short,6,2025-09-23 10:39:46,2025-09-23 11:24:03,23725.75,23748.75,6.0
2486,1049,3,MNQZ5,2483,Short,6,2025-09-23 10:39:46,2025-09-23 11:24:25,23725.75,23748.75,6.0
2487,1050,3,MNQZ5,2483,Short,6,2025-09-23 10:39:45,2025-09-23 11:24:28,23725.75,23748.75,6.0
2488,1051,3,MNQZ5,2483,Short,6,2025-09-23 10:39:47,2025-09-23 11:24:38,23725.75,23748.75,6.0
2489,1039,1,MNQZ5,,Long,6,2025-09-24 09:54:01,2025-09-24 11:20:40,23634.75,23664.5,6.0
2490,1047,1,MNQZ5,2489,Long,6,2025-09-24 09:54:02,2025-09-24 11:20:28,23635.0,23664.25,6.0
2491,1048,1,MNQZ5,2489,Long,6,2025-09-24 09:54:01,2025-09-24 11:20:35,23635.0,23664.25,6.0
2492,1049,1,MNQZ5,2489,Long,6,2025-09-24 09:54:01,2025-09-24 11:20:01,23634.75,23664.5,6.0
2493,1050,1,MNQZ5,2489,Long,6,2025-09-24 09:54:03,2025-09-24 11:20:22,23634.75,23664.5,6.0
2494,1051,1,MNQZ5,2489,Long,6,2025-09-24 09:54:04,2025-09-24 11:20:57,23635.0,23664.5,6.0
2495,1039,4,MGCZ5,,Long,5,2025-09-24 03:29:21,2025-09-24 04:05:21,3260.6,3254.9,5.0
2496,1047,4,MGCZ5,2495,Long,5,2025-09-24 03:29:24,2025-09-24 04:05:29,3260.6,3254.9,5.0
2497,1048,4,MGCZ5,2495,Long,5,2025-09-24 03:29:21,2025-09-24 04:05:47,3260.6,3254.9,5.0
2498,1049,4,MGCZ5,2495,Long,5,2025-09-24 03:29:22,2025-09-24 04:05:44,3260.6,3254.9,5.0
2499,1050,4,MGCZ5,2495,Long,5,2025-09-24 03:29:24,2025-09-24 04:05:46,3260.7,3254.8,5.0
2500,1051,4,MGCZ5,2495,Long,5,2025-09-24 03:29:23,2025-09-24 04:05:35,3260.7,3254.9,5.0
2501,1039,3,MGCZ5,,Short,5,2025-09-25 10:24:25,2025-09-25 10:43:14,3295.0,3300.7,5.0
2502,1047,3,MGCZ5,2501,Short,5,2025-09-25 10:24:26,2025-09-25 10:42:46,3295.0,3300.7,5.0
2503,1048,3,MGCZ5,2501,Short,5,2025-09-25 10:24:26,2025-09-25 10:42:32,3294.9,3300.8,5.0
2504,1049,3,MGCZ5,2501,Short,5,2025-09-25 10:24:27,2025-09-25 10:43:04,3295.0,3300.7,5.0
2505,1050,3,MGCZ5,2501,Short,5,2025-09-25 10:24:28,2025-09-25 10:43:04,3295.0,3300.7,5.0
2506,1051,3,MGCZ5,2501,Short,5,2025-09-25 10:24:26,2025-09-25 10:43:09,3294.9,3300.7,5.0
2507,1039,1,MYMZ5,,Long,10,2025-09-26 09:50:58,2025-09-26 10:44:31,41390.0,41470.0,10.0
2508,1047,1,MYMZ5,2507,Long,10,2025-09-26 09:51:00,2025-09-26 10:44:42,41390.0,41470.0,10.0
2509,1048,1,MYMZ5,2507,Long,10,2025-09-26 09:50:58,2025-09-26 10:44:18,41391.0,41469.0,10.0
2510,1049,1,MYMZ5,2507,Long,10,2025-09-26 09:50:58,2025-09-26 10:44:18,41390.0,41470.0,10.0
2511,1050,1,MYMZ5,2507,Long,10,2025-09-26 09:51:01,2025-09-26 10:44:27,41391.0,41469.0,10.0
2512,1051,1,MYMZ5,2507,Long,10,2025-09-26 09:50:58,2025-09-26 10:44:50,41391.0,41469.0,10.0
2513,1039,4,MGCZ5,,Long,5,2025-09-26 03:33:24,2025-09-26 05:09:14,3274.4,3283.3,5.0
2514,1047,4,MGCZ5,2513,Long,5,2025-09-26 03:33:26,2025-09-26 05:08:55,3274.5,3283.3,5.0
2515,1048,4,MGCZ5,2513,Long,5,2025-09-26 03:33:26,2025-09-26 05:09:19,3274.4,3283.3,5.0
2516,1049,4,MGCZ5,2513,Long,5,2025-09-26 03:33:26,2025-09-26 05:09:06,3274.4,3283.3,5.0
2517,1051,4,MGCZ5,2513,Long,5,2025-09-26 03:33:26,2025-09-26 05:08:41,3274.5,3283.18,5.0
2518,1039,1,MNQZ5,,Short,6,2025-09-29 09:53:06,2025-09-29 11:20:12,24723.5,24750.0,6.0
2519,1047,1,MNQZ5,2518,Short,6,2025-09-29 09:53:09,2025-09-29 11:20:48,24723.5,24750.0,6.0
2520,1048,1,MNQZ5,2518,Short,6,2025-09-29 09:53:09,2025-09-29 11:21:04,24723.5,24750.0,6.0
2521,1049,1,MNQZ5,2518,Short,6,2025-09-29 09:53:06,2025-09-29 11:20:24,24723.5,24750.0,6.0
2522,1050,1,MNQZ5,2518,Short,6,2025-09-29 09:53:09,2025-09-29 11:20:52,24723.25,24750.25,6.0
2523,1051,1,MNQZ5,2518,Short,6,2025-09-29 09:53:08,2025-09-29 11:21:02,24723.25,24750.25,6.0
2524,1039,1,MESZ5,,Short,10,2025-09-30 10:01:17,2025-09-30 10:44:01,6435.75,6442.25,10.0
2525,1047,1,MESZ5,2524,Short,10,2025-09-30 10:01:20,2025-09-30 10:43:21,6435.75,6442.25,10.0
2526,1048,1,MESZ5,2524,Short,10,2025-09-30 10:01:17,2025-09-30 10:43:57,6435.75,6442.25,10.0
2527,1049,1,MESZ5,2524,Short,10,2025-09-30 10:01:18,2025-09-30 10:43:40,6435.75,6442.25,10.0
2528,1050,1,MESZ5,2524,Short,10,2025-09-30 10:01:19,2025-09-30 10:44:06,6435.75,6442.25,10.0
2529,1051,1,MESZ5,2524,Short,10,2025-09-30 10:01:19,2025-09-30 10:43:28,6435.75,6442.25,10.0
2530,1039,2,M2KZ5,,Short,10,2025-09-30 12:22:00,2025-09-30 12:38:40,2001.2,1996.7,10.0
2531,1047,2,M2KZ5,2530,Short,10,2025-09-30 12:22:00,2025-09-30 12:38:27,2001.1,1996.8,10.0
2532,1048,2,M2KZ5,2530,Short,10,2025-09-30 12:22:02,2025-09-30 12:38:06,2001.2,1996.7,10.0
2533,1049,2,M2KZ5,2530,Short,10,2025-09-30 12:22:02,2025-09-30 12:38:39,2001.2,1996.7,10.0
2534,1050,2,M2KZ5,2530,Short,10,2025-09-30 12:22:03,2025-09-30 12:38:26,2001.2,1996.7,10.0
2535,1051,2,M2KZ5,2530,Short,10,2025-09-30 12:22:01,2025-09-30 12:38:01,2001.1,1996.8,10.0
2536,1039,3,MNQZ5,,Short,6,2025-09-30 10:29:35,2025-09-30 11:30:54,24114.5,24071.75,6.0
2537,1047,3,MNQZ5,2536,Short,6,2025-09-30 10:29:38,2025-09-30 11:31:11,24114.25,24072.0,6.0
2538,1048,3,MNQZ5,2536,Short,6,2025-09-30 10:29:38,2025-09-30 11:31:12,24114.25,24072.0,6.0
2539,1049,3,MNQZ5,2536,Short,6,2025-09-30 10:29:38,2025-09-30 11:31:30,24114.5,24071.75,6.0
2540,1051,3,MNQZ5,2536,Short,6,2025-09-30 10:29:37,2025-09-30 11:30:48,24114.25,24071.75,6.0
2541,1039,4,MGCZ5,,Long,5,2025-09-30 03:15:51,2025-09-30 04:26:33,3251.1,3245.3,5.0
2542,1047,4,MGCZ5,2541,Long,5,2025-09-30 03:15:52,2025-09-30 04:25:59,3251.2,3245.2,5.0
2543,1048,4,MGCZ5,2541,Long,5,2025-09-30 03:15:51,2025-09-30 04:26:02,3251.1,3245.3,5.0
2544,1049,4,MGCZ5,2541,Long,5,2025-09-30 03:15:51,2025-09-30 04:26:27,3251.1,3245.3,5.0
2545,1050,4,MGCZ5,2541,Long,5,2025-09-30 03:15:54,2025-09-30 04:26:09,3251.2,3245.2,5.0
2546,1051,4,MGCZ5,2541,Long,5,2025-09-30 03:15:53,2025-09-30 04:26:41,3251.1,3245.3,5.0
2547,1039,1,MNQZ5,,Short,6,2025-10-01 10:04:07,2025-10-01 10:12:27,24209.5,24168.75,6.0
2548,1047,1,MNQZ5,2547,Short,6,2025-10-01 10:04:07,2025-10-01 10:12:14,24209.25,24169.0,6.0
2549,1048,1,MNQZ5,2547,Short,6,2025-10-01 10:04:07,2025-10-01 10:12:49,24209.5,24168.75,6.0
2550,1049,1,MNQZ5,2547,Short,6,2025-10-01 10:04:07,2025-10-01 10:12:43,24209.25,24169.0,6.0
2551,1050,1,MNQZ5,2547,Short,6,2025-10-01 10:04:08,2025-10-01 10:13:07,24209.25,24169.0,6.0
2552,1051,1,MNQZ5,2547,Short,6,2025-10-01 10:04:10,2025-10-01 10:12:11,24209.5,24168.75,6.0
2553,1039,3,MCLX5,,Short,10,2025-10-02 10:21:52,2025-10-02 10:50:21,45.88,45.36,10.0
2554,1047,3,MCLX5,2553,Short,10,2025-10-02 10:21:54,2025-10-02 10:50:15,45.88,45.36,10.0
2555,1048,3,MCLX5,2553,Short,10,2025-10-02 10:21:55,2025-10-02 10:50:43,45.87,45.36,10.0
2556,1050,3,MCLX5,2553,Short,10,2025-10-02 10:21:54,2025-10-02 10:50:02,45.87,45.36,10.0
2557,1051,3,MCLX5,2553,Short,10,2025-10-02 10:21:55,2025-10-02 10:50:40,45.88,45.36,10.0
2558,1039,1,MESZ5,,Short,10,2025-10-03 10:00:04,2025-10-03 10:54:28,6380.75,6370.5,10.0
2559,1048,1,MESZ5,2558,Short,10,2025-10-03 10:00:06,2025-10-03 10:54:25,6380.75,6370.5,10.0
2560,1050,1,MESZ5,2558,Short,10,2025-10-03 10:00:06,2025-10-03 10:54:17,6380.75,6370.5,10.0
2561,1051,1,MESZ5,2558,Short,10,2025-10-03 10:00:05,2025-10-03 10:54:31,6380.75,6370.5,10.0
2562,1052,1,MESZ5,2558,Short,10,2025-10-03 10:00:04,2025-10-03 10:54:50,6380.75,6370.5,10.0
2563,1053,1,MESZ5,2558,Short,10,2025-10-03 10:00:06,2025-10-03 10:55:01,6380.75,6370.5,10.0
2564,1039,2,M2KZ5,,Long,10,2025-10-03 12:19:07,2025-10-03 12:28:44,1952.9,1947.9,10.0
2565,1048,2,M2KZ5,2564,Long,10,2025-10-03 12:19:07,2025-10-03 12:28:27,1952.9,1947.9,10.0
2566,1049,2,M2KZ5,2564,Long,10,2025-10-03 12:19:07,2025-10-03 12:28:55,1953.0,1947.8,10.0
2567,1050,2,M2KZ5,2564,Long,10,2025-10-03 12:19:08,2025-10-03 12:28:09,1952.9,1947.9,10.0
2568,1051,2,M2KZ5,2564,Long,10,2025-10-03 12:19:10,2025-10-03 12:28:11,1952.9,1947.9,10.0
2569,1052,2,M2KZ5,2564,Long,10,2025-10-03 12:19:10,2025-10-03 12:28:46,1952.9,1947.9,10.0
2570,1053,2,M2KZ5,2564,Long,10,2025-10-03 12:19:08,2025-10-03 12:28:24,1953.0,1947.8,10.0
2571,1039,5,MNQZ5,,Short,6,2025-10-03 08:52:44,2025-10-03 09:03:27,24518.75,24497.5,6.0
2572,1048,5,MNQZ5,2571,Short,6,2025-10-03 08:52:44,2025-10-03 09:03:21,24518.5,24497.5,6.0
2573,1049,5,MNQZ5,2571,Short,6,2025-10-03 08:52:44,2025-10-03 09:02:58,24518.75,24497.5,6.0
2574,1050,5,MNQZ5,2571,Short,6,2025-10-03 08:52:45,2025-10-03 09:03:35,24518.75,24497.5,6.0
2575,1051,5,MNQZ5,2571,Short,6,2025-10-03 08:52:45,2025-10-03 09:02:59,24518.5,24497.75,6.0
2576,1052,5,MNQZ5,2571,Short,6,2025-10-03 08:52:45,2025-10-03 09:02:45,24518.75,24497.5,6.0
2577,1053,5,MNQZ5,2571,Short,6,2025-10-03 08:52:44,2025-10-03 09:03:26,24518.75,24497.5,6.0
2578,1048,2,M2KZ5,,Short,10,2025-10-06 12:14:17,2025-10-06 12:32:31,1946.1,1940.3,10.0
2579,1049,2,M2KZ5,2578,Short,10,2025-10-06 12:14:20,2025-10-06 12:32:58,1946.1,1940.3,10.0
2580,1050,2,M2KZ5,2578,Short,10,2025-10-06 12:14:19,2025-10-06 12:32:28,1946.1,1940.3,10.0
2581,1052,2,M2KZ5,2578,Short,10,2025-10-06 12:14:18,2025-10-06 12:32:34,1946.0,1940.3,10.0
2582,1053,2,M2KZ5,2578,Short,10,2025-10-06 12:14:20,2025-10-06 12:32:52,1946.0,1940.4,10.0
2583,1054,2,M2KZ5,2578,Short,10,2025-10-06 12:14:19,2025-10-06 12:32:56,1946.1,1940.3,10.0
2584,1055,2,M2KZ5,2578,Short,10,2025-10-06 12:14:19,2025-10-06 12:32:30,1946.0,1940.4,10.0
2585,1056,2,M2KZ5,2578,Short,10,2025-10-06 12:14:17,2025-10-06 12:32:34,1946.1,1940.3,10.0
2586,1048,4,MGCZ5,,Short,5,2025-10-06 03:15:51,2025-10-06 04:12:46,3229.7,3222.2,5.0
2587,1049,4,MGCZ5,2586,Short,5,2025-10-06 03:15:52,2025-10-06 04:12:46,3229.7,3222.2,5.0
2588,1050,4,MGCZ5,2586,Short,5,2025-10-06 03:15:51,2025-10-06 04:12:01,3229.6,3222.2,5.0
2589,1054,4,MGCZ5,2586,Short,5,2025-10-06 03:15:54,2025-10-06 04:12:34,3229.7,3222.2,5.0
2590,1055,4,MGCZ5,2586,Short,5,2025-10-06 03:15:53,2025-10-06 04:12:51,3229.7,3222.2,5.0
2591,1056,4,MGCZ5,2586,Short,5,2025-10-06 03:15:51,2025-10-06 04:12:06,3229.7,3222.2,5.0
2592,1048,1,MYMZ5,,Long,10,2025-10-07 09:48:02,2025-10-07 09:59:38,39800.0,39894.0,10.0
2593,1049,1,MYMZ5,2592,Long,10,2025-10-07 09:48:02,2025-10-07 09:59:39,39800.0,39894.0,10.0
2594,1050,1,MYMZ5,2592,Long,10,2025-10-07 09:48:02,2025-10-07 10:00:00,39800.0,39894.0,10.0
2595,1052,1,MYMZ5,2592,Long,10,2025-10-07 09:48:04,2025-10-07 09:59:26,39801.0,39893.0,10.0
2596,1053,1,MYMZ5,2592,Long,10,2025-10-07 09:48:04,2025-10-07 09:59:19,39800.0,39894.0,10.0
2597,1054,1,MYMZ5,2592,Long,10,2025-10-07 09:48:05,2025-10-07 09:59:52,39801.0,39894.0,10.0
2598,1055,1,MYMZ5,2592,Long,10,2025-10-07 09:48:04,2025-10-07 09:59:19,39800.0,39894.0,10.0
2599,1056,1,MYMZ5,2592,Long,10,2025-10-07 09:48:05,2025-10-07 09:59:05,39800.0,39894.0,10.0
2600,1048,2,M2KZ5,,Short,10,2025-10-07 12:24:10,2025-10-07 12:29:38,1958.4,1953.8,10.0
2601,1049,2,M2KZ5,2600,Short,10,2025-10-07 12:24:10,2025-10-07 12:29:43,1958.3,1953.8,10.0
2602,1050,2,M2KZ5,2600,Short,10,2025-10-07 12:24:10,2025-10-07 12:30:08,1958.4,1953.8,10.0
2603,1052,2,M2KZ5,2600,Short,10,2025-10-07 12:24:11,2025-10-07 12:29:53,1958.4,1953.8,10.0
2604,1053,2,M2KZ5,2600,Short,10,2025-10-07 12:24:12,2025-10-07 12:30:05,1958.3,1953.9,10.0
2605,1055,2,M2KZ5,2600,Short,10,2025-10-07 12:24:10,2025-10-07 12:29:35,1958.3,1953.8,10.0
2606,1056,2,M2KZ5,2600,Short,10,2025-10-07 12:24:13,2025-10-07 12:30:04,1958.4,1953.8,10.0
2607,1048,4,MGCZ5,,Long,5,2025-10-07 03:23:15,2025-10-07 04:51:38,3166.5,3161.3,5.0
2608,1049,4,MGCZ5,2607,Long,5,2025-10-07 03:23:18,2025-10-07 04:51:34,3166.5,3161.3,5.0
2609,1050,4,MGCZ5,2607,Long,5,2025-10-07 03:23:18,2025-10-07 04:51:30,3166.5,3161.3,5.0
2610,1052,4,MGCZ5,2607,Long,5,2025-10-07 03:23:16,2025-10-07 04:51:48,3166.5,3161.3,5.0
2611,1053,4,MGCZ5,2607,Long,5,2025-10-07 03:23:16,2025-10-07 04:51:24,3166.6,3161.2,5.0
2612,1054,4,MGCZ5,2607,Long,5,2025-10-07 03:23:17,2025-10-07 04:51:43,3166.6,3161.2,5.0
2613,1056,4,MGCZ5,2607,Long,5,2025-10-07 03:23:17,2025-10-07 04:51:34,3166.5,3161.3,5.0
2614,1048,3,MCLX5,,Long,10,2025-10-08 10:40:55,2025-10-08 11:42:39,46.25,46.77,10.0
2615,1049,3,MCLX5,2614,Long,10,2025-10-08 10:40:58,2025-10-08 11:42:18,46.25,46.77,10.0
2616,1050,3,MCLX5,2614,Long,10,2025-10-08 10:40:56,2025-10-08 11:42:44,46.25,46.77,10.0
2617,1052,3,MCLX5,2614,Long,10,2025-10-08 10:40:56,2025-10-08 11:42:27,46.25,46.77,10.0
2618,1053,3,MCLX5,2614,Long,10,2025-10-08 10:40:55,2025-10-08 11:42:07,46.25,46.77,10.0
2619,1054,3,MCLX5,2614,Long,10,2025-10-08 10:40:56,2025-10-08 11:41:56,46.25,46.77,10.0
2620,1055,3,MCLX5,2614,Long,10,2025-10-08 10:40:57,2025-10-08 11:42:40,46.25,46.77,10.0
2621,1056,3,MCLX5,2614,Long,10,2025-10-08 10:40:57,2025-10-08 11:42:18,46.26,46.77,10.0
2622,1052,1,MESZ5,,Short,10,2025-10-09 09:46:16,2025-10-09 10:48:48,6222.75,6227.75,10.0
2623,1053,1,MESZ5,2622,Short,10,2025-10-09 09:46:19,2025-10-09 10:48:35,6222.75,6227.75,10.0
2624,1054,1,MESZ5,2622,Short,10,2025-10-09 09:46:16,2025-10-09 10:48:16,6222.75,6227.75,10.0
2625,1055,1,MESZ5,2622,Short,10,2025-10-09 09:46:18,2025-10-09 10:49:11,6222.75,6227.75,10.0
2626,1056,1,MESZ5,2622,Short,10,2025-10-09 09:46:17,2025-10-09 10:48:40,6222.5,6228.0,10.0
2627,1057,1,MESZ5,2622,Short,10,2025-10-09 09:46:18,2025-10-09 10:48:43,6222.5,6228.0,10.0
2628,1058,1,MESZ5,2622,Short,10,2025-10-09 09:46:17,2025-10-09 10:49:05,6222.75,6227.75,10.0
2629,1050,2,MESZ5,,Short,10,2025-10-09 12:11:59,2025-10-09 12:29:19,6231.25,6236.5,10.0
2630,1052,2,MESZ5,2629,Short,10,2025-10-09 12:12:00,2025-10-09 12:29:15,6231.25,6236.5,10.0
2631,1053,2,MESZ5,2629,Short,10,2025-10-09 12:12:01,2025-10-09 12:29:49,6231.25,6236.5,10.0
2632,1054,2,MESZ5,2629,Short,10,2025-10-09 12:11:59,2025-10-09 12:29:44,6231.25,6236.5,10.0
2633,1055,2,MESZ5,2629,Short,10,2025-10-09 12:12:02,2025-10-09 12:29:35,6231.25,6236.5,10.0
2634,1056,2,MESZ5,2629,Short,10,2025-10-09 12:12:01,2025-10-09 12:29:52,6231.25,6236.5,10.0
2635,1057,2,MESZ5,2629,Short,10,2025-10-09 12:12:02,2025-10-09 12:29:17,6231.25,6236.5,10.0
2636,1058,2,MESZ5,2629,Short,10,2025-10-09 12:12:00,2025-10-09 12:29:18,6231.25,6236.5,10.0
2637,1050,4,MCLX5,,Long,10,2025-10-09 03:28:28,2025-10-09 03:53:44,46.81,47.28,10.0
2638,1052,4,MCLX5,2637,Long,10,2025-10-09 03:28:30,2025-10-09 03:54:15,46.81,47.28,10.0
2639,1054,4,MCLX5,2637,Long,10,2025-10-09 03:28:30,2025-10-09 03:54:03,46.82,47.28,10.0
2640,1055,4,MCLX5,2637,Long,10,2025-10-09 03:28:30,2025-10-09 03:54:20,46.82,47.28,10.0
2641,1056,4,MCLX5,2637,Long,10,2025-10-09 03:28:29,2025-10-09 03:54:02,46.81,47.28,10.0
2642,1057,4,MCLX5,2637,Long,10,2025-10-09 03:28:31,2025-10-09 03:53:50,46.82,47.27,10.0
2643,1058,4,MCLX5,2637,Long,10,2025-10-09 03:28:30,2025-10-09 03:53:57,46.81,47.28,10.0
2644,1053,2,MESZ5,,Short,10,2025-10-10 12:30:01,2025-10-10 12:52:46,6257.75,6263.5,10.0
2645,1054,2,MESZ5,2644,Short,10,2025-10-10 12:30:02,2025-10-10 12:53:00,6257.5,6263.75,10.0
2646,1055,2,MESZ5,2644,Short,10,2025-10-10 12:30:04,2025-10-10 12:52:49,6257.75,6263.5,10.0
2647,1056,2,MESZ5,2644,Short,10,2025-10-10 12:30:04,2025-10-10 12:52:46,6257.75,6263.5,10.0
2648,1057,2,MESZ5,2644,Short,10,2025-10-10 12:30:04,2025-10-10 12:52:26,6257.5,6263.75,10.0
2649,1058,2,MESZ5,2644,Short,10,2025-10-10 12:30:01,2025-10-10 12:52:40,6257.75,6263.5,10.0
2650,1059,2,MESZ5,2644,Short,10,2025-10-10 12:30:01,2025-10-10 12:52:45,6257.75,6263.5,10.0
2651,1053,3,MNQZ5,,Short,6,2025-10-10 10:30:38,2025-10-10 11:30:16,23897.75,23856.5,6.0
2652,1054,3,MNQZ5,2651,Short,6,2025-10-10 10:30:40,2025-10-10 11:30:20,23897.75,23856.5,6.0
2653,1055,3,MNQZ5,2651,Short,6,2025-10-10 10:30:40,2025-10-10 11:30:25,23897.5,23856.75,6.0
2654,1056,3,MNQZ5,2651,Short,6,2025-10-10 10:30:38,2025-10-10 11:30:22,23897.5,23856.5,6.0
2655,1057,3,MNQZ5,2651,Short,6,2025-10-10 10:30:38,2025-10-10 11:30:07,23897.5,23856.75,6.0
2656,1059,3,MNQZ5,2651,Short,6,2025-10-10 10:30:39,2025-10-10 11:29:59,23897.5,23856.75,6.0
2657,1052,4,MCLX5,,Short,10,2025-10-10 03:19:00,2025-10-10 04:19:29,47.23,47.52,10.0
2658,1053,4,MCLX5,2657,Short,10,2025-10-10 03:19:03,2025-10-10 04:19:58,47.23,47.52,10.0
2659,1054,4,MCLX5,2657,Short,10,2025-10-10 03:19:00,2025-10-10 04:19:39,47.22,47.53,10.0
2660,1055,4,MCLX5,2657,Short,10,2025-10-10 03:19:00,2025-10-10 04:19:43,47.23,47.52,10.0
2661,1056,4,MCLX5,2657,Short,10,2025-10-10 03:19:01,2025-10-10 04:19:48,47.22,47.53,10.0
2662,1058,4,MCLX5,2657,Short,10,2025-10-10 03:19:03,2025-10-10 04:19:28,47.22,47.52,10.0
2663,1059,4,MCLX5,2657,Short,10,2025-10-10 03:19:01,2025-10-10 04:19:35,47.23,47.52,10.0
2664,1053,1,MYMZ5,,Short,10,2025-10-13 09:59:08,2025-10-13 10:43:01,39347.0,39412.0,10.0
2665,1055,1,MYMZ5,2664,Short,10,2025-10-13 09:59:11,2025-10-13 10:42:55,39347.0,39412.0,10.0
2666,1057,1,MYMZ5,2664,Short,10,2025-10-13 09:59:10,2025-10-13 10:42:25,39347.0,39412.0,10.0
2667,1058,1,MYMZ5,2664,Short,10,2025-10-13 09:59:09,2025-10-13 10:42:52,39347.0,39412.0,10.0
2668,1059,1,MYMZ5,2664,Short,10,2025-10-13 09:59:09,2025-10-13 10:42:38,39346.0,39413.0,10.0
2669,1060,1,YMZ5,2664,Short,2,2025-10-13 09:59:09,2025-10-13 10:42:39,39347.0,39412.0,8.0
2670,1052,3,MGCZ5,,Short,5,2025-10-13 10:28:48,2025-10-13 11:08:49,3264.2,3269.6,5.0
2671,1053,3,MGCZ5,2670,Short,5,2025-10-13 10:28:49,2025-10-13 11:09:38,3264.1,3269.6,5.0
2672,1054,3,MGCZ5,2670,Short,5,2025-10-13 10:28:49,2025-10-13 11:08:57,3264.1,3269.6,5.0
2673,1055,3,MGCZ5,2670,Short,5,2025-10-13 10:28:48,2025-10-13 11:09:14,3264.2,3269.6,5.0
2674,1056,3,MGCZ5,2670,Short,5,2025-10-13 10:28:51,2025-10-13 11:09:21,3264.2,3269.6,5.0
2675,1057,3,MGCZ5,2670,Short,5,2025-10-13 10:28:51,2025-10-13 11:09:36,3264.1,3269.6,5.0
2676,1058,3,MGCZ5,2670,Short,5,2025-10-13 10:28:48,2025-10-13 11:09:00,3264.1,3269.7,5.0
2677,1059,3,MGCZ5,2670,Short,5,2025-10-13 10:28:48,2025-10-13 11:09:08,3264.2,3269.6,5.0
2678,1060,3,GCZ5,2670,Short,1,2025-10-13 10:28:49,2025-10-13 11:09:36,3264.2,3269.6,4.0
2679,1052,1,MYMZ5,,Long,10,2025-10-14 09:59:40,2025-10-14 10:49:31,39025.0,38957.0,10.0
2680,1053,1,MYMZ5,2679,Long,10,2025-10-14 09:59:40,2025-10-14 10:49:32,39025.0,38957.0,10.0
2681,1054,1,MYMZ5,2679,Long,10,2025-10-14 09:59:42,2025-10-14 10:49:11,39025.0,38957.0,10.0
2682,1055,1,MYMZ5,2679,Long,10,2025-10-14 09:59:42,2025-10-14 10:49:34,39025.0,38957.0,10.0
2683,1056,1,MYMZ5,2679,Long,10,2025-10-14 09:59:43,2025-10-14 10:49:40,39026.0,38956.0,10.0
2684,1057,1,MYMZ5,2679,Long,10,2025-10-14 09:59:43,2025-10-14 10:48:51,39026.0,38957.0,10.0
2685,1058,1,MYMZ5,2679,Long,10,2025-10-14 09:59:42,2025-10-14 10:49:38,39026.0,38956.0,10.0
2686,1059,1,MYMZ5,2679,Long,10,2025-10-14 09:59:40,2025-10-14 10:49:10,39026.0,38956.0,10.0
2687,1060,1,YMZ5,2679,Long,2,2025-10-14 09:59:40,2025-10-14 10:49:14,39025.0,38957.0,8.0
2688,1061,1,MYMZ5,2679,Long,10,2025-10-14 09:59:41,2025-10-14 10:48:41,39026.0,38956.0,10.0
2689,1052,2,M2KZ5,,Short,10,2025-10-14 12:11:46,2025-10-14 12:34:03,1911.3,1906.7,10.0
2690,1053,2,M2KZ5,2689,Short,10,2025-10-14 12:11:49,2025-10-14 12:34:07,1911.3,1906.7,10.0
2691,1054,2,M2KZ5,2689,Short,10,2025-10-14 12:11:49,2025-10-14 12:34:15,1911.3,1906.7,10.0
2692,1055,2,M2KZ5,2689,Short,10,2025-10-14 12:11:46,2025-10-14 12:34:00,1911.3,1906.7,10.0
2693,1058,2,M2KZ5,2689,Short,10,2025-10-14 12:11:48,2025-10-14 12:34:40,1911.3,1906.7,10.0
2694,1059,2,M2KZ5,2689,Short,10,2025-10-14 12:11:47,2025-10-14 12:33:56,1911.3,1906.7,10.0
2695,1060,2,RTYZ5,2689,Short,2,2025-10-14 12:11:48,2025-10-14 12:34:46,1911.3,1906.7,8.0
2696,1061,2,M2KZ5,2689,Short,10,2025-10-14 12:11:48,2025-10-14 12:34:40,1911.2,1906.7,10.0
2697,1052,3,MNQZ5,,Short,6,2025-10-14 10:20:10,2025-10-14 10:38:53,23744.5,23772.25,6.0
2698,1053,3,MNQZ5,2697,Short,6,2025-10-14 10:20:12,2025-10-14 10:38:47,23744.5,23772.25,6.0
2699,1054,3,MNQZ5,2697,Short,6,2025-10-14 10:20:11,2025-10-14 10:38:36,23744.25,23772.25,6.0
2700,1055,3,MNQZ5,2697,Short,6,2025-10-14 10:20:12,2025-10-14 10:39:08,23744.5,23772.25,6.0
2701,1056,3,MNQZ5,2697,Short,6,2025-10-14 10:20:13,2025-10-14 10:38:52,23744.5,23772.25,6.0
2702,1057,3,MNQZ5,2697,Short,6,2025-10-14 10:20:12,2025-10-14 10:38:30,23744.25,23772.5,6.0
2703,1058,3,MNQZ5,2697,Short,6,2025-10-14 10:20:13,2025-10-14 10:38:36,23744.5,23772.25,6.0
2704,1059,3,MNQZ5,2697,Short,6,2025-10-14 10:20:11,2025-10-14 10:38:15,23744.25,23772.5,6.0
2705,1060,3,NQZ5,2697,Short,2,2025-10-14 10:20:13,2025-10-14 10:38:56,23744.25,23772.25,8.0
2706,1061,3,MNQZ5,2697,Short,6,2025-10-14 10:20:11,2025-10-14 10:38:16,23744.5,23772.25,6.0
2707,1052,4,MCLZ5,,Short,10,2025-10-14 03:29:16,2025-10-14 04:43:40,47.57,47.88,10.0
2708,1053,4,MCLZ5,2707,Short,10,2025-10-14 03:29:17,2025-10-14 04:44:12,47.56,47.89,10.0
2709,1054,4,MCLZ5,2707,Short,10,2025-10-14 03:29:16,2025-10-14 04:43:51,47.56,47.89,10.0
2710,1055,4,MCLZ5,2707,Short,10,2025-10-14 03:29:18,2025-10-14 04:43:33,47.57,47.88,10.0
2711,1056,4,MCLZ5,2707,Short,10,2025-10-14 03:29:18,2025-10-14 04:43:46,47.56,47.88,10.0
2712,1057,4,MCLZ5,2707,Short,10,2025-10-14 03:29:19,2025-10-14 04:44:06,47.56,47.88,10.0
2713,1058,4,MCLZ5,2707,Short,10,2025-10-14 03:29:18,2025-10-14 04:44:16,47.56,47.88,10.0
2714,1059,4,MCLZ5,2707,Short,10,2025-10-14 03:29:16,2025-10-14 04:44:15,47.57,47.88,10.0
2715,1060,4,CLZ5,2707,Short,2,2025-10-14 03:29:17,2025-10-14 04:43:30,47.56,47.88,8.0
2716,1061,4,MCLZ5,2707,Short,10,2025-10-14 03:29:17,2025-10-14 04:43:29,47.57,47.88,10.0
2717,1052,5,MESZ5,,Short,10,2025-10-14 08:34:36,2025-10-14 08:43:10,6272.0,6266.25,10.0
2718,1053,5,MESZ5,2717,Short,10,2025-10-14 08:34:37,2025-10-14 08:42:45,6271.75,6266.25,10.0
2719,1054,5,MESZ5,2717,Short,10,2025-10-14 08:34:39,2025-10-14 08:43:24,6272.0,6266.25,10.0
2720,1055,5,MESZ5,2717,Short,10,2025-10-14 08:34:38,2025-10-14 08:42:41,6272.0,6266.25,10.0
2721,1056,5,MESZ5,2717,Short,10,2025-10-14 08:34:37,2025-10-14 08:42:55,6271.75,6266.25,10.0
2722,1057,5,MESZ5,2717,Short,10,2025-10-14 08:34:37,2025-10-14 08:42:53,6272.0,6266.25,10.0
2723,1058,5,MESZ5,2717,Short,10,2025-10-14 08:34:38,2025-10-14 08:43:18,6271.75,6266.5,10.0
2724,1059,5,MESZ5,2717,Short,10,2025-10-14 08:34:37,2025-10-14 08:42:44,6272.0,6266.25,10.0
2725,1060,5,ESZ5,2717,Short,2,2025-10-14 08:34:37,2025-10-14 08:43:20,6271.75,6266.25,8.0
2726,1061,5,MESZ5,2717,Short,10,2025-10-14 08:34:38,2025-10-14 08:43:06,6272.0,6266.25,10.0
2727,1052,2,M2KZ5,,Short,10,2025-10-15 12:17:44,2025-10-15 12:30:00,1906.1,1912.5,10.0
2728,1053,2,M2KZ5,2727,Short,10,2025-10-15 12:17:46,2025-10-15 12:29:51,1906.1,1912.5,10.0
2729,1054,2,M2KZ5,2727,Short,10,2025-10-15 12:17:46,2025-10-15 12:30:42,1906.0,1912.5,10.0
2730,1057,2,M2KZ5,2727,Short,10,2025-10-15 12:17:44,2025-10-15 12:30:05,1906.0,1912.5,10.0
2731,1058,2,M2KZ5,2727,Short,10,2025-10-15 12:17:44,2025-10-15 12:30:02,1906.1,1912.5,10.0
2732,1059,2,M2KZ5,2727,Short,10,2025-10-15 12:17:46,2025-10-15 12:29:53,1906.1,1912.5,10.0
2733,1060,2,RTYZ5,2727,Short,2,2025-10-15 12:17:44,2025-10-15 12:29:54,1906.1,1912.5,8.0
2734,1061,2,M2KZ5,2727,Short,10,2025-10-15 12:17:47,2025-10-15 12:30:27,1906.0,1912.6,10.0
2735,1062,2,M2KZ5,2727,Short,10,2025-10-15 12:17:47,2025-10-15 12:30:39,1906.0,1912.6,10.0
2736,1052,3,MNQZ5,,Long,6,2025-10-15 10:22:43,2025-10-15 10:39:35,24172.5,24144.0,6.0
2737,1054,3,MNQZ5,2736,Long,6,2025-10-15 10:22:45,2025-10-15 10:39:16,24172.75,24144.0,6.0
2738,1056,3,MNQZ5,2736,Long,6,2025-10-15 10:22:44,2025-10-15 10:39:33,24172.5,24144.0,6.0
2739,1057,3,MNQZ5,2736,Long,6,2025-10-15 10:22:44,2025-10-15 10:38:59,24172.5,24144.0,6.0
2740,1059,3,MNQZ5,2736,Long,6,2025-10-15 10:22:46,2025-10-15 10:39:21,24172.5,24144.0,6.0
2741,1060,3,NQZ5,2736,Long,2,2025-10-15 10:22:45,2025-10-15 10:39:26,24172.5,24144.0,8.0
2742,1061,3,MNQZ5,2736,Long,6,2025-10-15 10:22:44,2025-10-15 10:39:40,24172.75,24144.0,6.0
2743,1062,3,MNQZ5,2736,Long,6,2025-10-15 10:22:44,2025-10-15 10:39:12,24172.5,24144.0,6.0
2744,1054,1,MYMZ5,,Short,10,2025-10-16 09:56:53,2025-10-16 10:22:18,39256.0,39315.0,10.0
2745,1056,1,MYMZ5,2744,Short,10,2025-10-16 09:56:56,2025-10-16 10:22:20,39255.0,39315.0,10.0
2746,1059,1,MYMZ5,2744,Short,10,2025-10-16 09:56:54,2025-10-16 10:22:13,39256.0,39315.0,10.0
2747,1060,1,YMZ5,2744,Short,2,2025-10-16 09:56:54,2025-10-16 10:22:15,39256.0,39315.0,8.0
2748,1061,1,MYMZ5,2744,Short,10,2025-10-16 09:56:56,2025-10-16 10:22:31,39255.0,39315.0,10.0
2749,1062,1,MYMZ5,2744,Short,10,2025-10-16 09:56:54,2025-10-16 10:22:36,39256.0,39315.0,10.0
2750,1063,1,MYMZ5,2744,Short,10,2025-10-16 09:56:53,2025-10-16 10:22:49,39256.0,39315.0,10.0
2751,1054,2,MESZ5,,Short,10,2025-10-16 12:11:45,2025-10-16 12:26:39,6238.75,6244.5,10.0
2752,1060,2,ESZ5,2751,Short,2,2025-10-16 12:11:46,2025-10-16 12:26:26,6238.5,6244.5,8.0
2753,1061,2,MESZ5,2751,Short,10,2025-10-16 12:11:45,2025-10-16 12:26:09,6238.5,6244.75,10.0
2754,1062,2,MESZ5,2751,Short,10,2025-10-16 12:11:48,2025-10-16 12:26:05,6238.5,6244.5,10.0
2755,1063,2,MESZ5,2751,Short,10,2025-10-16 12:11:45,2025-10-16 12:25:59,6238.75,6244.5,10.0
2756,1054,3,MCLZ5,,Short,10,2025-10-16 10:20:21,2025-10-16 10:42:51,47.52,47.02,10.0
2757,1056,3,MCLZ5,2756,Short,10,2025-10-16 10:20:21,2025-10-16 10:42:30,47.52,47.02,10.0
2758,1059,3,MCLZ5,2756,Short,10,2025-10-16 10:20:21,2025-10-16 10:42:22,47.52,47.02,10.0
2759,1060,3,CLZ5,2756,Short,2,2025-10-16 10:20:21,2025-10-16 10:42:24,47.52,47.02,8.0
2760,1061,3,MCLZ5,2756,Short,10,2025-10-16 10:20:24,2025-10-16 10:42:57,47.52,47.02,10.0
2761,1062,3,MCLZ5,2756,Short,10,2025-10-16 10:20:23,2025-10-16 10:42:37,47.51,47.02,10.0
2762,1063,3,MCLZ5,2756,Short,10,2025-10-16 10:20:24,2025-10-16 10:42:28,47.52,47.02,10.0
2763,1054,1,MNQZ5,,Short,6,2025-10-17 09:49:58,2025-10-17 10:42:43,23980.25,23930.25,6.0
2764,1056,1,MNQZ5,2763,Short,6,2025-10-17 09:49:59,2025-10-17 10:42:29,23980.25,23930.25,6.0
2765,1059,1,MNQZ5,2763,Short,6,2025-10-17 09:50:00,2025-10-17 10:42:49,23980.0,23930.5,6.0
2766,1061,1,MNQZ5,2763,Short,6,2025-10-17 09:49:58,2025-10-17 10:42:56,23980.0,23930.5,6.0
2767,1062,1,MNQZ5,2763,Short,6,2025-10-17 09:49:58,2025-10-17 10:41:59,23980.25,23930.25,6.0
2768,1063,1,MNQZ5,2763,Short,6,2025-10-17 09:50:01,2025-10-17 10:42:17,23980.25,23930.25,6.0
2769,1064,1,NQZ5,2763,Short,2,2025-10-17 09:50:00,2025-10-17 10:42:31,23980.25,23930.25,8.0
2770,1054,3,MNQZ5,,Short,6,2025-10-17 10:30:12,2025-10-17 11:41:43,23962.75,23991.75,6.0
2771,1056,3,MNQZ5,2770,Short,6,2025-10-17 10:30:12,2025-10-17 11:41:15,23962.75,23991.75,6.0
2772,1059,3,MNQZ5,2770,Short,6,2025-10-17 10:30:13,2025-10-17 11:41:56,23962.75,23991.75,6.0
2773,1061,3,MNQZ5,2770,Short,6,2025-10-17 10:30:14,2025-10-17 11:42:08,23962.75,23991.75,6.0
2774,1062,3,MNQZ5,2770,Short,6,2025-10-17 10:30:13,2025-10-17 11:41:20,23962.75,23991.75,6.0
2775,1063,3,MNQZ5,2770,Short,6,2025-10-17 10:30:15,2025-10-17 11:41:29,23962.75,23991.75,6.0
2776,1054,4,MGCZ5,,Long,5,2025-10-17 03:23:31,2025-10-17 04:01:43,3315.6,3309.5,5.0
2777,1056,4,MGCZ5,2776,Long,5,2025-10-17 03:23:31,2025-10-17 04:02:11,3315.6,3309.5,5.0
2778,1059,4,MGCZ5,2776,Long,5,2025-10-17 03:23:33,2025-10-17 04:02:07,3315.6,3309.5,5.0
2779,1061,4,MGCZ5,2776,Long,5,2025-10-17 03:23:32,2025-10-17 04:02:15,3315.6,3309.5,5.0
2780,1062,4,MGCZ5,2776,Long,5,2025-10-17 03:23:34,2025-10-17 04:01:39,3315.7,3309.4,5.0
2781,1063,4,MGCZ5,2776,Long,5,2025-10-17 03:23:34,2025-10-17 04:01:34,3315.6,3309.5,5.0
2782,1064,4,GCZ5,2776,Long,1,2025-10-17 03:23:31,2025-10-17 04:01:58,3315.6,3309.5,4.0
2783,1054,1,MESZ5,,Short,10,2025-10-20 09:54:51,2025-10-20 10:35:26,6063.0,6070.0,10.0
2784,1056,1,MESZ5,2783,Short,10,2025-10-20 09:54:52,2025-10-20 10:35:40,6062.75,6070.25,10.0
2785,1059,1,MESZ5,2783,Short,10,2025-10-20 09:54:54,2025-10-20 10:35:51,6063.0,6070.0,10.0
2786,1061,1,MESZ5,2783,Short,10,2025-10-20 09:54:52,2025-10-20 10:35:46,6063.0,6070.0,10.0
2787,1062,1,MESZ5,2783,Short,10,2025-10-20 09:54:53,2025-10-20 10:35:01,6063.0,6070.0,10.0
2788,1063,1,MESZ5,2783,Short,10,2025-10-20 09:54:51,2025-10-20 10:35:17,6063.0,6070.0,10.0
2789,1054,3,MNQZ5,,Short,6,2025-10-20 10:38:19,2025-10-20 12:05:09,24211.25,24232.0,6.0
2790,1056,3,MNQZ5,2789,Short,6,2025-10-20 10:38:22,2025-10-20 12:05:06,24211.0,24232.0,6.0
2791,1061,3,MNQZ5,2789,Short,6,2025-10-20 10:38:21,2025-10-20 12:04:43,24211.25,24232.0,6.0
2792,1062,3,MNQZ5,2789,Short,6,2025-10-20 10:38:21,2025-10-20 12:04:42,24211.25,24232.0,6.0
2793,1063,3,MNQZ5,2789,Short,6,2025-10-20 10:38:22,2025-10-20 12:05:19,24211.25,24232.0,6.0
2794,1064,3,NQZ5,2789,Short,2,2025-10-20 10:38:21,2025-10-20 12:05:13,24211.0,24232.0,8.0
2795,1056,1,MESZ5,,Short,10,2025-10-21 10:03:09,2025-10-21 10:16:08,6014.5,6019.25,10.0
2796,1062,1,MESZ5,2795,Short,10,2025-10-21 10:03:11,2025-10-21 10:16:04,6014.5,6019.25,10.0
2797,1063,1,MESZ5,2795,Short,10,2025-10-21 10:03:12,2025-10-21 10:15:48,6014.5,6019.25,10.0
2798,1064,1,ESZ5,2795,Short,2,2025-10-21 10:03:12,2025-10-21 10:15:26,6014.25,6019.25,8.0
2799,1056,4,MCLZ5,,Short,10,2025-10-21 03:33:33,2025-10-21 04:11:36,46.71,46.11,10.0
2800,1062,4,MCLZ5,2799,Short,10,2025-10-21 03:33:36,2025-10-21 04:12:07,46.71,46.11,10.0
2801,1063,4,MCLZ5,2799,Short,10,2025-10-21 03:33:35,2025-10-21 04:12:33,46.71,46.11,10.0
2802,1064,4,CLZ5,2799,Short,2,2025-10-21 03:33:36,2025-10-21 04:11:56,46.71,46.11,8.0
2803,1056,1,MESZ5,,Short,10,2025-10-22 09:47:58,2025-10-22 10:56:54,6060.75,6066.75,10.0
2804,1062,1,MESZ5,2803,Short,10,2025-10-22 09:48:00,2025-10-22 10:56:00,6060.75,6066.75,10.0
2805,1063,1,MESZ5,2803,Short,10,2025-10-22 09:47:59,2025-10-22 10:56:20,6060.5,6066.75,10.0
2806,1064,1,ESZ5,2803,Short,2,2025-10-22 09:47:58,2025-10-22 10:56:03,6060.5,6067.0,8.0
2807,1065,1,MESZ5,2803,Short,10,2025-10-22 09:47:58,2025-10-22 10:56:14,6060.75,6066.75,10.0
2808,1056,2,MESZ5,,Short,10,2025-10-22 12:13:41,2025-10-22 12:29:23,6076.25,6081.5,10.0
2809,1062,2,MESZ5,2808,Short,10,2025-10-22 12:13:42,2025-10-22 12:29:21,6076.25,6081.5,10.0
2810,1063,2,MESZ5,2808,Short,10,2025-10-22 12:13:44,2025-10-22 12:28:54,6076.0,6081.5,10.0
2811,1064,2,ESZ5,2808,Short,2,2025-10-22 12:13:44,2025-10-22 12:28:45,6076.25,6081.5,8.0
2812,1065,2,MESZ5,2808,Short,10,2025-10-22 12:13:43,2025-10-22 12:29:02,6076.0,6081.75,10.0
2813,1062,3,MCLZ5,,Long,10,2025-10-22 10:30:03,2025-10-22 11:21:54,45.97,46.53,10.0
2814,1063,3,MCLZ5,2813,Long,10,2025-10-22 10:30:05,2025-10-22 11:21:56,45.97,46.53,10.0
2815,1064,3,CLZ5,2813,Long,2,2025-10-22 10:30:06,2025-10-22 11:21:52,45.98,46.53,8.0
2816,1065,3,MCLZ5,2813,Long,10,2025-10-22 10:30:06,2025-10-22 11:21:47,45.97,46.53,10.0
2817,1056,4,MGCZ5,,Short,5,2025-10-22 03:28:34,2025-10-22 04:34:01,3394.5,3400.2,5.0
2818,1062,4,MGCZ5,2817,Short,5,2025-10-22 03:28:37,2025-10-22 04:34:05,3394.4,3400.3,5.0
2819,1063,4,MGCZ5,2817,Short,5,2025-10-22 03:28:36,2025-10-22 04:34:28,3394.4,3400.2,5.0
2820,1065,4,MGCZ5,2817,Short,5,2025-10-22 03:28:35,2025-10-22 04:33:50,3394.5,3400.2,5.0
2821,1056,1,MYMZ5,,Short,10,2025-10-23 09:58:55,2025-10-23 11:14:22,39672.0,39585.0,10.0
2822,1062,1,MYMZ5,2821,Short,10,2025-10-23 09:58:58,2025-10-23 11:14:08,39672.0,39585.0,10.0
2823,1063,1,MYMZ5,2821,Short,10,2025-10-23 09:58:55,2025-10-23 11:14:48,39671.0,39585.0,10.0
2824,1064,1,YMZ5,2821,Short,2,2025-10-23 09:58:57,2025-10-23 11:14:16,39671.0,39586.0,8.0
2825,1065,1,MYMZ5,2821,Short,10,2025-10-23 09:58:57,2025-10-23 11:14:31,39671.0,39585.0,10.0
2826,1056,4,MGCZ5,,Long,5,2025-10-23 03:16:42,2025-10-23 03:50:33,3408.4,3403.2,5.0
2827,1062,4,MGCZ5,2826,Long,5,2025-10-23 03:16:45,2025-10-23 03:50:04,3408.4,3403.2,5.0
2828,1063,4,MGCZ5,2826,Long,5,2025-10-23 03:16:43,2025-10-23 03:50:26,3408.5,3403.2,5.0
2829,1064,4,GCZ5,2826,Long,1,2025-10-23 03:16:44,2025-10-23 03:50:03,3408.5,3403.2,4.0
2830,1065,4,MGCZ5,2826,Long,5,2025-10-23 03:16:42,2025-10-23 03:49:52,3408.4,3403.2,5.0
2831,1062,1,MNQZ5,,Long,6,2025-10-24 10:06:46,2025-10-24 11:41:39,24159.5,24202.0,6.0
2832,1063,1,MNQZ5,2831,Long,6,2025-10-24 10:06:48,2025-10-24 11:41:16,24159.75,24202.0,6.0
2833,1064,1,NQZ5,2831,Long,2,2025-10-24 10:06:49,2025-10-24 11:40:56,24159.75,24201.75,8.0
2834,1065,1,MNQZ5,2831,Long,6,2025-10-24 10:06:46,2025-10-24 11:41:37,24159.5,24202.0,6.0
2835,1066,1,MNQZ5,2831,Long,6,2025-10-24 10:06:47,2025-10-24 11:41:42,24159.5,24202.0,6.0
2836,1056,3,MCLZ5,,Long,10,2025-10-24 10:31:22,2025-10-24 11:10:44,44.05,43.77,10.0
2837,1062,3,MCLZ5,2836,Long,10,2025-10-24 10:31:23,2025-10-24 11:11:01,44.05,43.77,10.0
2838,1063,3,MCLZ5,2836,Long,10,2025-10-24 10:31:24,2025-10-24 11:11:16,44.05,43.77,10.0
2839,1064,3,CLZ5,2836,Long,2,2025-10-24 10:31:22,2025-10-24 11:11:15,44.06,43.76,8.0
2840,1065,3,MCLZ5,2836,Long,10,2025-10-24 10:31:22,2025-10-24 11:10:52,44.05,43.77,10.0
2841,1066,3,MCLZ5,2836,Long,10,2025-10-24 10:31:23,2025-10-24 11:10:31,44.05,43.77,10.0
2842,1056,1,MNQZ5,,Long,6,2025-10-27 09:49:42,2025-10-27 10:30:07,24200.5,24171.75,6.0
2843,1062,1,MNQZ5,2842,Long,6,2025-10-27 09:49:44,2025-10-27 10:30:34,24200.5,24171.75,6.0
2844,1063,1,MNQZ5,2842,Long,6,2025-10-27 09:49:44,2025-10-27 10:30:35,24200.5,24171.75,6.0
2845,1064,1,NQZ5,2842,Long,2,2025-10-27 09:49:43,2025-10-27 10:30:02,24200.5,24171.75,8.0
2846,1065,1,MNQZ5,2842,Long,6,2025-10-27 09:49:45,2025-10-27 10:30:06,24200.75,24171.75,6.0
2847,1066,1,MNQZ5,2842,Long,6,2025-10-27 09:49:43,2025-10-27 10:30:30,24200.5,24171.75,6.0
2848,1056,2,MESZ5,,Long,10,2025-10-27 12:18:20,2025-10-27 12:39:12,6123.5,6117.25,10.0
2849,1062,2,MESZ5,2848,Long,10,2025-10-27 12:18:23,2025-10-27 12:38:46,6123.5,6117.25,10.0
2850,1063,2,MESZ5,2848,Long,10,2025-10-27 12:18:22,2025-10-27 12:38:35,6123.5,6117.25,10.0
2851,1064,2,ESZ5,2848,Long,2,2025-10-27 12:18:23,2025-10-27 12:38:40,6123.5,6117.25,8.0
2852,1065,2,MESZ5,2848,Long,10,2025-10-27 12:18:22,2025-10-27 12:39:18,6123.75,6117.25,10.0
2853,1066,2,MESZ5,2848,Long,10,2025-10-27 12:18:22,2025-10-27 12:39:04,6123.5,6117.25,10.0
2854,1056,3,MGCZ5,,Short,5,2025-10-27 10:22:18,2025-10-27 10:32:04,3399.3,3388.2,5.0
2855,1062,3,MGCZ5,2854,Short,5,2025-10-27 10:22:20,2025-10-27 10:31:30,3399.2,3388.3,5.0
2856,1063,3,MGCZ5,2854,Short,5,2025-10-27 10:22:20,2025-10-27 10:32:03,3399.3,3388.2,5.0
2857,1064,3,GCZ5,2854,Short,1,2025-10-27 10:22:19,2025-10-27 10:31:45,3399.3,3388.2,4.0
2858,1065,3,MGCZ5,2854,Short,5,2025-10-27 10:22:20,2025-10-27 10:31:25,3399.3,3388.22,5.0
2859,1066,3,MGCZ5,2854,Short,5,2025-10-27 10:22:18,2025-10-27 10:31:52,3399.3,3388.2,5.0
2860,1056,4,MGCZ5,,Long,5,2025-10-27 03:16:15,2025-10-27 03:28:17,3389.1,3398.1,5.0
2861,1062,4,MGCZ5,2860,Long,5,2025-10-27 03:16:15,2025-10-27 03:29:05,3389.1,3398.1,5.0
2862,1063,4,MGCZ5,2860,Long,5,2025-10-27 03:16:17,2025-10-27 03:29:07,3389.1,3398.1,5.0
2863,1064,4,GCZ5,2860,Long,1,2025-10-27 03:16:17,2025-10-27 03:28:42,3389.1,3398.1,4.0
2864,1065,4,MGCZ5,2860,Long,5,2025-10-27 03:16:15,2025-10-27 03:28:30,3389.1,3398.1,5.0
2865,1066,4,MGCZ5,2860,Long,5,2025-10-27 03:16:16,2025-10-27 03:28:34,3389.2,3398.0,5.0
2866,1056,1,MNQZ5,,Short,6,2025-10-28 09:59:02,2025-10-28 11:06:26,23850.25,23875.5,6.0
2867,1062,1,MNQZ5,2866,Short,6,2025-10-28 09:59:05,2025-10-28 11:06:18,23850.0,23875.75,6.0
2868,1064,1,NQZ5,2866,Short,2,2025-10-28 09:59:02,2025-10-28 11:06:53,23850.25,23875.5,8.0
2869,1065,1,MNQZ5,2866,Short,6,2025-10-28 09:59:05,2025-10-28 11:06:59,23850.0,23875.5,6.0
2870,1066,1,MNQZ5,2866,Short,6,2025-10-28 09:59:03,2025-10-28 11:06:37,23850.0,23875.5,6.0
2871,1056,2,MESZ5,,Long,10,2025-10-28 12:20:47,2025-10-28 12:27:58,6228.0,6233.0,10.0
2872,1062,2,MESZ5,2871,Long,10,2025-10-28 12:20:50,2025-10-28 12:28:01,6228.0,6233.0,10.0
2873,1063,2,MESZ5,2871,Long,10,2025-10-28 12:20:47,2025-10-28 12:28:15,6228.25,6232.75,10.0
2874,1064,2,ESZ5,2871,Long,2,2025-10-28 12:20:47,2025-10-28 12:28:36,6228.0,6233.0,8.0
2875,1065,2,MESZ5,2871,Long,10,2025-10-28 12:20:49,2025-10-28 12:27:52,6228.0,6233.0,10.0
2876,1066,2,MESZ5,2871,Long,10,2025-10-28 12:20:47,2025-10-28 12:28:34,6228.25,6232.75,10.0
2877,1062,3,MNQZ5,,Long,6,2025-10-28 10:33:16,2025-10-28 11:07:33,24166.0,24145.75,6.0
2878,1063,3,MNQZ5,2877,Long,6,2025-10-28 10:33:17,2025-10-28 11:08:04,24166.25,24145.5,6.0
2879,1064,3,NQZ5,2877,Long,2,2025-10-28 10:33:16,2025-10-28 11:07:20,24166.25,24145.5,8.0
2880,1065,3,MNQZ5,2877,Long,6,2025-10-28 10:33:16,2025-10-28 11:07:55,24166.0,24145.75,6.0
2881,1066,3,MNQZ5,2877,Long,6,2025-10-28 10:33:16,2025-10-28 11:07:37,24166.0,24145.75,6.0
2882,1056,4,MCLZ5,,Long,10,2025-10-28 03:21:47,2025-10-28 04:48:45,44.63,44.38,10.0
2883,1062,4,MCLZ5,2882,Long,10,2025-10-28 03:21:49,2025-10-28 04:48:23,44.63,44.38,10.0
2884,1063,4,MCLZ5,2882,Long,10,2025-10-28 03:21:47,2025-10-28 04:48:16,44.64,44.37,10.0
2885,1064,4,CLZ5,2882,Long,2,2025-10-28 03:21:48,2025-10-28 04:48:14,44.63,44.38,8.0
2886,1065,4,MCLZ5,2882,Long,10,2025-10-28 03:21:50,2025-10-28 04:48:15,44.63,44.38,10.0
2887,1056,1,MNQZ5,,Short,6,2025-10-29 10:04:43,2025-10-29 10:23:46,24414.75,24440.0,6.0
2888,1062,1,MNQZ5,2887,Short,6,2025-10-29 10:04:44,2025-10-29 10:24:43,24414.5,24440.25,6.0
2889,1063,1,MNQZ5,2887,Short,6,2025-10-29 10:04:46,2025-10-29 10:24:27,24414.75,24440.0,6.0
2890,1064,1,NQZ5,2887,Short,2,2025-10-29 10:04:43,2025-10-29 10:24:11,24414.75,24440.0,8.0
2891,1065,1,MNQZ5,2887,Short,6,2025-10-29 10:04:44,2025-10-29 10:24:39,24414.5,24440.0,6.0
2892,1056,3,MGCZ5,,Long,5,2025-10-29 10:24:37,2025-10-29 10:44:56,3445.3,3456.1,5.0
2893,1062,3,MGCZ5,2892,Long,5,2025-10-29 10:24:38,2025-10-29 10:45:13,3445.4,3456.0,5.0
2894,1063,3,MGCZ5,2892,Long,5,2025-10-29 10:24:40,2025-10-29 10:45:03,3445.3,3456.1,5.0
2895,1064,3,GCZ5,2892,Long,1,2025-10-29 10:24:38,2025-10-29 10:45:21,3445.3,3456.1,4.0
2896,1065,3,MGCZ5,2892,Long,5,2025-10-29 10:24:39,2025-10-29 10:44:54,3445.4,3456.0,5.0
2897,1066,3,MGCZ5,2892,Long,5,2025-10-29 10:24:39,2025-10-29 10:45:08,3445.3,3456.12,5.0
2898,1056,1,MESZ5,,Long,10,2025-10-30 09:55:50,2025-10-30 10:32:44,6262.0,6256.0,10.0
2899,1063,1,MESZ5,2898,Long,10,2025-10-30 09:55:53,2025-10-30 10:32:36,6262.0,6256.0,10.0
2900,1064,1,ESZ5,2898,Long,2,2025-10-30 09:55:52,2025-10-30 10:32:26,6262.0,6256.0,8.0
2901,1065,1,MESZ5,2898,Long,10,2025-10-30 09:55:52,2025-10-30 10:32:46,6262.25,6255.75,10.0
2902,1066,1,MESZ5,2898,Long,10,2025-10-30 09:55:53,2025-10-30 10:31:54,6262.0,6256.0,10.0
2903,1056,2,M2KZ5,,Long,10,2025-10-30 12:12:54,2025-10-30 12:35:53,1874.7,1880.5,10.0
2904,1063,2,M2KZ5,2903,Long,10,2025-10-30 12:12:56,2025-10-30 12:35:02,1874.7,1880.5,10.0
2905,1064,2,RTYZ5,2903,Long,2,2025-10-30 12:12:56,2025-10-30 12:35:40,1874.8,1880.4,8.0
2906,1065,2,M2KZ5,2903,Long,10,2025-10-30 12:12:55,2025-10-30 12:35:34,1874.8,1880.4,10.0
2907,1066,2,M2KZ5,2903,Long,10,2025-10-30 12:12:56,2025-10-30 12:35:40,1874.7,1880.5,10.0
2908,1056,2,M2KZ5,,Long,10,2025-10-31 12:17:45,2025-10-31 12:38:39,1870.5,1863.8,10.0
2909,1062,2,M2KZ5,2908,Long,10,2025-10-31 12:17:45,2025-10-31 12:38:35,1870.5,1863.8,10.0
2910,1063,2,M2KZ5,2908,Long,10,2025-10-31 12:17:45,2025-10-31 12:38:10,1870.6,1863.7,10.0
2911,1064,2,RTYZ5,2908,Long,2,2025-10-31 12:17:46,2025-10-31 12:38:21,1870.6,1863.7,8.0
2912,1065,2,M2KZ5,2908,Long,10,2025-10-31 12:17:47,2025-10-31 12:38:38,1870.5,1863.8,10.0
2913,1066,2,M2KZ5,2908,Long,10,2025-10-31 12:17:45,2025-10-31 12:38:13,1870.5,1863.8,10.0
2914,1056,1,MNQZ5,,Long,6,2025-11-03 09:53:15,2025-11-03 11:18:30,25281.25,25251.75,6.0
2915,1063,1,MNQZ5,2914,Long,6,2025-11-03 09:53:18,2025-11-03 11:19:14,25281.25,25251.75,6.0
2916,1064,1,NQZ5,2914,Long,2,2025-11-03 09:53:18,2025-11-03 11:19:17,25281.5,25251.75,8.0
2917,1065,1,MNQZ5,2914,Long,6,2025-11-03 09:53:16,2025-11-03 11:19:06,25281.5,25251.75,6.0
2918,1066,1,MNQZ5,2914,Long,6,2025-11-03 09:53:16,2025-11-03 11:18:25,25281.5,25251.5,6.0
2919,1063,2,M2KZ5,,Long,10,2025-11-03 12:14:57,2025-11-03 12:32:45,1799.9,1793.8,10.0
2920,1064,2,RTYZ5,2919,Long,2,2025-11-03 12:15:00,2025-11-03 12:32:08,1799.9,1793.8,8.0
2921,1065,2,M2KZ5,2919,Long,10,2025-11-03 12:15:00,2025-11-03 12:32:49,1800.0,1793.7,10.0
2922,1066,2,M2KZ5,2919,Long,10,2025-11-03 12:15:00,2025-11-03 12:32:27,1800.0,1793.7,10.0
2923,1056,3,MNQZ5,,Long,6,2025-11-03 10:38:45,2025-11-03 11:47:26,25115.75,25092.75,6.0
2924,1062,3,MNQZ5,2923,Long,6,2025-11-03 10:38:45,2025-11-03 11:47:00,25115.75,25092.75,6.0
2925,1063,3,MNQZ5,2923,Long,6,2025-11-03 10:38:47,2025-11-03 11:47:12,25116.0,25092.5,6.0
2926,1064,3,NQZ5,2923,Long,2,2025-11-03 10:38:45,2025-11-03 11:47:44,25116.0,25092.5,8.0
2927,1065,3,MNQZ5,2923,Long,6,2025-11-03 10:38:46,2025-11-03 11:46:47,25116.0,25092.75,6.0
2928,1066,3,MNQZ5,2923,Long,6,2025-11-03 10:38:45,2025-11-03 11:46:50,25115.75,25092.75,6.0
2929,1056,2,M2KZ5,,Long,10,2025-11-04 12:16:08,2025-11-04 12:24:14,1814.0,1807.7,10.0
2930,1062,2,M2KZ5,2929,Long,10,2025-11-04 12:16:10,2025-11-04 12:24:46,1814.0,1807.7,10.0
2931,1063,2,M2KZ5,2929,Long,10,2025-11-04 12:16:10,2025-11-04 12:24:55,1814.1,1807.6,10.0
2932,1065,2,M2KZ5,2929,Long,10,2025-11-04 12:16:09,2025-11-04 12:24:16,1814.0,1807.7,10.0
2933,1066,2,M2KZ5,2929,Long,10,2025-11-04 12:16:09,2025-11-04 12:24:39,1814.0,1807.7,10.0
2934,1056,3,MNQZ5,,Long,6,2025-11-04 10:29:53,2025-11-04 10:42:28,24562.0,24539.25,6.0
2935,1062,3,MNQZ5,2934,Long,6,2025-11-04 10:29:56,2025-11-04 10:41:59,24562.0,24539.25,6.0
2936,1063,3,MNQZ5,2934,Long,6,2025-11-04 10:29:53,2025-11-04 10:42:19,24562.25,24539.0,6.0
2937,1065,3,MNQZ5,2934,Long,6,2025-11-04 10:29:54,2025-11-04 10:42:06,24562.0,24539.25,6.0
2938,1066,3,MNQZ5,2934,Long,6,2025-11-04 10:29:54,2025-11-04 10:42:26,24562.0,24539.25,6.0
2939,1056,4,MCLZ5,,Short,10,2025-11-04 03:34:47,2025-11-04 04:51:42,43.42,43.04,10.0
2940,1062,4,MCLZ5,2939,Short,10,2025-11-04 03:34:48,2025-11-04 04:51:11,43.41,43.04,10.0
2941,1063,4,MCLZ5,2939,Short,10,2025-11-04 03:34:47,2025-11-04 04:51:15,43.41,43.04,10.0
2942,1065,4,MCLZ5,2939,Short,10,2025-11-04 03:34:50,2025-11-04 04:51:46,43.41,43.05,10.0
2943,1066,4,MCLZ5,2939,Short,10,2025-11-04 03:34:49,2025-11-04 04:51:07,43.41,43.05,10.0
2944,1063,1,MNQZ5,,Long,6,2025-11-05 10:03:23,2025-11-05 11:14:30,24762.0,24739.25,6.0
2945,1066,1,MNQZ5,2944,Long,6,2025-11-05 10:03:24,2025-11-05 11:14:50,24762.25,24739.25,6.0
2946,1067,1,MNQZ5,2944,Long,6,2025-11-05 10:03:24,2025-11-05 11:14:37,24762.0,24739.25,6.0
2947,1063,2,M2KZ5,,Long,10,2025-11-05 12:26:03,2025-11-05 12:41:51,1787.2,1792.4,10.0
2948,1066,2,M2KZ5,2947,Long,10,2025-11-05 12:26:06,2025-11-05 12:42:04,1787.3,1792.4,10.0
2949,1067,2,M2KZ5,2947,Long,10,2025-11-05 12:26:04,2025-11-05 12:41:12,1787.2,1792.4,10.0
2950,1063,3,MGCZ5,,Short,5,2025-11-06 10:34:29,2025-11-06 11:53:44,3397.7,3385.8,5.0
2951,1066,3,MGCZ5,2950,Short,5,2025-11-06 10:34:30,2025-11-06 11:54:04,3397.7,3385.8,5.0
2952,1067,3,MGCZ5,2950,Short,5,2025-11-06 10:34:30,2025-11-06 11:53:49,3397.6,3385.8,5.0
2953,1063,2,MESZ5,,Short,10,2025-11-07 12:28:00,2025-11-07 12:52:47,6119.5,6115.75,10.0
2954,1066,2,MESZ5,2953,Short,10,2025-11-07 12:28:01,2025-11-07 12:52:13,6119.5,6115.75,10.0
2955,1067,2,MESZ5,2953,Short,10,2025-11-07 12:28:00,2025-11-07 12:52:27,6119.5,6115.75,10.0
2956,1068,2,MESZ5,2953,Short,10,2025-11-07 12:28:00,2025-11-07 12:52:26,6119.25,6116.0,10.0
2957,1063,3,MNQZ5,,Long,6,2025-11-07 10:26:23,2025-11-07 10:37:29,24531.0,24582.5,6.0
2958,1066,3,MNQZ5,2957,Long,6,2025-11-07 10:26:26,2025-11-07 10:37:47,24531.25,24582.5,6.0
2959,1067,3,MNQZ5,2957,Long,6,2025-11-07 10:26:25,2025-11-07 10:38:03,24531.0,24582.5,6.0
2960,1063,4,MGCZ5,,Short,5,2025-11-07 03:34:47,2025-11-07 03:47:28,3425.8,3432.1,5.0
2961,1066,4,MGCZ5,2960,Short,5,2025-11-07 03:34:48,2025-11-07 03:47:45,3425.7,3432.1,5.0
2962,1067,4,MGCZ5,2960,Short,5,2025-11-07 03:34:49,2025-11-07 03:47:21,3425.7,3432.1,5.0
2963,1068,4,MGCZ5,2960,Short,5,2025-11-07 03:34:47,2025-11-07 03:47:14,3425.8,3432.1,5.0
2964,1063,5,MESZ5,,Long,10,2025-11-07 08:48:10,2025-11-07 09:08:52,6169.5,6176.0,10.0
2965,1066,5,MESZ5,2964,Long,10,2025-11-07 08:48:11,2025-11-07 09:09:00,6169.5,6176.0,10.0
2966,1067,5,MESZ5,2964,Long,10,2025-11-07 08:48:12,2025-11-07 09:08:44,6169.75,6175.75,10.0
2967,1068,5,MESZ5,2964,Long,10,2025-11-07 08:48:10,2025-11-07 09:08:49,6169.5,6176.0,10.0
2968,1063,3,MCLZ5,,Long,10,2025-11-10 10:25:54,2025-11-10 10:41:59,40.98,40.7,10.0
2969,1066,3,MCLZ5,2968,Long,10,2025-11-10 10:25:55,2025-11-10 10:42:06,40.98,40.7,10.0
2970,1067,3,MCLZ5,2968,Long,10,2025-11-10 10:25:57,2025-11-10 10:42:25,40.99,40.69,10.0
2971,1068,3,MCLZ5,2968,Long,10,2025-11-10 10:25:55,2025-11-10 10:42:52,40.99,40.7,10.0
2972,1069,3,CLZ5,2968,Long,2,2025-11-10 10:25:54,2025-11-10 10:42:15,40.99,40.7,8.0
2973,1063,2,M2KZ5,,Long,10,2025-11-11 12:26:29,2025-11-11 12:43:03,1928.3,1921.6,10.0
2974,1066,2,M2KZ5,2973,Long,10,2025-11-11 12:26:31,2025-11-11 12:42:51,1928.4,1921.5,10.0
2975,1067,2,M2KZ5,2973,Long,10,2025-11-11 12:26:30,2025-11-11 12:43:15,1928.3,1921.6,10.0
2976,1068,2,M2KZ5,2973,Long,10,2025-11-11 12:26:29,2025-11-11 12:42:39,1928.3,1921.6,10.0
2977,1069,2,RTYZ5,2973,Long,2,2025-11-11 12:26:30,2025-11-11 12:43:25,1928.3,1921.6,8.0
2978,1070,2,M2KZ5,2973,Long,10,2025-11-11 12:26:32,2025-11-11 12:42:44,1928.3,1921.6,10.0
2979,1063,3,MCLZ5,,Long,10,2025-11-11 10:31:14,2025-11-11 11:06:02,39.26,39.03,10.0
2980,1066,3,MCLZ5,2979,Long,10,2025-11-11 10:31:14,2025-11-11 11:06:07,39.26,39.03,10.0
2981,1067,3,MCLZ5,2979,Long,10,2025-11-11 10:31:15,2025-11-11 11:05:24,39.26,39.03,10.0
2982,1068,3,MCLZ5,2979,Long,10,2025-11-11 10:31:16,2025-11-11 11:05:33,39.27,39.02,10.0
2983,1069,3,CLZ5,2979,Long,2,2025-11-11 10:31:15,2025-11-11 11:05:37,39.26,39.03,8.0
2984,1070,3,MCLZ5,2979,Long,10,2025-11-11 10:31:17,2025-11-11 11:05:52,39.26,39.03,10.0
2985,1063,5,MESZ5,,Short,10,2025-11-11 08:50:29,2025-11-11 09:10:17,6181.75,6176.75,10.0
2986,1066,5,MESZ5,2985,Short,10,2025-11-11 08:50:29,2025-11-11 09:10:27,6181.75,6176.75,10.0
2987,1067,5,MESZ5,2985,Short,10,2025-11-11 08:50:30,2025-11-11 09:09:53,6181.5,6177.0,10.0
2988,1069,5,ESZ5,2985,Short,2,2025-11-11 08:50:31,2025-11-11 09:10:00,6181.75,6176.75,8.0
2989,1070,5,MESZ5,2985,Short,10,2025-11-11 08:50:30,2025-11-11 09:10:12,6181.5,6177.0,10.0
2990,1063,1,MNQZ5,,Long,6,2025-11-12 09:48:21,2025-11-12 10:55:30,23816.0,23790.5,6.0
2991,1066,1,MNQZ5,2990,Long,6,2025-11-12 09:48:24,2025-11-12 10:56:09,23816.0,23790.5,6.0
2992,1067,1,MNQZ5,2990,Long,6,2025-11-12 09:48:24,2025-11-12 10:55:59,23816.0,23790.5,6.0
2993,1068,1,MNQZ5,2990,Long,6,2025-11-12 09:48:22,2025-11-12 10:55:35,23816.0,23790.5,6.0
2994,1069,1,NQZ5,2990,Long,2,2025-11-12 09:48:22,2025-11-12 10:55:46,23816.25,23790.5,8.0
2995,1070,1,MNQZ5,2990,Long,6,2025-11-12 09:48:21,2025-11-12 10:55:44,23816.0,23790.5,6.0
2996,1063,2,MESZ5,,Long,10,2025-11-12 12:29:19,2025-11-12 12:43:02,6263.75,6258.25,10.0
2997,1066,2,MESZ5,2996,Long,10,2025-11-12 12:29:21,2025-11-12 12:42:36,6263.75,6258.25,10.0
2998,1067,2,MESZ5,2996,Long,10,2025-11-12 12:29:20,2025-11-12 12:43:05,6263.75,6258.25,10.0
2999,1068,2,MESZ5,2996,Long,10,2025-11-12 12:29:19,2025-11-12 12:42:25,6263.75,6258.25,10.0
3000,1069,2,ESZ5,2996,Long,2,2025-11-12 12:29:20,2025-11-12 12:42:39,6263.75,6258.25,8.0
3001,1070,2,MESZ5,2996,Long,10,2025-11-12 12:29:20,2025-11-12 12:43:01,6264.0,6258.0,10.0
3002,1063,1,MYMZ5,,Long,10,2025-11-13 10:06:54,2025-11-13 10:38:35,40441.0,40380.0,10.0
3003,1066,1,MYMZ5,3002,Long,10,2025-11-13 10:06:57,2025-11-13 10:38:35,40441.0,40380.0,10.0
3004,1067,1,MYMZ5,3002,Long,10,2025-11-13 10:06:57,2025-11-13 10:38:51,40442.0,40380.0,10.0
3005,1068,1,MYMZ5,3002,Long,10,2025-11-13 10:06:56,2025-11-13 10:38:42,40442.0,40380.0,10.0
3006,1069,1,YMZ5,3002,Long,2,2025-11-13 10:06:57,2025-11-13 10:37:58,40442.0,40380.0,8.0
3007,1070,1,MYMZ5,3002,Long,10,2025-11-13 10:06:57,2025-11-13 10:37:57,40442.0,40379.0,10.0
3008,1066,2,MESZ5,,Short,10,2025-11-13 12:16:58,2025-11-13 12:28:54,6282.5,6277.25,10.0
3009,1067,2,MESZ5,3008,Short,10,2025-11-13 12:17:00,2025-11-13 12:28:34,6282.25,6277.25,10.0
3010,1068,2,MESZ5,3008,Short,10,2025-11-13 12:16:58,2025-11-13 12:28:52,6282.25,6277.25,10.0
3011,1069,2,ESZ5,3008,Short,2,2025-11-13 12:17:00,2025-11-13 12:28:58,6282.5,6277.25,8.0
3012,1070,2,MESZ5,3008,Short,10,2025-11-13 12:16:59,2025-11-13 12:28:37,6282.25,6277.5,10.0
3013,1063,3,MCLF6,,Short,10,2025-11-13 10:32:02,2025-11-13 11:54:33,41.21,40.6,10.0
3014,1066,3,MCLF6,3013,Short,10,2025-11-13 10:32:04,2025-11-13 11:54:25,41.2,40.6,10.0
3015,1067,3,MCLF6,3013,Short,10,2025-11-13 10:32:04,2025-11-13 11:54:31,41.2,40.6,10.0
3016,1068,3,MCLF6,3013,Short,10,2025-11-13 10:32:05,2025-11-13 11:55:02,41.2,40.61,10.0
3017,1063,2,MESZ5,,Long,10,2025-11-14 12:27:52,2025-11-14 12:36:38,6291.5,6286.75,10.0
3018,1066,2,MESZ5,3017,Long,10,2025-11-14 12:27:54,2025-11-14 12:36:34,6291.5,6286.75,10.0
3019,1067,2,MESZ5,3017,Long,10,2025-11-14 12:27:55,2025-11-14 12:36:48,6291.5,6286.75,10.0
3020,1068,2,MESZ5,3017,Long,10,2025-11-14 12:27:54,2025-11-14 12:36:01,6291.5,6286.75,10.0
3021,1070,2,MESZ5,3017,Long,10,2025-11-14 12:27:53,2025-11-14 12:36:45,6291.75,6286.5,10.0
3022,1063,3,MNQZ5,,Long,6,2025-11-14 10:25:54,2025-11-14 10:44:50,23450.75,23422.75,6.0
3023,1066,3,MNQZ5,3022,Long,6,2025-11-14 10:25:54,2025-11-14 10:44:51,23450.75,23422.75,6.0
3024,1067,3,MNQZ5,3022,Long,6,2025-11-14 10:25:56,2025-11-14 10:43:56,23451.0,23422.75,6.0
3025,1068,3,MNQZ5,3022,Long,6,2025-11-14 10:25:55,2025-11-14 10:44:22,23451.0,23422.75,6.0
3026,1069,3,NQZ5,3022,Long,2,2025-11-14 10:25:54,2025-11-14 10:44:23,23450.75,23422.75,8.0
3027,1070,3,MNQZ5,3022,Long,6,2025-11-14 10:25:57,2025-11-14 10:44:21,23450.75,23422.75,6.0
3028,1066,1,MNQZ5,,Long,6,2025-11-17 10:04:05,2025-11-17 11:08:52,23694.75,23669.0,6.0
3029,1067,1,MNQZ5,3028,Long,6,2025-11-17 10:04:05,2025-11-17 11:08:30,23694.75,23669.0,6.0
3030,1069,1,NQZ5,3028,Long,2,2025-11-17 10:04:08,2025-11-17 11:08:14,23695.0,23668.75,8.0
3031,1070,1,MNQZ5,3028,Long,6,2025-11-17 10:04:05,2025-11-17 11:08:21,23694.75,23669.0,6.0
3032,1066,4,MCLF6,,Short,10,2025-11-17 03:17:41,2025-11-17 03:45:38,40.11,39.67,10.0
3033,1067,4,MCLF6,3032,Short,10,2025-11-17 03:17:43,2025-11-17 03:45:42,40.1,39.67,10.0
3034,1068,4,MCLF6,3032,Short,10,2025-11-17 03:17:44,2025-11-17 03:45:23,40.1,39.67,10.0
3035,1069,4,CLF6,3032,Short,2,2025-11-17 03:17:42,2025-11-17 03:44:44,40.11,39.67,8.0
3036,1070,4,MCLF6,3032,Short,10,2025-11-17 03:17:42,2025-11-17 03:44:55,40.11,39.67,10.0
3037,1066,2,MESZ5,,Long,10,2025-11-18 12:16:56,2025-11-18 12:31:43,6177.5,6171.25,10.0
3038,1067,2,MESZ5,3037,Long,10,2025-11-18 12:16:59,2025-11-18 12:31:26,6177.75,6171.25,10.0
3039,1068,2,MESZ5,3037,Long,10,2025-11-18 12:16:59,2025-11-18 12:31:53,6177.75,6171.25,10.0
3040,1069,2,ESZ5,3037,Long,2,2025-11-18 12:16:57,2025-11-18 12:31:52,6177.75,6171.0,8.0
3041,1070,2,MESZ5,3037,Long,10,2025-11-18 12:16:57,2025-11-18 12:30:57,6177.5,6171.25,10.0
3042,1071,2,MESZ5,3037,Long,10,2025-11-18 12:16:58,2025-11-18 12:31:52,6177.5,6171.25,10.0
3043,1066,4,MCLF6,,Long,10,2025-11-18 03:15:31,2025-11-18 03:53:07,39.97,40.39,10.0
3044,1067,4,MCLF6,3043,Long,10,2025-11-18 03:15:31,2025-11-18 03:52:53,39.97,40.39,10.0
3045,1069,4,CLF6,3043,Long,2,2025-11-18 03:15:31,2025-11-18 03:52:56,39.97,40.39,8.0
3046,1070,4,MCLF6,3043,Long,10,2025-11-18 03:15:31,2025-11-18 03:52:43,39.97,40.39,10.0
3047,1071,4,MCLF6,3043,Long,10,2025-11-18 03:15:33,2025-11-18 03:52:57,39.97,40.39,10.0
3048,1066,2,MESZ5,,Short,10,2025-11-20 12:18:46,2025-11-20 12:38:13,6119.75,6125.5,10.0
3049,1067,2,MESZ5,3048,Short,10,2025-11-20 12:18:46,2025-11-20 12:37:50,6119.5,6125.75,10.0
3050,1068,2,MESZ5,3048,Short,10,2025-11-20 12:18:48,2025-11-20 12:37:49,6119.75,6125.5,10.0
3051,1069,2,ESZ5,3048,Short,2,2025-11-20 12:18:49,2025-11-20 12:38:24,6119.5,6125.5,8.0
3052,1070,2,MESZ5,3048,Short,10,2025-11-20 12:18:49,2025-11-20 12:38:45,6119.75,6125.5,10.0
3053,1071,2,MESZ5,3048,Short,10,2025-11-20 12:18:49,2025-11-20 12:38:47,6119.75,6125.5,10.0
3054,1066,3,MCLF6,,Short,10,2025-11-20 10:39:07,2025-11-20 11:38:53,40.12,40.46,10.0
3055,1067,3,MCLF6,3054,Short,10,2025-11-20 10:39:09,2025-11-20 11:38:34,40.12,40.46,10.0
3056,1068,3,MCLF6,3054,Short,10,2025-11-20 10:39:07,2025-11-20 11:39:04,40.11,40.47,10.0
3057,1069,3,CLF6,3054,Short,2,2025-11-20 10:39:10,2025-11-20 11:38:56,40.12,40.46,8.0
3058,1070,3,MCLF6,3054,Short,10,2025-11-20 10:39:07,2025-11-20 11:38:30,40.11,40.47,10.0
3059,1071,3,MCLF6,3054,Short,10,2025-11-20 10:39:10,2025-11-20 11:39:00,40.12,40.46,10.0
3060,1066,4,MGCG6,,Short,5,2025-11-20 03:24:36,2025-11-20 04:57:23,3421.6,3411.8,5.0
3061,1067,4,MGCG6,3060,Short,5,2025-11-20 03:24:39,2025-11-20 04:57:35,3421.6,3411.8,5.0
3062,1068,4,MGCG6,3060,Short,5,2025-11-20 03:24:38,2025-11-20 04:56:39,3421.6,3411.8,5.0
3063,1069,4,GCG6,3060,Short,1,2025-11-20 03:24:38,2025-11-20 04:56:59,3421.5,3411.9,4.0
3064,1070,4,MGCG6,3060,Short,5,2025-11-20 03:24:37,2025-11-20 04:57:21,3421.6,3411.8,5.0
3065,1071,4,MGCG6,3060,Short,5,2025-11-20 03:24:37,2025-11-20 04:57:27,3421.5,3411.9,5.0
3066,1066,4,MCLF6,,Long,10,2025-11-21 03:32:46,2025-11-21 04:05:47,39.82,39.55,10.0
3067,1067,4,MCLF6,3066,Long,10,2025-11-21 03:32:48,2025-11-21 04:06:15,39.82,39.55,10.0
3068,1069,4,CLF6,3066,Long,2,2025-11-21 03:32:46,2025-11-21 04:06:23,39.82,39.55,8.0
3069,1070,4,MCLF6,3066,Long,10,2025-11-21 03:32:48,2025-11-21 04:06:41,39.82,39.55,10.0
3070,1071,4,MCLF6,3066,Long,10,2025-11-21 03:32:49,2025-11-21 04:06:45,39.82,39.55,10.0
3071,1066,2,M2KZ5,,Long,10,2025-11-24 12:29:55,2025-11-24 12:53:44,1935.3,1929.4,10.0
3072,1067,2,M2KZ5,3071,Long,10,2025-11-24 12:29:58,2025-11-24 12:53:57,1935.4,1929.4,10.0
3073,1068,2,M2KZ5,3071,Long,10,2025-11-24 12:29:56,2025-11-24 12:53:24,1935.4,1929.4,10.0
3074,1070,2,M2KZ5,3071,Long,10,2025-11-24 12:29:55,2025-11-24 12:53:20,1935.3,1929.4,10.0
3075,1072,2,M2KZ5,3071,Long,10,2025-11-24 12:29:57,2025-11-24 12:53:55,1935.3,1929.4,10.0
3076,1066,3,MCLF6,,Long,10,2025-11-24 10:39:32,2025-11-24 11:27:29,37.8,38.56,10.0
3077,1067,3,MCLF6,3076,Long,10,2025-11-24 10:39:32,2025-11-24 11:26:50,37.81,38.56,10.0
3078,1068,3,MCLF6,3076,Long,10,2025-11-24 10:39:35,2025-11-24 11:26:38,37.8,38.56,10.0
3079,1070,3,MCLF6,3076,Long,10,2025-11-24 10:39:35,2025-11-24 11:27:31,37.8,38.56,10.0
3080,1071,3,MCLF6,3076,Long,10,2025-11-24 10:39:32,2025-11-24 11:27:09,37.81,38.56,10.0
3081,1072,3,MCLF6,3076,Long,10,2025-11-24 10:39:33,2025-11-24 11:26:50,37.81,38.55,10.0
3082,1066,4,MCLF6,,Short,10,2025-11-24 03:19:25,2025-11-24 03:54:40,37.61,37.88,10.0
3083,1067,4,MCLF6,3082,Short,10,2025-11-24 03:19:26,2025-11-24 03:55:14,37.61,37.88,10.0
3084,1068,4,MCLF6,3082,Short,10,2025-11-24 03:19:26,2025-11-24 03:55:15,37.6,37.89,10.0
3085,1070,4,MCLF6,3082,Short,10,2025-11-24 03:19:27,2025-11-24 03:54:52,37.61,37.88,10.0
3086,1071,4,MCLF6,3082,Short,10,2025-11-24 03:19:27,2025-11-24 03:54:49,37.61,37.88,10.0
3087,1072,4,MCLF6,3082,Short,10,2025-11-24 03:19:28,2025-11-24 03:54:36,37.61,37.88,10.0
3088,1066,2,MESZ5,,Short,10,2025-11-25 12:10:44,2025-11-25 12:28:43,6264.0,6269.5,10.0
3089,1067,2,MESZ5,3088,Short,10,2025-11-25 12:10:45,2025-11-25 12:28:44,6264.0,6269.5,10.0
3090,1068,2,MESZ5,3088,Short,10,2025-11-25 12:10:47,2025-11-25 12:28:20,6264.0,6269.5,10.0
3091,1070,2,MESZ5,3088,Short,10,2025-11-25 12:10:45,2025-11-25 12:28:29,6264.0,6269.5,10.0
3092,1071,2,MESZ5,3088,Short,10,2025-11-25 12:10:47,2025-11-25 12:28:46,6264.0,6269.5,10.0
3093,1072,2,MESZ5,3088,Short,10,2025-11-25 12:10:47,2025-11-25 12:28:35,6263.75,6269.5,10.0
3094,1066,4,MCLF6,,Short,10,2025-11-25 03:26:34,2025-11-25 04:08:49,37.6,37.21,10.0
3095,1067,4,MCLF6,3094,Short,10,2025-11-25 03:26:36,2025-11-25 04:08:41,37.6,37.21,10.0
3096,1068,4,MCLF6,3094,Short,10,2025-11-25 03:26:35,2025-11-25 04:09:28,37.59,37.22,10.0
3097,1070,4,MCLF6,3094,Short,10,2025-11-25 03:26:37,2025-11-25 04:09:12,37.6,37.21,10.0
3098,1071,4,MCLF6,3094,Short,10,2025-11-25 03:26:34,2025-11-25 04:09:16,37.6,37.21,10.0
3099,1072,4,MCLF6,3094,Short,10,2025-11-25 03:26:36,2025-11-25 04:09:32,37.6,37.21,10.0
3100,1066,1,MESZ5,,Short,10,2025-11-26 09:56:11,2025-11-26 10:34:21,6221.25,6215.0,10.0
3101,1067,1,MESZ5,3100,Short,10,2025-11-26 09:56:12,2025-11-26 10:34:49,6221.0,6215.0,10.0
3102,1068,1,MESZ5,3100,Short,10,2025-11-26 09:56:11,2025-11-26 10:34:25,6221.0,6215.0,10.0
3103,1070,1,MESZ5,3100,Short,10,2025-11-26 09:56:11,2025-11-26 10:34:56,6221.25,6215.0,10.0
3104,1071,1,MESZ5,3100,Short,10,2025-11-26 09:56:13,2025-11-26 10:35:08,6221.0,6215.25,10.0
3105,1072,1,MESZ5,3100,Short,10,2025-11-26 09:56:14,2025-11-26 10:35:07,6221.0,6215.0,10.0
3106,1066,2,MESZ5,,Long,10,2025-11-26 12:27:21,2025-11-26 12:32:49,6233.25,6239.0,10.0
3107,1067,2,MESZ5,3106,Long,10,2025-11-26 12:27:22,2025-11-26 12:32:55,6233.25,6239.0,10.0
3108,1068,2,MESZ5,3106,Long,10,2025-11-26 12:27:24,2025-11-26 12:32:55,6233.25,6239.0,10.0
3109,1071,2,MESZ5,3106,Long,10,2025-11-26 12:27:24,2025-11-26 12:32:27,6233.5,6238.75,10.0
3110,1072,2,MESZ5,3106,Long,10,2025-11-26 12:27:23,2025-11-26 12:33:02,6233.25,6239.0,10.0
3111,1066,3,MGCG6,,Short,5,2025-11-26 10:35:19,2025-11-26 10:59:14,3480.4,3469.9,5.0
3112,1067,3,MGCG6,3111,Short,5,2025-11-26 10:35:19,2025-11-26 10:58:47,3480.3,3470.0,5.0
3113,1068,3,MGCG6,3111,Short,5,2025-11-26 10:35:21,2025-11-26 10:58:37,3480.4,3469.9,5.0
3114,1070,3,MGCG6,3111,Short,5,2025-11-26 10:35:19,2025-11-26 10:59:13,3480.4,3469.9,5.0
3115,1071,3,MGCG6,3111,Short,5,2025-11-26 10:35:21,2025-11-26 10:58:29,3480.3,3470.02,5.0
3116,1072,3,MGCG6,3111,Short,5,2025-11-26 10:35:22,2025-11-26 10:59:03,3480.3,3469.9,5.0
3117,1066,1,MYMZ5,,Long,10,2025-11-27 10:02:11,2025-11-27 11:35:17,40868.0,40816.0,10.0
3118,1067,1,MYMZ5,3117,Long,10,2025-11-27 10:02:11,2025-11-27 11:35:35,40868.0,40816.0,10.0
3119,1068,1,MYMZ5,3117,Long,10,2025-11-27 10:02:12,2025-11-27 11:35:43,40868.0,40816.0,10.0
3120,1070,1,MYMZ5,3117,Long,10,2025-11-27 10:02:11,2025-11-27 11:35:51,40868.0,40816.0,10.0
3121,1071,1,MYMZ5,3117,Long,10,2025-11-27 10:02:11,2025-11-27 11:35:31,40869.0,40815.0,10.0
3122,1072,1,MYMZ5,3117,Long,10,2025-11-27 10:02:13,2025-11-27 11:35:26,40868.0,40816.0,10.0
3123,1066,4,MGCG6,,Short,5,2025-11-27 03:29:24,2025-11-27 04:43:49,3473.0,3478.2,5.0
3124,1067,4,MGCG6,3123,Short,5,2025-11-27 03:29:24,2025-11-27 04:43:37,3473.0,3478.2,5.0
3125,1068,4,MGCG6,3123,Short,5,2025-11-27 03:29:27,2025-11-27 04:44:11,3473.0,3478.2,5.0
3126,1070,4,MGCG6,3123,Short,5,2025-11-27 03:29:25,2025-11-27 04:43:35,3473.0,3478.2,5.0
3127,1071,4,MGCG6,3123,Short,5,2025-11-27 03:29:27,2025-11-27 04:43:43,3472.9,3478.3,5.0
3128,1072,4,MGCG6,3123,Short,5,2025-11-27 03:29:26,2025-11-27 04:44:15,3473.0,3478.2,5.0
3129,1066,1,MYMZ5,,Long,10,2025-11-28 10:00:02,2025-11-28 11:15:03,40769.0,40700.0,10.0
3130,1067,1,MYMZ5,3129,Long,10,2025-11-28 10:00:03,2025-11-28 11:15:24,40769.0,40700.0,10.0
3131,1070,1,MYMZ5,3129,Long,10,2025-11-28 10:00:02,2025-11-28 11:15:19,40769.0,40700.0,10.0
3132,1071,1,MYMZ5,3129,Long,10,2025-11-28 10:00:02,2025-11-28 11:15:02,40770.0,40699.0,10.0
3133,1072,1,MYMZ5,3129,Long,10,2025-11-28 10:00:03,2025-11-28 11:15:56,40770.0,40700.0,10.0
3134,1066,2,MESZ5,,Short,10,2025-11-28 12:15:16,2025-11-28 12:24:16,6161.0,6166.25,10.0
3135,1067,2,MESZ5,3134,Short,10,2025-11-28 12:15:19,2025-11-28 12:25:14,6160.75,6166.5,10.0
3136,1068,2,MESZ5,3134,Short,10,2025-11-28 12:15:18,2025-11-28 12:24:19,6160.75,6166.5,10.0
3137,1070,2,MESZ5,3134,Short,10,2025-11-28 12:15:18,2025-11-28 12:24:51,6161.0,6166.25,10.0
3138,1071,2,MESZ5,3134,Short,10,2025-11-28 12:15:19,2025-11-28 12:24:44,6161.0,6166.25,10.0
3139,1066,3,MCLF6,,Long,10,2025-12-01 10:36:52,2025-12-01 12:07:44,35.88,35.57,10.0
3140,1067,3,MCLF6,3139,Long,10,2025-12-01 10:36:53,2025-12-01 12:07:29,35.88,35.57,10.0
3141,1068,3,MCLF6,3139,Long,10,2025-12-01 10:36:54,2025-12-01 12:07:44,35.88,35.57,10.0
3142,1071,3,MCLF6,3139,Long,10,2025-12-01 10:36:54,2025-12-01 12:07:40,35.88,35.57,10.0
3143,1072,3,MCLF6,3139,Long,10,2025-12-01 10:36:54,2025-12-01 12:07:21,35.88,35.57,10.0
3144,1073,3,MCLF6,3139,Long,10,2025-12-01 10:36:53,2025-12-01 12:07:19,35.89,35.56,10.0
3145,1066,4,MCLF6,,Short,10,2025-12-01 03:34:40,2025-12-01 04:25:28,35.63,35.23,10.0
3146,1067,4,MCLF6,3145,Short,10,2025-12-01 03:34:43,2025-12-01 04:24:46,35.63,35.23,10.0
3147,1071,4,MCLF6,3145,Short,10,2025-12-01 03:34:43,2025-12-01 04:24:57,35.62,35.23,10.0
3148,1072,4,MCLF6,3145,Short,10,2025-12-01 03:34:41,2025-12-01 04:25:18,35.63,35.23,10.0
3149,1073,4,MCLF6,3145,Short,10,2025-12-01 03:34:40,2025-12-01 04:25:34,35.62,35.24,10.0
3150,1066,2,M2KZ5,,Short,10,2025-12-02 12:21:35,2025-12-02 12:25:38,1956.7,1961.7,10.0
3151,1067,2,M2KZ5,3150,Short,10,2025-12-02 12:21:35,2025-12-02 12:25:48,1956.6,1961.7,10.0
3152,1068,2,M2KZ5,3150,Short,10,2025-12-02 12:21:38,2025-12-02 12:26:36,1956.6,1961.7,10.0
3153,1071,2,M2KZ5,3150,Short,10,2025-12-02 12:21:36,2025-12-02 12:25:38,1956.7,1961.7,10.0
3154,1072,2,M2KZ5,3150,Short,10,2025-12-02 12:21:38,2025-12-02 12:26:31,1956.7,1961.7,10.0
3155,1073,2,M2KZ5,3150,Short,10,2025-12-02 12:21:37,2025-12-02 12:25:58,1956.6,1961.7,10.0
3156,1066,4,MCLF6,,Long,10,2025-12-02 03:19:48,2025-12-02 04:33:37,37.49,37.92,10.0
3157,1067,4,MCLF6,3156,Long,10,2025-12-02 03:19:50,2025-12-02 04:33:01,37.5,37.91,10.0
3158,1068,4,MCLF6,3156,Long,10,2025-12-02 03:19:50,2025-12-02 04:33:22,37.49,37.92,10.0
3159,1071,4,MCLF6,3156,Long,10,2025-12-02 03:19:49,2025-12-02 04:33:18,37.49,37.92,10.0
3160,1072,4,MCLF6,3156,Long,10,2025-12-02 03:19:50,2025-12-02 04:32:53,37.49,37.92,10.0
3161,1073,4,MCLF6,3156,Long,10,2025-12-02 03:19:50,2025-12-02 04:33:23,37.49,37.92,10.0
3162,1066,1,MNQZ5,,Short,6,2025-12-03 10:00:27,2025-12-03 11:04:41,22139.75,22096.75,6.0
3163,1067,1,MNQZ5,3162,Short,6,2025-12-03 10:00:30,2025-12-03 11:04:35,22139.75,22096.75,6.0
3164,1068,1,MNQZ5,3162,Short,6,2025-12-03 10:00:27,2025-12-03 11:04:51,22139.75,22096.75,6.0
3165,1071,1,MNQZ5,3162,Short,6,2025-12-03 10:00:27,2025-12-03 11:04:49,22139.5,22097.0,6.0
3166,1072,1,MNQZ5,3162,Short,6,2025-12-03 10:00:27,2025-12-03 11:04:57,22139.75,22096.75,6.0
3167,1073,1,MNQZ5,3162,Short,6,2025-12-03 10:00:28,2025-12-03 11:04:57,22139.5,22096.75,6.0
3168,1066,2,MESZ5,,Long,10,2025-12-03 12:26:16,2025-12-03 12:37:29,6012.0,6005.25,10.0
3169,1067,2,MESZ5,3168,Long,10,2025-12-03 12:26:17,2025-12-03 12:38:04,6012.0,6005.25,10.0
3170,1068,2,MESZ5,3168,Long,10,2025-12-03 12:26:19,2025-12-03 12:38:09,6012.25,6005.25,10.0
3171,1071,2,MESZ5,3168,Long,10,2025-12-03 12:26:17,2025-12-03 12:37:49,6012.0,6005.25,10.0
3172,1073,2,MESZ5,3168,Long,10,2025-12-03 12:26:18,2025-12-03 12:37:25,6012.0,6005.25,10.0
3173,1066,3,MCLF6,,Long,10,2025-12-03 10:24:56,2025-12-03 11:25:34,37.91,37.62,10.0
3174,1068,3,MCLF6,3173,Long,10,2025-12-03 10:24:56,2025-12-03 11:25:41,37.91,37.62,10.0
3175,1071,3,MCLF6,3173,Long,10,2025-12-03 10:24:58,2025-12-03 11:25:04,37.92,37.61,10.0
3176,1072,3,MCLF6,3173,Long,10,2025-12-03 10:24:59,2025-12-03 11:25:38,37.91,37.62,10.0
3177,1073,3,MCLF6,3173,Long,10,2025-12-03 10:24:56,2025-12-03 11:25:34,37.91,37.62,10.0
3178,1066,3,MCLF6,,Long,10,2025-12-04 10:29:23,2025-12-04 10:56:31,38.6,38.31,10.0
3179,1067,3,MCLF6,3178,Long,10,2025-12-04 10:29:25,2025-12-04 10:57:02,38.61,38.3,10.0
3180,1068,3,MCLF6,3178,Long,10,2025-12-04 10:29:25,2025-12-04 10:57:18,38.61,38.3,10.0
3181,1071,3,MCLF6,3178,Long,10,2025-12-04 10:29:26,2025-12-04 10:56:40,38.61,38.31,10.0
3182,1072,3,MCLF6,3178,Long,10,2025-12-04 10:29:26,2025-12-04 10:56:56,38.6,38.31,10.0
3183,1073,3,MCLF6,3178,Long,10,2025-12-04 10:29:23,2025-12-04 10:56:44,38.6,38.31,10.0
3184,1066,2,MESZ5,,Long,10,2025-12-05 12:29:35,2025-12-05 12:39:45,6028.75,6034.75,10.0
3185,1067,2,MESZ5,3184,Long,10,2025-12-05 12:29:38,2025-12-05 12:39:39,6028.75,6034.75,10.0
3186,1068,2,MESZ5,3184,Long,10,2025-12-05 12:29:35,2025-12-05 12:40:12,6029.0,6034.75,10.0
3187,1071,2,MESZ5,3184,Long,10,2025-12-05 12:29:35,2025-12-05 12:40:31,6029.0,6034.5,10.0
3188,1072,2,MESZ5,3184,Long,10,2025-12-05 12:29:37,2025-12-05 12:40:27,6029.0,6034.5,10.0
3189,1073,2,MESZ5,3184,Long,10,2025-12-05 12:29:37,2025-12-05 12:39:40,6029.0,6034.5,10.0
3190,1066,3,MGCG6,,Long,5,2025-12-05 10:25:54,2025-12-05 10:44:19,3362.2,3356.4,5.0
3191,1067,3,MGCG6,3190,Long,5,2025-12-05 10:25:57,2025-12-05 10:44:03,3362.3,3356.3,5.0
3192,1068,3,MGCG6,3190,Long,5,2025-12-05 10:25:57,2025-12-05 10:44:06,3362.2,3356.4,5.0
3193,1071,3,MGCG6,3190,Long,5,2025-12-05 10:25:55,2025-12-05 10:44:03,3362.2,3356.4,5.0
3194,1072,3,MGCG6,3190,Long,5,2025-12-05 10:25:56,2025-12-05 10:44:55,3362.3,3356.3,5.0
3195,1073,3,MGCG6,3190,Long,5,2025-12-05 10:25:55,2025-12-05 10:44:38,3362.2,3356.4,5.0
3196,1066,5,MESZ5,,Short,10,2025-12-05 08:51:01,2025-12-05 09:14:04,6090.75,6083.75,10.0
3197,1067,5,MESZ5,3196,Short,10,2025-12-05 08:51:02,2025-12-05 09:14:52,6090.5,6084.0,10.0
3198,1068,5,MESZ5,3196,Short,10,2025-12-05 08:51:02,2025-12-05 09:15:00,6090.5,6083.75,10.0
3199,1071,5,MESZ5,3196,Short,10,2025-12-05 08:51:03,2025-12-05 09:14:11,6090.75,6083.75,10.0
3200,1072,5,MESZ5,3196,Short,10,2025-12-05 08:51:03,2025-12-05 09:14:49,6090.75,6083.75,10.0
3201,1073,5,MESZ5,3196,Short,10,2025-12-05 08:51:04,2025-12-05 09:14:42,6090.5,6084.0,10.0
3202,1066,1,MNQZ5,,Short,6,2025-12-08 09:57:09,2025-12-08 11:32:02,21790.5,21818.5,6.0
3203,1067,1,MNQZ5,3202,Short,6,2025-12-08 09:57:10,2025-12-08 11:31:26,21790.25,21818.75,6.0
3204,1068,1,MNQZ5,3202,Short,6,2025-12-08 09:57:09,2025-12-08 11:32:07,21790.25,21818.5,6.0
3205,1071,1,MNQZ5,3202,Short,6,2025-12-08 09:57:11,2025-12-08 11:32:06,21790.5,21818.5,6.0
3206,1072,1,MNQZ5,3202,Short,6,2025-12-08 09:57:10,2025-12-08 11:31:58,21790.5,21818.5,6.0
3207,1066,2,M2KZ5,,Short,10,2025-12-09 12:13:52,2025-12-09 12:22:14,1960.6,1966.5,10.0
3208,1067,2,M2KZ5,3207,Short,10,2025-12-09 12:13:53,2025-12-09 12:22:11,1960.5,1966.6,10.0
3209,1068,2,M2KZ5,3207,Short,10,2025-12-09 12:13:54,2025-12-09 12:22:53,1960.5,1966.6,10.0
3210,1072,2,M2KZ5,3207,Short,10,2025-12-09 12:13:55,2025-12-09 12:22:05,1960.6,1966.5,10.0
3211,1073,2,M2KZ5,3207,Short,10,2025-12-09 12:13:55,2025-12-09 12:21:56,1960.5,1966.6,10.0
3212,1067,1,MYMZ5,,Long,10,2025-12-10 10:00:28,2025-12-10 10:15:42,41277.0,41356.0,10.0
3213,1068,1,MYMZ5,3212,Long,10,2025-12-10 10:00:29,2025-12-10 10:15:43,41277.0,41356.0,10.0
3214,1071,1,MYMZ5,3212,Long,10,2025-12-10 10:00:29,2025-12-10 10:15:59,41278.0,41355.0,10.0
3215,1072,1,MYMZ5,3212,Long,10,2025-12-10 10:00:28,2025-12-10 10:16:17,41277.0,41356.0,10.0
3216,1073,1,MYMZ5,3212,Long,10,2025-12-10 10:00:29,2025-12-10 10:15:48,41277.0,41356.0,10.0
3217,1074,1,YMZ5,3212,Long,2,2025-12-10 10:00:30,2025-12-10 10:16:06,41277.0,41356.0,8.0
3218,1068,2,MESZ5,,Short,10,2025-12-10 12:22:20,2025-12-10 12:36:37,5948.75,5943.75,10.0
3219,1071,2,MESZ5,3218,Short,10,2025-12-10 12:22:23,2025-12-10 12:36:47,5948.5,5943.75,10.0
3220,1072,2,MESZ5,3218,Short,10,2025-12-10 12:22:23,2025-12-10 12:36:35,5948.75,5943.75,10.0
3221,1073,2,MESZ5,3218,Short,10,2025-12-10 12:22:23,2025-12-10 12:36:30,5948.75,5943.75,10.0
3222,1067,3,MCLF6,,Short,10,2025-12-10 10:24:25,2025-12-10 11:12:14,36.65,37.0,10.0
3223,1068,3,MCLF6,3222,Short,10,2025-12-10 10:24:28,2025-12-10 11:11:41,36.65,37.0,10.0
3224,1071,3,MCLF6,3222,Short,10,2025-12-10 10:24:26,2025-12-10 11:11:34,36.64,37.01,10.0
3225,1072,3,MCLF6,3222,Short,10,2025-12-10 10:24:25,2025-12-10 11:12:12,36.65,37.0,10.0
3226,1073,3,MCLF6,3222,Short,10,2025-12-10 10:24:27,2025-12-10 11:12:21,36.65,37.0,10.0
3227,1074,3,CLF6,3222,Short,2,2025-12-10 10:24:28,2025-12-10 11:12:12,36.65,37.0,8.0
3228,1067,5,MESZ5,,Short,10,2025-12-10 08:38:42,2025-12-10 08:59:59,5973.75,5979.75,10.0
3229,1068,5,MESZ5,3228,Short,10,2025-12-10 08:38:42,2025-12-10 09:00:26,5973.5,5979.75,10.0
3230,1071,5,MESZ5,3228,Short,10,2025-12-10 08:38:45,2025-12-10 09:00:34,5973.5,5979.75,10.0
3231,1072,5,MESZ5,3228,Short,10,2025-12-10 08:38:42,2025-12-10 08:59:46,5973.75,5979.75,10.0
3232,1073,5,MESZ5,3228,Short,10,2025-12-10 08:38:45,2025-12-10 08:59:57,5973.5,5979.75,10.0
3233,1074,5,ESZ5,3228,Short,2,2025-12-10 08:38:42,2025-12-10 09:00:37,5973.75,5979.75,8.0
3234,1067,1,MYMH6,,Long,10,2025-12-11 10:04:58,2025-12-11 10:26:41,41345.0,41482.0,10.0
3235,1068,1,MYMH6,3234,Long,10,2025-12-11 10:05:00,2025-12-11 10:26:08,41345.0,41482.0,10.0
3236,1071,1,MYMH6,3234,Long,10,2025-12-11 10:05:01,2025-12-11 10:26:36,41345.0,41482.0,10.0
3237,1072,1,MYMH6,3234,Long,10,2025-12-11 10:04:58,2025-12-11 10:26:06,41345.0,41482.0,10.0
3238,1074,1,YMH6,3234,Long,2,2025-12-11 10:04:58,2025-12-11 10:26:51,41346.0,41481.0,8.0
3239,1067,3,MGCG6,,Short,5,2025-12-11 10:30:41,2025-12-11 11:33:42,3366.8,3357.3,5.0
3240,1068,3,MGCG6,3239,Short,5,2025-12-11 10:30:44,2025-12-11 11:34:09,3366.8,3357.3,5.0
3241,1071,3,MGCG6,3239,Short,5,2025-12-11 10:30:42,2025-12-11 11:34:25,3366.7,3357.38,5.0
3242,1073,3,MGCG6,3239,Short,5,2025-12-11 10:30:44,2025-12-11 11:34:27,3366.8,3357.32,5.0
3243,1074,3,GCG6,3239,Short,1,2025-12-11 10:30:43,2025-12-11 11:34:11,3366.8,3357.3,4.0
3244,1067,3,MNQH6,,Short,6,2025-12-12 10:22:22,2025-12-12 11:38:27,22005.25,22028.25,6.0
3245,1068,3,MNQH6,3244,Short,6,2025-12-12 10:22:24,2025-12-12 11:39:20,22005.25,22028.25,6.0
3246,1071,3,MNQH6,3244,Short,6,2025-12-12 10:22:24,2025-12-12 11:38:58,22005.0,22028.25,6.0
3247,1072,3,MNQH6,3244,Short,6,2025-12-12 10:22:24,2025-12-12 11:39:15,22005.0,22028.25,6.0
3248,1073,3,MNQH6,3244,Short,6,2025-12-12 10:22:23,2025-12-12 11:39:14,22005.25,22028.25,6.0
3249,1074,3,NQH6,3244,Short,2,2025-12-12 10:22:24,2025-12-12 11:38:50,22005.0,22028.25,8.0
3250,1067,4,MCLG6,,Long,10,2025-12-12 03:18:03,2025-12-12 04:28:53,37.59,38.03,10.0
3251,1068,4,MCLG6,3250,Long,10,2025-12-12 03:18:05,2025-12-12 04:28:23,37.6,38.02,10.0
3252,1071,4,MCLG6,3250,Long,10,2025-12-12 03:18:05,2025-12-12 04:28:27,37.6,38.02,10.0
3253,1072,4,MCLG6,3250,Long,10,2025-12-12 03:18:06,2025-12-12 04:29:04,37.6,38.03,10.0
3254,1073,4,MCLG6,3250,Long,10,2025-12-12 03:18:06,2025-12-12 04:28:34,37.59,38.03,10.0
3255,1074,4,CLG6,3250,Long,2,2025-12-12 03:18:06,2025-12-12 04:29:03,37.59,38.03,8.0
3256,1067,4,MGCG6,,Long,5,2025-12-15 03:21:39,2025-12-15 04:27:38,3371.7,3365.6,5.0
3257,1068,4,MGCG6,3256,Long,5,2025-12-15 03:21:40,2025-12-15 04:26:50,3371.7,3365.6,5.0
3258,1071,4,MGCG6,3256,Long,5,2025-12-15 03:21:40,2025-12-15 04:27:35,3371.8,3365.5,5.0
3259,1073,4,MGCG6,3256,Long,5,2025-12-15 03:21:40,2025-12-15 04:27:24,3371.8,3365.5,5.0
3260,1074,4,GCG6,3256,Long,1,2025-12-15 03:21:42,2025-12-15 04:27:15,3371.8,3365.6,4.0
3261,1068,1,MNQH6,,Long,6,2025-12-16 10:00:25,2025-12-16 11:31:44,21820.0,21857.0,6.0
3262,1071,1,MNQH6,3261,Long,6,2025-12-16 10:00:25,2025-12-16 11:32:15,21820.0,21857.0,6.0
3263,1072,1,MNQH6,3261,Long,6,2025-12-16 10:00:28,2025-12-16 11:32:02,21820.0,21857.0,6.0
3264,1073,1,MNQH6,3261,Long,6,2025-12-16 10:00:27,2025-12-16 11:31:39,21820.0,21857.0,6.0
3265,1074,1,NQH6,3261,Long,2,2025-12-16 10:00:28,2025-12-16 11:32:23,21820.0,21857.0,8.0
3266,1067,4,MCLG6,,Short,10,2025-12-16 03:29:37,2025-12-16 05:02:38,38.32,37.92,10.0
3267,1068,4,MCLG6,3266,Short,10,2025-12-16 03:29:39,2025-12-16 05:03:04,38.31,37.92,10.0
3268,1071,4,MCLG6,3266,Short,10,2025-12-16 03:29:40,2025-12-16 05:03:14,38.32,37.92,10.0
3269,1072,4,MCLG6,3266,Short,10,2025-12-16 03:29:37,2025-12-16 05:02:46,38.32,37.92,10.0
3270,1073,4,MCLG6,3266,Short,10,2025-12-16 03:29:39,2025-12-16 05:03:28,38.31,37.92,10.0
3271,1074,4,CLG6,3266,Short,2,2025-12-16 03:29:38,2025-12-16 05:03:02,38.32,37.92,8.0
3272,1067,2,MESH6,,Short,10,2025-12-17 12:17:06,2025-12-17 12:30:58,5862.0,5868.75,10.0
3273,1068,2,MESH6,3272,Short,10,2025-12-17 12:17:09,2025-12-17 12:30:42,5861.75,5868.75,10.0
3274,1071,2,MESH6,3272,Short,10,2025-12-17 12:17:06,2025-12-17 12:31:02,5862.0,5868.75,10.0
3275,1072,2,MESH6,3272,Short,10,2025-12-17 12:17:07,2025-12-17 12:31:06,5861.75,5869.0,10.0
3276,1073,2,MESH6,3272,Short,10,2025-12-17 12:17:09,2025-12-17 12:30:54,5862.0,5868.75,10.0
3277,1074,2,ESH6,3272,Short,2,2025-12-17 12:17:07,2025-12-17 12:30:18,5861.75,5868.75,8.0
3278,1067,3,MNQH6,,Short,6,2025-12-18 10:21:34,2025-12-18 10:29:35,21615.0,21571.0,6.0
3279,1068,3,MNQH6,3278,Short,6,2025-12-18 10:21:35,2025-12-18 10:30:15,21615.0,21571.0,6.0
3280,1071,3,MNQH6,3278,Short,6,2025-12-18 10:21:36,2025-12-18 10:30:28,21614.75,21571.25,6.0
3281,1072,3,MNQH6,3278,Short,6,2025-12-18 10:21:37,2025-12-18 10:30:12,21614.75,21571.0,6.0
3282,1074,3,NQH6,3278,Short,2,2025-12-18 10:21:37,2025-12-18 10:30:16,21615.0,21571.0,8.0
3283,1067,4,MCLG6,,Long,10,2025-12-18 03:19:02,2025-12-18 03:35:40,38.22,37.9,10.0
3284,1068,4,MCLG6,3283,Long,10,2025-12-18 03:19:02,2025-12-18 03:35:06,38.22,37.9,10.0
3285,1071,4,MCLG6,3283,Long,10,2025-12-18 03:19:03,2025-12-18 03:35:56,38.23,37.89,10.0
3286,1072,4,MCLG6,3283,Long,10,2025-12-18 03:19:03,2025-12-18 03:35:14,38.22,37.9,10.0
3287,1073,4,MCLG6,3283,Long,10,2025-12-18 03:19:02,2025-12-18 03:35:49,38.23,37.9,10.0
3288,1074,4,CLG6,3283,Long,2,2025-12-18 03:19:05,2025-12-18 03:35:51,38.22,37.9,8.0
3289,1067,2,M2KH6,,Short,10,2025-12-19 12:14:59,2025-12-19 12:40:53,1939.7,1945.7,10.0
3290,1068,2,M2KH6,3289,Short,10,2025-12-19 12:15:01,2025-12-19 12:40:11,1939.7,1945.7,10.0
3291,1071,2,M2KH6,3289,Short,10,2025-12-19 12:15:01,2025-12-19 12:40:35,1939.7,1945.7,10.0
3292,1072,2,M2KH6,3289,Short,10,2025-12-19 12:15:01,2025-12-19 12:40:04,1939.6,1945.7,10.0
3293,1073,2,M2KH6,3289,Short,10,2025-12-19 12:15:02,2025-12-19 12:40:45,1939.7,1945.7,10.0
3294,1074,2,RTYH6,3289,Short,2,2025-12-19 12:14:59,2025-12-19 12:39:59,1939.7,1945.7,8.0
3295,1067,3,MGCG6,,Long,5,2025-12-19 10:32:05,2025-12-19 12:00:25,3426.0,3436.4,5.0
3296,1068,3,MGCG6,3295,Long,5,2025-12-19 10:32:05,2025-12-19 12:00:26,3426.1,3436.3,5.0
3297,1071,3,MGCG6,3295,Long,5,2025-12-19 10:32:07,2025-12-19 12:00:32,3426.1,3436.4,5.0
3298,1072,3,MGCG6,3295,Long,5,2025-12-19 10:32:07,2025-12-19 12:00:11,3426.1,3436.4,5.0
3299,1073,3,MGCG6,3295,Long,5,2025-12-19 10:32:07,2025-12-19 12:01:04,3426.0,3436.4,5.0
3300,1067,1,MYMH6,,Short,10,2025-12-22 09:54:54,2025-12-22 10:33:02,41562.0,41609.0,10.0
3301,1068,1,MYMH6,3300,Short,10,2025-12-22 09:54:54,2025-12-22 10:33:21,41561.0,41610.0,10.0
3302,1071,1,MYMH6,3300,Short,10,2025-12-22 09:54:55,2025-12-22 10:33:24,41561.0,41609.0,10.0
3303,1072,1,MYMH6,3300,Short,10,2025-12-22 09:54:54,2025-12-22 10:33:25,41561.0,41610.0,10.0
3304,1074,1,YMH6,3300,Short,2,2025-12-22 09:54:54,2025-12-22 10:33:36,41562.0,41609.0,8.0
3305,1067,2,M2KH6,,Long,10,2025-12-22 12:18:05,2025-12-22 12:36:40,1927.8,1920.9,10.0
3306,1068,2,M2KH6,3305,Long,10,2025-12-22 12:18:07,2025-12-22 12:37:06,1927.8,1920.9,10.0
3307,1071,2,M2KH6,3305,Long,10,2025-12-22 12:18:05,2025-12-22 12:36:31,1927.8,1920.9,10.0
3308,1073,2,M2KH6,3305,Long,10,2025-12-22 12:18:07,2025-12-22 12:37:04,1927.8,1920.9,10.0
3309,1067,3,MNQH6,,Short,6,2025-12-22 10:23:36,2025-12-22 11:36:48,21575.25,21596.25,6.0
3310,1068,3,MNQH6,3309,Short,6,2025-12-22 10:23:37,2025-12-22 11:37:27,21575.25,21596.25,6.0
3311,1071,3,MNQH6,3309,Short,6,2025-12-22 10:23:36,2025-12-22 11:36:45,21575.0,21596.25,6.0
3312,1073,3,MNQH6,3309,Short,6,2025-12-22 10:23:39,2025-12-22 11:36:53,21575.0,21596.25,6.0
3313,1074,3,NQH6,3309,Short,2,2025-12-22 10:23:38,2025-12-22 11:36:52,21575.0,21596.25,8.0
3314,1067,4,MGCG6,,Short,5,2025-12-23 03:20:06,2025-12-23 04:32:18,3406.3,3411.8,5.0
3315,1068,4,MGCG6,3314,Short,5,2025-12-23 03:20:08,2025-12-23 04:32:09,3406.2,3411.8,5.0
3316,1071,4,MGCG6,3314,Short,5,2025-12-23 03:20:09,2025-12-23 04:32:58,3406.3,3411.8,5.0
3317,1072,4,MGCG6,3314,Short,5,2025-12-23 03:20:09,2025-12-23 04:32:19,3406.3,3411.8,5.0
3318,1073,4,MGCG6,3314,Short,5,2025-12-23 03:20:09,2025-12-23 04:33:00,3406.3,3411.8,5.0
3319,1074,4,GCG6,3314,Short,1,2025-12-23 03:20:09,2025-12-23 04:32:15,3406.2,3411.8,4.0
3320,1067,1,MNQH6,,Short,6,2025-12-24 09:49:22,2025-12-24 10:36:43,21784.0,21812.5,6.0
3321,1068,1,MNQH6,3320,Short,6,2025-12-24 09:49:22,2025-12-24 10:37:14,21783.75,21812.75,6.0
3322,1071,1,MNQH6,3320,Short,6,2025-12-24 09:49:25,2025-12-24 10:37:12,21783.75,21812.5,6.0
3323,1072,1,MNQH6,3320,Short,6,2025-12-24 09:49:23,2025-12-24 10:36:59,21783.75,21812.75,6.0
3324,1073,1,MNQH6,3320,Short,6,2025-12-24 09:49:23,2025-12-24 10:36:39,21783.75,21812.75,6.0
3325,1074,1,NQH6,3320,Short,2,2025-12-24 09:49:23,2025-12-24 10:36:49,21783.75,21812.75,8.0
3326,1067,3,MNQH6,,Short,6,2025-12-24 10:26:25,2025-12-24 11:18:50,21961.25,21982.25,6.0
3327,1068,3,MNQH6,3326,Short,6,2025-12-24 10:26:27,2025-12-24 11:19:02,21961.25,21982.25,6.0
3328,1071,3,MNQH6,3326,Short,6,2025-12-24 10:26:26,2025-12-24 11:18:39,21961.25,21982.25,6.0
3329,1072,3,MNQH6,3326,Short,6,2025-12-24 10:26:25,2025-12-24 11:18:42,21961.0,21982.25,6.0
3330,1073,3,MNQH6,3326,Short,6,2025-12-24 10:26:28,2025-12-24 11:18:36,21961.0,21982.25,6.0
3331,1074,3,NQH6,3326,Short,2,2025-12-24 10:26:25,2025-12-24 11:19:03,21961.0,21982.25,8.0
3332,1067,4,MCLG6,,Short,10,2025-12-24 03:26:01,2025-12-24 04:23:09,38.66,38.95,10.0
3333,1068,4,MCLG6,3332,Short,10,2025-12-24 03:26:03,2025-12-24 04:23:24,38.66,38.95,10.0
3334,1071,4,MCLG6,3332,Short,10,2025-12-24 03:26:04,2025-12-24 04:23:54,38.65,38.96,10.0
3335,1072,4,MCLG6,3332,Short,10,2025-12-24 03:26:02,2025-12-24 04:23:33,38.66,38.95,10.0
3336,1073,4,MCLG6,3332,Short,10,2025-12-24 03:26:04,2025-12-24 04:23:18,38.66,38.95,10.0
3337,1074,4,CLG6,3332,Short,2,2025-12-24 03:26:04,2025-12-24 04:23:44,38.66,38.95,8.0
3338,1068,1,MYMH6,,Long,10,2025-12-25 09:55:12,2025-12-25 10:25:25,41832.0,41764.0,10.0
3339,1072,1,MYMH6,3338,Long,10,2025-12-25 09:55:15,2025-12-25 10:25:18,41832.0,41764.0,10.0
3340,1073,1,MYMH6,3338,Long,10,2025-12-25 09:55:15,2025-12-25 10:25:48,41832.0,41764.0,10.0
3341,1075,1,MYMH6,3338,Long,10,2025-12-25 09:55:15,2025-12-25 10:25:26,41833.0,41764.0,10.0
3342,1068,2,MESH6,,Long,10,2025-12-25 12:22:25,2025-12-25 12:35:55,5769.0,5763.0,10.0
3343,1072,2,MESH6,3342,Long,10,2025-12-25 12:22:26,2025-12-25 12:36:22,5769.0,5763.0,10.0
3344,1073,2,MESH6,3342,Long,10,2025-12-25 12:22:27,2025-12-25 12:36:15,5769.0,5763.0,10.0
3345,1068,3,MGCG6,,Short,5,2025-12-25 10:37:29,2025-12-25 11:38:47,3437.6,3443.6,5.0
3346,1072,3,MGCG6,3345,Short,5,2025-12-25 10:37:31,2025-12-25 11:38:56,3437.6,3443.6,5.0
3347,1073,3,MGCG6,3345,Short,5,2025-12-25 10:37:31,2025-12-25 11:39:07,3437.5,3443.6,5.0
3348,1075,3,MGCG6,3345,Short,5,2025-12-25 10:37:32,2025-12-25 11:39:05,3437.6,3443.6,5.0
3349,1068,1,MESH6,,Short,10,2025-12-26 10:00:07,2025-12-26 11:10:11,5754.0,5760.25,10.0
3350,1073,1,MESH6,3349,Short,10,2025-12-26 10:00:09,2025-12-26 11:10:27,5753.75,5760.5,10.0
3351,1075,1,MESH6,3349,Short,10,2025-12-26 10:00:08,2025-12-26 11:10:52,5754.0,5760.25,10.0
3352,1068,2,MESH6,,Long,10,2025-12-26 12:15:21,2025-12-26 12:29:36,5768.75,5773.0,10.0
3353,1073,2,MESH6,3352,Long,10,2025-12-26 12:15:21,2025-12-26 12:30:03,5768.75,5773.0,10.0
3354,1075,2,MESH6,3352,Long,10,2025-12-26 12:15:23,2025-12-26 12:30:03,5768.75,5773.0,10.0
3355,1068,3,MNQH6,,Short,6,2025-12-26 10:38:44,2025-12-26 11:34:07,21277.0,21297.5,6.0
3356,1073,3,MNQH6,3355,Short,6,2025-12-26 10:38:46,2025-12-26 11:34:38,21277.0,21297.5,6.0
3357,1075,3,MNQH6,3355,Short,6,2025-12-26 10:38:47,2025-12-26 11:34:09,21277.0,21297.5,6.0
3358,1068,1,MYMH6,,Short,10,2025-12-29 09:58:16,2025-12-29 11:10:46,41859.0,41912.0,10.0
3359,1073,1,MYMH6,3358,Short,10,2025-12-29 09:58:19,2025-12-29 11:10:47,41859.0,41912.0,10.0
3360,1075,1,MYMH6,3358,Short,10,2025-12-29 09:58:19,2025-12-29 11:10:48,41858.0,41913.0,10.0
3361,1068,2,M2KH6,,Short,10,2025-12-29 12:10:26,2025-12-29 12:19:18,1819.9,1825.8,10.0
3362,1073,2,M2KH6,3361,Short,10,2025-12-29 12:10:26,2025-12-29 12:18:26,1819.9,1825.8,10.0
3363,1075,2,M2KH6,3361,Short,10,2025-12-29 12:10:26,2025-12-29 12:18:29,1819.8,1825.9,10.0
3364,1068,4,MCLG6,,Short,10,2025-12-30 03:35:02,2025-12-30 05:00:34,37.4,36.99,10.0
3365,1073,4,MCLG6,3364,Short,10,2025-12-30 03:35:04,2025-12-30 05:00:32,37.39,37.0,10.0
3366,1075,4,MCLG6,3364,Short,10,2025-12-30 03:35:03,2025-12-30 05:00:38,37.4,36.99,10.0
3367,1076,4,MCLG6,3364,Short,10,2025-12-30 03:35:05,2025-12-30 05:00:51,37.39,36.99,10.0
3368,1068,1,MYMH6,,Long,10,2025-12-31 09:55:25,2025-12-31 10:34:52,41889.0,41969.0,10.0
3369,1073,1,MYMH6,3368,Long,10,2025-12-31 09:55:25,2025-12-31 10:34:55,41890.0,41968.0,10.0
3370,1075,1,MYMH6,3368,Long,10,2025-12-31 09:55:26,2025-12-31 10:35:20,41890.0,41969.0,10.0
3371,1076,1,MYMH6,3368,Long,10,2025-12-31 09:55:26,2025-12-31 10:34:49,41889.0,41969.0,10.0
3372,1077,1,MYMH6,3368,Long,10,2025-12-31 09:55:27,2025-12-31 10:34:53,41890.0,41968.0,10.0
3373,1068,2,MESH6,,Short,10,2025-12-31 12:10:25,2025-12-31 12:29:35,5980.5,5976.0,10.0
3374,1073,2,MESH6,3373,Short,10,2025-12-31 12:10:28,2025-12-31 12:30:26,5980.5,5976.0,10.0
3375,1075,2,MESH6,3373,Short,10,2025-12-31 12:10:26,2025-12-31 12:30:13,5980.25,5976.0,10.0
3376,1076,2,MESH6,3373,Short,10,2025-12-31 12:10:27,2025-12-31 12:30:19,5980.5,5976.0,10.0
3377,1077,2,MESH6,3373,Short,10,2025-12-31 12:10:26,2025-12-31 12:29:43,5980.5,5976.0,10.0
3378,1068,3,MCLG6,,Long,10,2025-12-31 10:28:51,2025-12-31 10:54:56,38.08,38.83,10.0
3379,1073,3,MCLG6,3378,Long,10,2025-12-31 10:28:54,2025-12-31 10:55:35,38.09,38.83,10.0
3380,1075,3,MCLG6,3378,Long,10,2025-12-31 10:28:51,2025-12-31 10:55:18,38.09,38.82,10.0
3381,1076,3,MCLG6,3378,Long,10,2025-12-31 10:28:54,2025-12-31 10:54:58,38.08,38.83,10.0
3382,1077,3,MCLG6,3378,Long,10,2025-12-31 10:28:53,2025-12-31 10:55:43,38.08,38.83,10.0
3383,1073,4,MCLG6,,Long,10,2025-12-31 03:18:09,2025-12-31 04:06:51,37.98,37.73,10.0
3384,1075,4,MCLG6,3383,Long,10,2025-12-31 03:18:10,2025-12-31 04:06:20,37.98,37.73,10.0
3385,1076,4,MCLG6,3383,Long,10,2025-12-31 03:18:10,2025-12-31 04:06:15,37.98,37.73,10.0
3386,1077,4,MCLG6,3383,Long,10,2025-12-31 03:18:11,2025-12-31 04:07:01,37.98,37.73,10.0
3387,1068,2,MESH6,,Long,10,2026-01-01 12:24:27,2026-01-01 12:47:02,5906.0,5911.0,10.0
3388,1073,2,MESH6,3387,Long,10,2026-01-01 12:24:28,2026-01-01 12:47:07,5906.0,5911.0,10.0
3389,1075,2,MESH6,3387,Long,10,2026-01-01 12:24:29,2026-01-01 12:47:26,5906.25,5910.75,10.0
3390,1076,2,MESH6,3387,Long,10,2026-01-01 12:24:28,2026-01-01 12:46:49,5906.25,5911.0,10.0
3391,1077,2,MESH6,3387,Long,10,2026-01-01 12:24:30,2026-01-01 12:47:13,5906.0,5911.0,10.0
3392,1078,2,MESH6,3387,Long,10,2026-01-01 12:24:29,2026-01-01 12:46:46,5906.0,5911.0,10.0
3393,1068,4,MGCG6,,Short,5,2026-01-01 03:26:34,2026-01-01 03:54:43,3382.5,3374.3,5.0
3394,1073,4,MGCG6,3393,Short,5,2026-01-01 03:26:35,2026-01-01 03:55:08,3382.5,3374.3,5.0
3395,1075,4,MGCG6,3393,Short,5,2026-01-01 03:26:34,2026-01-01 03:54:54,3382.4,3374.3,5.0
3396,1076,4,MGCG6,3393,Short,5,2026-01-01 03:26:37,2026-01-01 03:54:45,3382.4,3374.4,5.0
3397,1077,4,MGCG6,3393,Short,5,2026-01-01 03:26:36,2026-01-01 03:55:31,3382.5,3374.3,5.0
3398,1078,4,MGCG6,3393,Short,5,2026-01-01 03:26:36,2026-01-01 03:55:11,3382.4,3374.32,5.0
3399,1068,1,MNQH6,,Long,6,2026-01-02 09:48:41,2026-01-02 10:50:10,19929.0,19899.0,6.0
3400,1073,1,MNQH6,3399,Long,6,2026-01-02 09:48:43,2026-01-02 10:49:59,19929.0,19899.0,6.0
3401,1075,1,MNQH6,3399,Long,6,2026-01-02 09:48:43,2026-01-02 10:50:39,19929.25,19899.0,6.0
3402,1077,1,MNQH6,3399,Long,6,2026-01-02 09:48:42,2026-01-02 10:50:30,19929.0,19899.0,6.0
3403,1078,1,MNQH6,3399,Long,6,2026-01-02 09:48:44,2026-01-02 10:50:23,19929.25,19898.75,6.0
3404,1068,2,MESH6,,Short,10,2026-01-02 12:22:26,2026-01-02 12:26:48,5907.0,5913.75,10.0
3405,1073,2,MESH6,3404,Short,10,2026-01-02 12:22:28,2026-01-02 12:26:28,5907.0,5913.75,10.0
3406,1075,2,MESH6,3404,Short,10,2026-01-02 12:22:29,2026-01-02 12:27:27,5906.75,5913.75,10.0
3407,1076,2,MESH6,3404,Short,10,2026-01-02 12:22:28,2026-01-02 12:26:38,5907.0,5913.75,10.0
3408,1077,2,MESH6,3404,Short,10,2026-01-02 12:22:26,2026-01-02 12:26:28,5907.0,5913.75,10.0
3409,1078,2,MESH6,3404,Short,10,2026-01-02 12:22:29,2026-01-02 12:26:46,5907.0,5913.75,10.0
3410,1068,3,MGCG6,,Long,5,2026-01-02 10:33:15,2026-01-02 11:32:50,3435.8,3430.2,5.0
3411,1073,3,MGCG6,3410,Long,5,2026-01-02 10:33:18,2026-01-02 11:32:26,3435.8,3430.2,5.0
3412,1075,3,MGCG6,3410,Long,5,2026-01-02 10:33:17,2026-01-02 11:32:44,3435.9,3430.2,5.0
3413,1076,3,MGCG6,3410,Long,5,2026-01-02 10:33:17,2026-01-02 11:32:19,3435.9,3430.2,5.0
3414,1077,3,MGCG6,3410,Long,5,2026-01-02 10:33:15,2026-01-02 11:32:56,3435.9,3430.2,5.0
3415,1078,3,MGCG6,3410,Long,5,2026-01-02 10:33:16,2026-01-02 11:33:12,3435.9,3430.1,5.0
3416,1068,4,MGCG6,,Long,5,2026-01-02 03:19:30,2026-01-02 04:55:26,3460.7,3454.3,5.0
3417,1073,4,MGCG6,3416,Long,5,2026-01-02 03:19:31,2026-01-02 04:54:58,3460.8,3454.2,5.0
3418,1075,4,MGCG6,3416,Long,5,2026-01-02 03:19:32,2026-01-02 04:54:42,3460.7,3454.3,5.0
3419,1077,4,MGCG6,3416,Long,5,2026-01-02 03:19:32,2026-01-02 04:54:39,3460.7,3454.3,5.0
3420,1078,4,MGCG6,3416,Long,5,2026-01-02 03:19:33,2026-01-02 04:55:15,3460.7,3454.3,5.0
3421,1068,5,MESH6,,Long,10,2026-01-02 08:53:12,2026-01-02 09:05:29,5872.5,5878.5,10.0
3422,1073,5,MESH6,3421,Long,10,2026-01-02 08:53:13,2026-01-02 09:05:51,5872.75,5878.25,10.0
3423,1075,5,MESH6,3421,Long,10,2026-01-02 08:53:13,2026-01-02 09:05:38,5872.75,5878.25,10.0
3424,1076,5,MESH6,3421,Long,10,2026-01-02 08:53:13,2026-01-02 09:05:50,5872.5,5878.5,10.0
3425,1077,5,MESH6,3421,Long,10,2026-01-02 08:53:12,2026-01-02 09:05:16,5872.75,5878.5,10.0
3426,1078,5,MESH6,3421,Long,10,2026-01-02 08:53:15,2026-01-02 09:05:51,5872.5,5878.5,10.0
3427,1068,1,MESH6,,Short,10,2026-01-05 09:51:08,2026-01-05 11:17:08,5870.25,5876.0,10.0
3428,1073,1,MESH6,3427,Short,10,2026-01-05 09:51:09,2026-01-05 11:17:47,5870.0,5876.25,10.0
3429,1075,1,MESH6,3427,Short,10,2026-01-05 09:51:10,2026-01-05 11:17:56,5870.25,5876.0,10.0
3430,1076,1,MESH6,3427,Short,10,2026-01-05 09:51:11,2026-01-05 11:17:23,5870.0,5876.0,10.0
3431,1077,1,MESH6,3427,Short,10,2026-01-05 09:51:08,2026-01-05 11:17:31,5870.0,5876.25,10.0
3432,1078,1,MESH6,3427,Short,10,2026-01-05 09:51:11,2026-01-05 11:17:27,5870.25,5876.0,10.0
3433,1068,1,MESH6,,Long,10,2026-01-07 10:05:55,2026-01-07 11:28:14,5963.0,5958.5,10.0
3434,1073,1,MESH6,3433,Long,10,2026-01-07 10:05:58,2026-01-07 11:28:16,5963.0,5958.5,10.0
3435,1075,1,MESH6,3433,Long,10,2026-01-07 10:05:57,2026-01-07 11:28:29,5963.25,5958.25,10.0
3436,1076,1,MESH6,3433,Long,10,2026-01-07 10:05:55,2026-01-07 11:28:03,5963.25,5958.25,10.0
3437,1077,1,MESH6,3433,Long,10,2026-01-07 10:05:57,2026-01-07 11:28:29,5963.0,5958.5,10.0
3438,1078,1,MESH6,3433,Long,10,2026-01-07 10:05:56,2026-01-07 11:28:20,5963.0,5958.5,10.0
3439,1068,2,M2KH6,,Long,10,2026-01-07 12:11:43,2026-01-07 12:31:28,1758.1,1751.6,10.0
3440,1073,2,M2KH6,3439,Long,10,2026-01-07 12:11:43,2026-01-07 12:30:48,1758.1,1751.6,10.0
3441,1075,2,M2KH6,3439,Long,10,2026-01-07 12:11:45,2026-01-07 12:31:03,1758.1,1751.6,10.0
3442,1076,2,M2KH6,3439,Long,10,2026-01-07 12:11:44,2026-01-07 12:30:57,1758.2,1751.6,10.0
3443,1078,2,M2KH6,3439,Long,10,2026-01-07 12:11:43,2026-01-07 12:30:52,1758.2,1751.5,10.0
3444,1068,1,MYMH6,,Short,10,2026-01-08 10:06:00,2026-01-08 11:30:10,42351.0,42408.0,10.0
3445,1073,1,MYMH6,3444,Short,10,2026-01-08 10:06:03,2026-01-08 11:30:25,42351.0,42408.0,10.0
3446,1076,1,MYMH6,3444,Short,10,2026-01-08 10:06:03,2026-01-08 11:30:15,42350.0,42409.0,10.0
3447,1077,1,MYMH6,3444,Short,10,2026-01-08 10:06:01,2026-01-08 11:30:56,42351.0,42408.0,10.0
3448,1078,1,MYMH6,3444,Short,10,2026-01-08 10:06:00,2026-01-08 11:30:39,42351.0,42408.0,10.0
3449,1068,3,MNQH6,,Long,6,2026-01-08 10:33:21,2026-01-08 11:19:59,21303.5,21282.0,6.0
3450,1073,3,MNQH6,3449,Long,6,2026-01-08 10:33:23,2026-01-08 11:20:13,21303.5,21282.0,6.0
3451,1075,3,MNQH6,3449,Long,6,2026-01-08 10:33:21,2026-01-08 11:19:27,21303.5,21282.0,6.0
3452,1076,3,MNQH6,3449,Long,6,2026-01-08 10:33:22,2026-01-08 11:20:20,21303.5,21282.0,6.0
3453,1077,3,MNQH6,3449,Long,6,2026-01-08 10:33:22,2026-01-08 11:19:34,21303.75,21282.0,6.0
3454,1078,3,MNQH6,3449,Long,6,2026-01-08 10:33:22,2026-01-08 11:19:40,21303.5,21282.0,6.0
3455,1076,1,MESH6,,Long,10,2026-01-09 10:01:24,2026-01-09 11:21:01,5995.0,5989.5,10.0
3456,1077,1,MESH6,3455,Long,10,2026-01-09 10:01:26,2026-01-09 11:21:10,5995.0,5989.5,10.0
3457,1076,3,MNQH6,,Long,6,2026-01-09 10:36:38,2026-01-09 10:53:44,21089.25,21058.25,6.0
3458,1077,3,MNQH6,3457,Long,6,2026-01-09 10:36:39,2026-01-09 10:54:05,21089.25,21058.25,6.0
3459,1077,1,MESH6,,Short,10,2026-01-12 09:51:28,2026-01-12 10:38:06,5997.25,5989.75,10.0
3460,1077,2,M2KH6,,Long,10,2026-01-13 12:30:29,2026-01-13 12:41:09,1776.4,1782.6,10.0
3461,1079,2,M2KH6,3460,Long,10,2026-01-13 12:30:30,2026-01-13 12:40:54,1776.5,1782.6,10.0
3462,1076,5,MNQH6,,Long,6,2026-01-13 08:35:13,2026-01-13 08:55:04,20848.25,20826.75,6.0
3463,1077,5,MNQH6,3462,Long,6,2026-01-13 08:35:16,2026-01-13 08:55:01,20848.5,20826.75,6.0
3464,1079,5,MNQH6,3462,Long,6,2026-01-13 08:35:14,2026-01-13 08:54:28,20848.25,20826.75,6.0
3465,1076,1,MNQH6,,Long,6,2026-01-14 09:52:04,2026-01-14 10:47:09,20424.5,20472.5,6.0
3466,1077,1,MNQH6,3465,Long,6,2026-01-14 09:52:06,2026-01-14 10:47:12,20424.75,20472.5,6.0
3467,1080,1,MNQH6,3465,Long,6,2026-01-14 09:52:04,2026-01-14 10:47:24,20424.75,20472.25,6.0
3468,1076,2,MESH6,,Long,10,2026-01-14 12:28:28,2026-01-14 12:34:39,5937.25,5931.25,10.0
3469,1077,2,MESH6,3468,Long,10,2026-01-14 12:28:28,2026-01-14 12:34:29,5937.5,5931.25,10.0
3470,1079,2,MESH6,3468,Long,10,2026-01-14 12:28:31,2026-01-14 12:34:49,5937.5,5931.0,10.0
3471,1080,2,MESH6,3468,Long,10,2026-01-14 12:28:30,2026-01-14 12:35:16,5937.25,5931.25,10.0
3472,1076,3,MCLH6,,Short,10,2026-01-14 10:26:01,2026-01-14 11:36:30,34.29,34.61,10.0
3473,1077,3,MCLH6,3472,Short,10,2026-01-14 10:26:01,2026-01-14 11:36:08,34.28,34.61,10.0
3474,1079,3,MCLH6,3472,Short,10,2026-01-14 10:26:02,2026-01-14 11:36:10,34.29,34.61,10.0
3475,1080,3,MCLH6,3472,Short,10,2026-01-14 10:26:02,2026-01-14 11:36:32,34.29,34.61,10.0
3476,1076,4,MGCG6,,Short,5,2026-01-14 03:28:33,2026-01-14 03:48:35,3440.2,3445.0,5.0
3477,1077,4,MGCG6,3476,Short,5,2026-01-14 03:28:35,2026-01-14 03:48:53,3440.2,3445.0,5.0
3478,1079,4,MGCG6,3476,Short,5,2026-01-14 03:28:34,2026-01-14 03:49:14,3440.1,3445.1,5.0
3479,1080,4,MGCG6,3476,Short,5,2026-01-14 03:28:35,2026-01-14 03:48:51,3440.2,3445.0,5.0
3480,1076,1,MNQH6,,Long,6,2026-01-15 09:54:02,2026-01-15 10:12:03,20617.0,20591.75,6.0
3481,1077,1,MNQH6,3480,Long,6,2026-01-15 09:54:04,2026-01-15 10:12:54,20617.0,20591.75,6.0
3482,1080,1,MNQH6,3480,Long,6,2026-01-15 09:54:05,2026-01-15 10:12:12,20617.25,20591.75,6.0
3483,1076,2,MESH6,,Long,10,2026-01-15 12:27:24,2026-01-15 12:46:41,6043.5,6048.75,10.0
3484,1077,2,MESH6,3483,Long,10,2026-01-15 12:27:25,2026-01-15 12:46:36,6043.5,6048.75,10.0
3485,1079,2,MESH6,3483,Long,10,2026-01-15 12:27:26,2026-01-15 12:47:23,6043.75,6048.75,10.0
3486,1080,2,MESH6,3483,Long,10,2026-01-15 12:27:27,2026-01-15 12:47:13,6043.75,6048.5,10.0
3487,1076,4,MGCG6,,Short,5,2026-01-15 03:30:53,2026-01-15 04:00:32,3436.0,3426.2,5.0
3488,1079,4,MGCG6,3487,Short,5,2026-01-15 03:30:55,2026-01-15 04:00:23,3436.0,3426.2,5.0
3489,1080,4,MGCG6,3487,Short,5,2026-01-15 03:30:53,2026-01-15 04:00:21,3435.9,3426.2,5.0
3490,1076,2,MESH6,,Long,10,2026-01-16 12:19:45,2026-01-16 12:32:13,5953.5,5947.25,10.0
3491,1077,2,MESH6,3490,Long,10,2026-01-16 12:19:48,2026-01-16 12:31:55,5953.75,5947.25,10.0
3492,1079,2,MESH6,3490,Long,10,2026-01-16 12:19:46,2026-01-16 12:32:11,5953.75,5947.25,10.0
3493,1080,2,MESH6,3490,Long,10,2026-01-16 12:19:48,2026-01-16 12:32:47,5953.5,5947.25,10.0
3494,1081,2,MESH6,3490,Long,10,2026-01-16 12:19:45,2026-01-16 12:32:19,5953.5,5947.25,10.0
3495,1077,3,MNQH6,,Short,6,2026-01-16 10:35:56,2026-01-16 11:13:38,21069.0,21089.25,6.0
3496,1079,3,MNQH6,3495,Short,6,2026-01-16 10:35:56,2026-01-16 11:13:20,21069.0,21089.25,6.0
3497,1081,3,MNQH6,3495,Short,6,2026-01-16 10:35:59,2026-01-16 11:13:25,21069.0,21089.25,6.0
3498,1076,3,MGCG6,,Long,5,2026-01-19 10:25:05,2026-01-19 11:18:10,3375.7,3369.0,5.0
3499,1077,3,MGCG6,3498,Long,5,2026-01-19 10:25:05,2026-01-19 11:18:57,3375.7,3369.0,5.0
3500,1079,3,MGCG6,3498,Long,5,2026-01-19 10:25:05,2026-01-19 11:18:10,3375.7,3369.0,5.0
3501,1080,3,MGCG6,3498,Long,5,2026-01-19 10:25:08,2026-01-19 11:18:57,3375.8,3369.0,5.0
3502,1081,3,MGCG6,3498,Long,5,2026-01-19 10:25:05,2026-01-19 11:18:08,3375.8,3369.0,5.0
3503,1082,3,MGCG6,3498,Long,5,2026-01-19 10:25:05,2026-01-19 11:18:33,3375.8,3368.9,5.0
3504,1076,4,MCLH6,,Short,10,2026-01-19 03:35:09,2026-01-19 04:49:47,33.32,33.68,10.0
3505,1077,4,MCLH6,3504,Short,10,2026-01-19 03:35:09,2026-01-19 04:49:23,33.32,33.68,10.0
3506,1079,4,MCLH6,3504,Short,10,2026-01-19 03:35:11,2026-01-19 04:49:43,33.32,33.68,10.0
3507,1080,4,MCLH6,3504,Short,10,2026-01-19 03:35:09,2026-01-19 04:49:09,33.32,33.68,10.0
3508,1081,4,MCLH6,3504,Short,10,2026-01-19 03:35:11,2026-01-19 04:49:18,33.32,33.68,10.0
3509,1082,4,MCLH6,3504,Short,10,2026-01-19 03:35:12,2026-01-19 04:49:45,33.31,33.69,10.0
3510,1079,1,MYMH6,,Short,10,2026-01-20 09:50:23,2026-01-20 10:33:42,43579.0,43503.0,10.0
3511,1080,1,MYMH6,3510,Short,10,2026-01-20 09:50:26,2026-01-20 10:34:23,43578.0,43504.0,10.0
3512,1081,1,MYMH6,3510,Short,10,2026-01-20 09:50:25,2026-01-20 10:34:16,43579.0,43503.0,10.0
3513,1082,1,MYMH6,3510,Short,10,2026-01-20 09:50:24,2026-01-20 10:33:41,43578.0,43504.0,10.0
3514,1076,2,M2KH6,,Long,10,2026-01-20 12:25:18,2026-01-20 12:31:40,1729.4,1734.6,10.0
3515,1079,2,M2KH6,3514,Long,10,2026-01-20 12:25:18,2026-01-20 12:31:52,1729.4,1734.6,10.0
3516,1080,2,M2KH6,3514,Long,10,2026-01-20 12:25:19,2026-01-20 12:31:57,1729.4,1734.6,10.0
3517,1081,2,M2KH6,3514,Long,10,2026-01-20 12:25:18,2026-01-20 12:32:04,1729.4,1734.6,10.0
3518,1076,3,MGCG6,,Short,5,2026-01-20 10:31:23,2026-01-20 11:53:28,3354.7,3340.3,5.0
3519,1077,3,MGCG6,3518,Short,5,2026-01-20 10:31:24,2026-01-20 11:53:52,3354.7,3340.3,5.0
3520,1079,3,MGCG6,3518,Short,5,2026-01-20 10:31:26,2026-01-20 11:53:29,3354.7,3340.28,5.0
3521,1080,3,MGCG6,3518,Short,5,2026-01-20 10:31:25,2026-01-20 11:54:24,3354.7,3340.3,5.0
3522,1081,3,MGCG6,3518,Short,5,2026-01-20 10:31:24,2026-01-20 11:53:38,3354.6,3340.4,5.0
3523,1082,3,MGCG6,3518,Short,5,2026-01-20 10:31:24,2026-01-20 11:54:01,3354.6,3340.4,5.0
3524,1076,4,MGCG6,,Long,5,2026-01-20 03:23:28,2026-01-20 04:19:41,3367.2,3360.4,5.0
3525,1077,4,MGCG6,3524,Long,5,2026-01-20 03:23:29,2026-01-20 04:19:38,3367.2,3360.4,5.0
3526,1079,4,MGCG6,3524,Long,5,2026-01-20 03:23:28,2026-01-20 04:20:13,3367.2,3360.4,5.0
3527,1080,4,MGCG6,3524,Long,5,2026-01-20 03:23:29,2026-01-20 04:20:25,3367.2,3360.4,5.0
3528,1081,4,MGCG6,3524,Long,5,2026-01-20 03:23:28,2026-01-20 04:19:34,3367.2,3360.4,5.0
3529,1082,4,MGCG6,3524,Long,5,2026-01-20 03:23:28,2026-01-20 04:20:16,3367.2,3360.4,5.0
3530,1079,3,MCLH6,,Long,10,2026-01-21 10:34:10,2026-01-21 11:06:04,33.03,33.67,10.0
3531,1080,3,MCLH6,3530,Long,10,2026-01-21 10:34:11,2026-01-21 11:05:32,33.03,33.67,10.0
3532,1081,3,MCLH6,3530,Long,10,2026-01-21 10:34:11,2026-01-21 11:05:52,33.04,33.67,10.0
3533,1082,3,MCLH6,3530,Long,10,2026-01-21 10:34:11,2026-01-21 11:05:32,33.04,33.67,10.0
3534,1076,4,MGCJ6,,Long,5,2026-01-21 03:18:35,2026-01-21 04:33:56,3349.6,3344.0,5.0
3535,1077,4,MGCJ6,3534,Long,5,2026-01-21 03:18:38,2026-01-21 04:34:23,3349.6,3344.0,5.0
3536,1079,4,MGCJ6,3534,Long,5,2026-01-21 03:18:38,2026-01-21 04:33:57,3349.6,3344.0,5.0
3537,1080,4,MGCJ6,3534,Long,5,2026-01-21 03:18:36,2026-01-21 04:33:37,3349.7,3343.9,5.0
3538,1081,4,MGCJ6,3534,Long,5,2026-01-21 03:18:38,2026-01-21 04:34:17,3349.6,3344.0,5.0
3539,1076,1,MESH6,,Long,10,2026-01-22 10:06:59,2026-01-22 10:26:48,5848.75,5856.25,10.0
3540,1080,1,MESH6,3539,Long,10,2026-01-22 10:07:02,2026-01-22 10:26:15,5849.0,5856.25,10.0
3541,1081,1,MESH6,3539,Long,10,2026-01-22 10:07:00,2026-01-22 10:26:38,5848.75,5856.25,10.0
3542,1082,1,MESH6,3539,Long,10,2026-01-22 10:07:00,2026-01-22 10:26:06,5849.0,5856.0,10.0
3543,1076,3,MCLH6,,Long,10,2026-01-22 10:27:10,2026-01-22 11:49:38,33.17,32.87,10.0
3544,1077,3,MCLH6,3543,Long,10,2026-01-22 10:27:13,2026-01-22 11:50:11,33.17,32.87,10.0
3545,1079,3,MCLH6,3543,Long,10,2026-01-22 10:27:10,2026-01-22 11:49:57,33.17,32.87,10.0
3546,1080,3,MCLH6,3543,Long,10,2026-01-22 10:27:12,2026-01-22 11:50:11,33.17,32.87,10.0
3547,1081,3,MCLH6,3543,Long,10,2026-01-22 10:27:10,2026-01-22 11:49:39,33.18,32.87,10.0
3548,1082,3,MCLH6,3543,Long,10,2026-01-22 10:27:13,2026-01-22 11:49:24,33.17,32.87,10.0
3549,1076,1,MESH6,,Short,10,2026-01-23 10:01:58,2026-01-23 10:59:44,5777.5,5767.25,10.0
3550,1077,1,MESH6,3549,Short,10,2026-01-23 10:02:00,2026-01-23 10:59:53,5777.5,5767.25,10.0
3551,1079,1,MESH6,3549,Short,10,2026-01-23 10:02:01,2026-01-23 10:59:27,5777.5,5767.25,10.0
3552,1081,1,MESH6,3549,Short,10,2026-01-23 10:02:00,2026-01-23 10:59:46,5777.5,5767.25,10.0
3553,1082,1,MESH6,3549,Short,10,2026-01-23 10:01:58,2026-01-23 10:59:13,5777.5,5767.25,10.0
3554,1076,3,MNQH6,,Short,6,2026-01-26 10:35:55,2026-01-26 11:51:48,21389.75,21349.5,6.0
3555,1077,3,MNQH6,3554,Short,6,2026-01-26 10:35:57,2026-01-26 11:51:03,21389.5,21349.5,6.0
3556,1079,3,MNQH6,3554,Short,6,2026-01-26 10:35:55,2026-01-26 11:50:59,21389.75,21349.5,6.0
3557,1080,3,MNQH6,3554,Short,6,2026-01-26 10:35:56,2026-01-26 11:51:35,21389.75,21349.5,6.0
3558,1081,3,MNQH6,3554,Short,6,2026-01-26 10:35:57,2026-01-26 11:51:08,21389.75,21349.5,6.0
3559,1082,3,MNQH6,3554,Short,6,2026-01-26 10:35:56,2026-01-26 11:51:18,21389.75,21349.5,6.0
3560,1076,4,MCLH6,,Long,10,2026-01-26 03:29:53,2026-01-26 03:40:16,32.55,32.29,10.0
3561,1077,4,MCLH6,3560,Long,10,2026-01-26 03:29:54,2026-01-26 03:40:49,32.56,32.29,10.0
3562,1079,4,MCLH6,3560,Long,10,2026-01-26 03:29:56,2026-01-26 03:40:47,32.55,32.29,10.0
3563,1080,4,MCLH6,3560,Long,10,2026-01-26 03:29:55,2026-01-26 03:40:49,32.56,32.29,10.0
3564,1081,4,MCLH6,3560,Long,10,2026-01-26 03:29:53,2026-01-26 03:40:11,32.55,32.29,10.0
3565,1082,4,MCLH6,3560,Long,10,2026-01-26 03:29:56,2026-01-26 03:40:17,32.56,32.28,10.0
3566,1076,1,MNQH6,,Short,6,2026-01-27 09:54:51,2026-01-27 10:37:58,21114.0,21138.0,6.0
3567,1077,1,MNQH6,3566,Short,6,2026-01-27 09:54:54,2026-01-27 10:37:54,21114.0,21138.0,6.0
3568,1079,1,MNQH6,3566,Short,6,2026-01-27 09:54:52,2026-01-27 10:38:14,21113.75,21138.25,6.0
3569,1080,1,MNQH6,3566,Short,6,2026-01-27 09:54:53,2026-01-27 10:38:12,21114.0,21138.0,6.0
3570,1081,1,MNQH6,3566,Short,6,2026-01-27 09:54:53,2026-01-27 10:38:04,21114.0,21138.0,6.0
3571,1082,1,MNQH6,3566,Short,6,2026-01-27 09:54:54,2026-01-27 10:38:43,21114.0,21138.0,6.0
3572,1076,2,MESH6,,Short,10,2026-01-27 12:23:24,2026-01-27 12:35:35,5899.0,5895.0,10.0
3573,1077,2,MESH6,3572,Short,10,2026-01-27 12:23:25,2026-01-27 12:36:09,5899.0,5895.0,10.0
3574,1079,2,MESH6,3572,Short,10,2026-01-27 12:23:26,2026-01-27 12:36:18,5898.75,5895.25,10.0
3575,1080,2,MESH6,3572,Short,10,2026-01-27 12:23:25,2026-01-27 12:35:28,5899.0,5895.0,10.0
3576,1081,2,MESH6,3572,Short,10,2026-01-27 12:23:26,2026-01-27 12:35:48,5898.75,5895.0,10.0
3577,1082,2,MESH6,3572,Short,10,2026-01-27 12:23:27,2026-01-27 12:36:19,5899.0,5895.0,10.0
3578,1076,4,MGCJ6,,Short,5,2026-01-27 03:15:04,2026-01-27 03:31:02,3392.1,3383.1,5.0
3579,1080,4,MGCJ6,3578,Short,5,2026-01-27 03:15:05,2026-01-27 03:30:55,3392.0,3383.1,5.0
3580,1081,4,MGCJ6,3578,Short,5,2026-01-27 03:15:07,2026-01-27 03:30:59,3392.0,3383.2,5.0
3581,1082,4,MGCJ6,3578,Short,5,2026-01-27 03:15:04,2026-01-27 03:30:09,3392.0,3383.2,5.0
3582,1076,1,MYMH6,,Short,10,2026-01-28 09:47:08,2026-01-28 11:05:50,42953.0,43007.0,10.0
3583,1077,1,MYMH6,3582,Short,10,2026-01-28 09:47:10,2026-01-28 11:05:58,42953.0,43007.0,10.0
3584,1079,1,MYMH6,3582,Short,10,2026-01-28 09:47:08,2026-01-28 11:06:03,42952.0,43007.0,10.0
3585,1080,1,MYMH6,3582,Short,10,2026-01-28 09:47:08,2026-01-28 11:05:30,42953.0,43007.0,10.0
3586,1081,1,MYMH6,3582,Short,10,2026-01-28 09:47:11,2026-01-28 11:05:50,42953.0,43007.0,10.0
3587,1082,1,MYMH6,3582,Short,10,2026-01-28 09:47:11,2026-01-28 11:05:12,42953.0,43007.0,10.0
3588,1076,3,MGCJ6,,Long,5,2026-01-28 10:20:40,2026-01-28 10:50:16,3439.4,3434.5,5.0
3589,1079,3,MGCJ6,3588,Long,5,2026-01-28 10:20:43,2026-01-28 10:49:59,3439.5,3434.5,5.0
3590,1080,3,MGCJ6,3588,Long,5,2026-01-28 10:20:42,2026-01-28 10:50:19,3439.4,3434.5,5.0
3591,1081,3,MGCJ6,3588,Long,5,2026-01-28 10:20:41,2026-01-28 10:49:59,3439.4,3434.5,5.0
3592,1082,3,MGCJ6,3588,Long,5,2026-01-28 10:20:40,2026-01-28 10:50:09,3439.5,3434.5,5.0
3593,1076,1,MESH6,,Short,10,2026-01-29 09:46:43,2026-01-29 10:56:30,5827.5,5833.75,10.0
3594,1077,1,MESH6,3593,Short,10,2026-01-29 09:46:46,2026-01-29 10:56:31,5827.5,5833.75,10.0
3595,1079,1,MESH6,3593,Short,10,2026-01-29 09:46:43,2026-01-29 10:56:17,5827.25,5833.75,10.0
3596,1081,1,MESH6,3593,Short,10,2026-01-29 09:46:43,2026-01-29 10:56:10,5827.5,5833.75,10.0
3597,1082,1,MESH6,3593,Short,10,2026-01-29 09:46:45,2026-01-29 10:56:05,5827.5,5833.75,10.0
3598,1076,2,M2KH6,,Long,10,2026-01-29 12:24:22,2026-01-29 12:30:00,1770.7,1775.0,10.0
3599,1077,2,M2KH6,3598,Long,10,2026-01-29 12:24:22,2026-01-29 12:29:30,1770.7,1775.0,10.0
3600,1079,2,M2KH6,3598,Long,10,2026-01-29 12:24:24,2026-01-29 12:29:37,1770.8,1774.9,10.0
3601,1080,2,M2KH6,3598,Long,10,2026-01-29 12:24:22,2026-01-29 12:29:54,1770.7,1775.0,10.0
3602,1081,2,M2KH6,3598,Long,10,2026-01-29 12:24:22,2026-01-29 12:29:55,1770.7,1775.0,10.0
3603,1082,2,M2KH6,3598,Long,10,2026-01-29 12:24:24,2026-01-29 12:29:40,1770.8,1775.0,10.0
3604,1076,3,MNQH6,,Short,6,2026-01-29 10:24:02,2026-01-29 11:56:11,21213.5,21174.0,6.0
3605,1077,3,MNQH6,3604,Short,6,2026-01-29 10:24:03,2026-01-29 11:56:49,21213.5,21174.0,6.0
3606,1079,3,MNQH6,3604,Short,6,2026-01-29 10:24:04,2026-01-29 11:56:50,21213.5,21174.0,6.0
3607,1080,3,MNQH6,3604,Short,6,2026-01-29 10:24:02,2026-01-29 11:56:23,21213.5,21174.0,6.0
3608,1081,3,MNQH6,3604,Short,6,2026-01-29 10:24:05,2026-01-29 11:56:36,21213.5,21174.0,6.0
3609,1082,3,MNQH6,3604,Short,6,2026-01-29 10:24:02,2026-01-29 11:56:07,21213.5,21174.0,6.0
3610,1076,4,MCLH6,,Long,10,2026-01-29 03:33:20,2026-01-29 04:25:31,31.65,31.35,10.0
3611,1077,4,MCLH6,3610,Long,10,2026-01-29 03:33:20,2026-01-29 04:25:57,31.65,31.35,10.0
3612,1079,4,MCLH6,3610,Long,10,2026-01-29 03:33:21,2026-01-29 04:25:33,31.66,31.34,10.0
3613,1080,4,MCLH6,3610,Long,10,2026-01-29 03:33:23,2026-01-29 04:26:08,31.65,31.35,10.0
3614,1082,4,MCLH6,3610,Long,10,2026-01-29 03:33:22,2026-01-29 04:25:33,31.66,31.34,10.0
3615,1076,4,MGCJ6,,Long,5,2026-01-30 03:33:30,2026-01-30 03:54:38,3434.2,3427.3,5.0
3616,1079,4,MGCJ6,3615,Long,5,2026-01-30 03:33:30,2026-01-30 03:55:16,3434.2,3427.3,5.0
3617,1080,4,MGCJ6,3615,Long,5,2026-01-30 03:33:32,2026-01-30 03:55:29,3434.2,3427.3,5.0
3618,1081,4,MGCJ6,3615,Long,5,2026-01-30 03:33:33,2026-01-30 03:55:21,3434.2,3427.3,5.0
3619,1082,4,MGCJ6,3615,Long,5,2026-01-30 03:33:33,2026-01-30 03:54:36,3434.2,3427.3,5.0
3620,1076,1,MNQH6,,Short,6,2026-02-02 09:48:17,2026-02-02 11:10:28,20810.75,20770.25,6.0
3621,1077,1,MNQH6,3620,Short,6,2026-02-02 09:48:17,2026-02-02 11:10:19,20810.5,20770.5,6.0
3622,1079,1,MNQH6,3620,Short,6,2026-02-02 09:48:19,2026-02-02 11:11:00,20810.5,20770.25,6.0
3623,1080,1,MNQH6,3620,Short,6,2026-02-02 09:48:18,2026-02-02 11:11:15,20810.75,20770.25,6.0
3624,1081,1,MNQH6,3620,Short,6,2026-02-02 09:48:19,2026-02-02 11:11:13,20810.75,20770.25,6.0
3625,1082,1,MNQH6,3620,Short,6,2026-02-02 09:48:19,2026-02-02 11:11:01,20810.75,20770.25,6.0
3626,1076,4,MGCJ6,,Long,5,2026-02-02 03:29:22,2026-02-02 03:57:27,3495.5,3490.7,5.0
3627,1077,4,MGCJ6,3626,Long,5,2026-02-02 03:29:24,2026-02-02 03:57:53,3495.5,3490.7,5.0
3628,1079,4,MGCJ6,3626,Long,5,2026-02-02 03:29:25,2026-02-02 03:57:45,3495.6,3490.6,5.0
3629,1080,4,MGCJ6,3626,Long,5,2026-02-02 03:29:23,2026-02-02 03:58:00,3495.6,3490.6,5.0
3630,1081,4,MGCJ6,3626,Long,5,2026-02-02 03:29:23,2026-02-02 03:57:50,3495.5,3490.7,5.0
3631,1082,4,MGCJ6,3626,Long,5,2026-02-02 03:29:25,2026-02-02 03:58:16,3495.5,3490.7,5.0
3632,1076,1,MESH6,,Short,10,2026-02-03 09:58:45,2026-02-03 10:33:34,5946.5,5951.5,10.0
3633,1077,1,MESH6,3632,Short,10,2026-02-03 09:58:48,2026-02-03 10:33:43,5946.5,5951.5,10.0
3634,1079,1,MESH6,3632,Short,10,2026-02-03 09:58:46,2026-02-03 10:33:17,5946.25,5951.5,10.0
3635,1080,1,MESH6,3632,Short,10,2026-02-03 09:58:45,2026-02-03 10:33:34,5946.5,5951.5,10.0
3636,1081,1,MESH6,3632,Short,10,2026-02-03 09:58:48,2026-02-03 10:33:08,5946.25,5951.75,10.0
3637,1077,3,MCLH6,,Short,10,2026-02-03 10:26:37,2026-02-03 11:01:41,30.87,31.18,10.0
3638,1079,3,MCLH6,3637,Short,10,2026-02-03 10:26:37,2026-02-03 11:02:13,30.86,31.19,10.0
3639,1080,3,MCLH6,3637,Short,10,2026-02-03 10:26:40,2026-02-03 11:02:28,30.87,31.18,10.0
3640,1081,3,MCLH6,3637,Short,10,2026-02-03 10:26:40,2026-02-03 11:02:14,30.86,31.18,10.0
3641,1082,3,MCLH6,3637,Short,10,2026-02-03 10:26:37,2026-02-03 11:02:09,30.87,31.18,10.0
3642,1076,4,MCLH6,,Short,10,2026-02-03 03:34:19,2026-02-03 04:05:58,30.47,30.79,10.0
3643,1077,4,MCLH6,3642,Short,10,2026-02-03 03:34:22,2026-02-03 04:05:42,30.47,30.79,10.0
3644,1079,4,MCLH6,3642,Short,10,2026-02-03 03:34:19,2026-02-03 04:05:53,30.47,30.79,10.0
3645,1080,4,MCLH6,3642,Short,10,2026-02-03 03:34:21,2026-02-03 04:05:53,30.47,30.79,10.0
3646,1081,4,MCLH6,3642,Short,10,2026-02-03 03:34:21,2026-02-03 04:05:53,30.47,30.79,10.0
3647,1082,4,MCLH6,3642,Short,10,2026-02-03 03:34:19,2026-02-03 04:05:37,30.47,30.79,10.0
3648,1079,1,MYMH6,,Short,10,2026-02-04 10:05:44,2026-02-04 10:33:52,41939.0,41827.0,10.0
3649,1080,1,MYMH6,3648,Short,10,2026-02-04 10:05:47,2026-02-04 10:34:18,41939.0,41827.0,10.0
3650,1081,1,MYMH6,3648,Short,10,2026-02-04 10:05:45,2026-02-04 10:33:53,41938.0,41828.0,10.0
3651,1082,1,MYMH6,3648,Short,10,2026-02-04 10:05:46,2026-02-04 10:34:40,41938.0,41827.0,10.0
3652,1076,2,MESH6,,Short,10,2026-02-04 12:23:36,2026-02-04 12:48:54,5991.75,5987.5,10.0
3653,1079,2,MESH6,3652,Short,10,2026-02-04 12:23:38,2026-02-04 12:49:36,5991.75,5987.5,10.0
3654,1080,2,MESH6,3652,Short,10,2026-02-04 12:23:37,2026-02-04 12:49:28,5991.5,5987.75,10.0
3655,1081,2,MESH6,3652,Short,10,2026-02-04 12:23:36,2026-02-04 12:49:34,5991.75,5987.5,10.0
3656,1082,2,MESH6,3652,Short,10,2026-02-04 12:23:39,2026-02-04 12:49:03,5991.75,5987.5,10.0
3657,1076,3,MNQH6,,Short,6,2026-02-04 10:32:44,2026-02-04 12:06:29,20234.25,20258.25,6.0
3658,1077,3,MNQH6,3657,Short,6,2026-02-04 10:32:44,2026-02-04 12:06:12,20234.0,20258.25,6.0
3659,1079,3,MNQH6,3657,Short,6,2026-02-04 10:32:45,2026-02-04 12:06:04,20234.25,20258.25,6.0
3660,1080,3,MNQH6,3657,Short,6,2026-02-04 10:32:47,2026-02-04 12:06:15,20234.25,20258.25,6.0
3661,1081,3,MNQH6,3657,Short,6,2026-02-04 10:32:45,2026-02-04 12:05:47,20234.0,20258.25,6.0
3662,1082,3,MNQH6,3657,Short,6,2026-02-04 10:32:45,2026-02-04 12:06:27,20234.0,20258.25,6.0
3663,1076,4,MGCJ6,,Long,5,2026-02-04 03:21:10,2026-02-04 04:44:26,3501.1,3494.9,5.0
3664,1077,4,MGCJ6,3663,Long,5,2026-02-04 03:21:10,2026-02-04 04:45:04,3501.2,3494.9,5.0
3665,1079,4,MGCJ6,3663,Long,5,2026-02-04 03:21:11,2026-02-04 04:45:08,3501.2,3494.9,5.0
3666,1080,4,MGCJ6,3663,Long,5,2026-02-04 03:21:10,2026-02-04 04:44:30,3501.2,3494.9,5.0
3667,1082,4,MGCJ6,3663,Long,5,2026-02-04 03:21:12,2026-02-04 04:45:11,3501.1,3494.9,5.0
3668,1076,4,MGCJ6,,Long,5,2026-02-05 03:25:33,2026-02-05 04:14:07,3541.7,3534.9,5.0
3669,1077,4,MGCJ6,3668,Long,5,2026-02-05 03:25:33,2026-02-05 04:14:28,3541.7,3534.9,5.0
3670,1079,4,MGCJ6,3668,Long,5,2026-02-05 03:25:34,2026-02-05 04:13:52,3541.8,3534.9,5.0
3671,1080,4,MGCJ6,3668,Long,5,2026-02-05 03:25:34,2026-02-05 04:14:32,3541.7,3534.9,5.0
3672,1081,4,MGCJ6,3668,Long,5,2026-02-05 03:25:33,2026-02-05 04:14:32,3541.8,3534.8,5.0
3673,1082,4,MGCJ6,3668,Long,5,2026-02-05 03:25:36,2026-02-05 04:13:48,3541.7,3534.9,5.0
3674,1076,4,MGCJ6,,Long,5,2026-02-06 03:26:59,2026-02-06 04:26:28,3547.5,3540.9,5.0
3675,1080,4,MGCJ6,3674,Long,5,2026-02-06 03:27:02,2026-02-06 04:26:57,3547.6,3540.8,5.0
3676,1081,4,MGCJ6,3674,Long,5,2026-02-06 03:26:59,2026-02-06 04:26:32,3547.6,3540.9,5.0
3677,1082,4,MGCJ6,3674,Long,5,2026-02-06 03:27:01,2026-02-06 04:26:46,3547.6,3540.9,5.0
3678,1077,1,MNQH6,,Short,6,2026-02-09 09:50:41,2026-02-09 10:56:33,19906.75,19930.75,6.0
3679,1080,1,MNQH6,3678,Short,6,2026-02-09 09:50:41,2026-02-09 10:56:35,19906.75,19930.75,6.0
3680,1081,1,MNQH6,3678,Short,6,2026-02-09 09:50:41,2026-02-09 10:56:15,19906.5,19930.75,6.0
3681,1077,2,M2KH6,,Long,10,2026-02-09 12:13:49,2026-02-09 12:21:14,1698.1,1704.5,10.0
3682,1079,2,M2KH6,3681,Long,10,2026-02-09 12:13:49,2026-02-09 12:20:55,1698.1,1704.5,10.0
3683,1081,2,M2KH6,3681,Long,10,2026-02-09 12:13:50,2026-02-09 12:21:32,1698.2,1704.5,10.0
3684,1082,2,M2KH6,3681,Long,10,2026-02-09 12:13:49,2026-02-09 12:21:40,1698.1,1704.5,10.0
3685,1077,4,MGCJ6,,Short,5,2026-02-09 03:21:07,2026-02-09 04:25:45,3518.2,3511.0,5.0
3686,1079,4,MGCJ6,3685,Short,5,2026-02-09 03:21:08,2026-02-09 04:26:01,3518.1,3510.98,5.0
3687,1080,4,MGCJ6,3685,Short,5,2026-02-09 03:21:09,2026-02-09 04:25:25,3518.2,3511.02,5.0
3688,1081,4,MGCJ6,3685,Short,5,2026-02-09 03:21:07,2026-02-09 04:25:07,3518.1,3510.98,5.0
3689,1082,4,MGCJ6,3685,Short,5,2026-02-09 03:21:07,2026-02-09 04:25:26,3518.2,3511.0,5.0
3690,1077,1,MNQH6,,Short,6,2026-02-10 10:05:14,2026-02-10 10:21:55,19685.5,19628.25,6.0
3691,1079,1,MNQH6,3690,Short,6,2026-02-10 10:05:14,2026-02-10 10:21:45,19685.5,19628.25,6.0
3692,1080,1,MNQH6,3690,Short,6,2026-02-10 10:05:15,2026-02-10 10:21:52,19685.5,19628.25,6.0
3693,1081,1,MNQH6,3690,Short,6,2026-02-10 10:05:14,2026-02-10 10:22:10,19685.5,19628.25,6.0
3694,1082,1,MNQH6,3690,Short,6,2026-02-10 10:05:15,2026-02-10 10:21:32,19685.5,19628.25,6.0
3695,1077,4,MGCJ6,,Long,5,2026-02-10 03:25:49,2026-02-10 04:53:16,3504.1,3514.98,5.0
3696,1079,4,MGCJ6,3695,Long,5,2026-02-10 03:25:51,2026-02-10 04:53:47,3504.1,3515.0,5.0
3697,1080,4,MGCJ6,3695,Long,5,2026-02-10 03:25:50,2026-02-10 04:53:04,3504.2,3514.9,5.0
3698,1081,4,MGCJ6,3695,Long,5,2026-02-10 03:25:50,2026-02-10 04:53:08,3504.1,3514.98,5.0
3699,1082,4,MGCJ6,3695,Long,5,2026-02-10 03:25:50,2026-02-10 04:53:17,3504.1,3515.0,5.0
3700,1077,5,MESH6,,Short,10,2026-02-10 08:49:42,2026-02-10 09:08:50,6189.75,6195.75,10.0
3701,1080,5,MESH6,3700,Short,10,2026-02-10 08:49:45,2026-02-10 09:09:01,6189.5,6196.0,10.0
3702,1081,5,MESH6,3700,Short,10,2026-02-10 08:49:45,2026-02-10 09:09:06,6189.5,6195.75,10.0
3703,1082,5,MESH6,3700,Short,10,2026-02-10 08:49:43,2026-02-10 09:09:41,6189.75,6195.75,10.0
3704,1077,2,M2KH6,,Long,10,2026-02-11 12:12:39,2026-02-11 12:28:10,1722.0,1717.1,10.0
3705,1079,2,M2KH6,3704,Long,10,2026-02-11 12:12:39,2026-02-11 12:28:17,1722.0,1717.1,10.0
3706,1080,2,M2KH6,3704,Long,10,2026-02-11 12:12:39,2026-02-11 12:27:51,1722.0,1717.1,10.0
3707,1081,2,M2KH6,3704,Long,10,2026-02-11 12:12:41,2026-02-11 12:28:32,1722.1,1717.0,10.0
3708,1082,2,M2KH6,3704,Long,10,2026-02-11 12:12:40,2026-02-11 12:28:33,1722.0,1717.1,10.0
3709,1077,3,MNQH6,,Long,6,2026-02-11 10:20:21,2026-02-11 11:43:01,19812.75,19849.5,6.0
3710,1079,3,MNQH6,3709,Long,6,2026-02-11 10:20:22,2026-02-11 11:43:04,19813.0,19849.5,6.0
3711,1080,3,MNQH6,3709,Long,6,2026-02-11 10:20:22,2026-02-11 11:43:20,19813.0,19849.25,6.0
3712,1081,3,MNQH6,3709,Long,6,2026-02-11 10:20:21,2026-02-11 11:42:56,19812.75,19849.5,6.0
3713,1082,3,MNQH6,3709,Long,6,2026-02-11 10:20:21,2026-02-11 11:42:41,19813.0,19849.5,6.0
3714,1079,4,MCLH6,,Short,10,2026-02-11 03:23:43,2026-02-11 04:48:37,30.68,30.9,10.0
3715,1080,4,MCLH6,3714,Short,10,2026-02-11 03:23:46,2026-02-11 04:48:21,30.68,30.9,10.0
3716,1081,4,MCLH6,3714,Short,10,2026-02-11 03:23:43,2026-02-11 04:47:50,30.68,30.9,10.0
3717,1082,4,MCLH6,3714,Short,10,2026-02-11 03:23:43,2026-02-11 04:47:45,30.68,30.9,10.0
3718,1079,1,MYMH6,,Long,10,2026-02-12 10:06:52,2026-02-12 11:32:38,41758.0,41711.0,10.0
3719,1080,1,MYMH6,3718,Long,10,2026-02-12 10:06:54,2026-02-12 11:32:53,41758.0,41711.0,10.0
3720,1081,1,MYMH6,3718,Long,10,2026-02-12 10:06:52,2026-02-12 11:32:25,41758.0,41711.0,10.0
3721,1082,1,MYMH6,3718,Long,10,2026-02-12 10:06:54,2026-02-12 11:31:58,41758.0,41711.0,10.0
3722,1083,1,MYMH6,3718,Long,10,2026-02-12 10:06:53,2026-02-12 11:32:06,41759.0,41711.0,10.0
3723,1077,4,MGCJ6,,Short,5,2026-02-12 03:31:40,2026-02-12 04:44:17,3465.4,3472.1,5.0
3724,1079,4,MGCJ6,3723,Short,5,2026-02-12 03:31:43,2026-02-12 04:44:27,3465.3,3472.1,5.0
3725,1080,4,MGCJ6,3723,Short,5,2026-02-12 03:31:40,2026-02-12 04:43:40,3465.4,3472.1,5.0
3726,1081,4,MGCJ6,3723,Short,5,2026-02-12 03:31:43,2026-02-12 04:44:38,3465.3,3472.2,5.0
3727,1082,4,MGCJ6,3723,Short,5,2026-02-12 03:31:40,2026-02-12 04:44:08,3465.4,3472.1,5.0
3728,1083,4,MGCJ6,3723,Short,5,2026-02-12 03:31:41,2026-02-12 04:43:44,3465.3,3472.1,5.0
3729,1077,2,MESH6,,Long,10,2026-02-13 12:27:46,2026-02-13 12:49:43,6188.25,6192.5,10.0
3730,1079,2,MESH6,3729,Long,10,2026-02-13 12:27:49,2026-02-13 12:48:54,6188.25,6192.5,10.0
3731,1080,2,MESH6,3729,Long,10,2026-02-13 12:27:49,2026-02-13 12:49:42,6188.5,6192.5,10.0
3732,1081,2,MESH6,3729,Long,10,2026-02-13 12:27:46,2026-02-13 12:49:08,6188.25,6192.5,10.0
3733,1082,2,MESH6,3729,Long,10,2026-02-13 12:27:47,2026-02-13 12:49:10,6188.5,6192.25,10.0
3734,1083,2,MESH6,3729,Long,10,2026-02-13 12:27:49,2026-02-13 12:49:04,6188.5,6192.25,10.0
3735,1077,3,MGCJ6,,Short,5,2026-02-13 10:30:09,2026-02-13 10:53:42,3477.2,3461.0,5.0
3736,1079,3,MGCJ6,3735,Short,5,2026-02-13 10:30:09,2026-02-13 10:53:49,3477.2,3461.02,5.0
3737,1080,3,MGCJ6,3735,Short,5,2026-02-13 10:30:12,2026-02-13 10:53:22,3477.2,3461.0,5.0
3738,1081,3,MGCJ6,3735,Short,5,2026-02-13 10:30:09,2026-02-13 10:53:33,3477.1,3461.1,5.0
3739,1082,3,MGCJ6,3735,Short,5,2026-02-13 10:30:11,2026-02-13 10:53:31,3477.2,3461.0,5.0
3740,1083,3,MGCJ6,3735,Short,5,2026-02-13 10:30:12,2026-02-13 10:53:46,3477.2,3461.0,5.0
3741,1077,1,MESH6,,Long,10,2026-02-16 09:59:18,2026-02-16 11:00:39,6200.75,6194.5,10.0
3742,1079,1,MESH6,3741,Long,10,2026-02-16 09:59:20,2026-02-16 11:00:55,6200.75,6194.5,10.0
3743,1080,1,MESH6,3741,Long,10,2026-02-16 09:59:20,2026-02-16 11:00:22,6200.75,6194.5,10.0
3744,1081,1,MESH6,3741,Long,10,2026-02-16 09:59:19,2026-02-16 11:00:24,6200.75,6194.5,10.0
3745,1082,1,MESH6,3741,Long,10,2026-02-16 09:59:20,2026-02-16 11:01:05,6201.0,6194.25,10.0
3746,1083,1,MESH6,3741,Long,10,2026-02-16 09:59:21,2026-02-16 11:00:38,6200.75,6194.5,10.0
3747,1077,2,MESH6,,Long,10,2026-02-16 12:12:09,2026-02-16 12:16:31,6231.75,6236.5,10.0
3748,1079,2,MESH6,3747,Long,10,2026-02-16 12:12:09,2026-02-16 12:16:25,6231.75,6236.5,10.0
3749,1080,2,MESH6,3747,Long,10,2026-02-16 12:12:11,2026-02-16 12:17:01,6231.75,6236.5,10.0
3750,1081,2,MESH6,3747,Long,10,2026-02-16 12:12:10,2026-02-16 12:16:42,6231.75,6236.5,10.0
3751,1082,2,MESH6,3747,Long,10,2026-02-16 12:12:10,2026-02-16 12:16:57,6231.75,6236.5,10.0
3752,1083,2,MESH6,3747,Long,10,2026-02-16 12:12:12,2026-02-16 12:16:45,6232.0,6236.25,10.0
3753,1077,3,MCLJ6,,Long,10,2026-02-16 10:24:16,2026-02-16 10:45:01,31.38,31.12,10.0
3754,1079,3,MCLJ6,3753,Long,10,2026-02-16 10:24:18,2026-02-16 10:45:08,31.39,31.11,10.0
3755,1080,3,MCLJ6,3753,Long,10,2026-02-16 10:24:17,2026-02-16 10:44:25,31.39,31.12,10.0
3756,1081,3,MCLJ6,3753,Long,10,2026-02-16 10:24:19,2026-02-16 10:45:01,31.38,31.12,10.0
3757,1082,3,MCLJ6,3753,Long,10,2026-02-16 10:24:17,2026-02-16 10:45:08,31.38,31.12,10.0
3758,1077,4,MGCJ6,,Long,5,2026-02-16 03:21:02,2026-02-16 04:44:13,3510.5,3504.4,5.0
3759,1079,4,MGCJ6,3758,Long,5,2026-02-16 03:21:05,2026-02-16 04:44:32,3510.6,3504.4,5.0
3760,1080,4,MGCJ6,3758,Long,5,2026-02-16 03:21:05,2026-02-16 04:44:05,3510.5,3504.4,5.0
3761,1081,4,MGCJ6,3758,Long,5,2026-02-16 03:21:03,2026-02-16 04:44:15,3510.6,3504.3,5.0
3762,1082,4,MGCJ6,3758,Long,5,2026-02-16 03:21:03,2026-02-16 04:44:14,3510.6,3504.4,5.0
3763,1083,4,MGCJ6,3758,Long,5,2026-02-16 03:21:05,2026-02-16 04:44:59,3510.6,3504.4,5.0
3764,1077,4,MCLJ6,,Short,10,2026-02-17 03:33:31,2026-02-17 03:58:45,31.47,30.93,10.0
3765,1079,4,MCLJ6,3764,Short,10,2026-02-17 03:33:33,2026-02-17 03:59:08,31.47,30.93,10.0
3766,1080,4,MCLJ6,3764,Short,10,2026-02-17 03:33:34,2026-02-17 03:59:31,31.47,30.93,10.0
3767,1081,4,MCLJ6,3764,Short,10,2026-02-17 03:33:32,2026-02-17 03:58:40,31.46,30.93,10.0
3768,1082,4,MCLJ6,3764,Short,10,2026-02-17 03:33:34,2026-02-17 03:59:21,31.47,30.93,10.0
3769,1083,4,MCLJ6,3764,Short,10,2026-02-17 03:33:31,2026-02-17 03:59:06,31.47,30.93,10.0
3770,1077,2,M2KH6,,Short,10,2026-02-18 12:17:22,2026-02-18 12:24:19,1696.2,1688.8,10.0
3771,1079,2,M2KH6,3770,Short,10,2026-02-18 12:17:25,2026-02-18 12:23:59,1696.2,1688.8,10.0
3772,1080,2,M2KH6,3770,Short,10,2026-02-18 12:17:25,2026-02-18 12:23:36,1696.1,1688.9,10.0
3773,1081,2,M2KH6,3770,Short,10,2026-02-18 12:17:22,2026-02-18 12:23:53,1696.2,1688.8,10.0
3774,1082,2,M2KH6,3770,Short,10,2026-02-18 12:17:24,2026-02-18 12:23:41,1696.2,1688.8,10.0
3775,1083,2,M2KH6,3770,Short,10,2026-02-18 12:17:25,2026-02-18 12:24:10,1696.1,1688.8,10.0
3776,1079,3,MNQH6,,Short,6,2026-02-18 10:21:46,2026-02-18 11:27:17,19671.0,19616.25,6.0
3777,1080,3,MNQH6,3776,Short,6,2026-02-18 10:21:48,2026-02-18 11:27:40,19670.75,19616.25,6.0
3778,1081,3,MNQH6,3776,Short,6,2026-02-18 10:21:46,2026-02-18 11:27:25,19670.75,19616.5,6.0
3779,1082,3,MNQH6,3776,Short,6,2026-02-18 10:21:48,2026-02-18 11:26:50,19671.0,19616.25,6.0
3780,1083,3,MNQH6,3776,Short,6,2026-02-18 10:21:47,2026-02-18 11:27:00,19670.75,19616.5,6.0
3781,1077,4,MCLJ6,,Long,10,2026-02-18 03:17:50,2026-02-18 04:22:37,31.15,30.9,10.0
3782,1079,4,MCLJ6,3781,Long,10,2026-02-18 03:17:52,2026-02-18 04:22:08,31.16,30.89,10.0
3783,1080,4,MCLJ6,3781,Long,10,2026-02-18 03:17:50,2026-02-18 04:22:25,31.15,30.9,10.0
3784,1081,4,MCLJ6,3781,Long,10,2026-02-18 03:17:51,2026-02-18 04:21:57,31.16,30.89,10.0
3785,1082,4,MCLJ6,3781,Long,10,2026-02-18 03:17:50,2026-02-18 04:22:45,31.15,30.9,10.0
3786,1083,4,MCLJ6,3781,Long,10,2026-02-18 03:17:52,2026-02-18 04:22:50,31.16,30.9,10.0
3787,1077,2,M2KH6,,Short,10,2026-02-19 12:21:49,2026-02-19 12:37:56,1695.3,1702.2,10.0
3788,1079,2,M2KH6,3787,Short,10,2026-02-19 12:21:49,2026-02-19 12:38:46,1695.3,1702.2,10.0
3789,1080,2,M2KH6,3787,Short,10,2026-02-19 12:21:52,2026-02-19 12:38:32,1695.3,1702.2,10.0
3790,1081,2,M2KH6,3787,Short,10,2026-02-19 12:21:51,2026-02-19 12:38:26,1695.3,1702.2,10.0
3791,1082,2,M2KH6,3787,Short,10,2026-02-19 12:21:50,2026-02-19 12:38:27,1695.3,1702.2,10.0
3792,1083,2,M2KH6,3787,Short,10,2026-02-19 12:21:49,2026-02-19 12:37:52,1695.3,1702.2,10.0
3793,1077,3,MGCJ6,,Long,5,2026-02-19 10:20:51,2026-02-19 10:33:09,3469.8,3464.7,5.0
3794,1079,3,MGCJ6,3793,Long,5,2026-02-19 10:20:53,2026-02-19 10:33:27,3469.8,3464.7,5.0
3795,1080,3,MGCJ6,3793,Long,5,2026-02-19 10:20:54,2026-02-19 10:33:31,3469.9,3464.6,5.0
3796,1081,3,MGCJ6,3793,Long,5,2026-02-19 10:20:54,2026-02-19 10:33:40,3469.8,3464.7,5.0
3797,1082,3,MGCJ6,3793,Long,5,2026-02-19 10:20:53,2026-02-19 10:33:19,3469.8,3464.7,5.0
3798,1083,3,MGCJ6,3793,Long,5,2026-02-19 10:20:51,2026-02-19 10:32:56,3469.8,3464.7,5.0
3799,1077,4,MCLJ6,,Long,10,2026-02-19 03:26:56,2026-02-19 03:58:30,31.64,31.32,10.0
3800,1079,4,MCLJ6,3799,Long,10,2026-02-19 03:26:59,2026-02-19 03:58:31,31.64,31.32,10.0
3801,1080,4,MCLJ6,3799,Long,10,2026-02-19 03:26:58,2026-02-19 03:58:38,31.64,31.32,10.0
3802,1081,4,MCLJ6,3799,Long,10,2026-02-19 03:26:56,2026-02-19 03:58:37,31.65,31.31,10.0
3803,1082,4,MCLJ6,3799,Long,10,2026-02-19 03:26:58,2026-02-19 03:58:34,31.64,31.32,10.0
3804,1083,4,MCLJ6,3799,Long,10,2026-02-19 03:26:57,2026-02-19 03:58:55,31.64,31.32,10.0
3805,1077,3,MGCJ6,,Short,5,2026-02-20 10:32:30,2026-02-20 10:53:36,3478.7,3470.88,5.0
3806,1079,3,MGCJ6,3805,Short,5,2026-02-20 10:32:30,2026-02-20 10:54:08,3478.7,3470.9,5.0
3807,1080,3,MGCJ6,3805,Short,5,2026-02-20 10:32:31,2026-02-20 10:53:44,3478.7,3470.88,5.0
3808,1081,3,MGCJ6,3805,Short,5,2026-02-20 10:32:32,2026-02-20 10:54:10,3478.7,3470.9,5.0
3809,1083,3,MGCJ6,3805,Short,5,2026-02-20 10:32:30,2026-02-20 10:53:59,3478.7,3470.9,5.0
3810,1077,1,MYMH6,,Short,10,2026-02-23 09:46:23,2026-02-23 10:02:56,43169.0,43232.0,10.0
3811,1079,1,MYMH6,3810,Short,10,2026-02-23 09:46:23,2026-02-23 10:03:19,43168.0,43233.0,10.0
3812,1080,1,MYMH6,3810,Short,10,2026-02-23 09:46:25,2026-02-23 10:02:38,43169.0,43232.0,10.0
3813,1082,1,MYMH6,3810,Short,10,2026-02-23 09:46:24,2026-02-23 10:03:06,43169.0,43232.0,10.0
3814,1083,1,MYMH6,3810,Short,10,2026-02-23 09:46:25,2026-02-23 10:03:22,43169.0,43232.0,10.0
3815,1077,2,MESH6,,Short,10,2026-02-23 12:16:23,2026-02-23 12:27:29,6113.25,6118.75,10.0
3816,1079,2,MESH6,3815,Short,10,2026-02-23 12:16:24,2026-02-23 12:28:06,6113.0,6119.0,10.0
3817,1080,2,MESH6,3815,Short,10,2026-02-23 12:16:23,2026-02-23 12:27:36,6113.25,6118.75,10.0
3818,1082,2,MESH6,3815,Short,10,2026-02-23 12:16:25,2026-02-23 12:27:30,6113.0,6119.0,10.0
3819,1083,2,MESH6,3815,Short,10,2026-02-23 12:16:26,2026-02-23 12:28:14,6113.25,6118.75,10.0
3820,1077,3,MCLJ6,,Long,10,2026-02-23 10:29:32,2026-02-23 10:58:16,31.53,31.16,10.0
3821,1079,3,MCLJ6,3820,Long,10,2026-02-23 10:29:34,2026-02-23 10:58:09,31.53,31.16,10.0
3822,1080,3,MCLJ6,3820,Long,10,2026-02-23 10:29:33,2026-02-23 10:58:17,31.53,31.16,10.0
3823,1081,3,MCLJ6,3820,Long,10,2026-02-23 10:29:34,2026-02-23 10:57:47,31.53,31.16,10.0
3824,1082,3,MCLJ6,3820,Long,10,2026-02-23 10:29:33,2026-02-23 10:58:28,31.54,31.15,10.0
3825,1083,3,MCLJ6,3820,Long,10,2026-02-23 10:29:33,2026-02-23 10:57:33,31.53,31.16,10.0
3826,1077,1,MESH6,,Long,10,2026-02-24 09:49:09,2026-02-24 10:10:48,6182.25,6175.5,10.0
3827,1079,1,MESH6,3826,Long,10,2026-02-24 09:49:10,2026-02-24 10:10:55,6182.25,6175.5,10.0
3828,1081,1,MESH6,3826,Long,10,2026-02-24 09:49:12,2026-02-24 10:10:54,6182.25,6175.5,10.0
3829,1083,1,MESH6,3826,Long,10,2026-02-24 09:49:11,2026-02-24 10:10:29,6182.25,6175.5,10.0
3830,1077,2,M2KH6,,Long,10,2026-02-24 12:19:18,2026-02-24 12:31:20,1732.6,1738.3,10.0
3831,1079,2,M2KH6,3830,Long,10,2026-02-24 12:19:18,2026-02-24 12:31:49,1732.7,1738.3,10.0
3832,1080,2,M2KH6,3830,Long,10,2026-02-24 12:19:18,2026-02-24 12:31:25,1732.6,1738.3,10.0
3833,1081,2,M2KH6,3830,Long,10,2026-02-24 12:19:21,2026-02-24 12:31:49,1732.6,1738.3,10.0
3834,1083,2,M2KH6,3830,Long,10,2026-02-24 12:19:21,2026-02-24 12:32:02,1732.6,1738.3,10.0
3835,1079,3,MGCJ6,,Short,5,2026-02-24 10:26:38,2026-02-24 10:57:17,3473.3,3460.92,5.0
3836,1080,3,MGCJ6,3835,Short,5,2026-02-24 10:26:39,2026-02-24 10:57:29,3473.3,3460.9,5.0
3837,1081,3,MGCJ6,3835,Short,5,2026-02-24 10:26:41,2026-02-24 10:56:42,3473.2,3460.98,5.0
3838,1082,3,MGCJ6,3835,Short,5,2026-02-24 10:26:38,2026-02-24 10:57:25,3473.3,3460.92,5.0
3839,1077,1,MESH6,,Long,10,2026-02-25 09:48:46,2026-02-25 11:18:10,6199.75,6194.25,10.0
3840,1079,1,MESH6,3839,Long,10,2026-02-25 09:48:49,2026-02-25 11:18:04,6199.75,6194.25,10.0
3841,1080,1,MESH6,3839,Long,10,2026-02-25 09:48:47,2026-02-25 11:18:35,6200.0,6194.0,10.0
3842,1081,1,MESH6,3839,Long,10,2026-02-25 09:48:46,2026-02-25 11:18:42,6199.75,6194.25,10.0
3843,1082,1,MESH6,3839,Long,10,2026-02-25 09:48:48,2026-02-25 11:18:23,6199.75,6194.25,10.0
3844,1083,1,MESH6,3839,Long,10,2026-02-25 09:48:48,2026-02-25 11:18:39,6200.0,6194.25,10.0
3845,1077,2,MESH6,,Long,10,2026-02-25 12:17:18,2026-02-25 12:25:34,6181.75,6186.25,10.0
3846,1079,2,MESH6,3845,Long,10,2026-02-25 12:17:19,2026-02-25 12:25:52,6181.75,6186.25,10.0
3847,1080,2,MESH6,3845,Long,10,2026-02-25 12:17:20,2026-02-25 12:26:08,6182.0,6186.0,10.0
3848,1081,2,MESH6,3845,Long,10,2026-02-25 12:17:20,2026-02-25 12:25:39,6181.75,6186.25,10.0
3849,1082,2,MESH6,3845,Long,10,2026-02-25 12:17:20,2026-02-25 12:26:16,6181.75,6186.25,10.0
3850,1077,1,MESH6,,Short,10,2026-02-26 09:48:42,2026-02-26 09:57:06,6218.0,6224.25,10.0
3851,1079,1,MESH6,3850,Short,10,2026-02-26 09:48:44,2026-02-26 09:57:11,6218.0,6224.25,10.0
3852,1080,1,MESH6,3850,Short,10,2026-02-26 09:48:44,2026-02-26 09:57:29,6217.75,6224.5,10.0
3853,1081,1,MESH6,3850,Short,10,2026-02-26 09:48:45,2026-02-26 09:56:47,6218.0,6224.25,10.0
3854,1082,1,MESH6,3850,Short,10,2026-02-26 09:48:42,2026-02-26 09:57:11,6218.0,6224.25,10.0
3855,1083,1,MESH6,3850,Short,10,2026-02-26 09:48:45,2026-02-26 09:57:05,6218.0,6224.25,10.0
3856,1077,3,MNQH6,,Short,6,2026-02-26 10:24:01,2026-02-26 10:45:02,19659.5,19678.75,6.0
3857,1079,3,MNQH6,3856,Short,6,2026-02-26 10:24:01,2026-02-26 10:46:00,19659.25,19679.0,6.0
3858,1080,3,MNQH6,3856,Short,6,2026-02-26 10:24:04,2026-02-26 10:45:43,19659.25,19679.0,6.0
3859,1082,3,MNQH6,3856,Short,6,2026-02-26 10:24:04,2026-02-26 10:45:32,19659.5,19678.75,6.0
3860,1083,3,MNQH6,3856,Short,6,2026-02-26 10:24:02,2026-02-26 10:45:11,19659.5,19678.75,6.0
3861,1077,4,MCLJ6,,Short,10,2026-02-26 03:15:58,2026-02-26 03:27:47,33.07,32.72,10.0
3862,1079,4,MCLJ6,3861,Short,10,2026-02-26 03:15:58,2026-02-26 03:27:16,33.07,32.72,10.0
3863,1081,4,MCLJ6,3861,Short,10,2026-02-26 03:16:00,2026-02-26 03:27:18,33.07,32.72,10.0
3864,1082,4,MCLJ6,3861,Short,10,2026-02-26 03:16:01,2026-02-26 03:27:08,33.07,32.72,10.0
3865,1083,4,MCLJ6,3861,Short,10,2026-02-26 03:16:00,2026-02-26 03:27:29,33.07,32.72,10.0
3866,1077,1,MYMH6,,Long,10,2026-02-27 09:53:55,2026-02-27 11:24:41,41986.0,42102.0,10.0
3867,1079,1,MYMH6,3866,Long,10,2026-02-27 09:53:56,2026-02-27 11:24:37,41986.0,42102.0,10.0
3868,1080,1,MYMH6,3866,Long,10,2026-02-27 09:53:56,2026-02-27 11:24:55,41986.0,42102.0,10.0
3869,1081,1,MYMH6,3866,Long,10,2026-02-27 09:53:56,2026-02-27 11:24:18,41986.0,42102.0,10.0
3870,1082,1,MYMH6,3866,Long,10,2026-02-27 09:53:57,2026-02-27 11:24:08,41987.0,42102.0,10.0
3871,1083,1,MYMH6,3866,Long,10,2026-02-27 09:53:56,2026-02-27 11:24:09,41986.0,42102.0,10.0
3872,1077,1,MESH6,,Long,10,2026-03-02 10:05:46,2026-03-02 11:07:52,6396.5,6391.5,10.0
3873,1080,1,MESH6,3872,Long,10,2026-03-02 10:05:46,2026-03-02 11:08:22,6396.5,6391.5,10.0
3874,1081,1,MESH6,3872,Long,10,2026-03-02 10:05:48,2026-03-02 11:08:41,6396.5,6391.5,10.0
3875,1082,1,MESH6,3872,Long,10,2026-03-02 10:05:46,2026-03-02 11:08:24,6396.5,6391.5,10.0
3876,1083,1,MESH6,3872,Long,10,2026-03-02 10:05:46,2026-03-02 11:08:28,6396.5,6391.5,10.0
3877,1077,2,M2KH6,,Long,10,2026-03-02 12:30:46,2026-03-02 12:47:34,1674.9,1681.4,10.0
3878,1079,2,M2KH6,3877,Long,10,2026-03-02 12:30:48,2026-03-02 12:46:48,1674.9,1681.4,10.0
3879,1080,2,M2KH6,3877,Long,10,2026-03-02 12:30:47,2026-03-02 12:47:13,1674.9,1681.4,10.0
3880,1081,2,M2KH6,3877,Long,10,2026-03-02 12:30:48,2026-03-02 12:47:11,1674.9,1681.4,10.0
3881,1082,2,M2KH6,3877,Long,10,2026-03-02 12:30:46,2026-03-02 12:47:02,1675.0,1681.4,10.0
3882,1083,2,M2KH6,3877,Long,10,2026-03-02 12:30:47,2026-03-02 12:47:43,1675.0,1681.4,10.0
3883,1077,2,M2KH6,,Short,10,2026-03-03 12:17:26,2026-03-03 12:41:57,1672.0,1667.3,10.0
3884,1079,2,M2KH6,3883,Short,10,2026-03-03 12:17:28,2026-03-03 12:41:57,1672.0,1667.3,10.0
3885,1080,2,M2KH6,3883,Short,10,2026-03-03 12:17:28,2026-03-03 12:42:06,1671.9,1667.3,10.0
3886,1081,2,M2KH6,3883,Short,10,2026-03-03 12:17:29,2026-03-03 12:41:54,1671.9,1667.4,10.0
3887,1082,2,M2KH6,3883,Short,10,2026-03-03 12:17:26,2026-03-03 12:41:55,1672.0,1667.3,10.0
3888,1083,2,M2KH6,3883,Short,10,2026-03-03 12:17:27,2026-03-03 12:42:04,1672.0,1667.3,10.0
3889,1077,3,MNQH6,,Long,6,2026-03-03 10:26:54,2026-03-03 11:11:20,20743.0,20720.75,6.0
3890,1079,3,MNQH6,3889,Long,6,2026-03-03 10:26:54,2026-03-03 11:11:28,20743.25,20720.75,6.0
3891,1080,3,MNQH6,3889,Long,6,2026-03-03 10:26:55,2026-03-03 11:11:32,20743.25,20720.75,6.0
3892,1082,3,MNQH6,3889,Long,6,2026-03-03 10:26:57,2026-03-03 11:11:04,20743.25,20720.5,6.0
3893,1083,3,MNQH6,3889,Long,6,2026-03-03 10:26:54,2026-03-03 11:11:38,20743.25,20720.5,6.0
3894,1077,4,MGCJ6,,Short,5,2026-03-03 03:21:08,2026-03-03 04:32:24,3555.0,3561.4,5.0
3895,1079,4,MGCJ6,3894,Short,5,2026-03-03 03:21:09,2026-03-03 04:32:34,3555.0,3561.4,5.0
3896,1080,4,MGCJ6,3894,Short,5,2026-03-03 03:21:08,2026-03-03 04:32:27,3555.0,3561.4,5.0
3897,1081,4,MGCJ6,3894,Short,5,2026-03-03 03:21:09,2026-03-03 04:32:27,3555.0,3561.4,5.0
3898,1082,4,MGCJ6,3894,Short,5,2026-03-03 03:21:10,2026-03-03 04:32:50,3555.0,3561.4,5.0
3899,1083,4,MGCJ6,3894,Short,5,2026-03-03 03:21:08,2026-03-03 04:33:05,3555.0,3561.4,5.0
3900,1077,3,MNQH6,,Short,6,2026-03-04 10:40:31,2026-03-04 11:04:59,21219.75,21247.25,6.0
3901,1079,3,MNQH6,3900,Short,6,2026-03-04 10:40:31,2026-03-04 11:05:23,21219.75,21247.25,6.0
3902,1080,3,MNQH6,3900,Short,6,2026-03-04 10:40:32,2026-03-04 11:04:41,21219.75,21247.25,6.0
3903,1081,3,MNQH6,3900,Short,6,2026-03-04 10:40:34,2026-03-04 11:04:40,21219.75,21247.25,6.0
3904,1082,3,MNQH6,3900,Short,6,2026-03-04 10:40:34,2026-03-04 11:05:11,21219.75,21247.25,6.0
3905,1083,3,MNQH6,3900,Short,6,2026-03-04 10:40:31,2026-03-04 11:05:30,21219.5,21247.5,6.0
3906,1077,4,MCLJ6,,Long,10,2026-03-04 03:30:03,2026-03-04 04:35:02,32.94,32.7,10.0
3907,1079,4,MCLJ6,3906,Long,10,2026-03-04 03:30:03,2026-03-04 04:34:33,32.95,32.7,10.0
3908,1080,4,MCLJ6,3906,Long,10,2026-03-04 03:30:06,2026-03-04 04:34:29,32.95,32.7,10.0
3909,1081,4,MCLJ6,3906,Long,10,2026-03-04 03:30:04,2026-03-04 04:34:12,32.94,32.7,10.0
3910,1082,4,MCLJ6,3906,Long,10,2026-03-04 03:30:04,2026-03-04 04:34:57,32.95,32.69,10.0
3911,1083,4,MCLJ6,3906,Long,10,2026-03-04 03:30:06,2026-03-04 04:34:28,32.95,32.69,10.0
3912,1079,1,MESH6,,Short,10,2026-03-05 10:06:34,2026-03-05 11:37:03,6343.5,6350.0,10.0
3913,1080,1,MESH6,3912,Short,10,2026-03-05 10:06:34,2026-03-05 11:37:28,6343.5,6350.0,10.0
3914,1081,1,MESH6,3912,Short,10,2026-03-05 10:06:34,2026-03-05 11:37:31,6343.25,6350.25,10.0
3915,1082,1,MESH6,3912,Short,10,2026-03-05 10:06:34,2026-03-05 11:36:36,6343.25,6350.25,10.0
3916,1083,1,MESH6,3912,Short,10,2026-03-05 10:06:36,2026-03-05 11:37:30,6343.5,6350.0,10.0
3917,1079,3,MNQH6,,Short,6,2026-03-05 10:32:36,2026-03-05 11:43:20,21353.25,21374.25,6.0
3918,1080,3,MNQH6,3917,Short,6,2026-03-05 10:32:38,2026-03-05 11:42:46,21353.0,21374.25,6.0
3919,1081,3,MNQH6,3917,Short,6,2026-03-05 10:32:36,2026-03-05 11:43:25,21353.25,21374.25,6.0
3920,1082,3,MNQH6,3917,Short,6,2026-03-05 10:32:38,2026-03-05 11:43:03,21353.25,21374.25,6.0
3921,1083,3,MNQH6,3917,Short,6,2026-03-05 10:32:37,2026-03-05 11:43:17,21353.0,21374.5,6.0
3922,1079,4,MCLJ6,,Short,10,2026-03-05 03:16:54,2026-03-05 03:32:14,31.95,32.27,10.0
3923,1080,4,MCLJ6,3922,Short,10,2026-03-05 03:16:56,2026-03-05 03:32:41,31.95,32.27,10.0
3924,1081,4,MCLJ6,3922,Short,10,2026-03-05 03:16:56,2026-03-05 03:32:54,31.95,32.27,10.0
3925,1082,4,MCLJ6,3922,Short,10,2026-03-05 03:16:54,2026-03-05 03:31:56,31.94,32.27,10.0
3926,1083,4,MCLJ6,3922,Short,10,2026-03-05 03:16:55,2026-03-05 03:32:22,31.95,32.27,10.0
3927,1080,2,M2KH6,,Short,10,2026-03-06 12:20:23,2026-03-06 12:29:31,1693.6,1699.3,10.0
3928,1081,2,M2KH6,3927,Short,10,2026-03-06 12:20:25,2026-03-06 12:29:49,1693.6,1699.3,10.0
3929,1082,2,M2KH6,3927,Short,10,2026-03-06 12:20:24,2026-03-06 12:30:21,1693.6,1699.3,10.0
3930,1083,2,M2KH6,3927,Short,10,2026-03-06 12:20:25,2026-03-06 12:30:08,1693.6,1699.3,10.0
3931,1080,4,MGCJ6,,Long,5,2026-03-06 03:29:16,2026-03-06 04:47:56,3515.2,3524.58,5.0
3932,1081,4,MGCJ6,3931,Long,5,2026-03-06 03:29:19,2026-03-06 04:48:16,3515.3,3524.5,5.0
3933,1082,4,MGCJ6,3931,Long,5,2026-03-06 03:29:16,2026-03-06 04:47:26,3515.2,3524.6,5.0
3934,1083,4,MGCJ6,3931,Long,5,2026-03-06 03:29:16,2026-03-06 04:47:38,3515.2,3524.58,5.0
3935,1080,5,MESH6,,Long,10,2026-03-06 08:52:02,2026-03-06 09:13:49,6320.25,6314.5,10.0
3936,1081,5,MESH6,3935,Long,10,2026-03-06 08:52:03,2026-03-06 09:13:27,6320.5,6314.25,10.0
3937,1082,5,MESH6,3935,Long,10,2026-03-06 08:52:04,2026-03-06 09:13:33,6320.25,6314.5,10.0
3938,1083,5,MESH6,3935,Long,10,2026-03-06 08:52:04,2026-03-06 09:13:34,6320.5,6314.5,10.0
3939,1080,1,MYMH6,,Short,10,2026-03-09 09:51:17,2026-03-09 10:52:01,42529.0,42408.0,10.0
3940,1081,1,MYMH6,3939,Short,10,2026-03-09 09:51:18,2026-03-09 10:52:14,42528.0,42409.0,10.0
3941,1082,1,MYMH6,3939,Short,10,2026-03-09 09:51:17,2026-03-09 10:51:35,42528.0,42409.0,10.0
3942,1084,1,MYMH6,3939,Short,10,2026-03-09 09:51:20,2026-03-09 10:51:55,42528.0,42409.0,10.0
3943,1080,2,MESH6,,Long,10,2026-03-09 12:21:56,2026-03-09 12:34:39,6375.25,6379.75,10.0
3944,1081,2,MESH6,3943,Long,10,2026-03-09 12:21:59,2026-03-09 12:34:25,6375.5,6379.5,10.0
3945,1082,2,MESH6,3943,Long,10,2026-03-09 12:21:56,2026-03-09 12:34:23,6375.5,6379.5,10.0
3946,1084,2,MESH6,3943,Long,10,2026-03-09 12:21:58,2026-03-09 12:34:16,6375.25,6379.75,10.0
3947,1080,1,MNQH6,,Long,6,2026-03-10 09:50:53,2026-03-10 11:00:01,21471.5,21502.75,6.0
3948,1081,1,MNQH6,3947,Long,6,2026-03-10 09:50:56,2026-03-10 11:00:43,21471.75,21502.5,6.0
3949,1082,1,MNQH6,3947,Long,6,2026-03-10 09:50:55,2026-03-10 11:00:38,21471.75,21502.75,6.0
3950,1084,1,MNQH6,3947,Long,6,2026-03-10 09:50:54,2026-03-10 10:59:57,21471.75,21502.5,6.0
3951,1080,2,MESH6,,Short,10,2026-03-10 12:24:34,2026-03-10 12:44:28,6389.5,6394.75,10.0
3952,1081,2,MESH6,3951,Short,10,2026-03-10 12:24:36,2026-03-10 12:44:01,6389.5,6394.75,10.0
3953,1082,2,MESH6,3951,Short,10,2026-03-10 12:24:36,2026-03-10 12:44:22,6389.5,6394.75,10.0
3954,1084,2,MESH6,3951,Short,10,2026-03-10 12:24:35,2026-03-10 12:44:27,6389.5,6394.75,10.0
3955,1080,5,MESH6,,Long,10,2026-03-10 08:39:42,2026-03-10 08:58:30,6390.25,6385.0,10.0
3956,1081,5,MESH6,3955,Long,10,2026-03-10 08:39:45,2026-03-10 08:58:24,6390.25,6385.0,10.0
3957,1082,5,MESH6,3955,Long,10,2026-03-10 08:39:45,2026-03-10 08:58:24,6390.25,6385.0,10.0
3958,1080,1,MNQH6,,Short,6,2026-03-11 09:58:00,2026-03-11 10:39:53,20990.75,20958.25,6.0
3959,1081,1,MNQH6,3958,Short,6,2026-03-11 09:58:00,2026-03-11 10:39:19,20990.75,20958.25,6.0
3960,1082,1,MNQH6,3958,Short,6,2026-03-11 09:58:00,2026-03-11 10:39:02,20990.5,20958.5,6.0
3961,1084,1,MNQH6,3958,Short,6,2026-03-11 09:58:00,2026-03-11 10:39:13,20990.5,20958.25,6.0
3962,1080,2,M2KH6,,Long,10,2026-03-11 12:27:42,2026-03-11 12:44:31,1709.1,1702.9,10.0
3963,1082,2,M2KH6,3962,Long,10,2026-03-11 12:27:44,2026-03-11 12:44:42,1709.1,1702.9,10.0
3964,1084,2,M2KH6,3962,Long,10,2026-03-11 12:27:44,2026-03-11 12:43:46,1709.1,1702.9,10.0
3965,1080,4,MGCJ6,,Short,5,2026-03-11 03:32:46,2026-03-11 04:50:43,3488.8,3477.9,5.0
3966,1081,4,MGCJ6,3965,Short,5,2026-03-11 03:32:49,2026-03-11 04:50:40,3488.8,3477.9,5.0
3967,1082,4,MGCJ6,3965,Short,5,2026-03-11 03:32:48,2026-03-11 04:50:40,3488.8,3477.92,5.0
3968,1084,4,MGCJ6,3965,Short,5,2026-03-11 03:32:47,2026-03-11 04:49:59,3488.8,3477.9,5.0
3969,1080,2,MESM6,,Long,10,2026-03-12 12:12:20,2026-03-12 12:31:03,6273.5,6267.25,10.0
3970,1081,2,MESM6,3969,Long,10,2026-03-12 12:12:22,2026-03-12 12:30:44,6273.75,6267.25,10.0
3971,1082,2,MESM6,3969,Long,10,2026-03-12 12:12:23,2026-03-12 12:31:13,6273.75,6267.25,10.0
3972,1084,2,MESM6,3969,Long,10,2026-03-12 12:12:21,2026-03-12 12:30:44,6273.75,6267.0,10.0
3973,1085,2,MESM6,3969,Long,10,2026-03-12 12:12:22,2026-03-12 12:31:04,6273.75,6267.25,10.0
3974,1080,3,MNQM6,,Long,6,2026-03-12 10:20:56,2026-03-12 11:18:27,21279.5,21320.25,6.0
3975,1081,3,MNQM6,3974,Long,6,2026-03-12 10:20:57,2026-03-12 11:18:47,21279.5,21320.25,6.0
3976,1082,3,MNQM6,3974,Long,6,2026-03-12 10:20:59,2026-03-12 11:18:19,21279.75,21320.25,6.0
3977,1084,3,MNQM6,3974,Long,6,2026-03-12 10:20:56,2026-03-12 11:18:30,21279.5,21320.25,6.0
3978,1085,3,MNQM6,3974,Long,6,2026-03-12 10:20:59,2026-03-12 11:18:42,21279.5,21320.25,6.0
3979,1080,4,MGCJ6,,Short,5,2026-03-12 03:28:16,2026-03-12 04:19:52,3526.2,3533.4,5.0
3980,1081,4,MGCJ6,3979,Short,5,2026-03-12 03:28:19,2026-03-12 04:19:56,3526.1,3533.5,5.0
3981,1082,4,MGCJ6,3979,Short,5,2026-03-12 03:28:19,2026-03-12 04:20:14,3526.1,3533.5,5.0
3982,1084,4,MGCJ6,3979,Short,5,2026-03-12 03:28:16,2026-03-12 04:19:20,3526.2,3533.4,5.0
3983,1085,4,MGCJ6,3979,Short,5,2026-03-12 03:28:18,2026-03-12 04:19:45,3526.1,3533.5,5.0
3984,1080,1,MYMM6,,Short,10,2026-03-13 09:50:38,2026-03-13 10:39:31,43144.0,43029.0,10.0
3985,1081,1,MYMM6,3984,Short,10,2026-03-13 09:50:41,2026-03-13 10:39:21,43144.0,43029.0,10.0
3986,1082,1,MYMM6,3984,Short,10,2026-03-13 09:50:38,2026-03-13 10:38:48,43143.0,43030.0,10.0
3987,1084,1,MYMM6,3984,Short,10,2026-03-13 09:50:38,2026-03-13 10:38:44,43143.0,43030.0,10.0
3988,1085,1,MYMM6,3984,Short,10,2026-03-13 09:50:40,2026-03-13 10:39:09,43144.0,43029.0,10.0
3989,1080,2,M2KM6,,Long,10,2026-03-13 12:22:50,2026-03-13 12:29:57,1734.0,1728.3,10.0
3990,1081,2,M2KM6,3989,Long,10,2026-03-13 12:22:51,2026-03-13 12:30:29,1734.1,1728.3,10.0
3991,1082,2,M2KM6,3989,Long,10,2026-03-13 12:22:50,2026-03-13 12:30:34,1734.0,1728.3,10.0
3992,1084,2,M2KM6,3989,Long,10,2026-03-13 12:22:52,2026-03-13 12:29:57,1734.1,1728.3,10.0
3993,1085,2,M2KM6,3989,Long,10,2026-03-13 12:22:52,2026-03-13 12:30:00,1734.1,1728.2,10.0
3994,1080,3,MCLK6,,Long,10,2026-03-13 10:21:22,2026-03-13 11:24:25,33.26,33.01,10.0
3995,1081,3,MCLK6,3994,Long,10,2026-03-13 10:21:22,2026-03-13 11:25:11,33.26,33.01,10.0
3996,1082,3,MCLK6,3994,Long,10,2026-03-13 10:21:25,2026-03-13 11:25:17,33.26,33.01,10.0
3997,1084,3,MCLK6,3994,Long,10,2026-03-13 10:21:23,2026-03-13 11:24:42,33.26,33.01,10.0
3998,1085,3,MCLK6,3994,Long,10,2026-03-13 10:21:22,2026-03-13 11:25:18,33.26,33.01,10.0
3999,1080,4,MCLK6,,Short,10,2026-03-13 03:22:37,2026-03-13 04:05:08,33.3,33.53,10.0
4000,1081,4,MCLK6,3999,Short,10,2026-03-13 03:22:40,2026-03-13 04:05:21,33.3,33.53,10.0
4001,1082,4,MCLK6,3999,Short,10,2026-03-13 03:22:39,2026-03-13 04:04:47,33.3,33.53,10.0
4002,1084,4,MCLK6,3999,Short,10,2026-03-13 03:22:40,2026-03-13 04:05:12,33.29,33.54,10.0
4003,1085,4,MCLK6,3999,Short,10,2026-03-13 03:22:37,2026-03-13 04:04:56,33.3,33.53,10.0
4004,1080,1,MYMM6,,Short,10,2026-03-16 09:49:12,2026-03-16 11:08:45,43170.0,43217.0,10.0
4005,1081,1,MYMM6,4004,Short,10,2026-03-16 09:49:15,2026-03-16 11:09:13,43169.0,43218.0,10.0
4006,1082,1,MYMM6,4004,Short,10,2026-03-16 09:49:14,2026-03-16 11:09:01,43170.0,43217.0,10.0
4007,1084,1,MYMM6,4004,Short,10,2026-03-16 09:49:15,2026-03-16 11:09:05,43170.0,43217.0,10.0
4008,1085,1,MYMM6,4004,Short,10,2026-03-16 09:49:12,2026-03-16 11:08:49,43170.0,43217.0,10.0
4009,1080,2,M2KM6,,Short,10,2026-03-16 12:27:39,2026-03-16 12:33:45,1699.5,1704.8,10.0
4010,1081,2,M2KM6,4009,Short,10,2026-03-16 12:27:42,2026-03-16 12:34:35,1699.5,1704.8,10.0
4011,1082,2,M2KM6,4009,Short,10,2026-03-16 12:27:39,2026-03-16 12:34:37,1699.5,1704.8,10.0
4012,1084,2,M2KM6,4009,Short,10,2026-03-16 12:27:39,2026-03-16 12:33:43,1699.5,1704.8,10.0
4013,1085,2,M2KM6,4009,Short,10,2026-03-16 12:27:42,2026-03-16 12:34:19,1699.5,1704.8,10.0
4014,1080,3,MCLK6,,Short,10,2026-03-16 10:28:44,2026-03-16 11:32:57,34.93,35.25,10.0
4015,1081,3,MCLK6,4014,Short,10,2026-03-16 10:28:44,2026-03-16 11:33:17,34.92,35.25,10.0
4016,1082,3,MCLK6,4014,Short,10,2026-03-16 10:28:46,2026-03-16 11:33:25,34.93,35.25,10.0
4017,1085,3,MCLK6,4014,Short,10,2026-03-16 10:28:44,2026-03-16 11:33:33,34.93,35.25,10.0
4018,1080,4,MCLK6,,Short,10,2026-03-16 03:15:39,2026-03-16 04:40:29,35.02,34.54,10.0
4019,1081,4,MCLK6,4018,Short,10,2026-03-16 03:15:39,2026-03-16 04:40:16,35.02,34.54,10.0
4020,1082,4,MCLK6,4018,Short,10,2026-03-16 03:15:41,2026-03-16 04:39:55,35.02,34.54,10.0
4021,1084,4,MCLK6,4018,Short,10,2026-03-16 03:15:39,2026-03-16 04:39:50,35.02,34.54,10.0
4022,1085,4,MCLK6,4018,Short,10,2026-03-16 03:15:40,2026-03-16 04:40:29,35.01,34.54,10.0
4023,1080,2,MESM6,,Long,10,2026-03-17 12:27:17,2026-03-17 12:44:33,6336.0,6341.0,10.0
4024,1081,2,MESM6,4023,Long,10,2026-03-17 12:27:19,2026-03-17 12:44:40,6336.25,6341.0,10.0
4025,1082,2,MESM6,4023,Long,10,2026-03-17 12:27:19,2026-03-17 12:45:17,6336.25,6340.75,10.0
4026,1084,2,MESM6,4023,Long,10,2026-03-17 12:27:20,2026-03-17 12:44:41,6336.0,6341.0,10.0
4027,1085,2,MESM6,4023,Long,10,2026-03-17 12:27:18,2026-03-17 12:45:12,6336.25,6341.0,10.0
4028,1086,2,MESM6,4023,Long,10,2026-03-17 12:27:17,2026-03-17 12:44:21,6336.0,6341.0,10.0
4029,1080,4,MCLK6,,Short,10,2026-03-17 03:35:28,2026-03-17 05:05:24,34.7,35.06,10.0
4030,1081,4,MCLK6,4029,Short,10,2026-03-17 03:35:29,2026-03-17 05:05:01,34.69,35.07,10.0
4031,1082,4,MCLK6,4029,Short,10,2026-03-17 03:35:28,2026-03-17 05:04:37,34.69,35.06,10.0
4032,1084,4,MCLK6,4029,Short,10,2026-03-17 03:35:28,2026-03-17 05:05:23,34.7,35.06,10.0
4033,1085,4,MCLK6,4029,Short,10,2026-03-17 03:35:30,2026-03-17 05:04:31,34.7,35.06,10.0
4034,1086,4,MCLK6,4029,Short,10,2026-03-17 03:35:30,2026-03-17 05:04:47,34.69,35.07,10.0
4035,1080,1,MYMM6,,Short,10,2026-03-19 10:03:49,2026-03-19 11:04:11,43505.0,43556.0,10.0
4036,1081,1,MYMM6,4035,Short,10,2026-03-19 10:03:51,2026-03-19 11:04:10,43505.0,43556.0,10.0
4037,1082,1,MYMM6,4035,Short,10,2026-03-19 10:03:49,2026-03-19 11:04:09,43504.0,43556.0,10.0
4038,1084,1,MYMM6,4035,Short,10,2026-03-19 10:03:49,2026-03-19 11:04:13,43504.0,43557.0,10.0
4039,1085,1,MYMM6,4035,Short,10,2026-03-19 10:03:50,2026-03-19 11:04:38,43505.0,43556.0,10.0
4040,1086,1,MYMM6,4035,Short,10,2026-03-19 10:03:50,2026-03-19 11:04:09,43505.0,43556.0,10.0
4041,1080,3,MGCJ6,,Long,5,2026-03-19 10:30:47,2026-03-19 10:51:33,3566.3,3578.2,5.0
4042,1082,3,MGCJ6,4041,Long,5,2026-03-19 10:30:50,2026-03-19 10:51:31,3566.3,3578.2,5.0
4043,1084,3,MGCJ6,4041,Long,5,2026-03-19 10:30:47,2026-03-19 10:51:02,3566.4,3578.2,5.0
4044,1086,3,MGCJ6,4041,Long,5,2026-03-19 10:30:47,2026-03-19 10:51:22,3566.3,3578.2,5.0
4045,1080,1,MYMM6,,Short,10,2026-03-20 09:52:22,2026-03-20 10:54:33,43665.0,43570.0,10.0
4046,1082,1,MYMM6,4045,Short,10,2026-03-20 09:52:24,2026-03-20 10:55:14,43665.0,43570.0,10.0
4047,1084,1,MYMM6,4045,Short,10,2026-03-20 09:52:23,2026-03-20 10:54:44,43665.0,43570.0,10.0
4048,1085,1,MYMM6,4045,Short,10,2026-03-20 09:52:22,2026-03-20 10:55:12,43665.0,43570.0,10.0
4049,1086,1,MYMM6,4045,Short,10,2026-03-20 09:52:24,2026-03-20 10:54:35,43665.0,43570.0,10.0
4050,1080,2,MESM6,,Long,10,2026-03-20 12:28:04,2026-03-20 12:48:59,6456.0,6451.25,10.0
4051,1081,2,MESM6,4050,Long,10,2026-03-20 12:28:04,2026-03-20 12:48:16,6456.0,6451.25,10.0
4052,1082,2,MESM6,4050,Long,10,2026-03-20 12:28:04,2026-03-20 12:48:31,6456.25,6451.0,10.0
4053,1085,2,MESM6,4050,Long,10,2026-03-20 12:28:04,2026-03-20 12:48:45,6456.0,6451.25,10.0
4054,1086,2,MESM6,4050,Long,10,2026-03-20 12:28:06,2026-03-20 12:48:59,6456.25,6451.25,10.0
4055,1080,3,MGCJ6,,Long,5,2026-03-20 10:32:59,2026-03-20 12:07:16,3457.9,3452.6,5.0
4056,1081,3,MGCJ6,4055,Long,5,2026-03-20 10:32:59,2026-03-20 12:07:32,3458.0,3452.5,5.0
4057,1085,3,MGCJ6,4055,Long,5,2026-03-20 10:33:02,2026-03-20 12:08:01,3457.9,3452.6,5.0
4058,1086,3,MGCJ6,4055,Long,5,2026-03-20 10:33:00,2026-03-20 12:07:42,3457.9,3452.6,5.0
4059,1080,4,MGCJ6,,Long,5,2026-03-20 03:25:03,2026-03-20 04:19:25,3483.4,3493.8,5.0
4060,1081,4,MGCJ6,4059,Long,5,2026-03-20 03:25:03,2026-03-20 04:19:15,3483.5,3493.8,5.0
4061,1082,4,MGCJ6,4059,Long,5,2026-03-20 03:25:05,2026-03-20 04:19:54,3483.4,3493.8,5.0
4062,1084,4,MGCJ6,4059,Long,5,2026-03-20 03:25:05,2026-03-20 04:19:06,3483.4,3493.8,5.0
4063,1085,4,MGCJ6,4059,Long,5,2026-03-20 03:25:05,2026-03-20 04:20:03,3483.4,3493.8,5.0
4064,1086,4,MGCJ6,4059,Long,5,2026-03-20 03:25:05,2026-03-20 04:19:20,3483.5,3493.7,5.0
4065,1080,1,MYMM6,,Short,10,2026-03-23 10:05:41,2026-03-23 10:36:56,44523.0,44593.0,10.0
4066,1081,1,MYMM6,4065,Short,10,2026-03-23 10:05:42,2026-03-23 10:37:29,44522.0,44593.0,10.0
4067,1082,1,MYMM6,4065,Short,10,2026-03-23 10:05:41,2026-03-23 10:37:22,44522.0,44593.0,10.0
4068,1084,1,MYMM6,4065,Short,10,2026-03-23 10:05:43,2026-03-23 10:37:21,44523.0,44593.0,10.0
4069,1086,1,MYMM6,4065,Short,10,2026-03-23 10:05:42,2026-03-23 10:37:23,44523.0,44593.0,10.0
4070,1080,2,M2KM6,,Long,10,2026-03-23 12:26:57,2026-03-23 12:46:53,1653.4,1658.0,10.0
4071,1081,2,M2KM6,4070,Long,10,2026-03-23 12:27:00,2026-03-23 12:46:44,1653.4,1658.0,10.0
4072,1082,2,M2KM6,4070,Long,10,2026-03-23 12:26:57,2026-03-23 12:46:45,1653.4,1658.0,10.0
4073,1084,2,M2KM6,4070,Long,10,2026-03-23 12:26:57,2026-03-23 12:46:17,1653.5,1658.0,10.0
4074,1085,2,M2KM6,4070,Long,10,2026-03-23 12:26:59,2026-03-23 12:46:57,1653.5,1657.9,10.0
4075,1086,2,M2KM6,4070,Long,10,2026-03-23 12:26:57,2026-03-23 12:46:06,1653.4,1658.0,10.0
4076,1080,4,MGCM6,,Short,5,2026-03-23 03:23:29,2026-03-23 03:45:00,3436.0,3440.7,5.0
4077,1081,4,MGCM6,4076,Short,5,2026-03-23 03:23:29,2026-03-23 03:44:36,3435.9,3440.8,5.0
4078,1082,4,MGCM6,4076,Short,5,2026-03-23 03:23:31,2026-03-23 03:45:02,3436.0,3440.7,5.0
4079,1084,4,MGCM6,4076,Short,5,2026-03-23 03:23:32,2026-03-23 03:45:27,3436.0,3440.7,5.0
4080,1085,4,MGCM6,4076,Short,5,2026-03-23 03:23:32,2026-03-23 03:45:13,3436.0,3440.7,5.0
4081,1086,4,MGCM6,4076,Short,5,2026-03-23 03:23:31,2026-03-23 03:44:51,3436.0,3440.7,5.0
4082,1080,2,M2KM6,,Short,10,2026-03-24 12:28:30,2026-03-24 12:40:28,1683.0,1675.7,10.0
4083,1081,2,M2KM6,4082,Short,10,2026-03-24 12:28:32,2026-03-24 12:39:54,1682.9,1675.7,10.0
4084,1082,2,M2KM6,4082,Short,10,2026-03-24 12:28:32,2026-03-24 12:40:16,1682.9,1675.8,10.0
4085,1084,2,M2KM6,4082,Short,10,2026-03-24 12:28:30,2026-03-24 12:39:53,1683.0,1675.7,10.0
4086,1085,2,M2KM6,4082,Short,10,2026-03-24 12:28:33,2026-03-24 12:39:43,1683.0,1675.7,10.0
4087,1086,2,M2KM6,4082,Short,10,2026-03-24 12:28:30,2026-03-24 12:40:07,1682.9,1675.7,10.0
4088,1080,1,MNQM6,,Long,6,2026-03-25 10:05:53,2026-03-25 10:29:58,20618.5,20666.75,6.0
4089,1081,1,MNQM6,4088,Long,6,2026-03-25 10:05:55,2026-03-25 10:30:08,20618.75,20666.75,6.0
4090,1082,1,MNQM6,4088,Long,6,2026-03-25 10:05:54,2026-03-25 10:30:48,20618.5,20666.75,6.0
4091,1084,1,MNQM6,4088,Long,6,2026-03-25 10:05:53,2026-03-25 10:30:03,20618.5,20666.75,6.0
4092,1085,1,MNQM6,4088,Long,6,2026-03-25 10:05:54,2026-03-25 10:30:21,20618.5,20666.75,6.0
4093,1080,3,MGCM6,,Long,5,2026-03-25 10:22:12,2026-03-25 11:34:21,3560.8,3554.7,5.0
4094,1081,3,MGCM6,4093,Long,5,2026-03-25 10:22:15,2026-03-25 11:34:57,3560.9,3554.6,5.0
4095,1082,3,MGCM6,4093,Long,5,2026-03-25 10:22:14,2026-03-25 11:34:34,3560.9,3554.7,5.0
4096,1084,3,MGCM6,4093,Long,5,2026-03-25 10:22:12,2026-03-25 11:34:49,3560.9,3554.7,5.0
4097,1085,3,MGCM6,4093,Long,5,2026-03-25 10:22:13,2026-03-25 11:34:44,3560.8,3554.7,5.0
4098,1086,3,MGCM6,4093,Long,5,2026-03-25 10:22:14,2026-03-25 11:35:02,3560.8,3554.7,5.0
4099,1080,4,MGCM6,,Long,5,2026-03-25 03:33:20,2026-03-25 04:52:39,3558.1,3552.6,5.0
4100,1081,4,MGCM6,4099,Long,5,2026-03-25 03:33:23,2026-03-25 04:52:23,3558.2,3552.5,5.0
4101,1084,4,MGCM6,4099,Long,5,2026-03-25 03:33:22,2026-03-25 04:52:46,3558.2,3552.6,5.0
4102,1085,4,MGCM6,4099,Long,5,2026-03-25 03:33:20,2026-03-25 04:52:53,3558.1,3552.6,5.0
4103,1086,4,MGCM6,4099,Long,5,2026-03-25 03:33:22,2026-03-25 04:52:43,3558.1,3552.6,5.0
4104,1080,2,M2KM6,,Short,10,2026-03-26 12:13:54,2026-03-26 12:36:42,1714.1,1708.8,10.0
4105,1081,2,M2KM6,4104,Short,10,2026-03-26 12:13:54,2026-03-26 12:36:46,1714.1,1708.8,10.0
4106,1082,2,M2KM6,4104,Short,10,2026-03-26 12:13:56,2026-03-26 12:35:59,1714.0,1708.8,10.0
4107,1084,2,M2KM6,4104,Short,10,2026-03-26 12:13:54,2026-03-26 12:36:01,1714.1,1708.8,10.0
4108,1085,2,M2KM6,4104,Short,10,2026-03-26 12:13:54,2026-03-26 12:36:19,1714.0,1708.9,10.0
4109,1086,2,M2KM6,4104,Short,10,2026-03-26 12:13:57,2026-03-26 12:36:56,1714.0,1708.9,10.0
4110,1080,4,MCLK6,,Long,10,2026-03-26 03:26:59,2026-03-26 04:36:17,32.55,32.96,10.0
4111,1081,4,MCLK6,4110,Long,10,2026-03-26 03:27:02,2026-03-26 04:36:15,32.55,32.96,10.0
4112,1082,4,MCLK6,4110,Long,10,2026-03-26 03:27:02,2026-03-26 04:36:24,32.55,32.96,10.0
4113,1084,4,MCLK6,4110,Long,10,2026-03-26 03:27:00,2026-03-26 04:36:09,32.56,32.95,10.0
4114,1085,4,MCLK6,4110,Long,10,2026-03-26 03:26:59,2026-03-26 04:36:05,32.55,32.96,10.0
4115,1086,4,MCLK6,4110,Long,10,2026-03-26 03:27:00,2026-03-26 04:36:37,32.55,32.96,10.0
4116,1080,1,MNQM6,,Short,6,2026-03-27 09:57:52,2026-03-27 11:30:21,20145.75,20172.75,6.0
4117,1081,1,MNQM6,4116,Short,6,2026-03-27 09:57:52,2026-03-27 11:29:55,20145.75,20172.75,6.0
4118,1082,1,MNQM6,4116,Short,6,2026-03-27 09:57:54,2026-03-27 11:30:08,20145.75,20172.75,6.0
4119,1084,1,MNQM6,4116,Short,6,2026-03-27 09:57:55,2026-03-27 11:30:40,20145.5,20173.0,6.0
4120,1085,1,MNQM6,4116,Short,6,2026-03-27 09:57:55,2026-03-27 11:30:10,20145.5,20172.75,6.0
4121,1086,1,MNQM6,4116,Short,6,2026-03-27 09:57:52,2026-03-27 11:30:09,20145.75,20172.75,6.0
4122,1080,3,MCLK6,,Short,10,2026-03-27 10:30:30,2026-03-27 10:56:56,31.98,32.33,10.0
4123,1081,3,MCLK6,4122,Short,10,2026-03-27 10:30:30,2026-03-27 10:56:51,31.98,32.33,10.0
4124,1082,3,MCLK6,4122,Short,10,2026-03-27 10:30:30,2026-03-27 10:56:42,31.97,32.34,10.0
4125,1084,3,MCLK6,4122,Short,10,2026-03-27 10:30:33,2026-03-27 10:56:44,31.97,32.33,10.0
4126,1085,3,MCLK6,4122,Short,10,2026-03-27 10:30:30,2026-03-27 10:56:49,31.97,32.33,10.0
4127,1080,4,MGCM6,,Short,5,2026-03-31 03:27:03,2026-03-31 04:44:40,3565.9,3555.3,5.0
4128,1081,4,MGCM6,4127,Short,5,2026-03-31 03:27:03,2026-03-31 04:44:13,3565.8,3555.3,5.0
4129,1082,4,MGCM6,4127,Short,5,2026-03-31 03:27:05,2026-03-31 04:44:42,3565.9,3555.3,5.0
4130,1084,4,MGCM6,4127,Short,5,2026-03-31 03:27:05,2026-03-31 04:44:14,3565.9,3555.3,5.0
4131,1085,4,MGCM6,4127,Short,5,2026-03-31 03:27:04,2026-03-31 04:44:24,3565.8,3555.3,5.0
4132,1086,4,MGCM6,4127,Short,5,2026-03-31 03:27:05,2026-03-31 04:45:03,3565.9,3555.3,5.0
4133,1080,2,MESM6,,Short,10,2026-04-01 12:13:26,2026-04-01 12:19:49,6273.75,6269.25,10.0
4134,1082,2,MESM6,4133,Short,10,2026-04-01 12:13:27,2026-04-01 12:20:18,6273.5,6269.5,10.0
4135,1084,2,MESM6,4133,Short,10,2026-04-01 12:13:27,2026-04-01 12:19:32,6273.5,6269.5,10.0
4136,1085,2,MESM6,4133,Short,10,2026-04-01 12:13:29,2026-04-01 12:19:54,6273.75,6269.25,10.0
4137,1086,2,MESM6,4133,Short,10,2026-04-01 12:13:29,2026-04-01 12:20:02,6273.75,6269.25,10.0
4138,1080,4,MGCM6,,Short,5,2026-04-01 03:25:47,2026-04-01 04:27:06,3624.0,3613.9,5.0
4139,1081,4,MGCM6,4138,Short,5,2026-04-01 03:25:47,2026-04-01 04:27:42,3624.0,3613.88,5.0
4140,1082,4,MGCM6,4138,Short,5,2026-04-01 03:25:50,2026-04-01 04:27:16,3624.0,3613.88,5.0
4141,1084,4,MGCM6,4138,Short,5,2026-04-01 03:25:49,2026-04-01 04:27:22,3624.0,3613.88,5.0
4142,1085,4,MGCM6,4138,Short,5,2026-04-01 03:25:47,2026-04-01 04:27:02,3623.9,3613.9,5.0
4143,1080,1,MNQM6,,Short,6,2026-04-02 10:05:35,2026-04-02 10:14:22,19683.5,19706.0,6.0
4144,1081,1,MNQM6,4143,Short,6,2026-04-02 10:05:38,2026-04-02 10:13:40,19683.25,19706.25,6.0
4145,1082,1,MNQM6,4143,Short,6,2026-04-02 10:05:36,2026-04-02 10:14:18,19683.25,19706.25,6.0
4146,1085,1,MNQM6,4143,Short,6,2026-04-02 10:05:37,2026-04-02 10:13:40,19683.25,19706.0,6.0
4147,1086,1,MNQM6,4143,Short,6,2026-04-02 10:05:37,2026-04-02 10:14:25,19683.5,19706.0,6.0
4148,1087,1,MNQM6,4143,Short,6,2026-04-02 10:05:36,2026-04-02 10:13:54,19683.25,19706.0,6.0
4149,1080,3,MCLK6,,Long,10,2026-04-02 10:21:20,2026-04-02 11:22:55,32.18,31.91,10.0
4150,1081,3,MCLK6,4149,Long,10,2026-04-02 10:21:22,2026-04-02 11:22:47,32.18,31.91,10.0
4151,1082,3,MCLK6,4149,Long,10,2026-04-02 10:21:20,2026-04-02 11:22:47,32.19,31.91,10.0
4152,1086,3,MCLK6,4149,Long,10,2026-04-02 10:21:23,2026-04-02 11:22:54,32.18,31.91,10.0
4153,1087,3,MCLK6,4149,Long,10,2026-04-02 10:21:22,2026-04-02 11:22:45,32.18,31.91,10.0
4154,1080,4,MGCM6,,Short,5,2026-04-02 03:27:33,2026-04-02 03:55:22,3647.9,3654.1,5.0
4155,1081,4,MGCM6,4154,Short,5,2026-04-02 03:27:36,2026-04-02 03:55:07,3647.8,3654.2,5.0
4156,1082,4,MGCM6,4154,Short,5,2026-04-02 03:27:33,2026-04-02 03:54:48,3647.9,3654.1,5.0
4157,1085,4,MGCM6,4154,Short,5,2026-04-02 03:27:34,2026-04-02 03:55:20,3647.9,3654.1,5.0
4158,1086,4,MGCM6,4154,Short,5,2026-04-02 03:27:35,2026-04-02 03:54:54,3647.8,3654.2,5.0
4159,1087,4,MGCM6,4154,Short,5,2026-04-02 03:27:36,2026-04-02 03:54:36,3647.9,3654.1,5.0
4160,1082,1,MNQM6,,Long,6,2026-04-03 09:52:13,2026-04-03 11:25:51,19622.75,19660.5,6.0
4161,1085,1,MNQM6,4160,Long,6,2026-04-03 09:52:16,2026-04-03 11:25:18,19622.75,19660.5,6.0
4162,1086,1,MNQM6,4160,Long,6,2026-04-03 09:52:15,2026-04-03 11:26:14,19622.75,19660.5,6.0
4163,1087,1,MNQM6,4160,Long,6,2026-04-03 09:52:16,2026-04-03 11:25:18,19623.0,19660.25,6.0
4164,1088,1,MNQM6,4160,Long,6,2026-04-03 09:52:13,2026-04-03 11:26:06,19623.0,19660.5,6.0
4165,1080,2,M2KM6,,Short,10,2026-04-03 12:11:27,2026-04-03 12:17:29,1664.8,1660.1,10.0
4166,1081,2,M2KM6,4165,Short,10,2026-04-03 12:11:28,2026-04-03 12:17:55,1664.8,1660.1,10.0
4167,1082,2,M2KM6,4165,Short,10,2026-04-03 12:11:29,2026-04-03 12:18:10,1664.7,1660.1,10.0
4168,1085,2,M2KM6,4165,Short,10,2026-04-03 12:11:28,2026-04-03 12:17:32,1664.8,1660.1,10.0
4169,1086,2,M2KM6,4165,Short,10,2026-04-03 12:11:28,2026-04-03 12:17:58,1664.8,1660.1,10.0
4170,1087,2,M2KM6,4165,Short,10,2026-04-03 12:11:28,2026-04-03 12:18:06,1664.7,1660.1,10.0
4171,1088,2,M2KM6,4165,Short,10,2026-04-03 12:11:28,2026-04-03 12:17:49,1664.8,1660.1,10.0
4172,1081,5,MESM6,,Long,10,2026-04-03 08:46:46,2026-04-03 09:06:38,6341.75,6335.5,10.0
4173,1082,5,MESM6,4172,Long,10,2026-04-03 08:46:46,2026-04-03 09:06:01,6341.75,6335.5,10.0
4174,1085,5,MESM6,4172,Long,10,2026-04-03 08:46:46,2026-04-03 09:05:48,6342.0,6335.5,10.0
4175,1086,5,MESM6,4172,Long,10,2026-04-03 08:46:49,2026-04-03 09:05:49,6341.75,6335.5,10.0
4176,1087,5,MESM6,4172,Long,10,2026-04-03 08:46:48,2026-04-03 09:06:17,6342.0,6335.25,10.0
4177,1088,5,MESM6,4172,Long,10,2026-04-03 08:46:48,2026-04-03 09:06:41,6341.75,6335.5,10.0
4178,1080,1,MNQM6,,Long,6,2026-04-06 09:53:47,2026-04-06 10:55:05,19865.75,19844.25,6.0
4179,1081,1,MNQM6,4178,Long,6,2026-04-06 09:53:47,2026-04-06 10:55:32,19865.75,19844.25,6.0
4180,1082,1,MNQM6,4178,Long,6,2026-04-06 09:53:49,2026-04-06 10:55:02,19866.0,19844.25,6.0
4181,1085,1,MNQM6,4178,Long,6,2026-04-06 09:53:49,2026-04-06 10:54:59,19865.75,19844.25,6.0
4182,1086,1,MNQM6,4178,Long,6,2026-04-06 09:53:50,2026-04-06 10:55:22,19865.75,19844.25,6.0
4183,1087,1,MNQM6,4178,Long,6,2026-04-06 09:53:50,2026-04-06 10:54:55,19866.0,19844.25,6.0
4184,1088,1,MNQM6,4178,Long,6,2026-04-06 09:53:48,2026-04-06 10:55:31,19866.0,19844.25,6.0
4185,1080,2,MESM6,,Short,10,2026-04-06 12:24:16,2026-04-06 12:30:34,6365.5,6370.5,10.0
4186,1081,2,MESM6,4185,Short,10,2026-04-06 12:24:16,2026-04-06 12:30:55,6365.5,6370.5,10.0
4187,1082,2,MESM6,4185,Short,10,2026-04-06 12:24:16,2026-04-06 12:30:16,6365.25,6370.5,10.0
4188,1085,2,MESM6,4185,Short,10,2026-04-06 12:24:19,2026-04-06 12:31:11,6365.5,6370.5,10.0
4189,1086,2,MESM6,4185,Short,10,2026-04-06 12:24:16,2026-04-06 12:30:21,6365.25,6370.75,10.0
4190,1087,2,MESM6,4185,Short,10,2026-04-06 12:24:17,2026-04-06 12:30:33,6365.5,6370.5,10.0
4191,1088,2,MESM6,4185,Short,10,2026-04-06 12:24:18,2026-04-06 12:31:00,6365.25,6370.75,10.0
4192,1080,1,MESM6,,Long,10,2026-04-07 09:56:25,2026-04-07 10:09:49,6398.0,6391.5,10.0
4193,1082,1,MESM6,4192,Long,10,2026-04-07 09:56:27,2026-04-07 10:09:29,6398.0,6391.5,10.0
4194,1085,1,MESM6,4192,Long,10,2026-04-07 09:56:27,2026-04-07 10:09:36,6398.25,6391.25,10.0
4195,1086,1,MESM6,4192,Long,10,2026-04-07 09:56:27,2026-04-07 10:09:43,6398.25,6391.25,10.0
4196,1087,1,MESM6,4192,Long,10,2026-04-07 09:56:26,2026-04-07 10:09:46,6398.0,6391.5,10.0
4197,1080,2,MESM6,,Short,10,2026-04-07 12:25:10,2026-04-07 12:42:16,6395.75,6401.5,10.0
4198,1082,2,MESM6,4197,Short,10,2026-04-07 12:25:11,2026-04-07 12:43:07,6395.5,6401.5,10.0
4199,1085,2,MESM6,4197,Short,10,2026-04-07 12:25:10,2026-04-07 12:42:13,6395.75,6401.5,10.0
4200,1086,2,MESM6,4197,Short,10,2026-04-07 12:25:11,2026-04-07 12:42:32,6395.75,6401.5,10.0
4201,1087,2,MESM6,4197,Short,10,2026-04-07 12:25:13,2026-04-07 12:42:46,6395.75,6401.5,10.0
4202,1088,2,MESM6,4197,Short,10,2026-04-07 12:25:13,2026-04-07 12:42:47,6395.75,6401.5,10.0
4203,1080,3,MNQM6,,Long,6,2026-04-07 10:27:04,2026-04-07 11:59:57,19686.25,19661.5,6.0
4204,1082,3,MNQM6,4203,Long,6,2026-04-07 10:27:07,2026-04-07 11:59:12,19686.25,19661.5,6.0
4205,1085,3,MNQM6,4203,Long,6,2026-04-07 10:27:07,2026-04-07 11:59:21,19686.25,19661.5,6.0
4206,1086,3,MNQM6,4203,Long,6,2026-04-07 10:27:05,2026-04-07 11:59:28,19686.25,19661.5,6.0
4207,1087,3,MNQM6,4203,Long,6,2026-04-07 10:27:06,2026-04-07 11:59:37,19686.25,19661.5,6.0
4208,1088,3,MNQM6,4203,Long,6,2026-04-07 10:27:07,2026-04-07 11:59:54,19686.5,19661.5,6.0
4209,1080,4,MCLK6,,Long,10,2026-04-07 03:22:02,2026-04-07 04:10:24,31.66,32.01,10.0
4210,1082,4,MCLK6,4209,Long,10,2026-04-07 03:22:03,2026-04-07 04:10:26,31.67,32.0,10.0
4211,1085,4,MCLK6,4209,Long,10,2026-04-07 03:22:03,2026-04-07 04:10:53,31.66,32.01,10.0
4212,1086,4,MCLK6,4209,Long,10,2026-04-07 03:22:04,2026-04-07 04:11:03,31.67,32.0,10.0
4213,1087,4,MCLK6,4209,Long,10,2026-04-07 03:22:03,2026-04-07 04:10:44,31.67,32.0,10.0
4214,1088,4,MCLK6,4209,Long,10,2026-04-07 03:22:05,2026-04-07 04:10:11,31.66,32.01,10.0
4215,1080,1,MNQM6,,Short,6,2026-04-08 09:48:37,2026-04-08 11:01:26,19832.75,19861.25,6.0
4216,1082,1,MNQM6,4215,Short,6,2026-04-08 09:48:40,2026-04-08 11:00:53,19832.75,19861.25,6.0
4217,1086,1,MNQM6,4215,Short,6,2026-04-08 09:48:40,2026-04-08 11:01:20,19832.5,19861.5,6.0
4218,1087,1,MNQM6,4215,Short,6,2026-04-08 09:48:37,2026-04-08 11:00:42,19832.75,19861.25,6.0
4219,1088,1,MNQM6,4215,Short,6,2026-04-08 09:48:40,2026-04-08 11:00:51,19832.75,19861.25,6.0
4220,1089,1,MNQM6,4215,Short,6,2026-04-08 09:48:40,2026-04-08 11:01:22,19832.5,19861.5,6.0
4221,1080,3,MGCM6,,Long,5,2026-04-08 10:23:25,2026-04-08 10:58:57,3730.1,3741.78,5.0
4222,1082,3,MGCM6,4221,Long,5,2026-04-08 10:23:26,2026-04-08 10:58:50,3730.1,3741.78,5.0
4223,1085,3,MGCM6,4221,Long,5,2026-04-08 10:23:27,2026-04-08 10:58:51,3730.2,3741.7,5.0
4224,1086,3,MGCM6,4221,Long,5,2026-04-08 10:23:28,2026-04-08 10:58:44,3730.2,3741.8,5.0
4225,1087,3,MGCM6,4221,Long,5,2026-04-08 10:23:25,2026-04-08 10:58:35,3730.1,3741.8,5.0
4226,1088,3,MGCM6,4221,Long,5,2026-04-08 10:23:27,2026-04-08 10:59:05,3730.1,3741.78,5.0
4227,1089,3,MGCM6,4221,Long,5,2026-04-08 10:23:26,2026-04-08 10:58:50,3730.2,3741.82,5.0
4228,1080,1,MYMM6,,Short,10,2026-04-09 09:50:59,2026-04-09 10:40:55,42634.0,42700.0,10.0
4229,1082,1,MYMM6,4228,Short,10,2026-04-09 09:51:02,2026-04-09 10:40:21,42634.0,42700.0,10.0
4230,1086,1,MYMM6,4228,Short,10,2026-04-09 09:51:01,2026-04-09 10:40:46,42633.0,42700.0,10.0
4231,1087,1,MYMM6,4228,Short,10,2026-04-09 09:51:02,2026-04-09 10:40:43,42634.0,42700.0,10.0
4232,1088,1,MYMM6,4228,Short,10,2026-04-09 09:50:59,2026-04-09 10:40:38,42633.0,42700.0,10.0
4233,1080,3,MGCM6,,Short,5,2026-04-09 10:23:45,2026-04-09 10:42:04,3737.5,3744.0,5.0
4234,1085,3,MGCM6,4233,Short,5,2026-04-09 10:23:47,2026-04-09 10:42:23,3737.5,3744.0,5.0
4235,1086,3,MGCM6,4233,Short,5,2026-04-09 10:23:47,2026-04-09 10:42:44,3737.5,3744.0,5.0
4236,1088,3,MGCM6,4233,Short,5,2026-04-09 10:23:45,2026-04-09 10:41:59,3737.5,3744.0,5.0
4237,1089,3,MGCM6,4233,Short,5,2026-04-09 10:23:46,2026-04-09 10:41:47,3737.5,3744.0,5.0
4238,1080,4,MGCM6,,Short,5,2026-04-09 03:19:44,2026-04-09 04:27:06,3739.8,3745.8,5.0
4239,1082,4,MGCM6,4238,Short,5,2026-04-09 03:19:45,2026-04-09 04:27:08,3739.8,3745.8,5.0
4240,1085,4,MGCM6,4238,Short,5,2026-04-09 03:19:47,2026-04-09 04:27:37,3739.8,3745.8,5.0
4241,1086,4,MGCM6,4238,Short,5,2026-04-09 03:19:45,2026-04-09 04:27:42,3739.8,3745.8,5.0
4242,1087,4,MGCM6,4238,Short,5,2026-04-09 03:19:45,2026-04-09 04:27:04,3739.7,3745.8,5.0
4243,1088,4,MGCM6,4238,Short,5,2026-04-09 03:19:46,2026-04-09 04:27:10,3739.8,3745.8,5.0
4244,1089,4,MGCM6,4238,Short,5,2026-04-09 03:19:46,2026-04-09 04:26:56,3739.8,3745.8,5.0
4245,1085,1,MYMM6,,Long,10,2026-04-10 09:58:46,2026-04-10 10:31:01,42305.0,42238.0,10.0
4246,1086,1,MYMM6,4245,Long,10,2026-04-10 09:58:49,2026-04-10 10:31:31,42305.0,42238.0,10.0
4247,1088,1,MYMM6,4245,Long,10,2026-04-10 09:58:47,2026-04-10 10:30:53,42306.0,42238.0,10.0
4248,1089,1,MYMM6,4245,Long,10,2026-04-10 09:58:49,2026-04-10 10:31:31,42305.0,42238.0,10.0
4249,1090,1,MYMM6,4245,Long,10,2026-04-10 09:58:48,2026-04-10 10:30:48,42305.0,42238.0,10.0
4250,1085,3,MNQM6,,Long,6,2026-04-10 10:40:34,2026-04-10 10:57:18,20373.5,20342.5,6.0
4251,1088,3,MNQM6,4250,Long,6,2026-04-10 10:40:34,2026-04-10 10:57:09,20373.75,20342.25,6.0
4252,1089,3,MNQM6,4250,Long,6,2026-04-10 10:40:37,2026-04-10 10:57:12,20373.5,20342.5,6.0
4253,1090,3,MNQM6,4250,Long,6,2026-04-10 10:40:34,2026-04-10 10:57:22,20373.5,20342.5,6.0
4254,1085,4,MGCM6,,Short,5,2026-04-10 03:30:48,2026-04-10 05:00:19,3767.5,3759.4,5.0
4255,1086,4,MGCM6,4254,Short,5,2026-04-10 03:30:48,2026-04-10 05:00:01,3767.4,3759.42,5.0
4256,1089,4,MGCM6,4254,Short,5,2026-04-10 03:30:51,2026-04-10 05:00:20,3767.4,3759.5,5.0
4257,1090,4,MGCM6,4254,Short,5,2026-04-10 03:30:50,2026-04-10 05:00:30,3767.5,3759.4,5.0
4258,1085,1,MESM6,,Long,10,2026-04-13 09:55:15,2026-04-13 10:19:11,6364.0,6358.0,10.0
4259,1088,1,MESM6,4258,Long,10,2026-04-13 09:55:15,2026-04-13 10:18:16,6364.0,6358.0,10.0
4260,1089,1,MESM6,4258,Long,10,2026-04-13 09:55:15,2026-04-13 10:18:44,6364.25,6358.0,10.0
4261,1090,1,MESM6,4258,Long,10,2026-04-13 09:55:18,2026-04-13 10:18:41,6364.0,6358.0,10.0
4262,1091,1,ESM6,4258,Long,2,2026-04-13 09:55:17,2026-04-13 10:18:25,6364.0,6358.0,8.0
4263,1085,2,M2KM6,,Short,10,2026-04-13 12:25:35,2026-04-13 12:40:50,1703.2,1708.5,10.0
4264,1086,2,M2KM6,4263,Short,10,2026-04-13 12:25:36,2026-04-13 12:41:19,1703.2,1708.5,10.0
4265,1088,2,M2KM6,4263,Short,10,2026-04-13 12:25:37,2026-04-13 12:41:26,1703.2,1708.5,10.0
4266,1089,2,M2KM6,4263,Short,10,2026-04-13 12:25:36,2026-04-13 12:40:49,1703.1,1708.5,10.0
4267,1090,2,M2KM6,4263,Short,10,2026-04-13 12:25:38,2026-04-13 12:40:51,1703.2,1708.5,10.0
4268,1091,2,RTYM6,4263,Short,2,2026-04-13 12:25:37,2026-04-13 12:40:40,1703.2,1708.5,8.0
4269,1085,4,MGCM6,,Short,5,2026-04-13 03:28:15,2026-04-13 04:48:16,3810.4,3816.3,5.0
4270,1088,4,MGCM6,4269,Short,5,2026-04-13 03:28:16,2026-04-13 04:48:26,3810.4,3816.3,5.0
4271,1089,4,MGCM6,4269,Short,5,2026-04-13 03:28:17,2026-04-13 04:48:49,3810.4,3816.3,5.0
4272,1090,4,MGCM6,4269,Short,5,2026-04-13 03:28:16,2026-04-13 04:48:32,3810.3,3816.3,5.0
4273,1091,4,GCM6,4269,Short,1,2026-04-13 03:28:16,2026-04-13 04:48:31,3810.4,3816.3,4.0
4274,1086,3,MCLM6,,Short,10,2026-04-14 10:25:15,2026-04-14 11:59:48,31.33,30.62,10.0
4275,1088,3,MCLM6,4274,Short,10,2026-04-14 10:25:18,2026-04-14 12:00:14,31.33,30.62,10.0
4276,1089,3,MCLM6,4274,Short,10,2026-04-14 10:25:18,2026-04-14 12:00:11,31.32,30.62,10.0
4277,1090,3,MCLM6,4274,Short,10,2026-04-14 10:25:18,2026-04-14 12:00:05,31.33,30.62,10.0
4278,1091,3,CLM6,4274,Short,2,2026-04-14 10:25:17,2026-04-14 11:59:37,31.32,30.62,8.0
4279,1092,3,MCLM6,4274,Short,10,2026-04-14 10:25:16,2026-04-14 11:59:30,31.33,30.62,10.0
4280,1086,4,MGCM6,,Short,5,2026-04-14 03:23:47,2026-04-14 03:58:18,3755.0,3760.7,5.0
4281,1088,4,MGCM6,4280,Short,5,2026-04-14 03:23:49,2026-04-14 03:57:54,3755.0,3760.7,5.0
4282,1089,4,MGCM6,4280,Short,5,2026-04-14 03:23:49,2026-04-14 03:57:58,3754.9,3760.8,5.0
4283,1091,4,GCM6,4280,Short,1,2026-04-14 03:23:49,2026-04-14 03:58:26,3754.9,3760.7,4.0
4284,1092,4,MGCM6,4280,Short,5,2026-04-14 03:23:50,2026-04-14 03:58:14,3754.9,3760.8,5.0
4285,1086,5,MESM6,,Long,10,2026-04-14 08:35:27,2026-04-14 08:41:45,6426.75,6433.0,10.0
4286,1088,5,MESM6,4285,Long,10,2026-04-14 08:35:28,2026-04-14 08:41:34,6426.75,6433.0,10.0
4287,1089,5,MESM6,4285,Long,10,2026-04-14 08:35:30,2026-04-14 08:42:01,6426.75,6433.0,10.0
4288,1090,5,MESM6,4285,Long,10,2026-04-14 08:35:29,2026-04-14 08:41:42,6427.0,6433.0,10.0
4289,1091,5,ESM6,4285,Long,2,2026-04-14 08:35:30,2026-04-14 08:41:58,6427.0,6432.75,8.0
4290,1092,5,MESM6,4285,Long,10,2026-04-14 08:35:30,2026-04-14 08:42:01,6426.75,6433.0,10.0
4291,1086,1,MNQM6,,Short,6,2026-04-15 09:55:28,2026-04-15 10:15:49,20037.5,20064.25,6.0
4292,1088,1,MNQM6,4291,Short,6,2026-04-15 09:55:31,2026-04-15 10:16:03,20037.5,20064.25,6.0
4293,1089,1,MNQM6,4291,Short,6,2026-04-15 09:55:28,2026-04-15 10:16:22,20037.5,20064.25,6.0
4294,1090,1,MNQM6,4291,Short,6,2026-04-15 09:55:28,2026-04-15 10:16:09,20037.5,20064.25,6.0
4295,1091,1,NQM6,4291,Short,2,2026-04-15 09:55:29,2026-04-15 10:16:10,20037.25,20064.25,8.0
4296,1092,1,MNQM6,4291,Short,6,2026-04-15 09:55:28,2026-04-15 10:15:46,20037.5,20064.25,6.0
4297,1086,3,MCLM6,,Long,10,2026-04-15 10:30:46,2026-04-15 10:41:52,32.09,32.56,10.0
4298,1088,3,MCLM6,4297,Long,10,2026-04-15 10:30:47,2026-04-15 10:42:42,32.09,32.56,10.0
4299,1089,3,MCLM6,4297,Long,10,2026-04-15 10:30:48,2026-04-15 10:42:39,32.1,32.55,10.0
4300,1090,3,MCLM6,4297,Long,10,2026-04-15 10:30:46,2026-04-15 10:41:57,32.09,32.56,10.0
4301,1091,3,CLM6,4297,Long,2,2026-04-15 10:30:47,2026-04-15 10:41:51,32.09,32.56,8.0
4302,1092,3,MCLM6,4297,Long,10,2026-04-15 10:30:47,2026-04-15 10:42:10,32.09,32.56,10.0
4303,1086,3,MGCM6,,Short,5,2026-04-16 10:28:54,2026-04-16 11:02:40,3737.0,3742.8,5.0
4304,1088,3,MGCM6,4303,Short,5,2026-04-16 10:28:57,2026-04-16 11:02:02,3737.0,3742.8,5.0
4305,1089,3,MGCM6,4303,Short,5,2026-04-16 10:28:54,2026-04-16 11:01:57,3737.0,3742.8,5.0
4306,1090,3,MGCM6,4303,Short,5,2026-04-16 10:28:57,2026-04-16 11:02:37,3736.9,3742.8,5.0
4307,1091,3,GCM6,4303,Short,1,2026-04-16 10:28:55,2026-04-16 11:02:46,3736.9,3742.8,4.0
4308,1092,3,MGCM6,4303,Short,5,2026-04-16 10:28:55,2026-04-16 11:02:40,3737.0,3742.8,5.0
4309,1086,4,MGCM6,,Long,5,2026-04-16 03:28:28,2026-04-16 04:52:21,3735.4,3744.08,5.0
4310,1088,4,MGCM6,4309,Long,5,2026-04-16 03:28:30,2026-04-16 04:51:40,3735.4,3744.1,5.0
4311,1089,4,MGCM6,4309,Long,5,2026-04-16 03:28:28,2026-04-16 04:52:27,3735.5,3744.12,5.0
4312,1090,4,MGCM6,4309,Long,5,2026-04-16 03:28:30,2026-04-16 04:51:51,3735.4,3744.1,5.0
4313,1091,4,GCM6,4309,Long,1,2026-04-16 03:28:29,2026-04-16 04:51:56,3735.4,3744.1,4.0
4314,1092,4,MGCM6,4309,Long,5,2026-04-16 03:28:29,2026-04-16 04:51:44,3735.5,3744.1,5.0
4315,1086,1,MYMM6,,Long,10,2026-04-17 09:51:27,2026-04-17 10:02:18,41514.0,41449.0,10.0
4316,1088,1,MYMM6,4315,Long,10,2026-04-17 09:51:28,2026-04-17 10:01:57,41515.0,41449.0,10.0
4317,1089,1,MYMM6,4315,Long,10,2026-04-17 09:51:27,2026-04-17 10:02:14,41515.0,41449.0,10.0
4318,1090,1,MYMM6,4315,Long,10,2026-04-17 09:51:28,2026-04-17 10:02:03,41515.0,41449.0,10.0
4319,1091,1,YMM6,4315,Long,2,2026-04-17 09:51:27,2026-04-17 10:01:59,41514.0,41449.0,8.0
4320,1092,1,MYMM6,4315,Long,10,2026-04-17 09:51:30,2026-04-17 10:02:24,41514.0,41449.0,10.0
4321,1086,1,MESM6,,Short,10,2026-04-20 10:06:03,2026-04-20 10:51:47,6274.75,6264.5,10.0
4322,1088,1,MESM6,4321,Short,10,2026-04-20 10:06:05,2026-04-20 10:51:38,6274.5,6264.75,10.0
4323,1089,1,MESM6,4321,Short,10,2026-04-20 10:06:06,2026-04-20 10:51:39,6274.5,6264.75,10.0
4324,1090,1,MESM6,4321,Short,10,2026-04-20 10:06:05,2026-04-20 10:51:58,6274.5,6264.5,10.0
4325,1091,1,ESM6,4321,Short,2,2026-04-20 10:06:06,2026-04-20 10:51:38,6274.75,6264.5,8.0
4326,1092,1,MESM6,4321,Short,10,2026-04-20 10:06:04,2026-04-20 10:51:14,6274.75,6264.5,10.0
4327,1086,2,M2KM6,,Long,10,2026-04-20 12:15:02,2026-04-20 12:33:09,1743.0,1736.9,10.0
4328,1088,2,M2KM6,4327,Long,10,2026-04-20 12:15:05,2026-04-20 12:33:31,1743.0,1736.9,10.0
4329,1090,2,M2KM6,4327,Long,10,2026-04-20 12:15:04,2026-04-20 12:33:19,1743.1,1736.9,10.0
4330,1092,2,M2KM6,4327,Long,10,2026-04-20 12:15:05,2026-04-20 12:33:08,1743.1,1736.8,10.0
4331,1086,3,MGCM6,,Short,5,2026-04-20 10:27:13,2026-04-20 11:40:13,3787.2,3778.7,5.0
4332,1088,3,MGCM6,4331,Short,5,2026-04-20 10:27:15,2026-04-20 11:41:10,3787.2,3778.7,5.0
4333,1089,3,MGCM6,4331,Short,5,2026-04-20 10:27:16,2026-04-20 11:40:54,3787.2,3778.7,5.0
4334,1091,3,GCM6,4331,Short,1,2026-04-20 10:27:13,2026-04-20 11:40:47,3787.2,3778.7,4.0
4335,1092,3,MGCM6,4331,Short,5,2026-04-20 10:27:15,2026-04-20 11:40:20,3787.2,3778.7,5.0
4336,1086,4,MGCM6,,Long,5,2026-04-20 03:20:31,2026-04-20 04:34:35,3786.1,3780.1,5.0
4337,1088,4,MGCM6,4336,Long,5,2026-04-20 03:20:33,2026-04-20 04:34:53,3786.1,3780.1,5.0
4338,1089,4,MGCM6,4336,Long,5,2026-04-20 03:20:34,2026-04-20 04:34:53,3786.1,3780.1,5.0
4339,1090,4,MGCM6,4336,Long,5,2026-04-20 03:20:32,2026-04-20 04:35:27,3786.1,3780.1,5.0
4340,1091,4,GCM6,4336,Long,1,2026-04-20 03:20:33,2026-04-20 04:34:43,3786.1,3780.1,4.0
4341,1092,4,MGCM6,4336,Long,5,2026-04-20 03:20:33,2026-04-20 04:35:07,3786.2,3780.1,5.0
4342,1086,1,MYMM6,,Short,10,2026-04-21 09:49:10,2026-04-21 10:48:29,41627.0,41675.0,10.0
4343,1088,1,MYMM6,4342,Short,10,2026-04-21 09:49:13,2026-04-21 10:48:44,41627.0,41675.0,10.0
4344,1089,1,MYMM6,4342,Short,10,2026-04-21 09:49:13,2026-04-21 10:48:47,41626.0,41676.0,10.0
4345,1090,1,MYMM6,4342,Short,10,2026-04-21 09:49:12,2026-04-21 10:48:44,41627.0,41675.0,10.0
4346,1091,1,YMM6,4342,Short,2,2026-04-21 09:49:10,2026-04-21 10:48:20,41626.0,41675.0,8.0
4347,1092,1,MYMM6,4342,Short,10,2026-04-21 09:49:13,2026-04-21 10:48:34,41626.0,41675.0,10.0
4348,1086,3,MGCM6,,Long,5,2026-04-21 10:26:46,2026-04-21 10:51:00,3789.5,3784.5,5.0
4349,1088,3,MGCM6,4348,Long,5,2026-04-21 10:26:47,2026-04-21 10:50:57,3789.6,3784.4,5.0
4350,1089,3,MGCM6,4348,Long,5,2026-04-21 10:26:49,2026-04-21 10:51:24,3789.5,3784.5,5.0
4351,1090,3,MGCM6,4348,Long,5,2026-04-21 10:26:46,2026-04-21 10:51:02,3789.5,3784.5,5.0
4352,1092,3,MGCM6,4348,Long,5,2026-04-21 10:26:46,2026-04-21 10:50:47,3789.5,3784.5,5.0
4353,1086,4,MGCM6,,Short,5,2026-04-21 03:26:50,2026-04-21 04:21:46,3775.6,3782.4,5.0
4354,1088,4,MGCM6,4353,Short,5,2026-04-21 03:26:50,2026-04-21 04:21:10,3775.5,3782.4,5.0
4355,1089,4,MGCM6,4353,Short,5,2026-04-21 03:26:51,2026-04-21 04:21:30,3775.6,3782.4,5.0
4356,1090,4,MGCM6,4353,Short,5,2026-04-21 03:26:52,2026-04-21 04:21:00,3775.5,3782.4,5.0
4357,1092,4,MGCM6,4353,Short,5,2026-04-21 03:26:50,2026-04-21 04:21:08,3775.6,3782.4,5.0
4358,1086,1,MYMM6,,Short,10,2026-04-22 09:52:32,2026-04-22 10:10:45,41660.0,41711.0,10.0
4359,1088,1,MYMM6,4358,Short,10,2026-04-22 09:52:35,2026-04-22 10:11:13,41659.0,41711.0,10.0
4360,1089,1,MYMM6,4358,Short,10,2026-04-22 09:52:32,2026-04-22 10:10:47,41660.0,41711.0,10.0
4361,1090,1,MYMM6,4358,Short,10,2026-04-22 09:52:35,2026-04-22 10:11:26,41660.0,41711.0,10.0
4362,1091,1,YMM6,4358,Short,2,2026-04-22 09:52:33,2026-04-22 10:10:59,41660.0,41711.0,8.0
4363,1086,3,MCLM6,,Short,10,2026-04-22 10:20:31,2026-04-22 11:24:53,32.91,32.3,10.0
4364,1088,3,MCLM6,4363,Short,10,2026-04-22 10:20:33,2026-04-22 11:25:31,32.9,32.31,10.0
4365,1089,3,MCLM6,4363,Short,10,2026-04-22 10:20:31,2026-04-22 11:25:14,32.91,32.3,10.0
4366,1090,3,MCLM6,4363,Short,10,2026-04-22 10:20:34,2026-04-22 11:24:35,32.91,32.3,10.0
4367,1091,3,CLM6,4363,Short,2,2026-04-22 10:20:34,2026-04-22 11:25:07,32.91,32.3,8.0
4368,1092,3,MCLM6,4363,Short,10,2026-04-22 10:20:32,2026-04-22 11:25:04,32.91,32.3,10.0
4369,1086,1,MNQM6,,Short,6,2026-04-23 10:04:02,2026-04-23 11:04:52,20475.75,20505.25,6.0
4370,1088,1,MNQM6,4369,Short,6,2026-04-23 10:04:04,2026-04-23 11:04:06,20475.5,20505.25,6.0
4371,1089,1,MNQM6,4369,Short,6,2026-04-23 10:04:05,2026-04-23 11:04:05,20475.5,20505.25,6.0
4372,1091,1,NQM6,4369,Short,2,2026-04-23 10:04:02,2026-04-23 11:04:11,20475.75,20505.25,8.0
4373,1092,1,MNQM6,4369,Short,6,2026-04-23 10:04:03,2026-04-23 11:04:45,20475.5,20505.5,6.0
4374,1086,2,MESM6,,Long,10,2026-04-23 12:10:20,2026-04-23 12:18:20,6321.0,6315.25,10.0
4375,1088,2,MESM6,4374,Long,10,2026-04-23 12:10:22,2026-04-23 12:18:38,6321.0,6315.25,10.0
4376,1089,2,MESM6,4374,Long,10,2026-04-23 12:10:23,2026-04-23 12:19:12,6321.0,6315.25,10.0
4377,1090,2,MESM6,4374,Long,10,2026-04-23 12:10:23,2026-04-23 12:18:29,6321.0,6315.25,10.0
4378,1092,2,MESM6,4374,Long,10,2026-04-23 12:10:21,2026-04-23 12:19:03,6321.0,6315.25,10.0
4379,1086,3,MGCM6,,Long,5,2026-04-23 10:26:03,2026-04-23 10:40:16,3721.1,3714.8,5.0
4380,1088,3,MGCM6,4379,Long,5,2026-04-23 10:26:03,2026-04-23 10:40:33,3721.1,3714.8,5.0
4381,1089,3,MGCM6,4379,Long,5,2026-04-23 10:26:03,2026-04-23 10:40:35,3721.1,3714.8,5.0
4382,1090,3,MGCM6,4379,Long,5,2026-04-23 10:26:03,2026-04-23 10:40:13,3721.2,3714.8,5.0
4383,1091,3,GCM6,4379,Long,1,2026-04-23 10:26:03,2026-04-23 10:40:50,3721.2,3714.7,4.0
4384,1092,3,MGCM6,4379,Long,5,2026-04-23 10:26:05,2026-04-23 10:40:53,3721.1,3714.8,5.0
4385,1086,4,MGCM6,,Short,5,2026-04-23 03:34:06,2026-04-23 03:46:54,3714.4,3719.2,5.0
4386,1088,4,MGCM6,4385,Short,5,2026-04-23 03:34:07,2026-04-23 03:46:29,3714.3,3719.2,5.0
4387,1089,4,MGCM6,4385,Short,5,2026-04-23 03:34:09,2026-04-23 03:47:01,3714.3,3719.2,5.0
4388,1091,4,GCM6,4385,Short,1,2026-04-23 03:34:08,2026-04-23 03:46:49,3714.4,3719.2,4.0
4389,1092,4,MGCM6,4385,Short,5,2026-04-23 03:34:07,2026-04-23 03:46:13,3714.3,3719.3,5.0
4390,1086,1,MESM6,,Long,10,2026-04-24 09:55:58,2026-04-24 10:41:35,6392.75,6388.25,10.0
4391,1088,1,MESM6,4390,Long,10,2026-04-24 09:55:59,2026-04-24 10:41:18,6392.75,6388.25,10.0
4392,1090,1,MESM6,4390,Long,10,2026-04-24 09:56:01,2026-04-24 10:41:35,6393.0,6388.25,10.0
4393,1091,1,ESM6,4390,Long,2,2026-04-24 09:55:58,2026-04-24 10:41:30,6392.75,6388.25,8.0
4394,1092,1,MESM6,4390,Long,10,2026-04-24 09:56:01,2026-04-24 10:41:52,6392.75,6388.25,10.0
4395,1086,2,MESM6,,Long,10,2026-04-24 12:14:57,2026-04-24 12:24:15,6400.75,6408.25,10.0
4396,1088,2,MESM6,4395,Long,10,2026-04-24 12:15:00,2026-04-24 12:24:30,6400.75,6408.25,10.0
4397,1090,2,MESM6,4395,Long,10,2026-04-24 12:14:59,2026-04-24 12:24:27,6400.75,6408.25,10.0
4398,1092,2,MESM6,4395,Long,10,2026-04-24 12:14:57,2026-04-24 12:24:26,6401.0,6408.25,10.0
4399,1093,2,MESM6,4395,Long,10,2026-04-24 12:15:00,2026-04-24 12:24:21,6400.75,6408.25,10.0
4400,1086,3,MCLM6,,Long,10,2026-04-24 10:23:51,2026-04-24 11:17:25,32.66,32.39,10.0
4401,1088,3,MCLM6,4400,Long,10,2026-04-24 10:23:51,2026-04-24 11:17:44,32.66,32.39,10.0
4402,1090,3,MCLM6,4400,Long,10,2026-04-24 10:23:52,2026-04-24 11:17:51,32.67,32.38,10.0
4403,1091,3,CLM6,4400,Long,2,2026-04-24 10:23:52,2026-04-24 11:17:29,32.66,32.39,8.0
4404,1092,3,MCLM6,4400,Long,10,2026-04-24 10:23:51,2026-04-24 11:17:36,32.67,32.38,10.0
4405,1093,3,MCLM6,4400,Long,10,2026-04-24 10:23:53,2026-04-24 11:17:02,32.67,32.39,10.0
4406,1090,4,MCLM6,,Long,10,2026-04-24 03:21:11,2026-04-24 04:39:49,32.79,32.5,10.0
4407,1091,4,CLM6,4406,Long,2,2026-04-24 03:21:13,2026-04-24 04:39:30,32.79,32.5,8.0
4408,1092,4,MCLM6,4406,Long,10,2026-04-24 03:21:12,2026-04-24 04:39:51,32.79,32.5,10.0
4409,1093,4,MCLM6,4406,Long,10,2026-04-24 03:21:12,2026-04-24 04:39:51,32.79,32.5,10.0
4410,1086,1,MESM6,,Short,10,2026-04-27 10:04:57,2026-04-27 10:49:16,6561.0,6566.25,10.0
4411,1088,1,MESM6,4410,Short,10,2026-04-27 10:04:57,2026-04-27 10:48:59,6560.75,6566.25,10.0
4412,1091,1,ESM6,4410,Short,2,2026-04-27 10:04:59,2026-04-27 10:49:30,6561.0,6566.25,8.0
4413,1093,1,MESM6,4410,Short,10,2026-04-27 10:04:58,2026-04-27 10:49:30,6560.75,6566.5,10.0
4414,1088,2,M2KM6,,Short,10,2026-04-27 12:15:55,2026-04-27 12:23:54,1751.6,1757.9,10.0
4415,1091,2,RTYM6,4414,Short,2,2026-04-27 12:15:57,2026-04-27 12:23:26,1751.6,1757.9,8.0
4416,1093,2,M2KM6,4414,Short,10,2026-04-27 12:15:58,2026-04-27 12:23:53,1751.6,1757.9,10.0
4417,1086,3,MCLM6,,Short,10,2026-04-27 10:34:05,2026-04-27 11:37:23,33.17,32.51,10.0
4418,1088,3,MCLM6,4417,Short,10,2026-04-27 10:34:07,2026-04-27 11:37:07,33.16,32.51,10.0
4419,1091,3,CLM6,4417,Short,2,2026-04-27 10:34:05,2026-04-27 11:37:32,33.17,32.51,8.0
4420,1093,3,MCLM6,4417,Short,10,2026-04-27 10:34:08,2026-04-27 11:37:22,33.16,32.52,10.0
4421,1086,1,MESM6,,Long,10,2026-04-28 09:47:05,2026-04-28 10:38:39,6566.5,6578.75,10.0
4422,1088,1,MESM6,4421,Long,10,2026-04-28 09:47:08,2026-04-28 10:39:04,6566.5,6578.75,10.0
4423,1091,1,ESM6,4421,Long,2,2026-04-28 09:47:06,2026-04-28 10:38:11,6566.75,6578.75,8.0
4424,1093,1,MESM6,4421,Long,10,2026-04-28 09:47:08,2026-04-28 10:38:55,6566.5,6578.75,10.0
4425,1094,1,MESM6,4421,Long,10,2026-04-28 09:47:08,2026-04-28 10:38:48,6566.75,6578.75,10.0
4426,1086,3,MCLM6,,Short,10,2026-04-28 10:21:40,2026-04-28 10:37:26,33.99,34.29,10.0
4427,1088,3,MCLM6,4426,Short,10,2026-04-28 10:21:40,2026-04-28 10:37:05,33.98,34.3,10.0
4428,1091,3,CLM6,4426,Short,2,2026-04-28 10:21:43,2026-04-28 10:36:52,33.98,34.29,8.0
4429,1093,3,MCLM6,4426,Short,10,2026-04-28 10:21:41,2026-04-28 10:37:19,33.98,34.3,10.0
4430,1086,1,MYMM6,,Long,10,2026-04-29 09:54:06,2026-04-29 10:06:15,41484.0,41432.0,10.0
4431,1088,1,MYMM6,4430,Long,10,2026-04-29 09:54:06,2026-04-29 10:06:19,41485.0,41432.0,10.0
4432,1091,1,YMM6,4430,Long,2,2026-04-29 09:54:09,2026-04-29 10:06:43,41484.0,41432.0,8.0
4433,1093,1,MYMM6,4430,Long,10,2026-04-29 09:54:06,2026-04-29 10:06:29,41484.0,41432.0,10.0
4434,1094,1,MYMM6,4430,Long,10,2026-04-29 09:54:09,2026-04-29 10:06:37,41484.0,41432.0,10.0
4435,1095,1,MYMM6,4430,Long,10,2026-04-29 09:54:07,2026-04-29 10:06:17,41485.0,41431.0,10.0
4436,1086,3,MNQM6,,Long,6,2026-04-29 10:34:45,2026-04-29 11:31:00,21095.5,21070.0,6.0
4437,1088,3,MNQM6,4436,Long,6,2026-04-29 10:34:47,2026-04-29 11:31:21,21095.5,21070.0,6.0
4438,1091,3,NQM6,4436,Long,2,2026-04-29 10:34:47,2026-04-29 11:31:36,21095.5,21070.0,8.0
4439,1093,3,MNQM6,4436,Long,6,2026-04-29 10:34:46,2026-04-29 11:31:08,21095.5,21070.0,6.0
4440,1094,3,MNQM6,4436,Long,6,2026-04-29 10:34:47,2026-04-29 11:31:04,21095.75,21070.0,6.0
4441,1095,3,MNQM6,4436,Long,6,2026-04-29 10:34:46,2026-04-29 11:31:18,21095.5,21070.0,6.0
4442,1086,4,MGCM6,,Long,5,2026-04-29 03:21:15,2026-04-29 03:39:54,3770.3,3779.52,5.0
4443,1088,4,MGCM6,4442,Long,5,2026-04-29 03:21:15,2026-04-29 03:39:57,3770.3,3779.52,5.0
4444,1091,4,GCM6,4442,Long,1,2026-04-29 03:21:18,2026-04-29 03:39:29,3770.4,3779.4,4.0
4445,1093,4,MGCM6,4442,Long,5,2026-04-29 03:21:18,2026-04-29 03:39:56,3770.3,3779.5,5.0
4446,1094,4,MGCM6,4442,Long,5,2026-04-29 03:21:15,2026-04-29 03:39:20,3770.4,3779.4,5.0
4447,1095,4,MGCM6,4442,Long,5,2026-04-29 03:21:16,2026-04-29 03:39:38,3770.3,3779.52,5.0
4448,1086,1,MYMM6,,Short,10,2026-04-30 09:50:11,2026-04-30 10:54:32,41779.0,41659.0,10.0
4449,1088,1,MYMM6,4448,Short,10,2026-04-30 09:50:14,2026-04-30 10:54:49,41779.0,41659.0,10.0
4450,1091,1,YMM6,4448,Short,2,2026-04-30 09:50:13,2026-04-30 10:54:44,41778.0,41660.0,8.0
4451,1093,1,MYMM6,4448,Short,10,2026-04-30 09:50:14,2026-04-30 10:54:17,41779.0,41659.0,10.0
4452,1094,1,MYMM6,4448,Short,10,2026-04-30 09:50:11,2026-04-30 10:54:54,41778.0,41659.0,10.0
4453,1095,1,MYMM6,4448,Short,10,2026-04-30 09:50:11,2026-04-30 10:54:56,41778.0,41659.0,10.0
4454,1086,2,MESM6,,Long,10,2026-04-30 12:15:44,2026-04-30 12:23:17,6555.0,6561.5,10.0
4455,1088,2,MESM6,4454,Long,10,2026-04-30 12:15:44,2026-04-30 12:23:21,6555.0,6561.5,10.0
4456,1091,2,ESM6,4454,Long,2,2026-04-30 12:15:46,2026-04-30 12:22:55,6555.0,6561.5,8.0
4457,1093,2,MESM6,4454,Long,10,2026-04-30 12:15:47,2026-04-30 12:23:45,6555.25,6561.25,10.0
4458,1094,2,MESM6,4454,Long,10,2026-04-30 12:15:44,2026-04-30 12:23:29,6555.0,6561.5,10.0
4459,1095,2,MESM6,4454,Long,10,2026-04-30 12:15:47,2026-04-30 12:23:28,6555.0,6561.5,10.0
4460,1086,3,MGCM6,,Long,5,2026-04-30 10:36:02,2026-04-30 10:46:28,3813.4,3807.0,5.0
4461,1088,3,MGCM6,4460,Long,5,2026-04-30 10:36:05,2026-04-30 10:46:18,3813.4,3807.0,5.0
4462,1091,3,GCM6,4460,Long,1,2026-04-30 10:36:04,2026-04-30 10:46:38,3813.4,3807.0,4.0
4463,1093,3,MGCM6,4460,Long,5,2026-04-30 10:36:05,2026-04-30 10:46:19,3813.4,3807.0,5.0
4464,1094,3,MGCM6,4460,Long,5,2026-04-30 10:36:05,2026-04-30 10:47:02,3813.4,3807.0,5.0
4465,1095,3,MGCM6,4460,Long,5,2026-04-30 10:36:02,2026-04-30 10:46:29,3813.4,3807.0,5.0
4466,1086,4,MCLM6,,Long,10,2026-04-30 03:20:33,2026-04-30 04:17:22,35.13,35.52,10.0
4467,1088,4,MCLM6,4466,Long,10,2026-04-30 03:20:35,2026-04-30 04:17:00,35.13,35.52,10.0
4468,1091,4,CLM6,4466,Long,2,2026-04-30 03:20:34,2026-04-30 04:17:22,35.13,35.52,8.0
4469,1093,4,MCLM6,4466,Long,10,2026-04-30 03:20:33,2026-04-30 04:16:42,35.14,35.51,10.0
4470,1094,4,MCLM6,4466,Long,10,2026-04-30 03:20:33,2026-04-30 04:17:01,35.13,35.52,10.0
4471,1095,4,MCLM6,4466,Long,10,2026-04-30 03:20:33,2026-04-30 04:17:25,35.14,35.52,10.0
4472,1086,3,MCLM6,,Short,10,2026-05-01 10:28:57,2026-05-01 11:32:05,35.9,36.21,10.0
4473,1088,3,MCLM6,4472,Short,10,2026-05-01 10:28:58,2026-05-01 11:32:50,35.9,36.21,10.0
4474,1091,3,CLM6,4472,Short,2,2026-05-01 10:28:57,2026-05-01 11:32:30,35.89,36.22,8.0
4475,1093,3,MCLM6,4472,Short,10,2026-05-01 10:29:00,2026-05-01 11:32:55,35.9,36.21,10.0
4476,1094,3,MCLM6,4472,Short,10,2026-05-01 10:28:58,2026-05-01 11:32:07,35.9,36.21,10.0
4477,1095,3,MCLM6,4472,Short,10,2026-05-01 10:28:58,2026-05-01 11:32:31,35.9,36.21,10.0
4478,1086,1,MNQM6,,Short,6,2026-05-04 10:06:23,2026-05-04 10:21:14,21753.75,21722.5,6.0
4479,1088,1,MNQM6,4478,Short,6,2026-05-04 10:06:23,2026-05-04 10:21:20,21753.5,21722.75,6.0
4480,1091,1,NQM6,4478,Short,2,2026-05-04 10:06:26,2026-05-04 10:21:06,21753.5,21722.5,8.0
4481,1093,1,MNQM6,4478,Short,6,2026-05-04 10:06:26,2026-05-04 10:20:32,21753.5,21722.75,6.0
4482,1094,1,MNQM6,4478,Short,6,2026-05-04 10:06:23,2026-05-04 10:20:33,21753.75,21722.5,6.0
4483,1095,1,MNQM6,4478,Short,6,2026-05-04 10:06:23,2026-05-04 10:20:46,21753.75,21722.5,6.0
4484,1086,3,MGCM6,,Long,5,2026-05-04 10:35:41,2026-05-04 11:51:31,3789.4,3784.0,5.0
4485,1088,3,MGCM6,4484,Long,5,2026-05-04 10:35:41,2026-05-04 11:51:08,3789.4,3784.0,5.0
4486,1091,3,GCM6,4484,Long,1,2026-05-04 10:35:41,2026-05-04 11:50:58,3789.5,3784.0,4.0
4487,1093,3,MGCM6,4484,Long,5,2026-05-04 10:35:42,2026-05-04 11:51:35,3789.4,3784.0,5.0
4488,1095,3,MGCM6,4484,Long,5,2026-05-04 10:35:41,2026-05-04 11:51:30,3789.5,3783.9,5.0
4489,1091,2,RTYM6,,Short,2,2026-05-05 12:21:58,2026-05-05 12:32:11,1844.7,1852.0,8.0
4490,1093,2,M2KM6,4489,Short,10,2026-05-05 12:22:00,2026-05-05 12:32:31,1844.7,1852.0,10.0
4491,1094,2,M2KM6,4489,Short,10,2026-05-05 12:21:59,2026-05-05 12:32:34,1844.7,1852.0,10.0
4492,1095,2,M2KM6,4489,Short,10,2026-05-05 12:21:59,2026-05-05 12:32:34,1844.6,1852.1,10.0
4493,1086,4,MCLM6,,Short,10,2026-05-05 03:24:45,2026-05-05 04:45:43,34.03,33.5,10.0
4494,1088,4,MCLM6,4493,Short,10,2026-05-05 03:24:47,2026-05-05 04:45:32,34.03,33.5,10.0
4495,1091,4,CLM6,4493,Short,2,2026-05-05 03:24:48,2026-05-05 04:45:01,34.03,33.5,8.0
4496,1093,4,MCLM6,4493,Short,10,2026-05-05 03:24:46,2026-05-05 04:45:16,34.02,33.5,10.0
4497,1094,4,MCLM6,4493,Short,10,2026-05-05 03:24:45,2026-05-05 04:44:56,34.03,33.5,10.0
4498,1095,4,MCLM6,4493,Short,10,2026-05-05 03:24:47,2026-05-05 04:45:22,34.03,33.5,10.0
4499,1086,3,MCLM6,,Long,10,2026-05-06 10:22:34,2026-05-06 11:35:09,34.46,34.16,10.0
4500,1088,3,MCLM6,4499,Long,10,2026-05-06 10:22:37,2026-05-06 11:34:52,34.47,34.15,10.0
4501,1093,3,MCLM6,4499,Long,10,2026-05-06 10:22:37,2026-05-06 11:35:08,34.47,34.16,10.0
4502,1094,3,MCLM6,4499,Long,10,2026-05-06 10:22:34,2026-05-06 11:35:01,34.46,34.16,10.0
4503,1095,3,MCLM6,4499,Long,10,2026-05-06 10:22:35,2026-05-06 11:35:34,34.47,34.15,10.0
4504,1086,4,MCLM6,,Short,10,2026-05-06 03:31:39,2026-05-06 04:04:23,34.11,33.76,10.0
4505,1088,4,MCLM6,4504,Short,10,2026-05-06 03:31:41,2026-05-06 04:04:31,34.1,33.76,10.0
4506,1091,4,CLM6,4504,Short,2,2026-05-06 03:31:40,2026-05-06 04:04:03,34.11,33.76,8.0
4507,1093,4,MCLM6,4504,Short,10,2026-05-06 03:31:39,2026-05-06 04:04:18,34.1,33.76,10.0
4508,1094,4,MCLM6,4504,Short,10,2026-05-06 03:31:40,2026-05-06 04:04:02,34.1,33.77,10.0
4509,1095,4,MCLM6,4504,Short,10,2026-05-06 03:31:42,2026-05-06 04:04:02,34.11,33.76,10.0
4510,1086,1,MYMM6,,Short,10,2026-05-07 09:59:33,2026-05-07 11:21:39,41279.0,41332.0,10.0
4511,1093,1,MYMM6,4510,Short,10,2026-05-07 09:59:35,2026-05-07 11:21:59,41279.0,41332.0,10.0
4512,1094,1,MYMM6,4510,Short,10,2026-05-07 09:59:35,2026-05-07 11:22:01,41278.0,41333.0,10.0
4513,1095,1,MYMM6,4510,Short,10,2026-05-07 09:59:34,2026-05-07 11:21:57,41279.0,41332.0,10.0
4514,1086,2,MESM6,,Short,10,2026-05-07 12:13:55,2026-05-07 12:34:38,6384.75,6379.0,10.0
4515,1091,2,ESM6,4514,Short,2,2026-05-07 12:13:57,2026-05-07 12:34:43,6384.75,6379.0,8.0
4516,1093,2,MESM6,4514,Short,10,2026-05-07 12:13:58,2026-05-07 12:34:07,6384.75,6379.0,10.0
4517,1094,2,MESM6,4514,Short,10,2026-05-07 12:13:55,2026-05-07 12:34:31,6384.75,6379.0,10.0
4518,1095,2,MESM6,4514,Short,10,2026-05-07 12:13:56,2026-05-07 12:34:28,6384.75,6379.0,10.0
4519,1086,4,MCLM6,,Long,10,2026-05-07 03:17:24,2026-05-07 03:58:35,32.87,32.58,10.0
4520,1088,4,MCLM6,4519,Long,10,2026-05-07 03:17:26,2026-05-07 03:59:00,32.88,32.57,10.0
4521,1091,4,CLM6,4519,Long,2,2026-05-07 03:17:25,2026-05-07 03:58:43,32.88,32.58,8.0
4522,1093,4,MCLM6,4519,Long,10,2026-05-07 03:17:26,2026-05-07 03:59:22,32.88,32.57,10.0
4523,1094,4,MCLM6,4519,Long,10,2026-05-07 03:17:26,2026-05-07 03:59:24,32.87,32.58,10.0
4524,1095,4,MCLM6,4519,Long,10,2026-05-07 03:17:25,2026-05-07 03:59:02,32.88,32.58,10.0
4525,1086,1,MESM6,,Long,10,2026-05-08 09:51:12,2026-05-08 10:14:25,6452.5,6447.25,10.0
4526,1088,1,MESM6,4525,Long,10,2026-05-08 09:51:13,2026-05-08 10:15:04,6452.5,6447.25,10.0
4527,1091,1,ESM6,4525,Long,2,2026-05-08 09:51:13,2026-05-08 10:14:52,6452.5,6447.25,8.0
4528,1093,1,MESM6,4525,Long,10,2026-05-08 09:51:15,2026-05-08 10:14:29,6452.5,6447.25,10.0
4529,1094,1,MESM6,4525,Long,10,2026-05-08 09:51:15,2026-05-08 10:15:06,6452.75,6447.0,10.0
4530,1095,1,MESM6,4525,Long,10,2026-05-08 09:51:12,2026-05-08 10:14:56,6452.5,6447.25,10.0
4531,1086,2,M2KM6,,Long,10,2026-05-08 12:18:36,2026-05-08 12:41:48,1794.0,1789.6,10.0
4532,1088,2,M2KM6,4531,Long,10,2026-05-08 12:18:38,2026-05-08 12:41:40,1794.1,1789.5,10.0
4533,1091,2,RTYM6,4531,Long,2,2026-05-08 12:18:37,2026-05-08 12:42:08,1794.0,1789.6,8.0
4534,1093,2,M2KM6,4531,Long,10,2026-05-08 12:18:36,2026-05-08 12:42:25,1794.1,1789.6,10.0
4535,1094,2,M2KM6,4531,Long,10,2026-05-08 12:18:36,2026-05-08 12:42:22,1794.1,1789.5,10.0
4536,1095,2,M2KM6,4531,Long,10,2026-05-08 12:18:37,2026-05-08 12:42:06,1794.0,1789.6,10.0
4537,1086,3,MNQM6,,Short,6,2026-05-08 10:29:16,2026-05-08 11:49:40,20958.75,20977.5,6.0
4538,1088,3,MNQM6,4537,Short,6,2026-05-08 10:29:17,2026-05-08 11:49:27,20958.5,20977.75,6.0
4539,1091,3,NQM6,4537,Short,2,2026-05-08 10:29:17,2026-05-08 11:50:12,20958.75,20977.5,8.0
4540,1093,3,MNQM6,4537,Short,6,2026-05-08 10:29:16,2026-05-08 11:49:29,20958.75,20977.5,6.0
4541,1094,3,MNQM6,4537,Short,6,2026-05-08 10:29:18,2026-05-08 11:49:25,20958.5,20977.5,6.0
4542,1095,3,MNQM6,4537,Short,6,2026-05-08 10:29:19,2026-05-08 11:49:25,20958.75,20977.5,6.0
4543,1086,4,MCLM6,,Long,10,2026-05-08 03:16:27,2026-05-08 04:33:28,33.03,32.8,10.0
4544,1088,4,MCLM6,4543,Long,10,2026-05-08 03:16:29,2026-05-08 04:33:42,33.03,32.8,10.0
4545,1091,4,CLM6,4543,Long,2,2026-05-08 03:16:27,2026-05-08 04:33:34,33.03,32.8,8.0
4546,1093,4,MCLM6,4543,Long,10,2026-05-08 03:16:30,2026-05-08 04:34:18,33.04,32.8,10.0
4547,1094,4,MCLM6,4543,Long,10,2026-05-08 03:16:30,2026-05-08 04:33:46,33.03,32.8,10.0
4548,1095,4,MCLM6,4543,Long,10,2026-05-08 03:16:30,2026-05-08 04:34:05,33.03,32.8,10.0
4549,1086,2,M2KM6,,Long,10,2026-05-11 12:27:08,2026-05-11 12:45:43,1800.2,1806.2,10.0
4550,1088,2,M2KM6,4549,Long,10,2026-05-11 12:27:10,2026-05-11 12:46:02,1800.2,1806.2,10.0
4551,1091,2,RTYM6,4549,Long,2,2026-05-11 12:27:11,2026-05-11 12:45:58,1800.2,1806.2,8.0
4552,1093,2,M2KM6,4549,Long,10,2026-05-11 12:27:08,2026-05-11 12:45:52,1800.2,1806.2,10.0
4553,1094,2,M2KM6,4549,Long,10,2026-05-11 12:27:11,2026-05-11 12:45:28,1800.2,1806.2,10.0
4554,1095,2,M2KM6,4549,Long,10,2026-05-11 12:27:09,2026-05-11 12:45:57,1800.2,1806.2,10.0
4555,1086,3,MCLM6,,Long,10,2026-05-11 10:26:29,2026-05-11 11:37:20,33.59,34.12,10.0
4556,1088,3,MCLM6,4555,Long,10,2026-05-11 10:26:32,2026-05-11 11:36:49,33.6,34.11,10.0
4557,1093,3,MCLM6,4555,Long,10,2026-05-11 10:26:30,2026-05-11 11:36:44,33.6,34.12,10.0
4558,1094,3,MCLM6,4555,Long,10,2026-05-11 10:26:29,2026-05-11 11:37:28,33.59,34.12,10.0
4559,1095,3,MCLM6,4555,Long,10,2026-05-11 10:26:30,2026-05-11 11:37:08,33.59,34.12,10.0
4560,1086,4,MGCM6,,Short,5,2026-05-11 03:19:21,2026-05-11 03:50:35,3619.4,3624.8,5.0
4561,1088,4,MGCM6,4560,Short,5,2026-05-11 03:19:22,2026-05-11 03:51:08,3619.4,3624.8,5.0
4562,1091,4,GCM6,4560,Short,1,2026-05-11 03:19:22,2026-05-11 03:51:13,3619.3,3624.9,4.0
4563,1093,4,MGCM6,4560,Short,5,2026-05-11 03:19:24,2026-05-11 03:50:54,3619.3,3624.9,5.0
4564,1094,4,MGCM6,4560,Short,5,2026-05-11 03:19:23,2026-05-11 03:50:53,3619.3,3624.8,5.0
4565,1095,4,MGCM6,4560,Short,5,2026-05-11 03:19:21,2026-05-11 03:50:56,3619.4,3624.8,5.0
4566,1086,2,MESM6,,Short,10,2026-05-12 12:21:17,2026-05-12 12:35:04,6346.25,6341.25,10.0
4567,1088,2,MESM6,4566,Short,10,2026-05-12 12:21:17,2026-05-12 12:34:53,6346.0,6341.25,10.0
4568,1091,2,ESM6,4566,Short,2,2026-05-12 12:21:17,2026-05-12 12:35:16,6346.25,6341.25,8.0
4569,1094,2,MESM6,4566,Short,10,2026-05-12 12:21:19,2026-05-12 12:35:11,6346.0,6341.25,10.0
4570,1095,2,MESM6,4566,Short,10,2026-05-12 12:21:17,2026-05-12 12:34:40,6346.25,6341.25,10.0
4571,1086,3,MNQM6,,Short,6,2026-05-12 10:26:24,2026-05-12 10:34:47,20766.0,20789.5,6.0
4572,1088,3,MNQM6,4571,Short,6,2026-05-12 10:26:26,2026-05-12 10:34:27,20765.75,20789.75,6.0
4573,1091,3,NQM6,4571,Short,2,2026-05-12 10:26:24,2026-05-12 10:34:58,20766.0,20789.5,8.0
4574,1093,3,MNQM6,4571,Short,6,2026-05-12 10:26:27,2026-05-12 10:35:02,20765.75,20789.75,6.0
4575,1094,3,MNQM6,4571,Short,6,2026-05-12 10:26:24,2026-05-12 10:34:27,20766.0,20789.5,6.0
4576,1095,3,MNQM6,4571,Short,6,2026-05-12 10:26:27,2026-05-12 10:35:21,20766.0,20789.5,6.0
4577,1086,5,MESM6,,Short,10,2026-05-12 08:35:54,2026-05-12 08:46:02,6371.0,6363.75,10.0
4578,1088,5,MESM6,4577,Short,10,2026-05-12 08:35:57,2026-05-12 08:46:23,6371.0,6363.75,10.0
4579,1091,5,ESM6,4577,Short,2,2026-05-12 08:35:56,2026-05-12 08:46:30,6371.0,6363.75,8.0
4580,1093,5,MESM6,4577,Short,10,2026-05-12 08:35:57,2026-05-12 08:46:37,6371.0,6363.75,10.0
4581,1094,5,MESM6,4577,Short,10,2026-05-12 08:35:57,2026-05-12 08:46:41,6371.0,6363.75,10.0
4582,1095,5,MESM6,4577,Short,10,2026-05-12 08:35:56,2026-05-12 08:46:20,6371.0,6363.75,10.0
4583,1088,1,MESM6,,Long,10,2026-05-13 10:06:16,2026-05-13 11:25:42,6462.5,6456.5,10.0
4584,1091,1,ESM6,4583,Long,2,2026-05-13 10:06:17,2026-05-13 11:26:16,6462.5,6456.5,8.0
4585,1093,1,MESM6,4583,Long,10,2026-05-13 10:06:19,2026-05-13 11:26:02,6462.5,6456.5,10.0
4586,1094,1,MESM6,4583,Long,10,2026-05-13 10:06:16,2026-05-13 11:25:30,6462.5,6456.5,10.0
4587,1095,1,MESM6,4583,Long,10,2026-05-13 10:06:19,2026-05-13 11:25:45,6462.75,6456.25,10.0
4588,1086,2,MESM6,,Long,10,2026-05-13 12:21:27,2026-05-13 12:45:56,6486.0,6491.75,10.0
4589,1088,2,MESM6,4588,Long,10,2026-05-13 12:21:30,2026-05-13 12:45:54,6486.0,6491.75,10.0
4590,1091,2,ESM6,4588,Long,2,2026-05-13 12:21:27,2026-05-13 12:46:08,6486.0,6491.75,8.0
4591,1094,2,MESM6,4588,Long,10,2026-05-13 12:21:30,2026-05-13 12:45:50,6486.25,6491.5,10.0
4592,1095,2,MESM6,4588,Long,10,2026-05-13 12:21:27,2026-05-13 12:46:08,6486.0,6491.75,10.0
4593,1086,4,MCLN6,,Short,10,2026-05-13 03:35:25,2026-05-13 04:41:41,34.57,34.08,10.0
4594,1088,4,MCLN6,4593,Short,10,2026-05-13 03:35:26,2026-05-13 04:41:55,34.57,34.08,10.0
4595,1091,4,CLN6,4593,Short,2,2026-05-13 03:35:26,2026-05-13 04:41:30,34.56,34.09,8.0
4596,1093,4,MCLN6,4593,Short,10,2026-05-13 03:35:25,2026-05-13 04:42:09,34.57,34.08,10.0
4597,1094,4,MCLN6,4593,Short,10,2026-05-13 03:35:26,2026-05-13 04:41:45,34.56,34.08,10.0
4598,1095,4,MCLN6,4593,Short,10,2026-05-13 03:35:25,2026-05-13 04:42:24,34.57,34.08,10.0
4599,1086,1,MESM6,,Long,10,2026-05-14 09:46:02,2026-05-14 10:38:47,6443.75,6436.75,10.0
4600,1088,1,MESM6,4599,Long,10,2026-05-14 09:46:02,2026-05-14 10:38:32,6443.75,6436.75,10.0
4601,1091,1,ESM6,4599,Long,2,2026-05-14 09:46:04,2026-05-14 10:38:25,6443.75,6436.75,8.0
4602,1093,1,MESM6,4599,Long,10,2026-05-14 09:46:02,2026-05-14 10:38:59,6444.0,6436.75,10.0
4603,1094,1,MESM6,4599,Long,10,2026-05-14 09:46:02,2026-05-14 10:38:10,6443.75,6436.75,10.0
4604,1095,1,MESM6,4599,Long,10,2026-05-14 09:46:03,2026-05-14 10:38:08,6444.0,6436.75,10.0
4605,1086,2,M2KM6,,Short,10,2026-05-14 12:13:20,2026-05-14 12:29:02,1820.5,1814.0,10.0
4606,1093,2,M2KM6,4605,Short,10,2026-05-14 12:13:23,2026-05-14 12:28:27,1820.5,1814.0,10.0
4607,1094,2,M2KM6,4605,Short,10,2026-05-14 12:13:20,2026-05-14 12:29:14,1820.5,1814.0,10.0
4608,1095,2,M2KM6,4605,Short,10,2026-05-14 12:13:20,2026-05-14 12:28:36,1820.5,1814.0,10.0
4609,1086,3,MGCM6,,Long,5,2026-05-14 10:40:44,2026-05-14 11:50:58,3629.3,3642.8,5.0
4610,1088,3,MGCM6,4609,Long,5,2026-05-14 10:40:45,2026-05-14 11:51:35,3629.4,3642.68,5.0
4611,1091,3,GCM6,4609,Long,1,2026-05-14 10:40:45,2026-05-14 11:51:12,3629.4,3642.7,4.0
4612,1093,3,MGCM6,4609,Long,5,2026-05-14 10:40:46,2026-05-14 11:51:34,3629.4,3642.68,5.0
4613,1094,3,MGCM6,4609,Long,5,2026-05-14 10:40:44,2026-05-14 11:50:50,3629.4,3642.7,5.0
4614,1095,3,MGCM6,4609,Long,5,2026-05-14 10:40:47,2026-05-14 11:51:19,3629.3,3642.8,5.0
4615,1086,4,MGCM6,,Long,5,2026-05-14 03:35:08,2026-05-14 04:24:12,3625.1,3620.1,5.0
4616,1088,4,MGCM6,4615,Long,5,2026-05-14 03:35:11,2026-05-14 04:25:02,3625.2,3620.1,5.0
4617,1091,4,GCM6,4615,Long,1,2026-05-14 03:35:09,2026-05-14 04:25:01,3625.1,3620.1,4.0
4618,1093,4,MGCM6,4615,Long,5,2026-05-14 03:35:10,2026-05-14 04:24:53,3625.1,3620.1,5.0
4619,1094,4,MGCM6,4615,Long,5,2026-05-14 03:35:10,2026-05-14 04:24:29,3625.2,3620.1,5.0
4620,1095,4,MGCM6,4615,Long,5,2026-05-14 03:35:09,2026-05-14 04:24:28,3625.1,3620.1,5.0
4621,1086,1,MYMM6,,Long,10,2026-05-15 10:03:59,2026-05-15 10:29:17,41027.0,41106.0,10.0
4622,1088,1,MYMM6,4621,Long,10,2026-05-15 10:04:00,2026-05-15 10:29:53,41028.0,41106.0,10.0
4623,1091,1,YMM6,4621,Long,2,2026-05-15 10:04:00,2026-05-15 10:29:30,41027.0,41106.0,8.0
4624,1093,1,MYMM6,4621,Long,10,2026-05-15 10:04:01,2026-05-15 10:29:08,41028.0,41105.0,10.0
4625,1094,1,MYMM6,4621,Long,10,2026-05-15 10:04:01,2026-05-15 10:29:37,41028.0,41105.0,10.0
4626,1095,1,MYMM6,4621,Long,10,2026-05-15 10:04:02,2026-05-15 10:29:45,41028.0,41106.0,10.0
4627,1086,2,M2KM6,,Short,10,2026-05-15 12:13:21,2026-05-15 12:37:17,1809.4,1802.0,10.0
4628,1088,2,M2KM6,4627,Short,10,2026-05-15 12:13:24,2026-05-15 12:36:25,1809.4,1802.0,10.0
4629,1091,2,RTYM6,4627,Short,2,2026-05-15 12:13:22,2026-05-15 12:36:53,1809.3,1802.1,8.0
4630,1094,2,M2KM6,4627,Short,10,2026-05-15 12:13:21,2026-05-15 12:36:27,1809.4,1802.0,10.0
4631,1095,2,M2KM6,4627,Short,10,2026-05-15 12:13:21,2026-05-15 12:37:19,1809.3,1802.1,10.0
4632,1086,3,MCLN6,,Long,10,2026-05-15 10:24:06,2026-05-15 10:35:52,35.52,36.17,10.0
4633,1088,3,MCLN6,4632,Long,10,2026-05-15 10:24:06,2026-05-15 10:35:47,35.53,36.17,10.0
4634,1091,3,CLN6,4632,Long,2,2026-05-15 10:24:09,2026-05-15 10:36:00,35.52,36.17,8.0
4635,1093,3,MCLN6,4632,Long,10,2026-05-15 10:24:06,2026-05-15 10:35:10,35.52,36.17,10.0
4636,1094,3,MCLN6,4632,Long,10,2026-05-15 10:24:08,2026-05-15 10:35:59,35.52,36.17,10.0
4637,1095,3,MCLN6,4632,Long,10,2026-05-15 10:24:07,2026-05-15 10:35:18,35.52,36.17,10.0
4638,1086,4,MGCM6,,Long,5,2026-05-15 03:22:23,2026-05-15 04:52:09,3572.6,3567.7,5.0
4639,1088,4,MGCM6,4638,Long,5,2026-05-15 03:22:26,2026-05-15 04:51:38,3572.6,3567.7,5.0
4640,1091,4,GCM6,4638,Long,1,2026-05-15 03:22:24,2026-05-15 04:51:31,3572.7,3567.6,4.0
4641,1093,4,MGCM6,4638,Long,5,2026-05-15 03:22:24,2026-05-15 04:51:58,3572.6,3567.7,5.0
4642,1094,4,MGCM6,4638,Long,5,2026-05-15 03:22:23,2026-05-15 04:51:27,3572.6,3567.7,5.0
4643,1095,4,MGCM6,4638,Long,5,2026-05-15 03:22:26,2026-05-15 04:52:04,3572.7,3567.6,5.0
4644,1086,1,MNQM6,,Short,6,2026-05-18 10:03:48,2026-05-18 11:26:19,20407.75,20378.5,6.0
4645,1088,1,MNQM6,4644,Short,6,2026-05-18 10:03:49,2026-05-18 11:26:05,20407.75,20378.5,6.0
4646,1091,1,NQM6,4644,Short,2,2026-05-18 10:03:49,2026-05-18 11:26:42,20407.5,20378.75,8.0
4647,1093,1,MNQM6,4644,Short,6,2026-05-18 10:03:50,2026-05-18 11:26:35,20407.5,20378.75,6.0
4648,1095,1,MNQM6,4644,Short,6,2026-05-18 10:03:50,2026-05-18 11:26:23,20407.75,20378.5,6.0
4649,1096,1,MNQM6,4644,Short,6,2026-05-18 10:03:48,2026-05-18 11:26:36,20407.5,20378.5,6.0
4650,1097,1,NQM6,4644,Short,2,2026-05-18 10:03:48,2026-05-18 11:26:18,20407.75,20378.5,8.0
4651,1086,2,M2KM6,,Long,10,2026-05-18 12:26:00,2026-05-18 12:33:13,1791.2,1785.9,10.0
4652,1088,2,M2KM6,4651,Long,10,2026-05-18 12:26:03,2026-05-18 12:33:38,1791.3,1785.9,10.0
4653,1091,2,RTYM6,4651,Long,2,2026-05-18 12:26:02,2026-05-18 12:33:46,1791.2,1785.9,8.0
4654,1093,2,M2KM6,4651,Long,10,2026-05-18 12:26:02,2026-05-18 12:33:33,1791.3,1785.9,10.0
4655,1095,2,M2KM6,4651,Long,10,2026-05-18 12:26:02,2026-05-18 12:33:17,1791.3,1785.8,10.0
4656,1096,2,M2KM6,4651,Long,10,2026-05-18 12:26:03,2026-05-18 12:33:49,1791.2,1785.9,10.0
4657,1097,2,RTYM6,4651,Long,2,2026-05-18 12:26:03,2026-05-18 12:33:24,1791.2,1785.9,8.0
4658,1086,3,MNQM6,,Short,6,2026-05-18 10:37:17,2026-05-18 10:54:44,20353.25,20377.25,6.0
4659,1088,3,MNQM6,4658,Short,6,2026-05-18 10:37:20,2026-05-18 10:54:42,20353.0,20377.5,6.0
4660,1091,3,NQM6,4658,Short,2,2026-05-18 10:37:20,2026-05-18 10:54:55,20353.25,20377.25,8.0
4661,1093,3,MNQM6,4658,Short,6,2026-05-18 10:37:20,2026-05-18 10:54:21,20353.25,20377.25,6.0
4662,1096,3,MNQM6,4658,Short,6,2026-05-18 10:37:20,2026-05-18 10:54:24,20353.0,20377.5,6.0
4663,1097,3,NQM6,4658,Short,2,2026-05-18 10:37:17,2026-05-18 10:54:20,20353.25,20377.25,8.0
4664,1086,1,MESM6,,Long,10,2026-05-19 10:00:04,2026-05-19 10:40:22,6639.0,6632.75,10.0
4665,1091,1,ESM6,4664,Long,2,2026-05-19 10:00:04,2026-05-19 10:40:09,6639.25,6632.5,8.0
4666,1093,1,MESM6,4664,Long,10,2026-05-19 10:00:07,2026-05-19 10:40:51,6639.25,6632.5,10.0
4667,1095,1,MESM6,4664,Long,10,2026-05-19 10:00:06,2026-05-19 10:40:36,6639.25,6632.5,10.0
4668,1097,1,ESM6,4664,Long,2,2026-05-19 10:00:07,2026-05-19 10:40:49,6639.0,6632.75,8.0
4669,1086,2,MESM6,,Short,10,2026-05-19 12:30:00,2026-05-19 12:42:14,6607.75,6612.25,10.0
4670,1088,2,MESM6,4669,Short,10,2026-05-19 12:30:02,2026-05-19 12:42:53,6607.75,6612.25,10.0
4671,1091,2,ESM6,4669,Short,2,2026-05-19 12:30:02,2026-05-19 12:42:58,6607.5,6612.25,8.0
4672,1093,2,MESM6,4669,Short,10,2026-05-19 12:30:03,2026-05-19 12:42:20,6607.5,6612.25,10.0
4673,1095,2,MESM6,4669,Short,10,2026-05-19 12:30:02,2026-05-19 12:42:52,6607.75,6612.25,10.0
4674,1097,2,ESM6,4669,Short,2,2026-05-19 12:30:03,2026-05-19 12:42:30,6607.75,6612.25,8.0
4675,1086,4,MCLN6,,Long,10,2026-05-20 03:21:41,2026-05-20 04:33:03,35.73,36.19,10.0
4676,1088,4,MCLN6,4675,Long,10,2026-05-20 03:21:44,2026-05-20 04:32:47,35.74,36.18,10.0
4677,1091,4,CLN6,4675,Long,2,2026-05-20 03:21:43,2026-05-20 04:33:06,35.74,36.18,8.0
4678,1093,4,MCLN6,4675,Long,10,2026-05-20 03:21:42,2026-05-20 04:33:09,35.73,36.19,10.0
4679,1095,4,MCLN6,4675,Long,10,2026-05-20 03:21:43,2026-05-20 04:33:07,35.74,36.18,10.0
4680,1096,4,MCLN6,4675,Long,10,2026-05-20 03:21:41,2026-05-20 04:32:52,35.73,36.19,10.0
4681,1097,4,CLN6,4675,Long,2,2026-05-20 03:21:44,2026-05-20 04:33:34,35.74,36.19,8.0
4682,1086,1,MNQM6,,Long,6,2026-05-21 10:03:06,2026-05-21 11:06:50,20223.5,20200.25,6.0
4683,1088,1,MNQM6,4682,Long,6,2026-05-21 10:03:08,2026-05-21 11:06:49,20223.5,20200.25,6.0
4684,1091,1,NQM6,4682,Long,2,2026-05-21 10:03:09,2026-05-21 11:06:15,20223.75,20200.0,8.0
4685,1093,1,MNQM6,4682,Long,6,2026-05-21 10:03:09,2026-05-21 11:06:45,20223.75,20200.25,6.0
4686,1095,1,MNQM6,4682,Long,6,2026-05-21 10:03:06,2026-05-21 11:06:22,20223.5,20200.25,6.0
4687,1097,1,NQM6,4682,Long,2,2026-05-21 10:03:06,2026-05-21 11:06:51,20223.75,20200.25,8.0
4688,1086,3,MCLN6,,Short,10,2026-05-21 10:32:57,2026-05-21 10:46:23,36.16,36.4,10.0
4689,1088,3,MCLN6,4688,Short,10,2026-05-21 10:32:58,2026-05-21 10:46:50,36.15,36.41,10.0
4690,1091,3,CLN6,4688,Short,2,2026-05-21 10:32:57,2026-05-21 10:46:35,36.16,36.4,8.0
4691,1093,3,MCLN6,4688,Short,10,2026-05-21 10:32:57,2026-05-21 10:46:31,36.16,36.4,10.0
4692,1095,3,MCLN6,4688,Short,10,2026-05-21 10:32:58,2026-05-21 10:46:55,36.16,36.4,10.0
4693,1096,3,MCLN6,4688,Short,10,2026-05-21 10:33:00,2026-05-21 10:46:30,36.15,36.4,10.0
4694,1097,3,CLN6,4688,Short,2,2026-05-21 10:32:58,2026-05-21 10:46:00,36.16,36.4,8.0
4695,1086,4,MGCQ6,,Long,5,2026-05-22 03:29:35,2026-05-22 03:41:05,3592.7,3587.4,5.0
4696,1088,4,MGCQ6,4695,Long,5,2026-05-22 03:29:37,2026-05-22 03:41:15,3592.7,3587.4,5.0
4697,1091,4,GCQ6,4695,Long,1,2026-05-22 03:29:35,2026-05-22 03:40:36,3592.8,3587.4,4.0
4698,1095,4,MGCQ6,4695,Long,5,2026-05-22 03:29:37,2026-05-22 03:40:44,3592.7,3587.4,5.0
4699,1096,4,MGCQ6,4695,Long,5,2026-05-22 03:29:35,2026-05-22 03:41:31,3592.7,3587.4,5.0
4700,1086,1,MNQM6,,Long,6,2026-05-26 09:51:28,2026-05-26 10:18:24,20412.5,20450.0,6.0
4701,1088,1,MNQM6,4700,Long,6,2026-05-26 09:51:28,2026-05-26 10:18:27,20412.5,20450.0,6.0
4702,1091,1,NQM6,4700,Long,2,2026-05-26 09:51:30,2026-05-26 10:18:16,20412.5,20450.0,8.0
4703,1093,1,MNQM6,4700,Long,6,2026-05-26 09:51:31,2026-05-26 10:18:07,20412.75,20449.75,6.0
4704,1095,1,MNQM6,4700,Long,6,2026-05-26 09:51:31,2026-05-26 10:18:27,20412.75,20449.75,6.0
4705,1096,1,MNQM6,4700,Long,6,2026-05-26 09:51:29,2026-05-26 10:17:50,20412.5,20450.0,6.0
4706,1097,1,NQM6,4700,Long,2,2026-05-26 09:51:31,2026-05-26 10:18:07,20412.5,20450.0,8.0
4707,1086,2,MESM6,,Long,10,2026-05-26 12:13:47,2026-05-26 12:30:11,6664.75,6659.75,10.0
4708,1088,2,MESM6,4707,Long,10,2026-05-26 12:13:47,2026-05-26 12:30:23,6664.75,6659.75,10.0
4709,1091,2,ESM6,4707,Long,2,2026-05-26 12:13:47,2026-05-26 12:30:34,6664.75,6659.75,8.0
4710,1093,2,MESM6,4707,Long,10,2026-05-26 12:13:49,2026-05-26 12:29:51,6664.75,6659.75,10.0
4711,1095,2,MESM6,4707,Long,10,2026-05-26 12:13:50,2026-05-26 12:30:18,6664.75,6659.75,10.0
4712,1096,2,MESM6,4707,Long,10,2026-05-26 12:13:50,2026-05-26 12:30:32,6665.0,6659.75,10.0
4713,1097,2,ESM6,4707,Long,2,2026-05-26 12:13:48,2026-05-26 12:30:11,6664.75,6659.75,8.0
4714,1086,3,MCLN6,,Long,10,2026-05-26 10:24:40,2026-05-26 11:20:03,35.65,35.38,10.0
4715,1088,3,MCLN6,4714,Long,10,2026-05-26 10:24:43,2026-05-26 11:20:28,35.65,35.38,10.0
4716,1091,3,CLN6,4714,Long,2,2026-05-26 10:24:40,2026-05-26 11:20:12,35.66,35.38,8.0
4717,1093,3,MCLN6,4714,Long,10,2026-05-26 10:24:43,2026-05-26 11:20:27,35.66,35.37,10.0
4718,1095,3,MCLN6,4714,Long,10,2026-05-26 10:24:42,2026-05-26 11:19:47,35.66,35.38,10.0
4719,1096,3,MCLN6,4714,Long,10,2026-05-26 10:24:41,2026-05-26 11:20:35,35.65,35.38,10.0
4720,1097,3,CLN6,4714,Long,2,2026-05-26 10:24:41,2026-05-26 11:19:49,35.66,35.37,8.0
4721,1086,1,MYMM6,,Long,10,2026-05-27 09:56:28,2026-05-27 10:36:01,41547.0,41622.0,10.0
4722,1088,1,MYMM6,4721,Long,10,2026-05-27 09:56:28,2026-05-27 10:36:03,41548.0,41621.0,10.0
4723,1091,1,YMM6,4721,Long,2,2026-05-27 09:56:29,2026-05-27 10:35:49,41548.0,41621.0,8.0
4724,1093,1,MYMM6,4721,Long,10,2026-05-27 09:56:30,2026-05-27 10:36:15,41547.0,41622.0,10.0
4725,1095,1,MYMM6,4721,Long,10,2026-05-27 09:56:29,2026-05-27 10:36:25,41547.0,41622.0,10.0
4726,1096,1,MYMM6,4721,Long,10,2026-05-27 09:56:28,2026-05-27 10:35:34,41547.0,41622.0,10.0
4727,1086,2,MESM6,,Short,10,2026-05-27 12:21:09,2026-05-27 12:37:53,6682.0,6676.0,10.0
4728,1088,2,MESM6,4727,Short,10,2026-05-27 12:21:10,2026-05-27 12:37:44,6681.75,6676.0,10.0
4729,1091,2,ESM6,4727,Short,2,2026-05-27 12:21:10,2026-05-27 12:37:48,6681.75,6676.25,8.0
4730,1093,2,MESM6,4727,Short,10,2026-05-27 12:21:10,2026-05-27 12:37:56,6681.75,6676.0,10.0
4731,1095,2,MESM6,4727,Short,10,2026-05-27 12:21:09,2026-05-27 12:37:38,6682.0,6676.0,10.0
4732,1096,2,MESM6,4727,Short,10,2026-05-27 12:21:11,2026-05-27 12:38:04,6682.0,6676.0,10.0
4733,1097,2,ESM6,4727,Short,2,2026-05-27 12:21:09,2026-05-27 12:37:24,6682.0,6676.0,8.0
4734,1086,3,MGCQ6,,Long,5,2026-05-27 10:35:58,2026-05-27 10:46:35,3600.4,3608.22,5.0
4735,1091,3,GCQ6,4734,Long,1,2026-05-27 10:35:58,2026-05-27 10:46:45,3600.4,3608.2,4.0
4736,1093,3,MGCQ6,4734,Long,5,2026-05-27 10:35:59,2026-05-27 10:46:31,3600.4,3608.22,5.0
4737,1095,3,MGCQ6,4734,Long,5,2026-05-27 10:36:01,2026-05-27 10:46:15,3600.4,3608.2,5.0
4738,1096,3,MGCQ6,4734,Long,5,2026-05-27 10:36:01,2026-05-27 10:46:47,3600.5,3608.1,5.0
4739,1097,3,GCQ6,4734,Long,1,2026-05-27 10:35:59,2026-05-27 10:46:21,3600.4,3608.2,4.0
4740,1086,4,MCLN6,,Short,10,2026-05-27 03:31:02,2026-05-27 04:21:49,35.54,35.78,10.0
4741,1088,4,MCLN6,4740,Short,10,2026-05-27 03:31:03,2026-05-27 04:21:49,35.53,35.79,10.0
4742,1091,4,CLN6,4740,Short,2,2026-05-27 03:31:02,2026-05-27 04:21:16,35.54,35.78,8.0
4743,1093,4,MCLN6,4740,Short,10,2026-05-27 03:31:04,2026-05-27 04:21:51,35.53,35.79,10.0
4744,1095,4,MCLN6,4740,Short,10,2026-05-27 03:31:03,2026-05-27 04:21:30,35.54,35.78,10.0
4745,1096,4,MCLN6,4740,Short,10,2026-05-27 03:31:05,2026-05-27 04:22:00,35.53,35.78,10.0
4746,1097,4,CLN6,4740,Short,2,2026-05-27 03:31:05,2026-05-27 04:21:07,35.53,35.78,8.0
4747,1086,1,MESM6,,Short,10,2026-05-28 09:51:06,2026-05-28 10:07:07,6639.5,6631.75,10.0
4748,1088,1,MESM6,4747,Short,10,2026-05-28 09:51:08,2026-05-28 10:07:58,6639.5,6631.75,10.0
4749,1093,1,MESM6,4747,Short,10,2026-05-28 09:51:09,2026-05-28 10:07:11,6639.5,6631.75,10.0
4750,1095,1,MESM6,4747,Short,10,2026-05-28 09:51:07,2026-05-28 10:07:18,6639.5,6631.75,10.0
4751,1096,1,MESM6,4747,Short,10,2026-05-28 09:51:07,2026-05-28 10:07:21,6639.5,6631.75,10.0
4752,1097,1,ESM6,4747,Short,2,2026-05-28 09:51:06,2026-05-28 10:07:32,6639.25,6631.75,8.0
4753,1086,4,MCLN6,,Short,10,2026-05-28 03:16:47,2026-05-28 04:21:37,34.26,33.8,10.0
4754,1088,4,MCLN6,4753,Short,10,2026-05-28 03:16:49,2026-05-28 04:21:44,34.26,33.8,10.0
4755,1091,4,CLN6,4753,Short,2,2026-05-28 03:16:48,2026-05-28 04:20:48,34.26,33.8,8.0
4756,1095,4,MCLN6,4753,Short,10,2026-05-28 03:16:50,2026-05-28 04:21:03,34.26,33.8,10.0
4757,1096,4,MCLN6,4753,Short,10,2026-05-28 03:16:47,2026-05-28 04:20:54,34.26,33.8,10.0
4758,1097,4,CLN6,4753,Short,2,2026-05-28 03:16:49,2026-05-28 04:20:52,34.26,33.8,8.0
4759,1086,1,MYMM6,,Long,10,2026-05-29 09:46:52,2026-05-29 10:56:40,41217.0,41284.0,10.0
4760,1088,1,MYMM6,4759,Long,10,2026-05-29 09:46:53,2026-05-29 10:56:30,41218.0,41283.0,10.0
4761,1091,1,YMM6,4759,Long,2,2026-05-29 09:46:54,2026-05-29 10:55:56,41218.0,41284.0,8.0
4762,1095,1,MYMM6,4759,Long,10,2026-05-29 09:46:53,2026-05-29 10:56:39,41217.0,41284.0,10.0
4763,1096,1,MYMM6,4759,Long,10,2026-05-29 09:46:55,2026-05-29 10:55:55,41218.0,41284.0,10.0
4764,1097,1,YMM6,4759,Long,2,2026-05-29 09:46:55,2026-05-29 10:56:01,41218.0,41284.0,8.0
4765,1088,4,MGCQ6,,Short,5,2026-05-29 03:35:15,2026-05-29 04:30:11,3651.8,3645.48,5.0
4766,1091,4,GCQ6,4765,Short,1,2026-05-29 03:35:18,2026-05-29 04:30:16,3651.8,3645.5,4.0
4767,1093,4,MGCQ6,4765,Short,5,2026-05-29 03:35:16,2026-05-29 04:30:05,3651.8,3645.48,5.0
4768,1095,4,MGCQ6,4765,Short,5,2026-05-29 03:35:17,2026-05-29 04:29:18,3651.8,3645.48,5.0
4769,1096,4,MGCQ6,4765,Short,5,2026-05-29 03:35:17,2026-05-29 04:30:03,3651.8,3645.48,5.0
4770,1097,4,GCQ6,4765,Short,1,2026-05-29 03:35:17,2026-05-29 04:30:16,3651.8,3645.5,4.0
4771,1088,1,MESM6,,Long,10,2026-06-01 09:58:40,2026-06-01 10:46:57,6723.0,6717.75,10.0
4772,1091,1,ESM6,4771,Long,2,2026-06-01 09:58:43,2026-06-01 10:47:33,6723.25,6717.5,8.0
4773,1093,1,MESM6,4771,Long,10,2026-06-01 09:58:43,2026-06-01 10:47:17,6723.0,6717.75,10.0
4774,1096,1,MESM6,4771,Long,10,2026-06-01 09:58:41,2026-06-01 10:47:06,6723.25,6717.75,10.0
4775,1097,1,ESM6,4771,Long,2,2026-06-01 09:58:41,2026-06-01 10:47:35,6723.0,6717.75,8.0
4776,1098,1,MESM6,4771,Long,10,2026-06-01 09:58:41,2026-06-01 10:47:17,6723.25,6717.5,10.0
4777,1088,3,MGCQ6,,Long,5,2026-06-01 10:23:48,2026-06-01 11:46:07,3650.4,3645.3,5.0
4778,1091,3,GCQ6,4777,Long,1,2026-06-01 10:23:48,2026-06-01 11:46:15,3650.4,3645.3,4.0
4779,1093,3,MGCQ6,4777,Long,5,2026-06-01 10:23:51,2026-06-01 11:46:22,3650.4,3645.3,5.0
4780,1096,3,MGCQ6,4777,Long,5,2026-06-01 10:23:51,2026-06-01 11:46:22,3650.5,3645.2,5.0
4781,1098,3,MGCQ6,4777,Long,5,2026-06-01 10:23:50,2026-06-01 11:46:29,3650.4,3645.3,5.0
4782,1099,3,MGCQ6,4777,Long,5,2026-06-01 10:23:49,2026-06-01 11:45:49,3650.5,3645.2,5.0
4783,1088,1,MYMM6,,Short,10,2026-06-02 09:50:12,2026-06-02 10:27:12,40522.0,40431.0,10.0
4784,1091,1,YMM6,4783,Short,2,2026-06-02 09:50:14,2026-06-02 10:27:47,40521.0,40432.0,8.0
4785,1093,1,MYMM6,4783,Short,10,2026-06-02 09:50:12,2026-06-02 10:27:28,40522.0,40431.0,10.0
4786,1096,1,MYMM6,4783,Short,10,2026-06-02 09:50:13,2026-06-02 10:27:16,40521.0,40432.0,10.0
4787,1097,1,YMM6,4783,Short,2,2026-06-02 09:50:13,2026-06-02 10:27:37,40522.0,40431.0,8.0
4788,1098,1,MYMM6,4783,Short,10,2026-06-02 09:50:13,2026-06-02 10:27:24,40522.0,40431.0,10.0
4789,1099,1,MYMM6,4783,Short,10,2026-06-02 09:50:12,2026-06-02 10:27:45,40521.0,40432.0,10.0
4790,1088,2,MESM6,,Short,10,2026-06-02 12:20:52,2026-06-02 12:28:12,6838.5,6843.5,10.0
4791,1091,2,ESM6,4790,Short,2,2026-06-02 12:20:54,2026-06-02 12:28:45,6838.25,6843.75,8.0
4792,1093,2,MESM6,4790,Short,10,2026-06-02 12:20:55,2026-06-02 12:28:49,6838.25,6843.75,10.0
4793,1097,2,ESM6,4790,Short,2,2026-06-02 12:20:55,2026-06-02 12:28:19,6838.5,6843.5,8.0
4794,1098,2,MESM6,4790,Short,10,2026-06-02 12:20:52,2026-06-02 12:28:50,6838.5,6843.5,10.0
4795,1088,3,MGCQ6,,Long,5,2026-06-02 10:37:23,2026-06-02 10:46:10,3627.8,3638.8,5.0
4796,1091,3,GCQ6,4795,Long,1,2026-06-02 10:37:25,2026-06-02 10:45:36,3627.8,3638.8,4.0
4797,1093,3,MGCQ6,4795,Long,5,2026-06-02 10:37:24,2026-06-02 10:45:29,3627.9,3638.78,5.0
4798,1096,3,MGCQ6,4795,Long,5,2026-06-02 10:37:26,2026-06-02 10:46:10,3627.8,3638.78,5.0
4799,1097,3,GCQ6,4795,Long,1,2026-06-02 10:37:25,2026-06-02 10:45:42,3627.8,3638.8,4.0
4800,1098,3,MGCQ6,4795,Long,5,2026-06-02 10:37:25,2026-06-02 10:45:55,3627.8,3638.78,5.0
4801,1088,4,MCLN6,,Long,10,2026-06-02 03:16:17,2026-06-02 03:36:51,31.38,31.77,10.0
4802,1091,4,CLN6,4801,Long,2,2026-06-02 03:16:19,2026-06-02 03:36:42,31.38,31.77,8.0
4803,1093,4,MCLN6,4801,Long,10,2026-06-02 03:16:17,2026-06-02 03:37:04,31.39,31.77,10.0
4804,1096,4,MCLN6,4801,Long,10,2026-06-02 03:16:19,2026-06-02 03:36:54,31.38,31.77,10.0
4805,1097,4,CLN6,4801,Long,2,2026-06-02 03:16:17,2026-06-02 03:36:56,31.39,31.77,8.0
4806,1098,4,MCLN6,4801,Long,10,2026-06-02 03:16:18,2026-06-02 03:37:03,31.38,31.77,10.0
4807,1099,4,MCLN6,4801,Long,10,2026-06-02 03:16:18,2026-06-02 03:37:16,31.39,31.77,10.0
4808,1088,3,MCLN6,,Short,10,2026-06-03 10:24:57,2026-06-03 11:07:22,31.09,31.46,10.0
4809,1091,3,CLN6,4808,Short,2,2026-06-03 10:25:00,2026-06-03 11:07:15,31.09,31.46,8.0
4810,1093,3,MCLN6,4808,Short,10,2026-06-03 10:24:57,2026-06-03 11:07:22,31.09,31.46,10.0
4811,1096,3,MCLN6,4808,Short,10,2026-06-03 10:25:00,2026-06-03 11:07:27,31.09,31.46,10.0
4812,1097,3,CLN6,4808,Short,2,2026-06-03 10:24:59,2026-06-03 11:07:36,31.09,31.46,8.0
4813,1098,3,MCLN6,4808,Short,10,2026-06-03 10:24:57,2026-06-03 11:07:07,31.08,31.47,10.0
4814,1099,3,MCLN6,4808,Short,10,2026-06-03 10:25:00,2026-06-03 11:07:48,31.09,31.46,10.0
4815,1088,1,MYMM6,,Short,10,2026-06-04 09:58:45,2026-06-04 11:27:06,40419.0,40312.0,10.0
4816,1091,1,YMM6,4815,Short,2,2026-06-04 09:58:47,2026-06-04 11:27:29,40419.0,40312.0,8.0
4817,1093,1,MYMM6,4815,Short,10,2026-06-04 09:58:47,2026-06-04 11:26:59,40418.0,40312.0,10.0
4818,1096,1,MYMM6,4815,Short,10,2026-06-04 09:58:47,2026-06-04 11:27:23,40418.0,40312.0,10.0
4819,1097,1,YMM6,4815,Short,2,2026-06-04 09:58:46,2026-06-04 11:27:31,40419.0,40312.0,8.0
4820,1098,1,MYMM6,4815,Short,10,2026-06-04 09:58:45,2026-06-04 11:26:47,40418.0,40312.0,10.0
4821,1099,1,MYMM6,4815,Short,10,2026-06-04 09:58:45,2026-06-04 11:26:57,40419.0,40312.0,10.0
4822,1100,1,MYMM6,4815,Short,10,2026-06-04 09:58:48,2026-06-04 11:27:07,40419.0,40312.0,10.0
4823,1101,1,MYMM6,4815,Short,10,2026-06-04 09:58:47,2026-06-04 11:27:11,40419.0,40312.0,10.0
4824,1088,3,MNQM6,,Short,6,2026-06-04 10:30:29,2026-06-04 11:59:53,20346.25,20370.5,6.0
4825,1091,3,NQM6,4824,Short,2,2026-06-04 10:30:30,2026-06-04 11:59:38,20346.25,20370.5,8.0
4826,1093,3,MNQM6,4824,Short,6,2026-06-04 10:30:29,2026-06-04 12:00:21,20346.25,20370.5,6.0
4827,1096,3,MNQM6,4824,Short,6,2026-06-04 10:30:30,2026-06-04 12:00:22,20346.25,20370.5,6.0
4828,1097,3,NQM6,4824,Short,2,2026-06-04 10:30:32,2026-06-04 12:00:06,20346.25,20370.5,8.0
4829,1098,3,MNQM6,4824,Short,6,2026-06-04 10:30:32,2026-06-04 11:59:38,20346.0,20370.75,6.0
4830,1099,3,MNQM6,4824,Short,6,2026-06-04 10:30:30,2026-06-04 12:00:14,20346.25,20370.5,6.0
4831,1100,3,MNQM6,4824,Short,6,2026-06-04 10:30:30,2026-06-04 11:59:49,20346.0,20370.75,6.0
4832,1101,3,MNQM6,4824,Short,6,2026-06-04 10:30:29,2026-06-04 12:00:16,20346.25,20370.5,6.0
4833,1091,2,ESM6,,Long,2,2026-06-05 12:18:47,2026-06-05 12:25:26,6733.25,6725.75,8.0
4834,1093,2,MESM6,4833,Long,10,2026-06-05 12:18:49,2026-06-05 12:25:21,6733.5,6725.75,10.0
4835,1096,2,MESM6,4833,Long,10,2026-06-05 12:18:49,2026-06-05 12:25:26,6733.5,6725.75,10.0
4836,1097,2,ESM6,4833,Long,2,2026-06-05 12:18:48,2026-06-05 12:25:36,6733.25,6725.75,8.0
4837,1098,2,MESM6,4833,Long,10,2026-06-05 12:18:50,2026-06-05 12:25:29,6733.5,6725.5,10.0
4838,1100,2,MESM6,4833,Long,10,2026-06-05 12:18:49,2026-06-05 12:25:12,6733.25,6725.75,10.0
4839,1101,2,MESM6,4833,Long,10,2026-06-05 12:18:48,2026-06-05 12:25:26,6733.25,6725.75,10.0
4840,1088,5,MESM6,,Long,10,2026-06-05 08:42:23,2026-06-05 09:04:44,6767.25,6762.25,10.0
4841,1091,5,ESM6,4840,Long,2,2026-06-05 08:42:23,2026-06-05 09:05:04,6767.5,6762.25,8.0
4842,1093,5,MESM6,4840,Long,10,2026-06-05 08:42:23,2026-06-05 09:04:26,6767.25,6762.25,10.0
4843,1097,5,ESM6,4840,Long,2,2026-06-05 08:42:26,2026-06-05 09:04:32,6767.25,6762.25,8.0
4844,1098,5,MESM6,4840,Long,10,2026-06-05 08:42:23,2026-06-05 09:04:27,6767.5,6762.25,10.0
4845,1099,5,MESM6,4840,Long,10,2026-06-05 08:42:25,2026-06-05 09:04:41,6767.5,6762.25,10.0
4846,1101,5,MESM6,4840,Long,10,2026-06-05 08:42:25,2026-06-05 09:04:47,6767.5,6762.25,10.0
4847,1088,4,MGCQ6,,Long,5,2026-06-08 03:19:34,2026-06-08 03:35:40,3560.7,3554.9,5.0
4848,1091,4,GCQ6,4847,Long,1,2026-06-08 03:19:34,2026-06-08 03:36:20,3560.8,3554.8,4.0
4849,1096,4,MGCQ6,4847,Long,5,2026-06-08 03:19:35,2026-06-08 03:35:49,3560.8,3554.8,5.0
4850,1097,4,GCQ6,4847,Long,1,2026-06-08 03:19:36,2026-06-08 03:35:53,3560.8,3554.9,4.0
4851,1098,4,MGCQ6,4847,Long,5,2026-06-08 03:19:37,2026-06-08 03:35:51,3560.8,3554.8,5.0
4852,1099,4,MGCQ6,4847,Long,5,2026-06-08 03:19:34,2026-06-08 03:35:56,3560.7,3554.9,5.0
4853,1100,4,MGCQ6,4847,Long,5,2026-06-08 03:19:34,2026-06-08 03:36:10,3560.8,3554.8,5.0
4854,1101,4,MGCQ6,4847,Long,5,2026-06-08 03:19:34,2026-06-08 03:35:44,3560.8,3554.8,5.0
4855,1088,1,MYMM6,,Short,10,2026-06-09 10:00:20,2026-06-09 10:10:25,39577.0,39470.0,10.0
4856,1091,1,YMM6,4855,Short,2,2026-06-09 10:00:22,2026-06-09 10:10:30,39576.0,39471.0,8.0
4857,1093,1,MYMM6,4855,Short,10,2026-06-09 10:00:20,2026-06-09 10:11:03,39576.0,39471.0,10.0
4858,1097,1,YMM6,4855,Short,2,2026-06-09 10:00:20,2026-06-09 10:10:57,39577.0,39470.0,8.0
4859,1098,1,MYMM6,4855,Short,10,2026-06-09 10:00:23,2026-06-09 10:10:34,39577.0,39470.0,10.0
4860,1099,1,MYMM6,4855,Short,10,2026-06-09 10:00:20,2026-06-09 10:10:47,39576.0,39471.0,10.0
4861,1101,1,MYMM6,4855,Short,10,2026-06-09 10:00:23,2026-06-09 10:10:43,39577.0,39470.0,10.0
4862,1088,2,M2KM6,,Short,10,2026-06-09 12:15:38,2026-06-09 12:33:13,1849.1,1842.2,10.0
4863,1091,2,RTYM6,4862,Short,2,2026-06-09 12:15:40,2026-06-09 12:33:03,1849.1,1842.2,8.0
4864,1093,2,M2KM6,4862,Short,10,2026-06-09 12:15:41,2026-06-09 12:33:13,1849.0,1842.3,10.0
4865,1096,2,M2KM6,4862,Short,10,2026-06-09 12:15:39,2026-06-09 12:33:19,1849.1,1842.2,10.0
4866,1097,2,RTYM6,4862,Short,2,2026-06-09 12:15:40,2026-06-09 12:33:38,1849.1,1842.2,8.0
4867,1098,2,M2KM6,4862,Short,10,2026-06-09 12:15:39,2026-06-09 12:33:29,1849.0,1842.2,10.0
4868,1099,2,M2KM6,4862,Short,10,2026-06-09 12:15:38,2026-06-09 12:32:41,1849.0,1842.2,10.0
4869,1100,2,M2KM6,4862,Short,10,2026-06-09 12:15:39,2026-06-09 12:33:01,1849.0,1842.3,10.0
4870,1101,2,M2KM6,4862,Short,10,2026-06-09 12:15:40,2026-06-09 12:33:18,1849.0,1842.3,10.0
4871,1088,3,MCLN6,,Long,10,2026-06-09 10:40:51,2026-06-09 11:37:37,33.77,33.51,10.0
4872,1091,3,CLN6,4871,Long,2,2026-06-09 10:40:54,2026-06-09 11:37:14,33.77,33.51,8.0
4873,1093,3,MCLN6,4871,Long,10,2026-06-09 10:40:53,2026-06-09 11:37:07,33.78,33.51,10.0
4874,1096,3,MCLN6,4871,Long,10,2026-06-09 10:40:52,2026-06-09 11:37:17,33.78,33.51,10.0
4875,1097,3,CLN6,4871,Long,2,2026-06-09 10:40:54,2026-06-09 11:37:21,33.77,33.51,8.0
4876,1098,3,MCLN6,4871,Long,10,2026-06-09 10:40:54,2026-06-09 11:37:37,33.77,33.51,10.0
4877,1099,3,MCLN6,4871,Long,10,2026-06-09 10:40:52,2026-06-09 11:36:55,33.77,33.51,10.0
4878,1100,3,MCLN6,4871,Long,10,2026-06-09 10:40:54,2026-06-09 11:37:32,33.77,33.51,10.0
4879,1101,3,MCLN6,4871,Long,10,2026-06-09 10:40:52,2026-06-09 11:37:08,33.77,33.51,10.0
4880,1088,1,MESM6,,Long,10,2026-06-10 10:00:47,2026-06-10 11:03:35,7000.5,7007.5,10.0
4881,1091,1,ESM6,4880,Long,2,2026-06-10 10:00:47,2026-06-10 11:03:20,7000.75,7007.5,8.0
4882,1096,1,MESM6,4880,Long,10,2026-06-10 10:00:49,2026-06-10 11:03:18,7000.75,7007.5,10.0
4883,1097,1,ESM6,4880,Long,2,2026-06-10 10:00:47,2026-06-10 11:03:23,7000.75,7007.5,8.0
4884,1098,1,MESM6,4880,Long,10,2026-06-10 10:00:49,2026-06-10 11:03:20,7000.5,7007.5,10.0
4885,1099,1,MESM6,4880,Long,10,2026-06-10 10:00:50,2026-06-10 11:03:44,7000.5,7007.5,10.0
4886,1100,1,MESM6,4880,Long,10,2026-06-10 10:00:47,2026-06-10 11:02:50,7000.5,7007.5,10.0
4887,1101,1,MESM6,4880,Long,10,2026-06-10 10:00:49,2026-06-10 11:03:32,7000.5,7007.5,10.0
4888,1088,2,M2KM6,,Short,10,2026-06-10 12:25:34,2026-06-10 12:51:08,1815.6,1810.3,10.0
4889,1091,2,RTYM6,4888,Short,2,2026-06-10 12:25:37,2026-06-10 12:51:27,1815.6,1810.3,8.0
4890,1093,2,M2KM6,4888,Short,10,2026-06-10 12:25:36,2026-06-10 12:50:48,1815.6,1810.3,10.0
4891,1096,2,M2KM6,4888,Short,10,2026-06-10 12:25:37,2026-06-10 12:51:34,1815.5,1810.3,10.0
4892,1097,2,RTYM6,4888,Short,2,2026-06-10 12:25:35,2026-06-10 12:50:41,1815.6,1810.3,8.0
4893,1098,2,M2KM6,4888,Short,10,2026-06-10 12:25:37,2026-06-10 12:51:12,1815.6,1810.3,10.0
4894,1099,2,M2KM6,4888,Short,10,2026-06-10 12:25:34,2026-06-10 12:51:11,1815.5,1810.4,10.0
4895,1101,2,M2KM6,4888,Short,10,2026-06-10 12:25:36,2026-06-10 12:50:59,1815.6,1810.3,10.0
4896,1088,3,MGCQ6,,Long,5,2026-06-10 10:21:38,2026-06-10 11:27:56,3628.0,3621.8,5.0
4897,1091,3,GCQ6,4896,Long,1,2026-06-10 10:21:38,2026-06-10 11:28:22,3628.0,3621.8,4.0
4898,1093,3,MGCQ6,4896,Long,5,2026-06-10 10:21:41,2026-06-10 11:27:59,3628.0,3621.8,5.0
4899,1096,3,MGCQ6,4896,Long,5,2026-06-10 10:21:40,2026-06-10 11:27:43,3628.0,3621.8,5.0
4900,1097,3,GCQ6,4896,Long,1,2026-06-10 10:21:39,2026-06-10 11:28:06,3628.0,3621.8,4.0
4901,1098,3,MGCQ6,4896,Long,5,2026-06-10 10:21:41,2026-06-10 11:27:45,3628.1,3621.7,5.0
4902,1099,3,MGCQ6,4896,Long,5,2026-06-10 10:21:39,2026-06-10 11:28:14,3628.0,3621.8,5.0
4903,1100,3,MGCQ6,4896,Long,5,2026-06-10 10:21:38,2026-06-10 11:27:45,3628.0,3621.8,5.0
4904,1101,3,MGCQ6,4896,Long,5,2026-06-10 10:21:41,2026-06-10 11:28:35,3628.0,3621.8,5.0
4905,1088,4,MGCQ6,,Long,5,2026-06-10 03:22:15,2026-06-10 04:26:15,3616.6,3624.3,5.0
4906,1091,4,GCQ6,4905,Long,1,2026-06-10 03:22:15,2026-06-10 04:26:48,3616.6,3624.3,4.0
4907,1093,4,MGCQ6,4905,Long,5,2026-06-10 03:22:15,2026-06-10 04:26:29,3616.6,3624.3,5.0
4908,1096,4,MGCQ6,4905,Long,5,2026-06-10 03:22:16,2026-06-10 04:26:19,3616.6,3624.32,5.0
4909,1097,4,GCQ6,4905,Long,1,2026-06-10 03:22:16,2026-06-10 04:26:34,3616.7,3624.3,4.0
4910,1098,4,MGCQ6,4905,Long,5,2026-06-10 03:22:17,2026-06-10 04:27:04,3616.6,3624.3,5.0
4911,1099,4,MGCQ6,4905,Long,5,2026-06-10 03:22:15,2026-06-10 04:26:22,3616.7,3624.3,5.0
4912,1100,4,MGCQ6,4905,Long,5,2026-06-10 03:22:18,2026-06-10 04:27:04,3616.6,3624.3,5.0
4913,1101,4,MGCQ6,4905,Long,5,2026-06-10 03:22:17,2026-06-10 04:26:53,3616.7,3624.3,5.0
4914,1088,5,MESM6,,Short,10,2026-06-10 08:33:14,2026-06-10 08:50:25,6985.75,6981.5,10.0
4915,1091,5,ESM6,4914,Short,2,2026-06-10 08:33:16,2026-06-10 08:50:26,6985.75,6981.5,8.0
4916,1093,5,MESM6,4914,Short,10,2026-06-10 08:33:17,2026-06-10 08:51:10,6985.75,6981.5,10.0
4917,1096,5,MESM6,4914,Short,10,2026-06-10 08:33:15,2026-06-10 08:50:37,6985.5,6981.5,10.0
4918,1098,5,MESM6,4914,Short,10,2026-06-10 08:33:14,2026-06-10 08:50:16,6985.5,6981.75,10.0
4919,1099,5,MESM6,4914,Short,10,2026-06-10 08:33:14,2026-06-10 08:50:50,6985.75,6981.5,10.0
4920,1100,5,MESM6,4914,Short,10,2026-06-10 08:33:16,2026-06-10 08:50:34,6985.75,6981.5,10.0
4921,1101,5,MESM6,4914,Short,10,2026-06-10 08:33:17,2026-06-10 08:50:59,6985.75,6981.5,10.0
4922,1088,1,MESU6,,Short,10,2026-06-12 09:48:31,2026-06-12 10:35:15,7178.0,7183.0,10.0
4923,1093,1,MESU6,4922,Short,10,2026-06-12 09:48:33,2026-06-12 10:34:45,7178.0,7183.0,10.0
4924,1096,1,MESU6,4922,Short,10,2026-06-12 09:48:32,2026-06-12 10:35:12,7177.75,7183.25,10.0
4925,1097,1,ESU6,4922,Short,2,2026-06-12 09:48:32,2026-06-12 10:34:48,7177.75,7183.25,8.0
4926,1098,1,MESU6,4922,Short,10,2026-06-12 09:48:33,2026-06-12 10:34:52,7177.75,7183.0,10.0
4927,1099,1,MESU6,4922,Short,10,2026-06-12 09:48:34,2026-06-12 10:35:06,7178.0,7183.0,10.0
4928,1101,1,MESU6,4922,Short,10,2026-06-12 09:48:32,2026-06-12 10:34:59,7177.75,7183.0,10.0
4929,1091,4,CLQ6,,Long,2,2026-06-12 03:18:48,2026-06-12 03:35:29,34.46,34.91,8.0
4930,1093,4,MCLQ6,4929,Long,10,2026-06-12 03:18:49,2026-06-12 03:35:26,34.47,34.91,10.0
4931,1096,4,MCLQ6,4929,Long,10,2026-06-12 03:18:48,2026-06-12 03:35:37,34.46,34.91,10.0
4932,1098,4,MCLQ6,4929,Long,10,2026-06-12 03:18:51,2026-06-12 03:35:36,34.46,34.91,10.0
4933,1099,4,MCLQ6,4929,Long,10,2026-06-12 03:18:50,2026-06-12 03:35:03,34.47,34.9,10.0
4934,1100,4,MCLQ6,4929,Long,10,2026-06-12 03:18:50,2026-06-12 03:34:54,34.46,34.91,10.0
4935,1101,4,MCLQ6,4929,Long,10,2026-06-12 03:18:51,2026-06-12 03:35:10,34.47,34.9,10.0
4936,1088,4,MGCQ6,,Long,5,2026-06-15 03:28:40,2026-06-15 04:37:27,3658.8,3653.0,5.0
4937,1091,4,GCQ6,4936,Long,1,2026-06-15 03:28:43,2026-06-15 04:37:05,3658.8,3653.0,4.0
4938,1093,4,MGCQ6,4936,Long,5,2026-06-15 03:28:42,2026-06-15 04:36:55,3658.8,3653.0,5.0
4939,1096,4,MGCQ6,4936,Long,5,2026-06-15 03:28:40,2026-06-15 04:37:11,3658.8,3653.0,5.0
4940,1097,4,GCQ6,4936,Long,1,2026-06-15 03:28:41,2026-06-15 04:36:41,3658.9,3652.9,4.0
4941,1098,4,MGCQ6,4936,Long,5,2026-06-15 03:28:42,2026-06-15 04:36:57,3658.8,3653.0,5.0
4942,1099,4,MGCQ6,4936,Long,5,2026-06-15 03:28:40,2026-06-15 04:37:20,3658.9,3653.0,5.0
4943,1100,4,MGCQ6,4936,Long,5,2026-06-15 03:28:40,2026-06-15 04:36:58,3658.9,3652.9,5.0
4944,1101,4,MGCQ6,4936,Long,5,2026-06-15 03:28:41,2026-06-15 04:36:53,3658.8,3653.0,5.0
4945,1088,2,M2KU6,,Long,10,2026-06-16 12:15:03,2026-06-16 12:39:56,1796.8,1790.8,10.0
4946,1091,2,RTYU6,4945,Long,2,2026-06-16 12:15:04,2026-06-16 12:39:55,1796.8,1790.8,8.0
4947,1093,2,M2KU6,4945,Long,10,2026-06-16 12:15:05,2026-06-16 12:39:40,1796.8,1790.8,10.0
4948,1096,2,M2KU6,4945,Long,10,2026-06-16 12:15:03,2026-06-16 12:39:40,1796.8,1790.8,10.0
4949,1097,2,RTYU6,4945,Long,2,2026-06-16 12:15:03,2026-06-16 12:39:38,1796.8,1790.8,8.0
4950,1098,2,M2KU6,4945,Long,10,2026-06-16 12:15:06,2026-06-16 12:39:30,1796.9,1790.8,10.0
4951,1099,2,M2KU6,4945,Long,10,2026-06-16 12:15:03,2026-06-16 12:39:46,1796.8,1790.8,10.0
4952,1100,2,M2KU6,4945,Long,10,2026-06-16 12:15:06,2026-06-16 12:39:33,1796.8,1790.8,10.0
4953,1101,2,M2KU6,4945,Long,10,2026-06-16 12:15:04,2026-06-16 12:39:40,1796.8,1790.8,10.0
4954,1088,1,MYMU6,,Short,10,2026-06-17 09:57:09,2026-06-17 10:56:44,39845.0,39908.0,10.0
4955,1091,1,YMU6,4954,Short,2,2026-06-17 09:57:11,2026-06-17 10:56:27,39845.0,39908.0,8.0
4956,1093,1,MYMU6,4954,Short,10,2026-06-17 09:57:09,2026-06-17 10:56:31,39844.0,39908.0,10.0
4957,1096,1,MYMU6,4954,Short,10,2026-06-17 09:57:11,2026-06-17 10:57:01,39845.0,39908.0,10.0
4958,1097,1,YMU6,4954,Short,2,2026-06-17 09:57:09,2026-06-17 10:56:28,39845.0,39908.0,8.0
4959,1098,1,MYMU6,4954,Short,10,2026-06-17 09:57:10,2026-06-17 10:56:24,39844.0,39908.0,10.0
4960,1099,1,MYMU6,4954,Short,10,2026-06-17 09:57:10,2026-06-17 10:56:35,39845.0,39908.0,10.0
4961,1100,1,MYMU6,4954,Short,10,2026-06-17 09:57:10,2026-06-17 10:56:41,39845.0,39908.0,10.0
4962,1101,1,MYMU6,4954,Short,10,2026-06-17 09:57:12,2026-06-17 10:56:51,39844.0,39908.0,10.0
4963,1088,3,MNQU6,,Short,6,2026-06-17 10:36:26,2026-06-17 11:57:19,19662.75,19595.0,6.0
4964,1091,3,NQU6,4963,Short,2,2026-06-17 10:36:26,2026-06-17 11:56:47,19662.75,19595.0,8.0
4965,1096,3,MNQU6,4963,Short,6,2026-06-17 10:36:26,2026-06-17 11:56:37,19662.75,19595.0,6.0
4966,1097,3,NQU6,4963,Short,2,2026-06-17 10:36:29,2026-06-17 11:56:41,19662.75,19595.0,8.0
4967,1098,3,MNQU6,4963,Short,6,2026-06-17 10:36:29,2026-06-17 11:56:50,19662.75,19595.0,6.0
4968,1099,3,MNQU6,4963,Short,6,2026-06-17 10:36:26,2026-06-17 11:56:39,19662.75,19595.0,6.0
4969,1101,3,MNQU6,4963,Short,6,2026-06-17 10:36:27,2026-06-17 11:56:51,19662.75,19595.0,6.0
4970,1088,4,MCLQ6,,Long,10,2026-06-17 03:26:26,2026-06-17 03:34:45,33.57,33.33,10.0
4971,1091,4,CLQ6,4970,Long,2,2026-06-17 03:26:28,2026-06-17 03:34:46,33.57,33.33,8.0
4972,1093,4,MCLQ6,4970,Long,10,2026-06-17 03:26:29,2026-06-17 03:34:35,33.57,33.33,10.0
4973,1096,4,MCLQ6,4970,Long,10,2026-06-17 03:26:27,2026-06-17 03:34:58,33.57,33.33,10.0
4974,1097,4,CLQ6,4970,Long,2,2026-06-17 03:26:29,2026-06-17 03:34:41,33.58,33.33,8.0
4975,1098,4,MCLQ6,4970,Long,10,2026-06-17 03:26:27,2026-06-17 03:35:18,33.57,33.33,10.0
4976,1099,4,MCLQ6,4970,Long,10,2026-06-17 03:26:29,2026-06-17 03:34:50,33.58,33.32,10.0
4977,1100,4,MCLQ6,4970,Long,10,2026-06-17 03:26:28,2026-06-17 03:35:00,33.57,33.33,10.0
4978,1101,4,MCLQ6,4970,Long,10,2026-06-17 03:26:29,2026-06-17 03:34:45,33.58,33.33,10.0
4979,1088,2,M2KU6,,Short,10,2026-06-18 12:30:12,2026-06-18 12:40:14,1768.3,1762.6,10.0
4980,1091,2,RTYU6,4979,Short,2,2026-06-18 12:30:12,2026-06-18 12:41:03,1768.3,1762.6,8.0
4981,1093,2,M2KU6,4979,Short,10,2026-06-18 12:30:15,2026-06-18 12:40:40,1768.3,1762.6,10.0
4982,1096,2,M2KU6,4979,Short,10,2026-06-18 12:30:15,2026-06-18 12:41:11,1768.3,1762.6,10.0
4983,1097,2,RTYU6,4979,Short,2,2026-06-18 12:30:14,2026-06-18 12:40:16,1768.2,1762.7,8.0
4984,1098,2,M2KU6,4979,Short,10,2026-06-18 12:30:14,2026-06-18 12:40:24,1768.3,1762.6,10.0
4985,1099,2,M2KU6,4979,Short,10,2026-06-18 12:30:12,2026-06-18 12:40:52,1768.3,1762.6,10.0
4986,1100,2,M2KU6,4979,Short,10,2026-06-18 12:30:13,2026-06-18 12:40:33,1768.2,1762.6,10.0
4987,1101,2,M2KU6,4979,Short,10,2026-06-18 12:30:14,2026-06-18 12:41:10,1768.2,1762.6,10.0
4988,1088,3,MNQU6,,Long,6,2026-06-18 10:27:03,2026-06-18 11:13:37,19822.75,19866.5,6.0
4989,1091,3,NQU6,4988,Long,2,2026-06-18 10:27:03,2026-06-18 11:13:05,19822.75,19866.5,8.0
4990,1093,3,MNQU6,4988,Long,6,2026-06-18 10:27:04,2026-06-18 11:13:32,19822.75,19866.5,6.0
4991,1096,3,MNQU6,4988,Long,6,2026-06-18 10:27:04,2026-06-18 11:13:28,19823.0,19866.25,6.0
4992,1097,3,NQU6,4988,Long,2,2026-06-18 10:27:04,2026-06-18 11:13:53,19822.75,19866.5,8.0
4993,1098,3,MNQU6,4988,Long,6,2026-06-18 10:27:03,2026-06-18 11:13:30,19823.0,19866.5,6.0
4994,1099,3,MNQU6,4988,Long,6,2026-06-18 10:27:06,2026-06-18 11:13:31,19822.75,19866.5,6.0
4995,1100,3,MNQU6,4988,Long,6,2026-06-18 10:27:03,2026-06-18 11:13:22,19822.75,19866.5,6.0
4996,1088,4,MGCQ6,,Short,5,2026-06-18 03:35:46,2026-06-18 03:46:36,3719.2,3724.8,5.0
4997,1093,4,MGCQ6,4996,Short,5,2026-06-18 03:35:46,2026-06-18 03:46:15,3719.2,3724.8,5.0
4998,1096,4,MGCQ6,4996,Short,5,2026-06-18 03:35:47,2026-06-18 03:46:21,3719.2,3724.8,5.0
4999,1097,4,GCQ6,4996,Short,1,2026-06-18 03:35:48,2026-06-18 03:46:46,3719.1,3724.8,4.0
5000,1098,4,MGCQ6,4996,Short,5,2026-06-18 03:35:48,2026-06-18 03:46:27,3719.1,3724.9,5.0
5001,1099,4,MGCQ6,4996,Short,5,2026-06-18 03:35:48,2026-06-18 03:46:26,3719.2,3724.8,5.0
5002,1100,4,MGCQ6,4996,Short,5,2026-06-18 03:35:48,2026-06-18 03:46:04,3719.2,3724.8,5.0
5003,1101,4,MGCQ6,4996,Short,5,2026-06-18 03:35:46,2026-06-18 03:46:28,3719.2,3724.8,5.0
5004,1088,3,MNQU6,,Short,6,2026-06-19 10:22:11,2026-06-19 11:51:50,20015.0,19954.25,6.0
5005,1091,3,NQU6,5004,Short,2,2026-06-19 10:22:13,2026-06-19 11:51:33,20014.75,19954.25,8.0
5006,1096,3,MNQU6,5004,Short,6,2026-06-19 10:22:14,2026-06-19 11:51:40,20015.0,19954.25,6.0
5007,1097,3,NQU6,5004,Short,2,2026-06-19 10:22:11,2026-06-19 11:51:32,20015.0,19954.25,8.0
5008,1098,3,MNQU6,5004,Short,6,2026-06-19 10:22:11,2026-06-19 11:51:43,20015.0,19954.25,6.0
5009,1099,3,MNQU6,5004,Short,6,2026-06-19 10:22:12,2026-06-19 11:51:52,20014.75,19954.5,6.0
5010,1100,3,MNQU6,5004,Short,6,2026-06-19 10:22:12,2026-06-19 11:51:26,20015.0,19954.25,6.0
5011,1101,3,MNQU6,5004,Short,6,2026-06-19 10:22:11,2026-06-19 11:51:48,20015.0,19954.25,6.0
5012,1093,1,MYMU6,,Long,10,2026-06-22 10:00:33,2026-06-22 10:19:33,39709.0,39660.0,10.0
5013,1097,1,YMU6,5012,Long,2,2026-06-22 10:00:34,2026-06-22 10:19:51,39709.0,39660.0,8.0
5014,1098,1,MYMU6,5012,Long,10,2026-06-22 10:00:35,2026-06-22 10:20:08,39709.0,39660.0,10.0
5015,1099,1,MYMU6,5012,Long,10,2026-06-22 10:00:33,2026-06-22 10:19:42,39709.0,39660.0,10.0
5016,1100,1,MYMU6,5012,Long,10,2026-06-22 10:00:33,2026-06-22 10:20:20,39709.0,39660.0,10.0
5017,1101,1,MYMU6,5012,Long,10,2026-06-22 10:00:33,2026-06-22 10:20:11,39709.0,39660.0,10.0
5018,1102,1,MYMU6,5012,Long,10,2026-06-22 10:00:35,2026-06-22 10:20:00,39709.0,39660.0,10.0
5019,1103,1,YMU6,5012,Long,2,2026-06-22 10:00:33,2026-06-22 10:19:39,39710.0,39659.0,8.0
5020,1093,2,M2KU6,,Short,10,2026-06-22 12:25:00,2026-06-22 12:46:30,1724.4,1729.6,10.0
5021,1096,2,M2KU6,5020,Short,10,2026-06-22 12:25:01,2026-06-22 12:46:02,1724.4,1729.6,10.0
5022,1097,2,RTYU6,5020,Short,2,2026-06-22 12:25:00,2026-06-22 12:46:02,1724.3,1729.7,8.0
5023,1098,2,M2KU6,5020,Short,10,2026-06-22 12:25:00,2026-06-22 12:46:50,1724.4,1729.6,10.0
5024,1099,2,M2KU6,5020,Short,10,2026-06-22 12:25:03,2026-06-22 12:46:04,1724.3,1729.6,10.0
5025,1100,2,M2KU6,5020,Short,10,2026-06-22 12:25:02,2026-06-22 12:46:23,1724.3,1729.6,10.0
5026,1101,2,M2KU6,5020,Short,10,2026-06-22 12:25:02,2026-06-22 12:46:35,1724.3,1729.7,10.0
5027,1102,2,M2KU6,5020,Short,10,2026-06-22 12:25:03,2026-06-22 12:46:03,1724.4,1729.6,10.0
5028,1103,2,RTYU6,5020,Short,2,2026-06-22 12:25:02,2026-06-22 12:46:08,1724.3,1729.7,8.0
5029,1104,2,M2KU6,5020,Short,10,2026-06-22 12:25:00,2026-06-22 12:46:18,1724.4,1729.6,10.0
5030,1093,4,MCLQ6,,Long,10,2026-06-22 03:21:45,2026-06-22 04:09:46,32.15,32.46,10.0
5031,1096,4,MCLQ6,5030,Long,10,2026-06-22 03:21:48,2026-06-22 04:10:43,32.15,32.46,10.0
5032,1097,4,CLQ6,5030,Long,2,2026-06-22 03:21:45,2026-06-22 04:10:22,32.16,32.46,8.0
5033,1098,4,MCLQ6,5030,Long,10,2026-06-22 03:21:48,2026-06-22 04:10:05,32.15,32.46,10.0
5034,1099,4,MCLQ6,5030,Long,10,2026-06-22 03:21:46,2026-06-22 04:10:19,32.16,32.45,10.0
5035,1100,4,MCLQ6,5030,Long,10,2026-06-22 03:21:45,2026-06-22 04:10:32,32.16,32.46,10.0
5036,1101,4,MCLQ6,5030,Long,10,2026-06-22 03:21:48,2026-06-22 04:09:48,32.15,32.46,10.0
5037,1102,4,MCLQ6,5030,Long,10,2026-06-22 03:21:48,2026-06-22 04:10:04,32.16,32.45,10.0
5038,1103,4,CLQ6,5030,Long,2,2026-06-22 03:21:47,2026-06-22 04:10:38,32.15,32.46,8.0
5039,1104,4,MCLQ6,5030,Long,10,2026-06-22 03:21:48,2026-06-22 04:10:10,32.15,32.46,10.0
5040,1093,3,MNQU6,,Short,6,2026-06-23 10:28:52,2026-06-23 11:45:04,19927.75,19873.75,6.0
5041,1096,3,MNQU6,5040,Short,6,2026-06-23 10:28:53,2026-06-23 11:45:25,19927.75,19873.75,6.0
5042,1097,3,NQU6,5040,Short,2,2026-06-23 10:28:54,2026-06-23 11:45:20,19927.5,19873.75,8.0
5043,1098,3,MNQU6,5040,Short,6,2026-06-23 10:28:52,2026-06-23 11:44:53,19927.5,19874.0,6.0
5044,1099,3,MNQU6,5040,Short,6,2026-06-23 10:28:53,2026-06-23 11:45:45,19927.5,19873.75,6.0
5045,1100,3,MNQU6,5040,Short,6,2026-06-23 10:28:52,2026-06-23 11:45:29,19927.5,19874.0,6.0
5046,1101,3,MNQU6,5040,Short,6,2026-06-23 10:28:53,2026-06-23 11:45:40,19927.5,19873.75,6.0
5047,1102,3,MNQU6,5040,Short,6,2026-06-23 10:28:55,2026-06-23 11:45:04,19927.75,19873.75,6.0
5048,1103,3,NQU6,5040,Short,2,2026-06-23 10:28:54,2026-06-23 11:45:49,19927.5,19874.0,8.0
5049,1105,3,MNQU6,5040,Short,6,2026-06-23 10:28:54,2026-06-23 11:45:43,19927.75,19873.75,6.0
5050,1093,2,MESU6,,Long,10,2026-06-24 12:26:47,2026-06-24 12:44:50,7134.25,7138.75,10.0
5051,1096,2,MESU6,5050,Long,10,2026-06-24 12:26:49,2026-06-24 12:45:08,7134.5,7138.75,10.0
5052,1098,2,MESU6,5050,Long,10,2026-06-24 12:26:49,2026-06-24 12:45:31,7134.25,7138.75,10.0
5053,1099,2,MESU6,5050,Long,10,2026-06-24 12:26:50,2026-06-24 12:45:09,7134.5,7138.75,10.0
5054,1100,2,MESU6,5050,Long,10,2026-06-24 12:26:49,2026-06-24 12:45:42,7134.25,7138.75,10.0
5055,1101,2,MESU6,5050,Long,10,2026-06-24 12:26:47,2026-06-24 12:45:23,7134.5,7138.5,10.0
5056,1102,2,MESU6,5050,Long,10,2026-06-24 12:26:47,2026-06-24 12:45:38,7134.25,7138.75,10.0
5057,1103,2,ESU6,5050,Long,2,2026-06-24 12:26:47,2026-06-24 12:44:51,7134.5,7138.75,8.0
5058,1105,2,MESU6,5050,Long,10,2026-06-24 12:26:47,2026-06-24 12:44:56,7134.25,7138.75,10.0
5059,1106,2,ESU6,5050,Long,2,2026-06-24 12:26:48,2026-06-24 12:45:06,7134.25,7138.75,8.0
5060,1107,2,MESU6,5050,Long,10,2026-06-24 12:26:50,2026-06-24 12:45:18,7134.5,7138.5,10.0
5061,1093,3,MNQU6,,Long,6,2026-06-24 10:30:29,2026-06-24 10:55:55,19909.0,19882.5,6.0
5062,1096,3,MNQU6,5061,Long,6,2026-06-24 10:30:32,2026-06-24 10:55:38,19909.0,19882.5,6.0
5063,1098,3,MNQU6,5061,Long,6,2026-06-24 10:30:29,2026-06-24 10:56:11,19909.0,19882.5,6.0
5064,1099,3,MNQU6,5061,Long,6,2026-06-24 10:30:32,2026-06-24 10:56:29,19909.25,19882.25,6.0
5065,1100,3,MNQU6,5061,Long,6,2026-06-24 10:30:32,2026-06-24 10:56:19,19909.0,19882.5,6.0
5066,1101,3,MNQU6,5061,Long,6,2026-06-24 10:30:31,2026-06-24 10:56:13,19909.0,19882.5,6.0
5067,1102,3,MNQU6,5061,Long,6,2026-06-24 10:30:31,2026-06-24 10:56:22,19909.25,19882.5,6.0
5068,1104,3,MNQU6,5061,Long,6,2026-06-24 10:30:29,2026-06-24 10:56:07,19909.25,19882.5,6.0
5069,1105,3,MNQU6,5061,Long,6,2026-06-24 10:30:31,2026-06-24 10:55:48,19909.0,19882.5,6.0
5070,1106,3,NQU6,5061,Long,2,2026-06-24 10:30:29,2026-06-24 10:56:03,19909.0,19882.5,8.0
5071,1107,3,MNQU6,5061,Long,6,2026-06-24 10:30:30,2026-06-24 10:55:33,19909.0,19882.5,6.0
5072,1093,1,MESU6,,Short,10,2026-06-25 10:04:58,2026-06-25 10:20:08,7173.75,7164.25,10.0
5073,1096,1,MESU6,5072,Short,10,2026-06-25 10:04:59,2026-06-25 10:20:30,7173.75,7164.25,10.0
5074,1098,1,MESU6,5072,Short,10,2026-06-25 10:04:58,2026-06-25 10:20:39,7173.5,7164.5,10.0
5075,1099,1,MESU6,5072,Short,10,2026-06-25 10:05:01,2026-06-25 10:20:11,7173.75,7164.25,10.0
5076,1101,1,MESU6,5072,Short,10,2026-06-25 10:05:00,2026-06-25 10:20:41,7173.75,7164.25,10.0
5077,1102,1,MESU6,5072,Short,10,2026-06-25 10:05:01,2026-06-25 10:20:09,7173.5,7164.5,10.0
5078,1103,1,ESU6,5072,Short,2,2026-06-25 10:04:59,2026-06-25 10:19:59,7173.5,7164.25,8.0
5079,1104,1,MESU6,5072,Short,10,2026-06-25 10:04:58,2026-06-25 10:20:30,7173.5,7164.25,10.0
5080,1105,1,MESU6,5072,Short,10,2026-06-25 10:04:59,2026-06-25 10:20:58,7173.75,7164.25,10.0
5081,1106,1,ESU6,5072,Short,2,2026-06-25 10:05:00,2026-06-25 10:20:16,7173.75,7164.25,8.0
5082,1107,1,MESU6,5072,Short,10,2026-06-25 10:05:01,2026-06-25 10:20:29,7173.75,7164.25,10.0
5083,1093,2,MESU6,,Long,10,2026-06-25 12:22:12,2026-06-25 12:33:04,7209.25,7215.0,10.0
5084,1096,2,MESU6,5083,Long,10,2026-06-25 12:22:13,2026-06-25 12:32:25,7209.5,7215.0,10.0
5085,1098,2,MESU6,5083,Long,10,2026-06-25 12:22:15,2026-06-25 12:33:06,7209.5,7214.75,10.0
5086,1099,2,MESU6,5083,Long,10,2026-06-25 12:22:13,2026-06-25 12:33:00,7209.5,7214.75,10.0
5087,1100,2,MESU6,5083,Long,10,2026-06-25 12:22:14,2026-06-25 12:32:27,7209.5,7215.0,10.0
5088,1101,2,MESU6,5083,Long,10,2026-06-25 12:22:15,2026-06-25 12:33:02,7209.25,7215.0,10.0
5089,1102,2,MESU6,5083,Long,10,2026-06-25 12:22:13,2026-06-25 12:32:14,7209.25,7215.0,10.0
5090,1103,2,ESU6,5083,Long,2,2026-06-25 12:22:14,2026-06-25 12:32:27,7209.25,7215.0,8.0
5091,1104,2,MESU6,5083,Long,10,2026-06-25 12:22:14,2026-06-25 12:32:30,7209.5,7214.75,10.0
5092,1105,2,MESU6,5083,Long,10,2026-06-25 12:22:14,2026-06-25 12:32:44,7209.5,7215.0,10.0
5093,1106,2,ESU6,5083,Long,2,2026-06-25 12:22:13,2026-06-25 12:32:20,7209.25,7215.0,8.0
5094,1107,2,MESU6,5083,Long,10,2026-06-25 12:22:13,2026-06-25 12:32:28,7209.5,7214.75,10.0
5095,1093,3,MCLQ6,,Long,10,2026-06-25 10:38:00,2026-06-25 10:52:14,31.71,31.37,10.0
5096,1096,3,MCLQ6,5095,Long,10,2026-06-25 10:38:02,2026-06-25 10:52:18,31.71,31.37,10.0
5097,1098,3,MCLQ6,5095,Long,10,2026-06-25 10:38:01,2026-06-25 10:52:16,31.72,31.36,10.0
5098,1100,3,MCLQ6,5095,Long,10,2026-06-25 10:38:00,2026-06-25 10:52:49,31.71,31.37,10.0
5099,1101,3,MCLQ6,5095,Long,10,2026-06-25 10:38:03,2026-06-25 10:52:09,31.71,31.37,10.0
5100,1102,3,MCLQ6,5095,Long,10,2026-06-25 10:38:03,2026-06-25 10:52:51,31.72,31.36,10.0
5101,1103,3,CLQ6,5095,Long,2,2026-06-25 10:38:02,2026-06-25 10:52:49,31.71,31.37,8.0
5102,1104,3,MCLQ6,5095,Long,10,2026-06-25 10:38:00,2026-06-25 10:52:22,31.71,31.37,10.0
5103,1105,3,MCLQ6,5095,Long,10,2026-06-25 10:38:03,2026-06-25 10:52:42,31.71,31.37,10.0
5104,1106,3,CLQ6,5095,Long,2,2026-06-25 10:38:03,2026-06-25 10:52:26,31.72,31.37,8.0
5105,1107,3,MCLQ6,5095,Long,10,2026-06-25 10:38:02,2026-06-25 10:52:05,31.72,31.37,10.0
5106,1093,1,MYMU6,,Short,10,2026-06-26 09:59:16,2026-06-26 10:42:29,40501.0,40436.0,10.0
5107,1096,1,MYMU6,5106,Short,10,2026-06-26 09:59:18,2026-06-26 10:42:51,40501.0,40436.0,10.0
5108,1098,1,MYMU6,5106,Short,10,2026-06-26 09:59:19,2026-06-26 10:42:54,40501.0,40436.0,10.0
5109,1099,1,MYMU6,5106,Short,10,2026-06-26 09:59:16,2026-06-26 10:42:43,40501.0,40436.0,10.0
5110,1100,1,MYMU6,5106,Short,10,2026-06-26 09:59:17,2026-06-26 10:42:42,40501.0,40436.0,10.0
5111,1101,1,MYMU6,5106,Short,10,2026-06-26 09:59:17,2026-06-26 10:43:05,40500.0,40436.0,10.0
5112,1102,1,MYMU6,5106,Short,10,2026-06-26 09:59:17,2026-06-26 10:42:35,40501.0,40436.0,10.0
5113,1103,1,YMU6,5106,Short,2,2026-06-26 09:59:17,2026-06-26 10:43:10,40501.0,40436.0,8.0
5114,1104,1,MYMU6,5106,Short,10,2026-06-26 09:59:19,2026-06-26 10:42:56,40501.0,40436.0,10.0
5115,1106,1,YMU6,5106,Short,2,2026-06-26 09:59:18,2026-06-26 10:42:58,40501.0,40436.0,8.0
5116,1107,1,MYMU6,5106,Short,10,2026-06-26 09:59:19,2026-06-26 10:42:51,40501.0,40436.0,10.0
5117,1093,4,MCLQ6,,Short,10,2026-06-26 03:15:06,2026-06-26 04:16:07,33.2,32.8,10.0
5118,1096,4,MCLQ6,5117,Short,10,2026-06-26 03:15:08,2026-06-26 04:16:40,33.2,32.8,10.0
5119,1098,4,MCLQ6,5117,Short,10,2026-06-26 03:15:07,2026-06-26 04:17:02,33.2,32.8,10.0
5120,1099,4,MCLQ6,5117,Short,10,2026-06-26 03:15:07,2026-06-26 04:17:03,33.19,32.8,10.0
5121,1100,4,MCLQ6,5117,Short,10,2026-06-26 03:15:07,2026-06-26 04:16:12,33.2,32.8,10.0
5122,1101,4,MCLQ6,5117,Short,10,2026-06-26 03:15:07,2026-06-26 04:16:24,33.2,32.8,10.0
5123,1102,4,MCLQ6,5117,Short,10,2026-06-26 03:15:09,2026-06-26 04:16:17,33.19,32.8,10.0
5124,1103,4,CLQ6,5117,Short,2,2026-06-26 03:15:07,2026-06-26 04:16:50,33.19,32.8,8.0
5125,1104,4,MCLQ6,5117,Short,10,2026-06-26 03:15:07,2026-06-26 04:16:48,33.2,32.8,10.0
5126,1105,4,MCLQ6,5117,Short,10,2026-06-26 03:15:08,2026-06-26 04:16:32,33.2,32.8,10.0
5127,1106,4,CLQ6,5117,Short,2,2026-06-26 03:15:07,2026-06-26 04:16:24,33.19,32.81,8.0
5128,1107,4,MCLQ6,5117,Short,10,2026-06-26 03:15:09,2026-06-26 04:16:28,33.2,32.8,10.0
5129,1096,2,M2KU6,,Short,10,2026-06-29 12:25:35,2026-06-29 12:29:53,1743.9,1737.8,10.0
5130,1098,2,M2KU6,5129,Short,10,2026-06-29 12:25:37,2026-06-29 12:30:33,1743.9,1737.8,10.0
5131,1099,2,M2KU6,5129,Short,10,2026-06-29 12:25:38,2026-06-29 12:30:14,1743.8,1737.9,10.0
5132,1100,2,M2KU6,5129,Short,10,2026-06-29 12:25:37,2026-06-29 12:29:46,1743.9,1737.8,10.0
5133,1102,2,M2KU6,5129,Short,10,2026-06-29 12:25:38,2026-06-29 12:30:03,1743.9,1737.8,10.0
5134,1103,2,RTYU6,5129,Short,2,2026-06-29 12:25:36,2026-06-29 12:29:46,1743.9,1737.8,8.0
5135,1104,2,M2KU6,5129,Short,10,2026-06-29 12:25:37,2026-06-29 12:30:07,1743.8,1737.8,10.0
5136,1105,2,M2KU6,5129,Short,10,2026-06-29 12:25:38,2026-06-29 12:29:53,1743.8,1737.9,10.0
5137,1106,2,RTYU6,5129,Short,2,2026-06-29 12:25:35,2026-06-29 12:30:05,1743.8,1737.8,8.0
5138,1107,2,M2KU6,5129,Short,10,2026-06-29 12:25:38,2026-06-29 12:30:30,1743.8,1737.8,10.0
5139,1108,2,M2KU6,5129,Short,10,2026-06-29 12:25:38,2026-06-29 12:30:30,1743.9,1737.8,10.0
5140,1109,2,RTYU6,5129,Short,2,2026-06-29 12:25:37,2026-06-29 12:29:47,1743.9,1737.8,8.0
5141,1096,3,MCLQ6,,Short,10,2026-06-29 10:36:09,2026-06-29 12:04:53,33.6,33.97,10.0
5142,1098,3,MCLQ6,5141,Short,10,2026-06-29 10:36:09,2026-06-29 12:04:49,33.6,33.97,10.0
5143,1100,3,MCLQ6,5141,Short,10,2026-06-29 10:36:12,2026-06-29 12:04:28,33.6,33.97,10.0
5144,1102,3,MCLQ6,5141,Short,10,2026-06-29 10:36:10,2026-06-29 12:04:24,33.59,33.98,10.0
5145,1103,3,CLQ6,5141,Short,2,2026-06-29 10:36:10,2026-06-29 12:04:55,33.59,33.97,8.0
5146,1104,3,MCLQ6,5141,Short,10,2026-06-29 10:36:12,2026-06-29 12:04:45,33.6,33.97,10.0
5147,1105,3,MCLQ6,5141,Short,10,2026-06-29 10:36:11,2026-06-29 12:04:29,33.59,33.98,10.0
5148,1106,3,CLQ6,5141,Short,2,2026-06-29 10:36:09,2026-06-29 12:04:27,33.6,33.97,8.0
5149,1108,3,MCLQ6,5141,Short,10,2026-06-29 10:36:10,2026-06-29 12:05:00,33.59,33.98,10.0
5150,1109,3,CLQ6,5141,Short,2,2026-06-29 10:36:09,2026-06-29 12:04:40,33.6,33.97,8.0
5151,1096,4,MCLQ6,,Long,10,2026-06-29 03:32:15,2026-06-29 05:05:35,33.29,33.85,10.0
5152,1098,4,MCLQ6,5151,Long,10,2026-06-29 03:32:16,2026-06-29 05:06:11,33.3,33.84,10.0
5153,1099,4,MCLQ6,5151,Long,10,2026-06-29 03:32:15,2026-06-29 05:05:44,33.29,33.85,10.0
5154,1100,4,MCLQ6,5151,Long,10,2026-06-29 03:32:18,2026-06-29 05:06:07,33.29,33.85,10.0
5155,1101,4,MCLQ6,5151,Long,10,2026-06-29 03:32:16,2026-06-29 05:06:12,33.3,33.85,10.0
5156,1103,4,CLQ6,5151,Long,2,2026-06-29 03:32:17,2026-06-29 05:05:25,33.29,33.85,8.0
5157,1104,4,MCLQ6,5151,Long,10,2026-06-29 03:32:15,2026-06-29 05:05:40,33.3,33.85,10.0
5158,1105,4,MCLQ6,5151,Long,10,2026-06-29 03:32:18,2026-06-29 05:06:05,33.29,33.85,10.0
5159,1106,4,CLQ6,5151,Long,2,2026-06-29 03:32:15,2026-06-29 05:05:28,33.29,33.85,8.0
5160,1107,4,MCLQ6,5151,Long,10,2026-06-29 03:32:16,2026-06-29 05:06:14,33.3,33.85,10.0
5161,1108,4,MCLQ6,5151,Long,10,2026-06-29 03:32:16,2026-06-29 05:06:05,33.3,33.85,10.0
5162,1109,4,CLQ6,5151,Long,2,2026-06-29 03:32:17,2026-06-29 05:05:32,33.3,33.84,8.0
5163,1096,2,MESU6,,Short,10,2026-06-30 12:12:13,2026-06-30 12:33:54,7087.75,7083.5,10.0
5164,1098,2,MESU6,5163,Short,10,2026-06-30 12:12:14,2026-06-30 12:33:59,7087.75,7083.5,10.0
5165,1099,2,MESU6,5163,Short,10,2026-06-30 12:12:14,2026-06-30 12:33:46,7087.5,7083.5,10.0
5166,1100,2,MESU6,5163,Short,10,2026-06-30 12:12:14,2026-06-30 12:33:34,7087.75,7083.5,10.0
5167,1102,2,MESU6,5163,Short,10,2026-06-30 12:12:14,2026-06-30 12:34:00,7087.75,7083.5,10.0
5168,1103,2,ESU6,5163,Short,2,2026-06-30 12:12:16,2026-06-30 12:33:53,7087.5,7083.75,8.0
5169,1104,2,MESU6,5163,Short,10,2026-06-30 12:12:16,2026-06-30 12:33:21,7087.5,7083.5,10.0
5170,1105,2,MESU6,5163,Short,10,2026-06-30 12:12:16,2026-06-30 12:33:20,7087.75,7083.5,10.0
5171,1106,2,ESU6,5163,Short,2,2026-06-30 12:12:13,2026-06-30 12:33:36,7087.5,7083.75,8.0
5172,1107,2,MESU6,5163,Short,10,2026-06-30 12:12:15,2026-06-30 12:34:03,7087.75,7083.5,10.0
5173,1108,2,MESU6,5163,Short,10,2026-06-30 12:12:14,2026-06-30 12:33:54,7087.5,7083.75,10.0
5174,1109,2,ESU6,5163,Short,2,2026-06-30 12:12:16,2026-06-30 12:34:11,7087.5,7083.75,8.0
5175,1110,2,MESU6,5163,Short,10,2026-06-30 12:12:14,2026-06-30 12:33:42,7087.75,7083.5,10.0
5176,1096,3,MCLQ6,,Short,10,2026-06-30 10:33:48,2026-06-30 11:43:51,33.29,32.69,10.0
5177,1098,3,MCLQ6,5176,Short,10,2026-06-30 10:33:51,2026-06-30 11:44:08,33.28,32.7,10.0
5178,1099,3,MCLQ6,5176,Short,10,2026-06-30 10:33:50,2026-06-30 11:44:23,33.28,32.69,10.0
5179,1100,3,MCLQ6,5176,Short,10,2026-06-30 10:33:48,2026-06-30 11:43:58,33.28,32.7,10.0
5180,1102,3,MCLQ6,5176,Short,10,2026-06-30 10:33:50,2026-06-30 11:44:19,33.29,32.69,10.0
5181,1103,3,CLQ6,5176,Short,2,2026-06-30 10:33:49,2026-06-30 11:43:56,33.29,32.69,8.0
5182,1104,3,MCLQ6,5176,Short,10,2026-06-30 10:33:48,2026-06-30 11:44:35,33.29,32.69,10.0
5183,1105,3,MCLQ6,5176,Short,10,2026-06-30 10:33:51,2026-06-30 11:44:23,33.29,32.69,10.0
5184,1106,3,CLQ6,5176,Short,2,2026-06-30 10:33:50,2026-06-30 11:44:06,33.29,32.69,8.0
5185,1107,3,MCLQ6,5176,Short,10,2026-06-30 10:33:50,2026-06-30 11:44:04,33.29,32.69,10.0
5186,1108,3,MCLQ6,5176,Short,10,2026-06-30 10:33:51,2026-06-30 11:44:33,33.29,32.69,10.0
5187,1109,3,CLQ6,5176,Short,2,2026-06-30 10:33:48,2026-06-30 11:43:52,33.28,32.69,8.0
5188,1110,3,MCLQ6,5176,Short,10,2026-06-30 10:33:51,2026-06-30 11:44:29,33.29,32.69,10.0
5189,1096,2,M2KU6,,Short,10,2026-07-01 12:19:42,2026-07-01 12:30:40,1760.7,1754.8,10.0
5190,1098,2,M2KU6,5189,Short,10,2026-07-01 12:19:44,2026-07-01 12:30:10,1760.7,1754.8,10.0
5191,1099,2,M2KU6,5189,Short,10,2026-07-01 12:19:44,2026-07-01 12:30:41,1760.7,1754.8,10.0
5192,1100,2,M2KU6,5189,Short,10,2026-07-01 12:19:43,2026-07-01 12:30:16,1760.7,1754.8,10.0
5193,1102,2,M2KU6,5189,Short,10,2026-07-01 12:19:45,2026-07-01 12:30:24,1760.6,1754.8,10.0
5194,1103,2,RTYU6,5189,Short,2,2026-07-01 12:19:42,2026-07-01 12:29:51,1760.7,1754.8,8.0
5195,1104,2,M2KU6,5189,Short,10,2026-07-01 12:19:43,2026-07-01 12:29:44,1760.7,1754.8,10.0
5196,1105,2,M2KU6,5189,Short,10,2026-07-01 12:19:42,2026-07-01 12:30:08,1760.7,1754.8,10.0
5197,1106,2,RTYU6,5189,Short,2,2026-07-01 12:19:42,2026-07-01 12:29:55,1760.7,1754.8,8.0
5198,1107,2,M2KU6,5189,Short,10,2026-07-01 12:19:42,2026-07-01 12:29:43,1760.6,1754.9,10.0
5199,1108,2,M2KU6,5189,Short,10,2026-07-01 12:19:45,2026-07-01 12:30:36,1760.6,1754.8,10.0
5200,1109,2,RTYU6,5189,Short,2,2026-07-01 12:19:45,2026-07-01 12:30:33,1760.7,1754.8,8.0
5201,1110,2,M2KU6,5189,Short,10,2026-07-01 12:19:44,2026-07-01 12:29:54,1760.7,1754.8,10.0
5202,1096,3,MCLQ6,,Long,10,2026-07-01 10:38:40,2026-07-01 10:58:52,34.33,34.06,10.0
5203,1098,3,MCLQ6,5202,Long,10,2026-07-01 10:38:43,2026-07-01 10:59:03,34.34,34.06,10.0
5204,1099,3,MCLQ6,5202,Long,10,2026-07-01 10:38:43,2026-07-01 10:59:12,34.33,34.06,10.0
5205,1100,3,MCLQ6,5202,Long,10,2026-07-01 10:38:41,2026-07-01 10:58:52,34.34,34.05,10.0
5206,1102,3,MCLQ6,5202,Long,10,2026-07-01 10:38:41,2026-07-01 10:59:18,34.34,34.05,10.0
5207,1103,3,CLQ6,5202,Long,2,2026-07-01 10:38:40,2026-07-01 10:58:55,34.33,34.06,8.0
5208,1104,3,MCLQ6,5202,Long,10,2026-07-01 10:38:40,2026-07-01 10:58:47,34.34,34.06,10.0
5209,1105,3,MCLQ6,5202,Long,10,2026-07-01 10:38:41,2026-07-01 10:58:42,34.33,34.06,10.0
5210,1106,3,CLQ6,5202,Long,2,2026-07-01 10:38:40,2026-07-01 10:59:17,34.33,34.06,8.0
5211,1107,3,MCLQ6,5202,Long,10,2026-07-01 10:38:40,2026-07-01 10:59:10,34.34,34.06,10.0
5212,1108,3,MCLQ6,5202,Long,10,2026-07-01 10:38:41,2026-07-01 10:59:22,34.33,34.06,10.0
5213,1109,3,CLQ6,5202,Long,2,2026-07-01 10:38:40,2026-07-01 10:58:45,34.33,34.06,8.0
5214,1110,3,MCLQ6,5202,Long,10,2026-07-01 10:38:42,2026-07-01 10:59:16,34.34,34.06,10.0
5215,1098,4,MCLQ6,,Short,10,2026-07-01 03:21:39,2026-07-01 04:06:37,34.14,34.37,10.0
5216,1100,4,MCLQ6,5215,Short,10,2026-07-01 03:21:40,2026-07-01 04:05:53,34.13,34.38,10.0
5217,1102,4,MCLQ6,5215,Short,10,2026-07-01 03:21:41,2026-07-01 04:06:09,34.14,34.37,10.0
5218,1103,4,CLQ6,5215,Short,2,2026-07-01 03:21:39,2026-07-01 04:06:02,34.14,34.37,8.0
5219,1104,4,MCLQ6,5215,Short,10,2026-07-01 03:21:39,2026-07-01 04:06:24,34.13,34.37,10.0
5220,1105,4,MCLQ6,5215,Short,10,2026-07-01 03:21:42,2026-07-01 04:06:07,34.13,34.37,10.0
5221,1106,4,CLQ6,5215,Short,2,2026-07-01 03:21:39,2026-07-01 04:06:22,34.14,34.37,8.0
5222,1107,4,MCLQ6,5215,Short,10,2026-07-01 03:21:41,2026-07-01 04:05:43,34.14,34.37,10.0
5223,1108,4,MCLQ6,5215,Short,10,2026-07-01 03:21:39,2026-07-01 04:06:01,34.14,34.37,10.0
5224,1109,4,CLQ6,5215,Short,2,2026-07-01 03:21:40,2026-07-01 04:06:38,34.14,34.37,8.0
5225,1110,4,MCLQ6,5215,Short,10,2026-07-01 03:21:40,2026-07-01 04:06:30,34.13,34.37,10.0
5226,1096,1,MESU6,,Long,10,2026-07-02 09:47:23,2026-07-02 10:23:10,7169.0,7179.0,10.0
5227,1098,1,MESU6,5226,Long,10,2026-07-02 09:47:25,2026-07-02 10:22:48,7169.25,7179.0,10.0
5228,1099,1,MESU6,5226,Long,10,2026-07-02 09:47:26,2026-07-02 10:23:21,7169.25,7178.75,10.0
5229,1100,1,MESU6,5226,Long,10,2026-07-02 09:47:26,2026-07-02 10:22:39,7169.0,7179.0,10.0
5230,1102,1,MESU6,5226,Long,10,2026-07-02 09:47:26,2026-07-02 10:22:53,7169.0,7179.0,10.0
5231,1103,1,ESU6,5226,Long,2,2026-07-02 09:47:24,2026-07-02 10:22:31,7169.25,7178.75,8.0
5232,1104,1,MESU6,5226,Long,10,2026-07-02 09:47:23,2026-07-02 10:22:38,7169.0,7179.0,10.0
5233,1105,1,MESU6,5226,Long,10,2026-07-02 09:47:26,2026-07-02 10:22:36,7169.25,7179.0,10.0
5234,1106,1,ESU6,5226,Long,2,2026-07-02 09:47:26,2026-07-02 10:23:04,7169.0,7179.0,8.0
5235,1107,1,MESU6,5226,Long,10,2026-07-02 09:47:23,2026-07-02 10:22:41,7169.0,7179.0,10.0
5236,1108,1,MESU6,5226,Long,10,2026-07-02 09:47:25,2026-07-02 10:22:39,7169.0,7179.0,10.0
5237,1109,1,ESU6,5226,Long,2,2026-07-02 09:47:24,2026-07-02 10:22:43,7169.0,7179.0,8.0
5238,1110,1,MESU6,5226,Long,10,2026-07-02 09:47:26,2026-07-02 10:23:21,7169.25,7178.75,10.0
5239,1098,3,MCLQ6,,Long,10,2026-07-02 10:36:08,2026-07-02 11:04:56,34.14,33.8,10.0
5240,1100,3,MCLQ6,5239,Long,10,2026-07-02 10:36:09,2026-07-02 11:05:05,34.14,33.8,10.0
5241,1102,3,MCLQ6,5239,Long,10,2026-07-02 10:36:09,2026-07-02 11:04:26,34.14,33.8,10.0
5242,1103,3,CLQ6,5239,Long,2,2026-07-02 10:36:10,2026-07-02 11:04:33,34.14,33.8,8.0
5243,1104,3,MCLQ6,5239,Long,10,2026-07-02 10:36:11,2026-07-02 11:04:17,34.14,33.8,10.0
5244,1105,3,MCLQ6,5239,Long,10,2026-07-02 10:36:09,2026-07-02 11:04:15,34.14,33.8,10.0
5245,1106,3,CLQ6,5239,Long,2,2026-07-02 10:36:09,2026-07-02 11:04:48,34.15,33.79,8.0
5246,1107,3,MCLQ6,5239,Long,10,2026-07-02 10:36:09,2026-07-02 11:04:41,34.15,33.79,10.0
5247,1108,3,MCLQ6,5239,Long,10,2026-07-02 10:36:10,2026-07-02 11:04:42,34.15,33.8,10.0
5248,1109,3,CLQ6,5239,Long,2,2026-07-02 10:36:08,2026-07-02 11:04:16,34.14,33.8,8.0
5249,1110,3,MCLQ6,5239,Long,10,2026-07-02 10:36:09,2026-07-02 11:05:07,34.14,33.8,10.0
5250,1096,2,M2KU6,,Short,10,2026-07-03 12:25:38,2026-07-03 12:38:21,1796.3,1791.6,10.0
5251,1098,2,M2KU6,5250,Short,10,2026-07-03 12:25:40,2026-07-03 12:37:41,1796.2,1791.7,10.0
5252,1099,2,M2KU6,5250,Short,10,2026-07-03 12:25:40,2026-07-03 12:38:21,1796.3,1791.6,10.0
5253,1100,2,M2KU6,5250,Short,10,2026-07-03 12:25:41,2026-07-03 12:37:52,1796.2,1791.7,10.0
5254,1102,2,M2KU6,5250,Short,10,2026-07-03 12:25:39,2026-07-03 12:37:56,1796.3,1791.6,10.0
5255,1103,2,RTYU6,5250,Short,2,2026-07-03 12:25:40,2026-07-03 12:38:39,1796.2,1791.6,8.0
5256,1104,2,M2KU6,5250,Short,10,2026-07-03 12:25:41,2026-07-03 12:37:56,1796.3,1791.6,10.0
5257,1105,2,M2KU6,5250,Short,10,2026-07-03 12:25:39,2026-07-03 12:37:51,1796.2,1791.6,10.0
5258,1106,2,RTYU6,5250,Short,2,2026-07-03 12:25:40,2026-07-03 12:38:07,1796.3,1791.6,8.0
5259,1107,2,M2KU6,5250,Short,10,2026-07-03 12:25:41,2026-07-03 12:38:37,1796.3,1791.6,10.0
5260,1108,2,M2KU6,5250,Short,10,2026-07-03 12:25:40,2026-07-03 12:38:34,1796.3,1791.6,10.0
5261,1109,2,RTYU6,5250,Short,2,2026-07-03 12:25:39,2026-07-03 12:37:55,1796.2,1791.7,8.0
5262,1110,2,M2KU6,5250,Short,10,2026-07-03 12:25:40,2026-07-03 12:38:37,1796.3,1791.6,10.0
5263,1111,2,M2KU6,5250,Short,10,2026-07-03 12:25:39,2026-07-03 12:38:08,1796.3,1791.6,10.0
5264,1096,4,MCLQ6,,Long,10,2026-07-03 03:15:01,2026-07-03 04:29:34,33.96,33.67,10.0
5265,1098,4,MCLQ6,5264,Long,10,2026-07-03 03:15:03,2026-07-03 04:29:07,33.96,33.67,10.0
5266,1099,4,MCLQ6,5264,Long,10,2026-07-03 03:15:02,2026-07-03 04:29:31,33.96,33.67,10.0
5267,1100,4,MCLQ6,5264,Long,10,2026-07-03 03:15:02,2026-07-03 04:29:55,33.96,33.67,10.0
5268,1102,4,MCLQ6,5264,Long,10,2026-07-03 03:15:04,2026-07-03 04:29:23,33.97,33.67,10.0
5269,1103,4,CLQ6,5264,Long,2,2026-07-03 03:15:01,2026-07-03 04:29:35,33.97,33.67,8.0
5270,1104,4,MCLQ6,5264,Long,10,2026-07-03 03:15:02,2026-07-03 04:29:38,33.97,33.67,10.0
5271,1105,4,MCLQ6,5264,Long,10,2026-07-03 03:15:03,2026-07-03 04:29:35,33.96,33.67,10.0
5272,1106,4,CLQ6,5264,Long,2,2026-07-03 03:15:03,2026-07-03 04:30:02,33.96,33.67,8.0
5273,1107,4,MCLQ6,5264,Long,10,2026-07-03 03:15:02,2026-07-03 04:29:46,33.97,33.67,10.0
5274,1108,4,MCLQ6,5264,Long,10,2026-07-03 03:15:04,2026-07-03 04:29:51,33.97,33.66,10.0
5275,1109,4,CLQ6,5264,Long,2,2026-07-03 03:15:02,2026-07-03 04:30:00,33.96,33.67,8.0
5276,1110,4,MCLQ6,5264,Long,10,2026-07-03 03:15:04,2026-07-03 04:29:21,33.96,33.67,10.0
5277,1111,4,MCLQ6,5264,Long,10,2026-07-03 03:15:04,2026-07-03 04:30:01,33.96,33.67,10.0
5278,1096,5,MNQU6,,Short,6,2026-07-03 08:50:25,2026-07-03 09:11:36,19697.25,19670.75,6.0
5279,1098,5,MNQU6,5278,Short,6,2026-07-03 08:50:27,2026-07-03 09:12:14,19697.0,19671.0,6.0
5280,1099,5,MNQU6,5278,Short,6,2026-07-03 08:50:27,2026-07-03 09:11:44,19697.0,19670.75,6.0
5281,1100,5,MNQU6,5278,Short,6,2026-07-03 08:50:27,2026-07-03 09:12:01,19697.25,19670.75,6.0
5282,1102,5,MNQU6,5278,Short,6,2026-07-03 08:50:28,2026-07-03 09:11:41,19697.25,19670.75,6.0
5283,1103,5,NQU6,5278,Short,2,2026-07-03 08:50:25,2026-07-03 09:11:46,19697.25,19670.75,8.0
5284,1104,5,MNQU6,5278,Short,6,2026-07-03 08:50:28,2026-07-03 09:11:51,19697.25,19670.75,6.0
5285,1105,5,MNQU6,5278,Short,6,2026-07-03 08:50:26,2026-07-03 09:11:53,19697.25,19670.75,6.0
5286,1107,5,MNQU6,5278,Short,6,2026-07-03 08:50:26,2026-07-03 09:12:03,19697.25,19670.75,6.0
5287,1108,5,MNQU6,5278,Short,6,2026-07-03 08:50:28,2026-07-03 09:12:00,19697.25,19670.75,6.0
5288,1110,5,MNQU6,5278,Short,6,2026-07-03 08:50:28,2026-07-03 09:11:53,19697.25,19670.75,6.0
5289,1111,5,MNQU6,5278,Short,6,2026-07-03 08:50:25,2026-07-03 09:12:05,19697.0,19671.0,6.0
5290,1096,1,MNQU6,,Long,6,2026-07-06 09:50:22,2026-07-06 10:15:27,19417.5,19455.0,6.0
5291,1098,1,MNQU6,5290,Long,6,2026-07-06 09:50:23,2026-07-06 10:15:45,19417.5,19455.0,6.0
5292,1099,1,MNQU6,5290,Long,6,2026-07-06 09:50:22,2026-07-06 10:16:07,19417.5,19455.0,6.0
5293,1100,1,MNQU6,5290,Long,6,2026-07-06 09:50:23,2026-07-06 10:15:45,19417.75,19454.75,6.0
5294,1102,1,MNQU6,5290,Long,6,2026-07-06 09:50:23,2026-07-06 10:15:48,19417.75,19454.75,6.0
5295,1103,1,NQU6,5290,Long,2,2026-07-06 09:50:25,2026-07-06 10:15:52,19417.5,19455.0,8.0
5296,1104,1,MNQU6,5290,Long,6,2026-07-06 09:50:22,2026-07-06 10:16:11,19417.75,19455.0,6.0
5297,1105,1,MNQU6,5290,Long,6,2026-07-06 09:50:22,2026-07-06 10:15:53,19417.5,19455.0,6.0
5298,1106,1,NQU6,5290,Long,2,2026-07-06 09:50:23,2026-07-06 10:16:02,19417.75,19455.0,8.0
5299,1107,1,MNQU6,5290,Long,6,2026-07-06 09:50:25,2026-07-06 10:15:51,19417.75,19455.0,6.0
5300,1108,1,MNQU6,5290,Long,6,2026-07-06 09:50:24,2026-07-06 10:15:58,19417.5,19455.0,6.0
5301,1109,1,NQU6,5290,Long,2,2026-07-06 09:50:22,2026-07-06 10:15:56,19417.5,19455.0,8.0
5302,1110,1,MNQU6,5290,Long,6,2026-07-06 09:50:25,2026-07-06 10:15:36,19417.5,19455.0,6.0
5303,1111,1,MNQU6,5290,Long,6,2026-07-06 09:50:23,2026-07-06 10:16:11,19417.75,19454.75,6.0
5304,1096,3,MGCQ6,,Short,5,2026-07-06 10:34:26,2026-07-06 11:14:01,3572.9,3556.2,5.0
5305,1098,3,MGCQ6,5304,Short,5,2026-07-06 10:34:27,2026-07-06 11:13:30,3572.9,3556.2,5.0
5306,1099,3,MGCQ6,5304,Short,5,2026-07-06 10:34:27,2026-07-06 11:14:18,3572.8,3556.3,5.0
5307,1100,3,MGCQ6,5304,Short,5,2026-07-06 10:34:26,2026-07-06 11:14:23,3572.9,3556.18,5.0
5308,1102,3,MGCQ6,5304,Short,5,2026-07-06 10:34:27,2026-07-06 11:13:58,3572.9,3556.18,5.0
5309,1103,3,GCQ6,5304,Short,1,2026-07-06 10:34:28,2026-07-06 11:13:48,3572.9,3556.2,4.0
5310,1104,3,MGCQ6,5304,Short,5,2026-07-06 10:34:27,2026-07-06 11:14:01,3572.8,3556.3,5.0
5311,1105,3,MGCQ6,5304,Short,5,2026-07-06 10:34:27,2026-07-06 11:14:09,3572.8,3556.2,5.0
5312,1106,3,GCQ6,5304,Short,1,2026-07-06 10:34:26,2026-07-06 11:14:00,3572.9,3556.2,4.0
5313,1107,3,MGCQ6,5304,Short,5,2026-07-06 10:34:26,2026-07-06 11:14:16,3572.9,3556.2,5.0
5314,1108,3,MGCQ6,5304,Short,5,2026-07-06 10:34:26,2026-07-06 11:14:08,3572.8,3556.3,5.0
5315,1109,3,GCQ6,5304,Short,1,2026-07-06 10:34:27,2026-07-06 11:13:49,3572.9,3556.2,4.0
5316,1110,3,MGCQ6,5304,Short,5,2026-07-06 10:34:27,2026-07-06 11:13:45,3572.8,3556.2,5.0
5317,1111,3,MGCQ6,5304,Short,5,2026-07-06 10:34:26,2026-07-06 11:14:22,3572.9,3556.18,5.0
5318,1096,4,MGCQ6,,Short,5,2026-07-06 03:30:49,2026-07-06 04:56:45,3551.4,3558.3,5.0
5319,1100,4,MGCQ6,5318,Short,5,2026-07-06 03:30:52,2026-07-06 04:56:31,3551.3,3558.4,5.0
5320,1103,4,GCQ6,5318,Short,1,2026-07-06 03:30:49,2026-07-06 04:56:27,3551.4,3558.3,4.0
5321,1104,4,MGCQ6,5318,Short,5,2026-07-06 03:30:52,2026-07-06 04:56:50,3551.4,3558.3,5.0
5322,1105,4,MGCQ6,5318,Short,5,2026-07-06 03:30:50,2026-07-06 04:55:52,3551.3,3558.4,5.0
5323,1107,4,MGCQ6,5318,Short,5,2026-07-06 03:30:50,2026-07-06 04:56:10,3551.3,3558.3,5.0
5324,1108,4,MGCQ6,5318,Short,5,2026-07-06 03:30:52,2026-07-06 04:56:47,3551.4,3558.3,5.0
5325,1109,4,GCQ6,5318,Short,1,2026-07-06 03:30:52,2026-07-06 04:56:42,3551.4,3558.3,4.0
5326,1110,4,MGCQ6,5318,Short,5,2026-07-06 03:30:51,2026-07-06 04:56:16,3551.4,3558.3,5.0
5327,1096,2,M2KU6,,Short,10,2026-07-07 12:30:50,2026-07-07 12:50:06,1793.1,1798.7,10.0
5328,1099,2,M2KU6,5327,Short,10,2026-07-07 12:30:52,2026-07-07 12:50:27,1793.1,1798.7,10.0
5329,1102,2,M2KU6,5327,Short,10,2026-07-07 12:30:50,2026-07-07 12:50:33,1793.0,1798.7,10.0
5330,1103,2,RTYU6,5327,Short,2,2026-07-07 12:30:50,2026-07-07 12:50:07,1793.1,1798.7,8.0
5331,1106,2,RTYU6,5327,Short,2,2026-07-07 12:30:52,2026-07-07 12:50:45,1793.0,1798.8,8.0
5332,1108,2,M2KU6,5327,Short,10,2026-07-07 12:30:51,2026-07-07 12:50:22,1793.0,1798.7,10.0
5333,1109,2,RTYU6,5327,Short,2,2026-07-07 12:30:53,2026-07-07 12:50:45,1793.0,1798.7,8.0
5334,1110,2,M2KU6,5327,Short,10,2026-07-07 12:30:50,2026-07-07 12:49:56,1793.1,1798.7,10.0
5335,1113,2,M2KU6,5327,Short,10,2026-07-07 12:30:50,2026-07-07 12:50:09,1793.1,1798.7,10.0
5336,1114,2,M2KU6,5327,Short,10,2026-07-07 12:30:50,2026-07-07 12:50:32,1793.0,1798.7,10.0
5337,1115,2,M2KU6,5327,Short,10,2026-07-07 12:30:50,2026-07-07 12:50:43,1793.0,1798.8,10.0
5338,1116,2,M2KU6,5327,Short,10,2026-07-07 12:30:53,2026-07-07 12:50:47,1793.1,1798.7,10.0
5339,1096,3,MGCQ6,,Short,5,2026-07-07 10:25:24,2026-07-07 10:46:12,3547.3,3554.3,5.0
5340,1098,3,MGCQ6,5339,Short,5,2026-07-07 10:25:27,2026-07-07 10:45:50,3547.2,3554.3,5.0
5341,1099,3,MGCQ6,5339,Short,5,2026-07-07 10:25:26,2026-07-07 10:46:09,3547.2,3554.4,5.0
5342,1102,3,MGCQ6,5339,Short,5,2026-07-07 10:25:27,2026-07-07 10:45:41,3547.2,3554.3,5.0
5343,1103,3,GCQ6,5339,Short,1,2026-07-07 10:25:26,2026-07-07 10:45:31,3547.2,3554.4,4.0
5344,1106,3,GCQ6,5339,Short,1,2026-07-07 10:25:25,2026-07-07 10:46:11,3547.2,3554.4,4.0
5345,1108,3,MGCQ6,5339,Short,5,2026-07-07 10:25:26,2026-07-07 10:45:32,3547.2,3554.4,5.0
5346,1109,3,GCQ6,5339,Short,1,2026-07-07 10:25:25,2026-07-07 10:45:51,3547.3,3554.3,4.0
5347,1110,3,MGCQ6,5339,Short,5,2026-07-07 10:25:24,2026-07-07 10:46:03,3547.3,3554.3,5.0
5348,1111,3,MGCQ6,5339,Short,5,2026-07-07 10:25:24,2026-07-07 10:45:30,3547.3,3554.3,5.0
5349,1112,3,MGCQ6,5339,Short,5,2026-07-07 10:25:24,2026-07-07 10:45:50,3547.3,3554.3,5.0
5350,1113,3,MGCQ6,5339,Short,5,2026-07-07 10:25:24,2026-07-07 10:45:30,3547.3,3554.3,5.0
5351,1115,3,MGCQ6,5339,Short,5,2026-07-07 10:25:24,2026-07-07 10:45:29,3547.2,3554.3,5.0
5352,1116,3,MGCQ6,5339,Short,5,2026-07-07 10:25:26,2026-07-07 10:46:02,3547.2,3554.4,5.0
5353,1096,4,MGCQ6,,Long,5,2026-07-07 03:28:58,2026-07-07 03:42:56,3550.6,3559.4,5.0
5354,1098,4,MGCQ6,5353,Long,5,2026-07-07 03:29:00,2026-07-07 03:42:39,3550.6,3559.4,5.0
5355,1099,4,MGCQ6,5353,Long,5,2026-07-07 03:28:59,2026-07-07 03:42:01,3550.7,3559.4,5.0
5356,1102,4,MGCQ6,5353,Long,5,2026-07-07 03:29:01,2026-07-07 03:42:14,3550.7,3559.32,5.0
5357,1103,4,GCQ6,5353,Long,1,2026-07-07 03:28:58,2026-07-07 03:42:39,3550.7,3559.3,4.0
5358,1106,4,GCQ6,5353,Long,1,2026-07-07 03:29:00,2026-07-07 03:42:37,3550.6,3559.4,4.0
5359,1108,4,MGCQ6,5353,Long,5,2026-07-07 03:29:00,2026-07-07 03:42:02,3550.7,3559.38,5.0
5360,1109,4,GCQ6,5353,Long,1,2026-07-07 03:28:58,2026-07-07 03:42:42,3550.6,3559.4,4.0
5361,1110,4,MGCQ6,5353,Long,5,2026-07-07 03:29:00,2026-07-07 03:42:02,3550.6,3559.38,5.0
5362,1111,4,MGCQ6,5353,Long,5,2026-07-07 03:28:58,2026-07-07 03:42:44,3550.7,3559.38,5.0
5363,1112,4,MGCQ6,5353,Long,5,2026-07-07 03:29:00,2026-07-07 03:42:05,3550.6,3559.38,5.0
5364,1113,4,MGCQ6,5353,Long,5,2026-07-07 03:28:59,2026-07-07 03:42:49,3550.7,3559.32,5.0
5365,1114,4,MGCQ6,5353,Long,5,2026-07-07 03:28:58,2026-07-07 03:42:06,3550.6,3559.4,5.0
5366,1115,4,MGCQ6,5353,Long,5,2026-07-07 03:28:59,2026-07-07 03:42:49,3550.6,3559.4,5.0
5367,1116,4,MGCQ6,5353,Long,5,2026-07-07 03:29:01,2026-07-07 03:42:29,3550.6,3559.4,5.0
5368,1096,3,MGCQ6,,Long,5,2026-07-08 10:28:20,2026-07-08 11:51:10,3626.3,3620.7,5.0
5369,1099,3,MGCQ6,5368,Long,5,2026-07-08 10:28:21,2026-07-08 11:51:00,3626.3,3620.7,5.0
5370,1102,3,MGCQ6,5368,Long,5,2026-07-08 10:28:23,2026-07-08 11:51:01,3626.4,3620.6,5.0
5371,1106,3,GCQ6,5368,Long,1,2026-07-08 10:28:20,2026-07-08 11:50:24,3626.3,3620.7,4.0
5372,1108,3,MGCQ6,5368,Long,5,2026-07-08 10:28:22,2026-07-08 11:50:50,3626.3,3620.7,5.0
5373,1109,3,GCQ6,5368,Long,1,2026-07-08 10:28:21,2026-07-08 11:50:41,3626.4,3620.7,4.0
5374,1110,3,MGCQ6,5368,Long,5,2026-07-08 10:28:21,2026-07-08 11:50:41,3626.4,3620.6,5.0
5375,1111,3,MGCQ6,5368,Long,5,2026-07-08 10:28:21,2026-07-08 11:50:57,3626.4,3620.6,5.0
5376,1112,3,MGCQ6,5368,Long,5,2026-07-08 10:28:22,2026-07-08 11:50:39,3626.3,3620.7,5.0
5377,1113,3,MGCQ6,5368,Long,5,2026-07-08 10:28:22,2026-07-08 11:50:55,3626.4,3620.7,5.0
5378,1114,3,MGCQ6,5368,Long,5,2026-07-08 10:28:23,2026-07-08 11:50:46,3626.4,3620.7,5.0
5379,1115,3,MGCQ6,5368,Long,5,2026-07-08 10:28:21,2026-07-08 11:50:53,3626.4,3620.6,5.0
5380,1116,3,MGCQ6,5368,Long,5,2026-07-08 10:28:20,2026-07-08 11:50:44,3626.4,3620.7,5.0
5381,1117,3,MGCQ6,5368,Long,5,2026-07-08 10:28:23,2026-07-08 11:50:55,3626.3,3620.7,5.0
5382,1096,4,MGCQ6,,Long,5,2026-07-08 03:16:57,2026-07-08 03:28:32,3601.2,3596.1,5.0
5383,1098,4,MGCQ6,5382,Long,5,2026-07-08 03:16:58,2026-07-08 03:27:59,3601.3,3596.1,5.0
5384,1099,4,MGCQ6,5382,Long,5,2026-07-08 03:16:59,2026-07-08 03:28:21,3601.2,3596.1,5.0
5385,1102,4,MGCQ6,5382,Long,5,2026-07-08 03:16:58,2026-07-08 03:28:37,3601.3,3596.0,5.0
5386,1103,4,GCQ6,5382,Long,1,2026-07-08 03:16:59,2026-07-08 03:28:41,3601.3,3596.0,4.0
5387,1106,4,GCQ6,5382,Long,1,2026-07-08 03:16:59,2026-07-08 03:28:09,3601.2,3596.1,4.0
5388,1108,4,MGCQ6,5382,Long,5,2026-07-08 03:16:59,2026-07-08 03:28:15,3601.3,3596.1,5.0
5389,1109,4,GCQ6,5382,Long,1,2026-07-08 03:16:59,2026-07-08 03:28:24,3601.2,3596.1,4.0
5390,1110,4,MGCQ6,5382,Long,5,2026-07-08 03:16:59,2026-07-08 03:27:59,3601.3,3596.1,5.0
5391,1111,4,MGCQ6,5382,Long,5,2026-07-08 03:16:57,2026-07-08 03:28:35,3601.2,3596.1,5.0
5392,1112,4,MGCQ6,5382,Long,5,2026-07-08 03:16:59,2026-07-08 03:28:57,3601.3,3596.0,5.0
5393,1113,4,MGCQ6,5382,Long,5,2026-07-08 03:16:58,2026-07-08 03:28:56,3601.3,3596.0,5.0
5394,1114,4,MGCQ6,5382,Long,5,2026-07-08 03:16:58,2026-07-08 03:28:02,3601.3,3596.1,5.0
5395,1115,4,MGCQ6,5382,Long,5,2026-07-08 03:16:59,2026-07-08 03:28:01,3601.3,3596.1,5.0
5396,1116,4,MGCQ6,5382,Long,5,2026-07-08 03:16:57,2026-07-08 03:28:38,3601.2,3596.1,5.0
5397,1117,4,MGCQ6,5382,Long,5,2026-07-08 03:16:58,2026-07-08 03:28:41,3601.3,3596.0,5.0
5398,1096,1,MNQU6,,Long,6,2026-07-09 10:03:43,2026-07-09 10:48:12,19583.75,19620.75,6.0
5399,1098,1,MNQU6,5398,Long,6,2026-07-09 10:03:44,2026-07-09 10:48:18,19583.75,19620.75,6.0
5400,1099,1,MNQU6,5398,Long,6,2026-07-09 10:03:46,2026-07-09 10:48:08,19583.75,19620.75,6.0
5401,1102,1,MNQU6,5398,Long,6,2026-07-09 10:03:44,2026-07-09 10:48:00,19583.75,19620.75,6.0
5402,1103,1,NQU6,5398,Long,2,2026-07-09 10:03:44,2026-07-09 10:48:31,19584.0,19620.5,8.0
5403,1106,1,NQU6,5398,Long,2,2026-07-09 10:03:45,2026-07-09 10:48:02,19583.75,19620.75,8.0
5404,1108,1,MNQU6,5398,Long,6,2026-07-09 10:03:44,2026-07-09 10:48:01,19584.0,19620.75,6.0
5405,1109,1,NQU6,5398,Long,2,2026-07-09 10:03:44,2026-07-09 10:47:51,19584.0,19620.75,8.0
5406,1111,1,MNQU6,5398,Long,6,2026-07-09 10:03:45,2026-07-09 10:48:19,19584.0,19620.75,6.0
5407,1112,1,MNQU6,5398,Long,6,2026-07-09 10:03:46,2026-07-09 10:47:53,19584.0,19620.5,6.0
5408,1113,1,MNQU6,5398,Long,6,2026-07-09 10:03:46,2026-07-09 10:47:52,19584.0,19620.75,6.0
5409,1114,1,MNQU6,5398,Long,6,2026-07-09 10:03:46,2026-07-09 10:47:55,19584.0,19620.75,6.0
5410,1116,1,MNQU6,5398,Long,6,2026-07-09 10:03:46,2026-07-09 10:48:02,19583.75,19620.75,6.0
5411,1117,1,MNQU6,5398,Long,6,2026-07-09 10:03:43,2026-07-09 10:48:07,19583.75,19620.75,6.0
5412,1118,1,MNQU6,5398,Long,6,2026-07-09 10:03:45,2026-07-09 10:47:52,19583.75,19620.75,6.0
5413,1096,4,MCLQ6,,Short,10,2026-07-09 03:27:30,2026-07-09 04:22:03,31.99,32.29,10.0
5414,1098,4,MCLQ6,5413,Short,10,2026-07-09 03:27:32,2026-07-09 04:22:07,31.98,32.3,10.0
5415,1099,4,MCLQ6,5413,Short,10,2026-07-09 03:27:32,2026-07-09 04:22:19,31.99,32.29,10.0
5416,1102,4,MCLQ6,5413,Short,10,2026-07-09 03:27:30,2026-07-09 04:22:23,31.99,32.29,10.0
5417,1103,4,CLQ6,5413,Short,2,2026-07-09 03:27:30,2026-07-09 04:22:15,31.99,32.29,8.0
5418,1106,4,CLQ6,5413,Short,2,2026-07-09 03:27:30,2026-07-09 04:21:50,31.99,32.29,8.0
5419,1108,4,MCLQ6,5413,Short,10,2026-07-09 03:27:33,2026-07-09 04:22:14,31.99,32.29,10.0
5420,1109,4,CLQ6,5413,Short,2,2026-07-09 03:27:31,2026-07-09 04:21:37,31.99,32.29,8.0
5421,1110,4,MCLQ6,5413,Short,10,2026-07-09 03:27:32,2026-07-09 04:21:35,31.99,32.29,10.0
5422,1111,4,MCLQ6,5413,Short,10,2026-07-09 03:27:32,2026-07-09 04:22:28,31.98,32.3,10.0
5423,1112,4,MCLQ6,5413,Short,10,2026-07-09 03:27:31,2026-07-09 04:21:32,31.99,32.29,10.0
5424,1113,4,MCLQ6,5413,Short,10,2026-07-09 03:27:32,2026-07-09 04:22:25,31.99,32.29,10.0
5425,1114,4,MCLQ6,5413,Short,10,2026-07-09 03:27:32,2026-07-09 04:22:06,31.98,32.29,10.0
5426,1115,4,MCLQ6,5413,Short,10,2026-07-09 03:27:33,2026-07-09 04:22:03,31.98,32.29,10.0
5427,1116,4,MCLQ6,5413,Short,10,2026-07-09 03:27:31,2026-07-09 04:22:27,31.98,32.3,10.0
5428,1117,4,MCLQ6,5413,Short,10,2026-07-09 03:27:30,2026-07-09 04:21:45,31.99,32.29,10.0
5429,1118,4,MCLQ6,5413,Short,10,2026-07-09 03:27:32,2026-07-09 04:21:35,31.98,32.3,10.0
5430,1096,1,MESU6,,Long,10,2026-07-10 09:59:31,2026-07-10 11:09:44,7297.5,7306.0,10.0
5431,1098,1,MESU6,5430,Long,10,2026-07-10 09:59:32,2026-07-10 11:10:21,7297.5,7306.0,10.0
5432,1099,1,MESU6,5430,Long,10,2026-07-10 09:59:34,2026-07-10 11:09:46,7297.5,7306.0,10.0
5433,1102,1,MESU6,5430,Long,10,2026-07-10 09:59:31,2026-07-10 11:09:39,7297.75,7305.75,10.0
5434,1103,1,ESU6,5430,Long,2,2026-07-10 09:59:33,2026-07-10 11:10:27,7297.5,7306.0,8.0
5435,1106,1,ESU6,5430,Long,2,2026-07-10 09:59:33,2026-07-10 11:10:12,7297.75,7306.0,8.0
5436,1108,1,MESU6,5430,Long,10,2026-07-10 09:59:31,2026-07-10 11:09:56,7297.5,7306.0,10.0
5437,1109,1,ESU6,5430,Long,2,2026-07-10 09:59:33,2026-07-10 11:09:39,7297.75,7305.75,8.0
5438,1111,1,MESU6,5430,Long,10,2026-07-10 09:59:33,2026-07-10 11:10:18,7297.75,7306.0,10.0
5439,1112,1,MESU6,5430,Long,10,2026-07-10 09:59:32,2026-07-10 11:10:23,7297.5,7306.0,10.0
5440,1113,1,MESU6,5430,Long,10,2026-07-10 09:59:31,2026-07-10 11:10:01,7297.75,7306.0,10.0
5441,1114,1,MESU6,5430,Long,10,2026-07-10 09:59:33,2026-07-10 11:10:15,7297.5,7306.0,10.0
5442,1115,1,MESU6,5430,Long,10,2026-07-10 09:59:33,2026-07-10 11:10:24,7297.5,7306.0,10.0
5443,1116,1,MESU6,5430,Long,10,2026-07-10 09:59:32,2026-07-10 11:10:28,7297.5,7306.0,10.0
5444,1117,1,MESU6,5430,Long,10,2026-07-10 09:59:31,2026-07-10 11:09:47,7297.5,7306.0,10.0
5445,1118,1,MESU6,5430,Long,10,2026-07-10 09:59:32,2026-07-10 11:10:27,7297.5,7306.0,10.0
5446,1119,1,MESU6,5430,Long,10,2026-07-10 09:59:33,2026-07-10 11:10:17,7297.5,7306.0,10.0
5447,1098,3,MNQU6,,Short,6,2026-07-10 10:33:57,2026-07-10 11:21:47,19204.5,19161.25,6.0
5448,1099,3,MNQU6,5447,Short,6,2026-07-10 10:33:59,2026-07-10 11:21:52,19204.5,19161.25,6.0
5449,1102,3,MNQU6,5447,Short,6,2026-07-10 10:33:59,2026-07-10 11:21:17,19204.5,19161.25,6.0
5450,1103,3,NQU6,5447,Short,2,2026-07-10 10:34:00,2026-07-10 11:21:25,19204.5,19161.25,8.0
5451,1108,3,MNQU6,5447,Short,6,2026-07-10 10:33:58,2026-07-10 11:21:18,19204.25,19161.5,6.0
5452,1109,3,NQU6,5447,Short,2,2026-07-10 10:34:00,2026-07-10 11:21:39,19204.5,19161.25,8.0
5453,1110,3,MNQU6,5447,Short,6,2026-07-10 10:34:00,2026-07-10 11:21:00,19204.5,19161.25,6.0
5454,1111,3,MNQU6,5447,Short,6,2026-07-10 10:34:00,2026-07-10 11:21:22,19204.5,19161.25,6.0
5455,1112,3,MNQU6,5447,Short,6,2026-07-10 10:33:57,2026-07-10 11:21:38,19204.5,19161.25,6.0
5456,1113,3,MNQU6,5447,Short,6,2026-07-10 10:33:58,2026-07-10 11:21:36,19204.5,19161.25,6.0
5457,1114,3,MNQU6,5447,Short,6,2026-07-10 10:33:59,2026-07-10 11:21:44,19204.5,19161.25,6.0
5458,1115,3,MNQU6,5447,Short,6,2026-07-10 10:33:59,2026-07-10 11:21:51,19204.5,19161.25,6.0
5459,1116,3,MNQU6,5447,Short,6,2026-07-10 10:33:57,2026-07-10 11:21:18,19204.25,19161.5,6.0
5460,1117,3,MNQU6,5447,Short,6,2026-07-10 10:33:59,2026-07-10 11:21:11,19204.5,19161.25,6.0
5461,1118,3,MNQU6,5447,Short,6,2026-07-10 10:34:00,2026-07-10 11:21:33,19204.5,19161.25,6.0
5462,1119,3,MNQU6,5447,Short,6,2026-07-10 10:33:57,2026-07-10 11:21:27,19204.5,19161.25,6.0
5463,1096,4,MGCQ6,,Short,5,2026-07-13 03:25:38,2026-07-13 03:58:48,3590.0,3595.5,5.0
5464,1098,4,MGCQ6,5463,Short,5,2026-07-13 03:25:38,2026-07-13 03:59:31,3590.0,3595.5,5.0
5465,1099,4,MGCQ6,5463,Short,5,2026-07-13 03:25:39,2026-07-13 03:59:12,3590.0,3595.5,5.0
5466,1102,4,MGCQ6,5463,Short,5,2026-07-13 03:25:40,2026-07-13 03:59:14,3590.0,3595.5,5.0
5467,1103,4,GCQ6,5463,Short,1,2026-07-13 03:25:39,2026-07-13 03:59:25,3589.9,3595.6,4.0
5468,1106,4,GCQ6,5463,Short,1,2026-07-13 03:25:41,2026-07-13 03:58:47,3589.9,3595.6,4.0
5469,1108,4,MGCQ6,5463,Short,5,2026-07-13 03:25:38,2026-07-13 03:59:23,3590.0,3595.5,5.0
5470,1110,4,MGCQ6,5463,Short,5,2026-07-13 03:25:38,2026-07-13 03:58:59,3590.0,3595.5,5.0
5471,1111,4,MGCQ6,5463,Short,5,2026-07-13 03:25:40,2026-07-13 03:59:02,3589.9,3595.6,5.0
5472,1112,4,MGCQ6,5463,Short,5,2026-07-13 03:25:38,2026-07-13 03:59:30,3589.9,3595.5,5.0
5473,1113,4,MGCQ6,5463,Short,5,2026-07-13 03:25:38,2026-07-13 03:59:03,3590.0,3595.5,5.0
5474,1114,4,MGCQ6,5463,Short,5,2026-07-13 03:25:39,2026-07-13 03:58:43,3590.0,3595.5,5.0
5475,1115,4,MGCQ6,5463,Short,5,2026-07-13 03:25:38,2026-07-13 03:59:31,3590.0,3595.5,5.0
5476,1116,4,MGCQ6,5463,Short,5,2026-07-13 03:25:39,2026-07-13 03:59:22,3590.0,3595.5,5.0
5477,1117,4,MGCQ6,5463,Short,5,2026-07-13 03:25:38,2026-07-13 03:59:36,3589.9,3595.6,5.0
5478,1118,4,MGCQ6,5463,Short,5,2026-07-13 03:25:38,2026-07-13 03:59:30,3590.0,3595.5,5.0
5479,1119,4,MGCQ6,5463,Short,5,2026-07-13 03:25:41,2026-07-13 03:59:19,3590.0,3595.5,5.0
5480,1096,1,MNQU6,,Long,6,2026-07-14 09:56:01,2026-07-14 10:09:11,19746.5,19721.0,6.0
5481,1098,1,MNQU6,5480,Long,6,2026-07-14 09:56:03,2026-07-14 10:09:22,19746.5,19721.0,6.0
5482,1099,1,MNQU6,5480,Long,6,2026-07-14 09:56:03,2026-07-14 10:09:42,19746.5,19721.0,6.0
5483,1102,1,MNQU6,5480,Long,6,2026-07-14 09:56:02,2026-07-14 10:09:15,19746.5,19721.0,6.0
5484,1103,1,NQU6,5480,Long,2,2026-07-14 09:56:01,2026-07-14 10:09:36,19746.75,19720.75,8.0
5485,1106,1,NQU6,5480,Long,2,2026-07-14 09:56:03,2026-07-14 10:09:51,19746.75,19720.75,8.0
5486,1108,1,MNQU6,5480,Long,6,2026-07-14 09:56:02,2026-07-14 10:09:20,19746.5,19721.0,6.0
5487,1109,1,NQU6,5480,Long,2,2026-07-14 09:56:01,2026-07-14 10:09:19,19746.75,19721.0,8.0
5488,1110,1,MNQU6,5480,Long,6,2026-07-14 09:56:04,2026-07-14 10:09:20,19746.75,19720.75,6.0
5489,1111,1,MNQU6,5480,Long,6,2026-07-14 09:56:03,2026-07-14 10:09:34,19746.5,19721.0,6.0
5490,1112,1,MNQU6,5480,Long,6,2026-07-14 09:56:02,2026-07-14 10:10:01,19746.5,19721.0,6.0
5491,1113,1,MNQU6,5480,Long,6,2026-07-14 09:56:01,2026-07-14 10:09:02,19746.5,19721.0,6.0
5492,1114,1,MNQU6,5480,Long,6,2026-07-14 09:56:03,2026-07-14 10:09:07,19746.5,19721.0,6.0
5493,1116,1,MNQU6,5480,Long,6,2026-07-14 09:56:02,2026-07-14 10:09:49,19746.75,19720.75,6.0
5494,1117,1,MNQU6,5480,Long,6,2026-07-14 09:56:03,2026-07-14 10:09:29,19746.5,19721.0,6.0
5495,1118,1,MNQU6,5480,Long,6,2026-07-14 09:56:04,2026-07-14 10:09:38,19746.75,19720.75,6.0
5496,1119,1,MNQU6,5480,Long,6,2026-07-14 09:56:01,2026-07-14 10:09:33,19746.5,19721.0,6.0
5497,1096,1,MESU6,,Short,10,2026-07-15 09:47:29,2026-07-15 10:18:20,7366.75,7358.75,10.0
5498,1098,1,MESU6,5497,Short,10,2026-07-15 09:47:31,2026-07-15 10:18:27,7366.75,7358.75,10.0
5499,1099,1,MESU6,5497,Short,10,2026-07-15 09:47:31,2026-07-15 10:18:22,7366.75,7358.75,10.0
5500,1102,1,MESU6,5497,Short,10,2026-07-15 09:47:31,2026-07-15 10:17:32,7366.5,7359.0,10.0
5501,1103,1,ESU6,5497,Short,2,2026-07-15 09:47:29,2026-07-15 10:18:26,7366.5,7359.0,8.0
5502,1106,1,ESU6,5497,Short,2,2026-07-15 09:47:29,2026-07-15 10:17:58,7366.75,7358.75,8.0
5503,1108,1,MESU6,5497,Short,10,2026-07-15 09:47:32,2026-07-15 10:18:27,7366.75,7358.75,10.0
5504,1109,1,ESU6,5497,Short,2,2026-07-15 09:47:30,2026-07-15 10:17:44,7366.5,7359.0,8.0
5505,1110,1,MESU6,5497,Short,10,2026-07-15 09:47:29,2026-07-15 10:17:56,7366.75,7358.75,10.0
5506,1111,1,MESU6,5497,Short,10,2026-07-15 09:47:30,2026-07-15 10:18:17,7366.5,7359.0,10.0
5507,1112,1,MESU6,5497,Short,10,2026-07-15 09:47:30,2026-07-15 10:17:35,7366.75,7358.75,10.0
5508,1113,1,MESU6,5497,Short,10,2026-07-15 09:47:32,2026-07-15 10:18:26,7366.75,7358.75,10.0
5509,1114,1,MESU6,5497,Short,10,2026-07-15 09:47:30,2026-07-15 10:18:16,7366.5,7358.75,10.0
5510,1115,1,MESU6,5497,Short,10,2026-07-15 09:47:30,2026-07-15 10:18:26,7366.5,7359.0,10.0
5511,1116,1,MESU6,5497,Short,10,2026-07-15 09:47:30,2026-07-15 10:17:33,7366.75,7358.75,10.0
5512,1117,1,MESU6,5497,Short,10,2026-07-15 09:47:30,2026-07-15 10:18:06,7366.5,7359.0,10.0
5513,1118,1,MESU6,5497,Short,10,2026-07-15 09:47:29,2026-07-15 10:17:31,7366.75,7358.75,10.0
5514,1119,1,MESU6,5497,Short,10,2026-07-15 09:47:30,2026-07-15 10:17:36,7366.5,7358.75,10.0
5515,1098,3,MGCQ6,,Short,5,2026-07-15 10:38:32,2026-07-15 11:50:36,3719.6,3726.4,5.0
5516,1099,3,MGCQ6,5515,Short,5,2026-07-15 10:38:34,2026-07-15 11:50:43,3719.5,3726.4,5.0
5517,1103,3,GCQ6,5515,Short,1,2026-07-15 10:38:35,2026-07-15 11:51:20,3719.6,3726.4,4.0
5518,1108,3,MGCQ6,5515,Short,5,2026-07-15 10:38:34,2026-07-15 11:50:47,3719.5,3726.4,5.0
5519,1109,3,GCQ6,5515,Short,1,2026-07-15 10:38:35,2026-07-15 11:50:42,3719.6,3726.4,4.0
5520,1110,3,MGCQ6,5515,Short,5,2026-07-15 10:38:32,2026-07-15 11:51:14,3719.5,3726.4,5.0
5521,1111,3,MGCQ6,5515,Short,5,2026-07-15 10:38:32,2026-07-15 11:50:45,3719.5,3726.4,5.0
5522,1112,3,MGCQ6,5515,Short,5,2026-07-15 10:38:33,2026-07-15 11:50:37,3719.5,3726.4,5.0
5523,1113,3,MGCQ6,5515,Short,5,2026-07-15 10:38:33,2026-07-15 11:50:39,3719.6,3726.4,5.0
5524,1114,3,MGCQ6,5515,Short,5,2026-07-15 10:38:32,2026-07-15 11:50:37,3719.5,3726.4,5.0
5525,1115,3,MGCQ6,5515,Short,5,2026-07-15 10:38:32,2026-07-15 11:51:22,3719.5,3726.5,5.0
5526,1116,3,MGCQ6,5515,Short,5,2026-07-15 10:38:35,2026-07-15 11:51:04,3719.6,3726.4,5.0
5527,1117,3,MGCQ6,5515,Short,5,2026-07-15 10:38:35,2026-07-15 11:51:10,3719.6,3726.4,5.0
5528,1118,3,MGCQ6,5515,Short,5,2026-07-15 10:38:35,2026-07-15 11:51:03,3719.5,3726.4,5.0
5529,1119,3,MGCQ6,5515,Short,5,2026-07-15 10:38:33,2026-07-15 11:51:15,3719.6,3726.4,5.0
5530,1096,1,MNQU6,,Long,6,2026-07-16 09:57:51,2026-07-16 10:38:43,19728.5,19703.0,6.0
5531,1098,1,MNQU6,5530,Long,6,2026-07-16 09:57:52,2026-07-16 10:38:38,19728.5,19703.0,6.0
5532,1099,1,MNQU6,5530,Long,6,2026-07-16 09:57:54,2026-07-16 10:38:27,19728.5,19703.0,6.0
5533,1102,1,MNQU6,5530,Long,6,2026-07-16 09:57:53,2026-07-16 10:38:21,19728.5,19703.0,6.0
5534,1103,1,NQU6,5530,Long,2,2026-07-16 09:57:53,2026-07-16 10:38:03,19728.75,19703.0,8.0
5535,1106,1,NQU6,5530,Long,2,2026-07-16 09:57:52,2026-07-16 10:38:28,19728.75,19703.0,8.0
5536,1108,1,MNQU6,5530,Long,6,2026-07-16 09:57:53,2026-07-16 10:38:32,19728.75,19702.75,6.0
5537,1109,1,NQU6,5530,Long,2,2026-07-16 09:57:51,2026-07-16 10:38:09,19728.5,19703.0,8.0
5538,1110,1,MNQU6,5530,Long,6,2026-07-16 09:57:52,2026-07-16 10:38:31,19728.5,19703.0,6.0
5539,1111,1,MNQU6,5530,Long,6,2026-07-16 09:57:53,2026-07-16 10:38:42,19728.5,19703.0,6.0
5540,1112,1,MNQU6,5530,Long,6,2026-07-16 09:57:52,2026-07-16 10:38:38,19728.75,19703.0,6.0
5541,1114,1,MNQU6,5530,Long,6,2026-07-16 09:57:54,2026-07-16 10:38:24,19728.5,19703.0,6.0
5542,1115,1,MNQU6,5530,Long,6,2026-07-16 09:57:52,2026-07-16 10:38:42,19728.75,19703.0,6.0
5543,1116,1,MNQU6,5530,Long,6,2026-07-16 09:57:51,2026-07-16 10:38:02,19728.75,19702.75,6.0
5544,1117,1,MNQU6,5530,Long,6,2026-07-16 09:57:52,2026-07-16 10:38:10,19728.75,19703.0,6.0
5545,1118,1,MNQU6,5530,Long,6,2026-07-16 09:57:54,2026-07-16 10:38:48,19728.75,19703.0,6.0
5546,1119,1,MNQU6,5530,Long,6,2026-07-16 09:57:54,2026-07-16 10:38:32,19728.5,19703.0,6.0
5547,1096,2,MESU6,,Long,10,2026-07-16 12:30:08,2026-07-16 12:41:33,7339.5,7344.0,10.0
5548,1098,2,MESU6,5547,Long,10,2026-07-16 12:30:11,2026-07-16 12:41:32,7339.75,7344.0,10.0
5549,1102,2,MESU6,5547,Long,10,2026-07-16 12:30:11,2026-07-16 12:42:01,7339.5,7344.0,10.0
5550,1103,2,ESU6,5547,Long,2,2026-07-16 12:30:09,2026-07-16 12:42:00,7339.75,7343.75,8.0
5551,1106,2,ESU6,5547,Long,2,2026-07-16 12:30:10,2026-07-16 12:41:25,7339.5,7344.0,8.0
5552,1108,2,MESU6,5547,Long,10,2026-07-16 12:30:09,2026-07-16 12:41:38,7339.5,7344.0,10.0
5553,1109,2,ESU6,5547,Long,2,2026-07-16 12:30:11,2026-07-16 12:41:47,7339.5,7344.0,8.0
5554,1110,2,MESU6,5547,Long,10,2026-07-16 12:30:08,2026-07-16 12:41:47,7339.75,7343.75,10.0
5555,1111,2,MESU6,5547,Long,10,2026-07-16 12:30:09,2026-07-16 12:41:59,7339.75,7343.75,10.0
5556,1112,2,MESU6,5547,Long,10,2026-07-16 12:30:08,2026-07-16 12:41:20,7339.5,7344.0,10.0
5557,1113,2,MESU6,5547,Long,10,2026-07-16 12:30:08,2026-07-16 12:41:26,7339.75,7343.75,10.0
5558,1114,2,MESU6,5547,Long,10,2026-07-16 12:30:09,2026-07-16 12:41:35,7339.5,7344.0,10.0
5559,1115,2,MESU6,5547,Long,10,2026-07-16 12:30:08,2026-07-16 12:41:35,7339.5,7344.0,10.0
5560,1116,2,MESU6,5547,Long,10,2026-07-16 12:30:09,2026-07-16 12:41:43,7339.5,7344.0,10.0
5561,1117,2,MESU6,5547,Long,10,2026-07-16 12:30:10,2026-07-16 12:42:08,7339.5,7344.0,10.0
5562,1118,2,MESU6,5547,Long,10,2026-07-16 12:30:09,2026-07-16 12:41:44,7339.5,7344.0,10.0
5563,1096,4,MCLU6,,Short,10,2026-07-16 03:23:27,2026-07-16 04:40:53,30.62,30.91,10.0
5564,1099,4,MCLU6,5563,Short,10,2026-07-16 03:23:27,2026-07-16 04:40:49,30.61,30.92,10.0
5565,1102,4,MCLU6,5563,Short,10,2026-07-16 03:23:29,2026-07-16 04:41:02,30.62,30.91,10.0
5566,1103,4,CLU6,5563,Short,2,2026-07-16 03:23:30,2026-07-16 04:41:26,30.61,30.91,8.0
5567,1106,4,CLU6,5563,Short,2,2026-07-16 03:23:30,2026-07-16 04:41:27,30.61,30.91,8.0
5568,1108,4,MCLU6,5563,Short,10,2026-07-16 03:23:29,2026-07-16 04:41:16,30.61,30.92,10.0
5569,1109,4,CLU6,5563,Short,2,2026-07-16 03:23:27,2026-07-16 04:41:12,30.61,30.91,8.0
5570,1110,4,MCLU6,5563,Short,10,2026-07-16 03:23:29,2026-07-16 04:41:22,30.62,30.91,10.0
5571,1111,4,MCLU6,5563,Short,10,2026-07-16 03:23:29,2026-07-16 04:40:30,30.62,30.91,10.0
5572,1112,4,MCLU6,5563,Short,10,2026-07-16 03:23:27,2026-07-16 04:40:45,30.61,30.91,10.0
5573,1113,4,MCLU6,5563,Short,10,2026-07-16 03:23:30,2026-07-16 04:41:01,30.62,30.91,10.0
5574,1114,4,MCLU6,5563,Short,10,2026-07-16 03:23:28,2026-07-16 04:40:40,30.62,30.91,10.0
5575,1115,4,MCLU6,5563,Short,10,2026-07-16 03:23:28,2026-07-16 04:41:21,30.62,30.91,10.0
5576,1116,4,MCLU6,5563,Short,10,2026-07-16 03:23:28,2026-07-16 04:40:59,30.62,30.91,10.0
5577,1117,4,MCLU6,5563,Short,10,2026-07-16 03:23:30,2026-07-16 04:40:58,30.62,30.91,10.0
5578,1118,4,MCLU6,5563,Short,10,2026-07-16 03:23:28,2026-07-16 04:41:12,30.61,30.92,10.0
5579,1119,4,MCLU6,5563,Short,10,2026-07-16 03:23:28,2026-07-16 04:41:06,30.62,30.91,10.0
5580,1096,4,MGCQ6,,Short,5,2026-07-17 03:35:24,2026-07-17 05:10:19,3675.2,3668.72,5.0
5581,1099,4,MGCQ6,5580,Short,5,2026-07-17 03:35:25,2026-07-17 05:09:50,3675.2,3668.7,5.0
5582,1102,4,MGCQ6,5580,Short,5,2026-07-17 03:35:27,2026-07-17 05:09:33,3675.1,3668.72,5.0
5583,1103,4,GCQ6,5580,Short,1,2026-07-17 03:35:26,2026-07-17 05:10:22,3675.2,3668.7,4.0
5584,1106,4,GCQ6,5580,Short,1,2026-07-17 03:35:27,2026-07-17 05:10:06,3675.1,3668.7,4.0
5585,1108,4,MGCQ6,5580,Short,5,2026-07-17 03:35:24,2026-07-17 05:09:54,3675.2,3668.72,5.0
5586,1109,4,GCQ6,5580,Short,1,2026-07-17 03:35:27,2026-07-17 05:10:22,3675.2,3668.7,4.0
5587,1111,4,MGCQ6,5580,Short,5,2026-07-17 03:35:27,2026-07-17 05:09:50,3675.1,3668.72,5.0
5588,1112,4,MGCQ6,5580,Short,5,2026-07-17 03:35:27,2026-07-17 05:09:55,3675.2,3668.72,5.0
5589,1113,4,MGCQ6,5580,Short,5,2026-07-17 03:35:27,2026-07-17 05:09:46,3675.1,3668.8,5.0
5590,1114,4,MGCQ6,5580,Short,5,2026-07-17 03:35:25,2026-07-17 05:10:08,3675.2,3668.7,5.0
5591,1115,4,MGCQ6,5580,Short,5,2026-07-17 03:35:26,2026-07-17 05:10:02,3675.1,3668.8,5.0
5592,1116,4,MGCQ6,5580,Short,5,2026-07-17 03:35:25,2026-07-17 05:10:22,3675.1,3668.72,5.0
5593,1117,4,MGCQ6,5580,Short,5,2026-07-17 03:35:26,2026-07-17 05:09:34,3675.2,3668.7,5.0
5594,1118,4,MGCQ6,5580,Short,5,2026-07-17 03:35:27,2026-07-17 05:09:55,3675.1,3668.78,5.0
5595,1096,1,MYMU6,,Long,10,2026-07-20 10:03:06,2026-07-20 10:11:59,39491.0,39591.0,10.0
5596,1098,1,MYMU6,5595,Long,10,2026-07-20 10:03:07,2026-07-20 10:11:34,39491.0,39591.0,10.0
5597,1099,1,MYMU6,5595,Long,10,2026-07-20 10:03:06,2026-07-20 10:11:30,39492.0,39590.0,10.0
5598,1102,1,MYMU6,5595,Long,10,2026-07-20 10:03:09,2026-07-20 10:11:32,39492.0,39590.0,10.0
5599,1103,1,YMU6,5595,Long,2,2026-07-20 10:03:06,2026-07-20 10:11:10,39492.0,39591.0,8.0
5600,1106,1,YMU6,5595,Long,2,2026-07-20 10:03:08,2026-07-20 10:11:18,39492.0,39591.0,8.0
5601,1108,1,MYMU6,5595,Long,10,2026-07-20 10:03:06,2026-07-20 10:11:47,39491.0,39591.0,10.0
5602,1109,1,YMU6,5595,Long,2,2026-07-20 10:03:08,2026-07-20 10:11:24,39492.0,39590.0,8.0
5603,1111,1,MYMU6,5595,Long,10,2026-07-20 10:03:06,2026-07-20 10:12:00,39491.0,39591.0,10.0
5604,1112,1,MYMU6,5595,Long,10,2026-07-20 10:03:08,2026-07-20 10:11:23,39491.0,39591.0,10.0
5605,1113,1,MYMU6,5595,Long,10,2026-07-20 10:03:08,2026-07-20 10:12:02,39492.0,39590.0,10.0
5606,1114,1,MYMU6,5595,Long,10,2026-07-20 10:03:07,2026-07-20 10:11:45,39491.0,39591.0,10.0
5607,1115,1,MYMU6,5595,Long,10,2026-07-20 10:03:08,2026-07-20 10:12:06,39491.0,39591.0,10.0
5608,1117,1,MYMU6,5595,Long,10,2026-07-20 10:03:06,2026-07-20 10:11:59,39491.0,39591.0,10.0
5609,1118,1,MYMU6,5595,Long,10,2026-07-20 10:03:07,2026-07-20 10:11:53,39492.0,39591.0,10.0
5610,1119,1,MYMU6,5595,Long,10,2026-07-20 10:03:09,2026-07-20 10:11:37,39491.0,39591.0,10.0
5611,1096,1,MNQU6,,Long,6,2026-07-21 10:05:04,2026-07-21 10:50:20,20148.75,20125.75,6.0
5612,1098,1,MNQU6,5611,Long,6,2026-07-21 10:05:07,2026-07-21 10:50:27,20148.75,20125.75,6.0
5613,1099,1,MNQU6,5611,Long,6,2026-07-21 10:05:05,2026-07-21 10:50:08,20149.0,20125.75,6.0
5614,1102,1,MNQU6,5611,Long,6,2026-07-21 10:05:06,2026-07-21 10:50:32,20148.75,20125.75,6.0
5615,1103,1,NQU6,5611,Long,2,2026-07-21 10:05:07,2026-07-21 10:50:14,20149.0,20125.5,8.0
5616,1106,1,NQU6,5611,Long,2,2026-07-21 10:05:06,2026-07-21 10:50:39,20148.75,20125.75,8.0
5617,1108,1,MNQU6,5611,Long,6,2026-07-21 10:05:05,2026-07-21 10:50:27,20148.75,20125.75,6.0
5618,1109,1,NQU6,5611,Long,2,2026-07-21 10:05:04,2026-07-21 10:50:47,20149.0,20125.75,8.0
5619,1111,1,MNQU6,5611,Long,6,2026-07-21 10:05:06,2026-07-21 10:50:09,20148.75,20125.75,6.0
5620,1112,1,MNQU6,5611,Long,6,2026-07-21 10:05:07,2026-07-21 10:50:11,20148.75,20125.75,6.0
5621,1114,1,MNQU6,5611,Long,6,2026-07-21 10:05:06,2026-07-21 10:50:33,20149.0,20125.75,6.0
5622,1115,1,MNQU6,5611,Long,6,2026-07-21 10:05:06,2026-07-21 10:50:50,20148.75,20125.75,6.0
5623,1116,1,MNQU6,5611,Long,6,2026-07-21 10:05:05,2026-07-21 10:50:19,20148.75,20125.75,6.0
5624,1117,1,MNQU6,5611,Long,6,2026-07-21 10:05:05,2026-07-21 10:50:47,20149.0,20125.5,6.0
5625,1118,1,MNQU6,5611,Long,6,2026-07-21 10:05:07,2026-07-21 10:50:37,20149.0,20125.5,6.0
5626,1119,1,MNQU6,5611,Long,6,2026-07-21 10:05:07,2026-07-21 10:50:08,20148.75,20125.75,6.0
5627,1096,2,M2KU6,,Short,10,2026-07-21 12:15:25,2026-07-21 12:24:43,1866.7,1861.5,10.0
5628,1098,2,M2KU6,5627,Short,10,2026-07-21 12:15:26,2026-07-21 12:24:31,1866.6,1861.5,10.0
5629,1099,2,M2KU6,5627,Short,10,2026-07-21 12:15:26,2026-07-21 12:24:41,1866.7,1861.5,10.0
5630,1102,2,M2KU6,5627,Short,10,2026-07-21 12:15:25,2026-07-21 12:25:07,1866.6,1861.6,10.0
5631,1103,2,RTYU6,5627,Short,2,2026-07-21 12:15:28,2026-07-21 12:24:28,1866.7,1861.5,8.0
5632,1106,2,RTYU6,5627,Short,2,2026-07-21 12:15:25,2026-07-21 12:24:52,1866.7,1861.5,8.0
5633,1108,2,M2KU6,5627,Short,10,2026-07-21 12:15:27,2026-07-21 12:25:14,1866.7,1861.5,10.0
5634,1111,2,M2KU6,5627,Short,10,2026-07-21 12:15:26,2026-07-21 12:25:24,1866.7,1861.5,10.0
5635,1112,2,M2KU6,5627,Short,10,2026-07-21 12:15:25,2026-07-21 12:24:50,1866.7,1861.5,10.0
5636,1113,2,M2KU6,5627,Short,10,2026-07-21 12:15:28,2026-07-21 12:24:47,1866.7,1861.5,10.0
5637,1115,2,M2KU6,5627,Short,10,2026-07-21 12:15:25,2026-07-21 12:25:16,1866.7,1861.5,10.0
5638,1116,2,M2KU6,5627,Short,10,2026-07-21 12:15:26,2026-07-21 12:24:56,1866.6,1861.6,10.0
5639,1117,2,M2KU6,5627,Short,10,2026-07-21 12:15:28,2026-07-21 12:24:56,1866.7,1861.5,10.0
5640,1119,2,M2KU6,5627,Short,10,2026-07-21 12:15:26,2026-07-21 12:24:59,1866.7,1861.5,10.0
5641,1096,3,MGCV6,,Short,5,2026-07-21 10:24:18,2026-07-21 11:05:13,3634.5,3640.6,5.0
5642,1098,3,MGCV6,5641,Short,5,2026-07-21 10:24:21,2026-07-21 11:05:08,3634.4,3640.6,5.0
5643,1099,3,MGCV6,5641,Short,5,2026-07-21 10:24:19,2026-07-21 11:05:01,3634.5,3640.6,5.0
5644,1102,3,MGCV6,5641,Short,5,2026-07-21 10:24:18,2026-07-21 11:04:53,3634.5,3640.6,5.0
5645,1103,3,GCV6,5641,Short,1,2026-07-21 10:24:19,2026-07-21 11:04:52,3634.4,3640.6,4.0
5646,1106,3,GCV6,5641,Short,1,2026-07-21 10:24:20,2026-07-21 11:05:10,3634.5,3640.6,4.0
5647,1108,3,MGCV6,5641,Short,5,2026-07-21 10:24:18,2026-07-21 11:04:45,3634.5,3640.6,5.0
5648,1109,3,GCV6,5641,Short,1,2026-07-21 10:24:20,2026-07-21 11:05:00,3634.5,3640.6,4.0
5649,1111,3,MGCV6,5641,Short,5,2026-07-21 10:24:19,2026-07-21 11:04:28,3634.5,3640.6,5.0
5650,1112,3,MGCV6,5641,Short,5,2026-07-21 10:24:21,2026-07-21 11:04:51,3634.5,3640.6,5.0
5651,1113,3,MGCV6,5641,Short,5,2026-07-21 10:24:19,2026-07-21 11:05:06,3634.5,3640.6,5.0
5652,1114,3,MGCV6,5641,Short,5,2026-07-21 10:24:20,2026-07-21 11:05:02,3634.5,3640.6,5.0
5653,1115,3,MGCV6,5641,Short,5,2026-07-21 10:24:19,2026-07-21 11:05:13,3634.5,3640.6,5.0
5654,1116,3,MGCV6,5641,Short,5,2026-07-21 10:24:20,2026-07-21 11:04:24,3634.5,3640.6,5.0
5655,1117,3,MGCV6,5641,Short,5,2026-07-21 10:24:20,2026-07-21 11:04:36,3634.5,3640.6,5.0
5656,1119,3,MGCV6,5641,Short,5,2026-07-21 10:24:19,2026-07-21 11:04:42,3634.5,3640.6,5.0
5657,1096,1,MNQU6,,Short,6,2026-07-22 09:58:49,2026-07-22 11:26:34,19807.5,19836.25,6.0
5658,1098,1,MNQU6,5657,Short,6,2026-07-22 09:58:49,2026-07-22 11:26:26,19807.25,19836.5,6.0
5659,1099,1,MNQU6,5657,Short,6,2026-07-22 09:58:49,2026-07-22 11:26:40,19807.25,19836.25,6.0
5660,1102,1,MNQU6,5657,Short,6,2026-07-22 09:58:50,2026-07-22 11:26:49,19807.25,19836.5,6.0
5661,1103,1,NQU6,5657,Short,2,2026-07-22 09:58:51,2026-07-22 11:25:59,19807.25,19836.25,8.0
5662,1106,1,NQU6,5657,Short,2,2026-07-22 09:58:51,2026-07-22 11:26:36,19807.5,19836.25,8.0
5663,1108,1,MNQU6,5657,Short,6,2026-07-22 09:58:51,2026-07-22 11:25:54,19807.5,19836.25,6.0
5664,1109,1,NQU6,5657,Short,2,2026-07-22 09:58:52,2026-07-22 11:26:42,19807.5,19836.25,8.0
5665,1111,1,MNQU6,5657,Short,6,2026-07-22 09:58:51,2026-07-22 11:26:46,19807.5,19836.25,6.0
5666,1112,1,MNQU6,5657,Short,6,2026-07-22 09:58:49,2026-07-22 11:25:56,19807.5,19836.25,6.0
5667,1113,1,MNQU6,5657,Short,6,2026-07-22 09:58:50,2026-07-22 11:26:08,19807.5,19836.25,6.0
5668,1114,1,MNQU6,5657,Short,6,2026-07-22 09:58:50,2026-07-22 11:26:27,19807.5,19836.25,6.0
5669,1115,1,MNQU6,5657,Short,6,2026-07-22 09:58:51,2026-07-22 11:26:18,19807.5,19836.25,6.0
5670,1116,1,MNQU6,5657,Short,6,2026-07-22 09:58:52,2026-07-22 11:26:17,19807.5,19836.25,6.0
5671,1117,1,MNQU6,5657,Short,6,2026-07-22 09:58:51,2026-07-22 11:26:10,19807.25,19836.5,6.0
5672,1118,1,MNQU6,5657,Short,6,2026-07-22 09:58:49,2026-07-22 11:25:52,19807.5,19836.25,6.0
5673,1119,1,MNQU6,5657,Short,6,2026-07-22 09:58:52,2026-07-22 11:26:35,19807.5,19836.25,6.0
5674,1096,2,MESU6,,Long,10,2026-07-22 12:16:41,2026-07-22 12:36:44,7441.25,7447.0,10.0
5675,1098,2,MESU6,5674,Long,10,2026-07-22 12:16:43,2026-07-22 12:37:08,7441.5,7447.0,10.0
5676,1102,2,MESU6,5674,Long,10,2026-07-22 12:16:44,2026-07-22 12:37:07,7441.25,7447.0,10.0
5677,1103,2,ESU6,5674,Long,2,2026-07-22 12:16:41,2026-07-22 12:36:54,7441.25,7447.0,8.0
5678,1106,2,ESU6,5674,Long,2,2026-07-22 12:16:42,2026-07-22 12:37:15,7441.5,7447.0,8.0
5679,1108,2,MESU6,5674,Long,10,2026-07-22 12:16:44,2026-07-22 12:37:29,7441.5,7446.75,10.0
5680,1109,2,ESU6,5674,Long,2,2026-07-22 12:16:43,2026-07-22 12:37:14,7441.5,7447.0,8.0
5681,1111,2,MESU6,5674,Long,10,2026-07-22 12:16:44,2026-07-22 12:37:40,7441.5,7447.0,10.0
5682,1112,2,MESU6,5674,Long,10,2026-07-22 12:16:43,2026-07-22 12:36:46,7441.25,7447.0,10.0
5683,1113,2,MESU6,5674,Long,10,2026-07-22 12:16:42,2026-07-22 12:36:55,7441.25,7447.0,10.0
5684,1114,2,MESU6,5674,Long,10,2026-07-22 12:16:44,2026-07-22 12:37:39,7441.25,7447.0,10.0
5685,1116,2,MESU6,5674,Long,10,2026-07-22 12:16:42,2026-07-22 12:37:33,7441.25,7447.0,10.0
5686,1117,2,MESU6,5674,Long,10,2026-07-22 12:16:42,2026-07-22 12:37:31,7441.25,7447.0,10.0
5687,1118,2,MESU6,5674,Long,10,2026-07-22 12:16:41,2026-07-22 12:36:54,7441.25,7447.0,10.0
5688,1119,2,MESU6,5674,Long,10,2026-07-22 12:16:42,2026-07-22 12:36:51,7441.5,7447.0,10.0
5689,1096,4,MGCV6,,Long,5,2026-07-22 03:22:21,2026-07-22 04:29:47,3636.0,3630.1,5.0
5690,1098,4,MGCV6,5689,Long,5,2026-07-22 03:22:23,2026-07-22 04:30:20,3636.0,3630.1,5.0
5691,1099,4,MGCV6,5689,Long,5,2026-07-22 03:22:22,2026-07-22 04:30:14,3636.0,3630.1,5.0
5692,1102,4,MGCV6,5689,Long,5,2026-07-22 03:22:21,2026-07-22 04:29:40,3636.1,3630.0,5.0
5693,1103,4,GCV6,5689,Long,1,2026-07-22 03:22:21,2026-07-22 04:29:25,3636.0,3630.1,4.0
5694,1106,4,GCV6,5689,Long,1,2026-07-22 03:22:21,2026-07-22 04:30:08,3636.0,3630.1,4.0
5695,1108,4,MGCV6,5689,Long,5,2026-07-22 03:22:22,2026-07-22 04:30:21,3636.0,3630.1,5.0
5696,1109,4,GCV6,5689,Long,1,2026-07-22 03:22:21,2026-07-22 04:29:55,3636.1,3630.1,4.0
5697,1111,4,MGCV6,5689,Long,5,2026-07-22 03:22:24,2026-07-22 04:30:18,3636.0,3630.1,5.0
5698,1112,4,MGCV6,5689,Long,5,2026-07-22 03:22:22,2026-07-22 04:29:28,3636.1,3630.1,5.0
5699,1113,4,MGCV6,5689,Long,5,2026-07-22 03:22:23,2026-07-22 04:29:33,3636.1,3630.0,5.0
5700,1114,4,MGCV6,5689,Long,5,2026-07-22 03:22:24,2026-07-22 04:30:12,3636.0,3630.1,5.0
5701,1115,4,MGCV6,5689,Long,5,2026-07-22 03:22:22,2026-07-22 04:30:00,3636.1,3630.1,5.0
5702,1116,4,MGCV6,5689,Long,5,2026-07-22 03:22:21,2026-07-22 04:29:35,3636.1,3630.0,5.0
5703,1117,4,MGCV6,5689,Long,5,2026-07-22 03:22:22,2026-07-22 04:30:11,3636.0,3630.1,5.0
5704,1118,4,MGCV6,5689,Long,5,2026-07-22 03:22:23,2026-07-22 04:29:42,3636.0,3630.1,5.0
5705,1119,4,MGCV6,5689,Long,5,2026-07-22 03:22:23,2026-07-22 04:30:11,3636.0,3630.1,5.0
5706,1096,2,M2KU6,,Short,10,2026-07-23 12:19:08,2026-07-23 12:27:19,1893.1,1885.8,10.0
5707,1098,2,M2KU6,5706,Short,10,2026-07-23 12:19:10,2026-07-23 12:28:04,1893.0,1885.8,10.0
5708,1102,2,M2KU6,5706,Short,10,2026-07-23 12:19:08,2026-07-23 12:28:07,1893.1,1885.8,10.0
5709,1103,2,RTYU6,5706,Short,2,2026-07-23 12:19:10,2026-07-23 12:27:20,1893.0,1885.8,8.0
5710,1108,2,M2KU6,5706,Short,10,2026-07-23 12:19:09,2026-07-23 12:27:16,1893.1,1885.8,10.0
5711,1109,2,RTYU6,5706,Short,2,2026-07-23 12:19:09,2026-07-23 12:27:17,1893.1,1885.8,8.0
5712,1111,2,M2KU6,5706,Short,10,2026-07-23 12:19:10,2026-07-23 12:28:09,1893.1,1885.8,10.0
5713,1112,2,M2KU6,5706,Short,10,2026-07-23 12:19:11,2026-07-23 12:27:37,1893.1,1885.8,10.0
5714,1113,2,M2KU6,5706,Short,10,2026-07-23 12:19:08,2026-07-23 12:27:48,1893.0,1885.9,10.0
5715,1114,2,M2KU6,5706,Short,10,2026-07-23 12:19:08,2026-07-23 12:27:40,1893.1,1885.8,10.0
5716,1115,2,M2KU6,5706,Short,10,2026-07-23 12:19:10,2026-07-23 12:28:00,1893.0,1885.9,10.0
5717,1116,2,M2KU6,5706,Short,10,2026-07-23 12:19:10,2026-07-23 12:27:25,1893.1,1885.8,10.0
5718,1117,2,M2KU6,5706,Short,10,2026-07-23 12:19:09,2026-07-23 12:28:02,1893.0,1885.9,10.0
5719,1118,2,M2KU6,5706,Short,10,2026-07-23 12:19:09,2026-07-23 12:27:44,1893.0,1885.8,10.0
5720,1119,2,M2KU6,5706,Short,10,2026-07-23 12:19:08,2026-07-23 12:27:50,1893.1,1885.8,10.0
5721,1096,3,MNQU6,,Short,6,2026-07-23 10:35:39,2026-07-23 11:56:28,19671.0,19618.75,6.0
5722,1102,3,MNQU6,5721,Short,6,2026-07-23 10:35:41,2026-07-23 11:56:07,19671.0,19618.75,6.0
5723,1103,3,NQU6,5721,Short,2,2026-07-23 10:35:41,2026-07-23 11:56:28,19671.0,19618.75,8.0
5724,1108,3,MNQU6,5721,Short,6,2026-07-23 10:35:39,2026-07-23 11:55:56,19670.75,19619.0,6.0
5725,1109,3,NQU6,5721,Short,2,2026-07-23 10:35:39,2026-07-23 11:55:53,19671.0,19618.75,8.0
5726,1111,3,MNQU6,5721,Short,6,2026-07-23 10:35:40,2026-07-23 11:55:44,19670.75,19619.0,6.0
5727,1112,3,MNQU6,5721,Short,6,2026-07-23 10:35:39,2026-07-23 11:56:24,19671.0,19618.75,6.0
5728,1113,3,MNQU6,5721,Short,6,2026-07-23 10:35:40,2026-07-23 11:55:55,19670.75,19618.75,6.0
5729,1114,3,MNQU6,5721,Short,6,2026-07-23 10:35:41,2026-07-23 11:55:50,19671.0,19618.75,6.0
5730,1115,3,MNQU6,5721,Short,6,2026-07-23 10:35:42,2026-07-23 11:56:09,19671.0,19618.75,6.0
5731,1116,3,MNQU6,5721,Short,6,2026-07-23 10:35:42,2026-07-23 11:56:12,19670.75,19618.75,6.0
5732,1117,3,MNQU6,5721,Short,6,2026-07-23 10:35:42,2026-07-23 11:56:04,19670.75,19618.75,6.0
5733,1118,3,MNQU6,5721,Short,6,2026-07-23 10:35:42,2026-07-23 11:56:07,19670.75,19619.0,6.0
5734,1119,3,MNQU6,5721,Short,6,2026-07-23 10:35:40,2026-07-23 11:55:54,19671.0,19618.75,6.0
5735,1096,4,MGCV6,,Long,5,2026-07-23 03:22:07,2026-07-23 03:32:34,3646.0,3640.5,5.0
5736,1098,4,MGCV6,5735,Long,5,2026-07-23 03:22:10,2026-07-23 03:32:54,3646.1,3640.4,5.0
5737,1102,4,MGCV6,5735,Long,5,2026-07-23 03:22:08,2026-07-23 03:33:01,3646.0,3640.5,5.0
5738,1103,4,GCV6,5735,Long,1,2026-07-23 03:22:10,2026-07-23 03:32:57,3646.1,3640.4,4.0
5739,1108,4,MGCV6,5735,Long,5,2026-07-23 03:22:09,2026-07-23 03:32:13,3646.0,3640.5,5.0
5740,1111,4,MGCV6,5735,Long,5,2026-07-23 03:22:09,2026-07-23 03:32:21,3646.0,3640.5,5.0
5741,1112,4,MGCV6,5735,Long,5,2026-07-23 03:22:09,2026-07-23 03:32:26,3646.0,3640.5,5.0
5742,1113,4,MGCV6,5735,Long,5,2026-07-23 03:22:09,2026-07-23 03:32:14,3646.0,3640.5,5.0
5743,1114,4,MGCV6,5735,Long,5,2026-07-23 03:22:08,2026-07-23 03:32:20,3646.0,3640.5,5.0
5744,1115,4,MGCV6,5735,Long,5,2026-07-23 03:22:07,2026-07-23 03:32:56,3646.0,3640.5,5.0
5745,1116,4,MGCV6,5735,Long,5,2026-07-23 03:22:07,2026-07-23 03:32:59,3646.0,3640.5,5.0
5746,1119,4,MGCV6,5735,Long,5,2026-07-23 03:22:10,2026-07-23 03:32:33,3646.0,3640.5,5.0
5747,1096,1,MESU6,,Long,10,2026-07-24 09:59:34,2026-07-24 10:41:42,7417.5,7411.25,10.0
5748,1098,1,MESU6,5747,Long,10,2026-07-24 09:59:37,2026-07-24 10:42:34,7417.75,7411.0,10.0
5749,1102,1,MESU6,5747,Long,10,2026-07-24 09:59:37,2026-07-24 10:41:57,7417.5,7411.25,10.0
5750,1103,1,ESU6,5747,Long,2,2026-07-24 09:59:37,2026-07-24 10:41:58,7417.75,7411.25,8.0
5751,1108,1,MESU6,5747,Long,10,2026-07-24 09:59:37,2026-07-24 10:42:30,7417.5,7411.25,10.0
5752,1109,1,ESU6,5747,Long,2,2026-07-24 09:59:37,2026-07-24 10:42:18,7417.75,7411.0,8.0
5753,1112,1,MESU6,5747,Long,10,2026-07-24 09:59:37,2026-07-24 10:42:17,7417.75,7411.25,10.0
5754,1113,1,MESU6,5747,Long,10,2026-07-24 09:59:36,2026-07-24 10:42:29,7417.75,7411.0,10.0
5755,1114,1,MESU6,5747,Long,10,2026-07-24 09:59:36,2026-07-24 10:41:38,7417.75,7411.25,10.0
5756,1115,1,MESU6,5747,Long,10,2026-07-24 09:59:34,2026-07-24 10:42:20,7417.75,7411.25,10.0
5757,1116,1,MESU6,5747,Long,10,2026-07-24 09:59:37,2026-07-24 10:42:08,7417.75,7411.0,10.0
5758,1117,1,MESU6,5747,Long,10,2026-07-24 09:59:37,2026-07-24 10:41:43,7417.75,7411.0,10.0
5759,1118,1,MESU6,5747,Long,10,2026-07-24 09:59:36,2026-07-24 10:42:34,7417.75,7411.25,10.0
5760,1119,1,MESU6,5747,Long,10,2026-07-24 09:59:35,2026-07-24 10:42:10,7417.5,7411.25,10.0
5761,1096,2,MESU6,,Long,10,2026-07-24 12:14:18,2026-07-24 12:38:31,7422.5,7416.0,10.0
5762,1098,2,MESU6,5761,Long,10,2026-07-24 12:14:19,2026-07-24 12:39:17,7422.5,7416.0,10.0
5763,1102,2,MESU6,5761,Long,10,2026-07-24 12:14:20,2026-07-24 12:39:02,7422.75,7416.0,10.0
5764,1103,2,ESU6,5761,Long,2,2026-07-24 12:14:18,2026-07-24 12:38:20,7422.75,7416.0,8.0
5765,1108,2,MESU6,5761,Long,10,2026-07-24 12:14:19,2026-07-24 12:38:40,7422.75,7416.0,10.0
5766,1109,2,ESU6,5761,Long,2,2026-07-24 12:14:20,2026-07-24 12:38:54,7422.5,7416.0,8.0
5767,1113,2,MESU6,5761,Long,10,2026-07-24 12:14:20,2026-07-24 12:39:17,7422.5,7416.0,10.0
5768,1114,2,MESU6,5761,Long,10,2026-07-24 12:14:21,2026-07-24 12:38:26,7422.5,7416.0,10.0
5769,1115,2,MESU6,5761,Long,10,2026-07-24 12:14:19,2026-07-24 12:39:15,7422.75,7415.75,10.0
5770,1116,2,MESU6,5761,Long,10,2026-07-24 12:14:20,2026-07-24 12:38:36,7422.75,7415.75,10.0
5771,1117,2,MESU6,5761,Long,10,2026-07-24 12:14:19,2026-07-24 12:38:45,7422.5,7416.0,10.0
5772,1118,2,MESU6,5761,Long,10,2026-07-24 12:14:19,2026-07-24 12:38:51,7422.75,7415.75,10.0
5773,1119,2,MESU6,5761,Long,10,2026-07-24 12:14:21,2026-07-24 12:39:19,7422.5,7416.0,10.0
5774,1096,3,MNQU6,,Short,6,2026-07-24 10:21:42,2026-07-24 11:56:44,19391.25,19412.75,6.0
5775,1098,3,MNQU6,5774,Short,6,2026-07-24 10:21:42,2026-07-24 11:57:21,19391.25,19412.75,6.0
5776,1102,3,MNQU6,5774,Short,6,2026-07-24 10:21:42,2026-07-24 11:57:08,19391.25,19412.75,6.0
5777,1103,3,NQU6,5774,Short,2,2026-07-24 10:21:43,2026-07-24 11:57:33,19391.25,19412.75,8.0
5778,1108,3,MNQU6,5774,Short,6,2026-07-24 10:21:44,2026-07-24 11:56:53,19391.0,19413.0,6.0
5779,1109,3,NQU6,5774,Short,2,2026-07-24 10:21:45,2026-07-24 11:57:14,19391.0,19412.75,8.0
5780,1111,3,MNQU6,5774,Short,6,2026-07-24 10:21:44,2026-07-24 11:57:27,19391.25,19412.75,6.0
5781,1112,3,MNQU6,5774,Short,6,2026-07-24 10:21:42,2026-07-24 11:56:44,19391.25,19412.75,6.0
5782,1113,3,MNQU6,5774,Short,6,2026-07-24 10:21:44,2026-07-24 11:57:08,19391.0,19412.75,6.0
5783,1114,3,MNQU6,5774,Short,6,2026-07-24 10:21:42,2026-07-24 11:56:53,19391.25,19412.75,6.0
5784,1115,3,MNQU6,5774,Short,6,2026-07-24 10:21:45,2026-07-24 11:57:16,19391.25,19412.75,6.0
5785,1116,3,MNQU6,5774,Short,6,2026-07-24 10:21:43,2026-07-24 11:57:42,19391.0,19413.0,6.0
5786,1117,3,MNQU6,5774,Short,6,2026-07-24 10:21:45,2026-07-24 11:57:18,19391.0,19412.75,6.0
5787,1118,3,MNQU6,5774,Short,6,2026-07-24 10:21:42,2026-07-24 11:56:48,19391.25,19412.75,6.0
5788,1119,3,MNQU6,5774,Short,6,2026-07-24 10:21:42,2026-07-24 11:56:47,19391.0,19413.0,6.0
5789,1096,4,MGCV6,,Short,5,2026-07-24 03:33:23,2026-07-24 04:24:33,3689.9,3681.48,5.0
5790,1098,4,MGCV6,5789,Short,5,2026-07-24 03:33:25,2026-07-24 04:24:41,3689.8,3681.5,5.0
5791,1102,4,MGCV6,5789,Short,5,2026-07-24 03:33:25,2026-07-24 04:24:35,3689.8,3681.5,5.0
5792,1108,4,MGCV6,5789,Short,5,2026-07-24 03:33:25,2026-07-24 04:24:31,3689.9,3681.48,5.0
5793,1109,4,GCV6,5789,Short,1,2026-07-24 03:33:25,2026-07-24 04:24:41,3689.9,3681.5,4.0
5794,1111,4,MGCV6,5789,Short,5,2026-07-24 03:33:25,2026-07-24 04:24:51,3689.8,3681.6,5.0
5795,1112,4,MGCV6,5789,Short,5,2026-07-24 03:33:25,2026-07-24 04:25:05,3689.9,3681.5,5.0
5796,1113,4,MGCV6,5789,Short,5,2026-07-24 03:33:25,2026-07-24 04:24:29,3689.9,3681.5,5.0
5797,1115,4,MGCV6,5789,Short,5,2026-07-24 03:33:25,2026-07-24 04:24:39,3689.9,3681.5,5.0
5798,1116,4,MGCV6,5789,Short,5,2026-07-24 03:33:25,2026-07-24 04:25:16,3689.8,3681.5,5.0
5799,1117,4,MGCV6,5789,Short,5,2026-07-24 03:33:25,2026-07-24 04:25:12,3689.9,3681.48,5.0
5800,1118,4,MGCV6,5789,Short,5,2026-07-24 03:33:25,2026-07-24 04:25:06,3689.9,3681.5,5.0
5801,1119,4,MGCV6,5789,Short,5,2026-07-24 03:33:23,2026-07-24 04:25:04,3689.8,3681.5,5.0
5802,1096,1,MESU6,,Long,10,2026-07-27 09:57:29,2026-07-27 10:50:31,7506.5,7500.75,10.0
5803,1098,1,MESU6,5802,Long,10,2026-07-27 09:57:31,2026-07-27 10:51:07,7506.75,7500.75,10.0
5804,1102,1,MESU6,5802,Long,10,2026-07-27 09:57:31,2026-07-27 10:51:02,7506.75,7500.75,10.0
5805,1108,1,MESU6,5802,Long,10,2026-07-27 09:57:30,2026-07-27 10:50:40,7506.75,7500.75,10.0
5806,1109,1,ESU6,5802,Long,2,2026-07-27 09:57:32,2026-07-27 10:51:26,7506.75,7500.5,8.0
5807,1111,1,MESU6,5802,Long,10,2026-07-27 09:57:29,2026-07-27 10:50:54,7506.75,7500.5,10.0
5808,1112,1,MESU6,5802,Long,10,2026-07-27 09:57:30,2026-07-27 10:51:16,7506.75,7500.5,10.0
5809,1113,1,MESU6,5802,Long,10,2026-07-27 09:57:32,2026-07-27 10:51:08,7506.75,7500.5,10.0
5810,1114,1,MESU6,5802,Long,10,2026-07-27 09:57:29,2026-07-27 10:51:08,7506.75,7500.5,10.0
5811,1115,1,MESU6,5802,Long,10,2026-07-27 09:57:32,2026-07-27 10:51:05,7506.5,7500.75,10.0
5812,1116,1,MESU6,5802,Long,10,2026-07-27 09:57:29,2026-07-27 10:51:02,7506.75,7500.5,10.0
5813,1117,1,MESU6,5802,Long,10,2026-07-27 09:57:32,2026-07-27 10:51:25,7506.75,7500.75,10.0
5814,1118,1,MESU6,5802,Long,10,2026-07-27 09:57:29,2026-07-27 10:50:42,7506.75,7500.75,10.0
5815,1119,1,MESU6,5802,Long,10,2026-07-27 09:57:31,2026-07-27 10:51:01,7506.5,7500.75,10.0
5816,1096,2,M2KU6,,Long,10,2026-07-27 12:17:39,2026-07-27 12:43:08,1830.0,1834.0,10.0
5817,1098,2,M2KU6,5816,Long,10,2026-07-27 12:17:39,2026-07-27 12:42:44,1830.0,1834.0,10.0
5818,1102,2,M2KU6,5816,Long,10,2026-07-27 12:17:39,2026-07-27 12:42:53,1830.1,1834.0,10.0
5819,1103,2,RTYU6,5816,Long,2,2026-07-27 12:17:39,2026-07-27 12:43:16,1830.1,1834.0,8.0
5820,1108,2,M2KU6,5816,Long,10,2026-07-27 12:17:42,2026-07-27 12:42:52,1830.0,1834.0,10.0
5821,1109,2,RTYU6,5816,Long,2,2026-07-27 12:17:40,2026-07-27 12:43:18,1830.0,1834.0,8.0
5822,1111,2,M2KU6,5816,Long,10,2026-07-27 12:17:40,2026-07-27 12:42:59,1830.0,1834.0,10.0
5823,1112,2,M2KU6,5816,Long,10,2026-07-27 12:17:41,2026-07-27 12:43:12,1830.1,1834.0,10.0
5824,1113,2,M2KU6,5816,Long,10,2026-07-27 12:17:39,2026-07-27 12:43:04,1830.0,1834.0,10.0
5825,1115,2,M2KU6,5816,Long,10,2026-07-27 12:17:42,2026-07-27 12:42:56,1830.0,1834.0,10.0
5826,1116,2,M2KU6,5816,Long,10,2026-07-27 12:17:41,2026-07-27 12:43:04,1830.0,1834.0,10.0
5827,1117,2,M2KU6,5816,Long,10,2026-07-27 12:17:41,2026-07-27 12:43:14,1830.1,1833.9,10.0
5828,1118,2,M2KU6,5816,Long,10,2026-07-27 12:17:42,2026-07-27 12:43:21,1830.0,1834.0,10.0
5829,1119,2,M2KU6,5816,Long,10,2026-07-27 12:17:39,2026-07-27 12:43:31,1830.1,1833.9,10.0
5830,1098,4,MCLU6,,Long,10,2026-07-27 03:26:13,2026-07-27 04:15:32,29.99,29.72,10.0
5831,1102,4,MCLU6,5830,Long,10,2026-07-27 03:26:14,2026-07-27 04:15:32,29.99,29.72,10.0
5832,1103,4,CLU6,5830,Long,2,2026-07-27 03:26:16,2026-07-27 04:15:55,29.99,29.72,8.0
5833,1108,4,MCLU6,5830,Long,10,2026-07-27 03:26:16,2026-07-27 04:15:59,29.99,29.72,10.0
5834,1109,4,CLU6,5830,Long,2,2026-07-27 03:26:13,2026-07-27 04:16:08,29.99,29.72,8.0
5835,1111,4,MCLU6,5830,Long,10,2026-07-27 03:26:14,2026-07-27 04:15:57,29.99,29.72,10.0
5836,1112,4,MCLU6,5830,Long,10,2026-07-27 03:26:16,2026-07-27 04:15:28,30.0,29.71,10.0
5837,1113,4,MCLU6,5830,Long,10,2026-07-27 03:26:15,2026-07-27 04:15:37,30.0,29.72,10.0
5838,1114,4,MCLU6,5830,Long,10,2026-07-27 03:26:16,2026-07-27 04:15:42,29.99,29.72,10.0
5839,1115,4,MCLU6,5830,Long,10,2026-07-27 03:26:14,2026-07-27 04:15:53,29.99,29.72,10.0
5840,1116,4,MCLU6,5830,Long,10,2026-07-27 03:26:14,2026-07-27 04:15:21,29.99,29.72,10.0
5841,1117,4,MCLU6,5830,Long,10,2026-07-27 03:26:13,2026-07-27 04:16:12,29.99,29.72,10.0
5842,1119,4,MCLU6,5830,Long,10,2026-07-27 03:26:16,2026-07-27 04:15:58,29.99,29.72,10.0
5843,1096,3,MCLU6,,Long,10,2026-07-28 10:26:20,2026-07-28 11:52:18,30.94,31.56,10.0
5844,1103,3,CLU6,5843,Long,2,2026-07-28 10:26:21,2026-07-28 11:51:52,30.94,31.56,8.0
5845,1108,3,MCLU6,5843,Long,10,2026-07-28 10:26:21,2026-07-28 11:51:57,30.94,31.56,10.0
5846,1109,3,CLU6,5843,Long,2,2026-07-28 10:26:20,2026-07-28 11:51:22,30.95,31.56,8.0
5847,1111,3,MCLU6,5843,Long,10,2026-07-28 10:26:21,2026-07-28 11:52:14,30.95,31.55,10.0
5848,1112,3,MCLU6,5843,Long,10,2026-07-28 10:26:23,2026-07-28 11:51:54,30.94,31.56,10.0
5849,1113,3,MCLU6,5843,Long,10,2026-07-28 10:26:22,2026-07-28 11:52:01,30.95,31.56,10.0
5850,1114,3,MCLU6,5843,Long,10,2026-07-28 10:26:23,2026-07-28 11:52:17,30.95,31.55,10.0
5851,1116,3,MCLU6,5843,Long,10,2026-07-28 10:26:20,2026-07-28 11:52:13,30.95,31.55,10.0
5852,1117,3,MCLU6,5843,Long,10,2026-07-28 10:26:20,2026-07-28 11:52:18,30.94,31.56,10.0
5853,1118,3,MCLU6,5843,Long,10,2026-07-28 10:26:21,2026-07-28 11:51:57,30.95,31.55,10.0
5854,1119,3,MCLU6,5843,Long,10,2026-07-28 10:26:22,2026-07-28 11:51:44,30.94,31.56,10.0
5855,1096,4,MCLU6,,Short,10,2026-07-28 03:32:20,2026-07-28 04:31:13,30.94,31.2,10.0
5856,1109,4,CLU6,5855,Short,2,2026-07-28 03:32:22,2026-07-28 04:30:28,30.93,31.2,8.0
5857,1111,4,MCLU6,5855,Short,10,2026-07-28 03:32:20,2026-07-28 04:30:38,30.94,31.2,10.0
5858,1113,4,MCLU6,5855,Short,10,2026-07-28 03:32:21,2026-07-28 04:31:14,30.94,31.2,10.0
5859,1114,4,MCLU6,5855,Short,10,2026-07-28 03:32:22,2026-07-28 04:30:52,30.93,31.21,10.0
5860,1115,4,MCLU6,5855,Short,10,2026-07-28 03:32:23,2026-07-28 04:30:25,30.94,31.2,10.0
5861,1117,4,MCLU6,5855,Short,10,2026-07-28 03:32:20,2026-07-28 04:31:16,30.94,31.2,10.0
5862,1118,4,MCLU6,5855,Short,10,2026-07-28 03:32:20,2026-07-28 04:30:32,30.94,31.2,10.0
5863,1119,4,MCLU6,5855,Short,10,2026-07-28 03:32:21,2026-07-28 04:31:09,30.94,31.2,10.0
5864,1108,3,MNQU6,,Long,6,2026-07-29 10:29:16,2026-07-29 10:48:34,19391.0,19451.0,6.0
5865,1109,3,NQU6,5864,Long,2,2026-07-29 10:29:16,2026-07-29 10:48:44,19391.0,19451.0,8.0
5866,1111,3,MNQU6,5864,Long,6,2026-07-29 10:29:18,2026-07-29 10:48:23,19391.0,19451.0,6.0
5867,1112,3,MNQU6,5864,Long,6,2026-07-29 10:29:17,2026-07-29 10:48:54,19391.25,19450.75,6.0
5868,1113,3,MNQU6,5864,Long,6,2026-07-29 10:29:18,2026-07-29 10:48:56,19391.0,19451.0,6.0
5869,1114,3,MNQU6,5864,Long,6,2026-07-29 10:29:17,2026-07-29 10:48:47,19391.0,19451.0,6.0
5870,1115,3,MNQU6,5864,Long,6,2026-07-29 10:29:17,2026-07-29 10:48:46,19391.0,19451.0,6.0
5871,1117,3,MNQU6,5864,Long,6,2026-07-29 10:29:17,2026-07-29 10:48:46,19391.0,19451.0,6.0
5872,1118,3,MNQU6,5864,Long,6,2026-07-29 10:29:18,2026-07-29 10:48:30,19391.0,19451.0,6.0
5873,1119,3,MNQU6,5864,Long,6,2026-07-29 10:29:18,2026-07-29 10:49:03,19391.25,19450.75,6.0
5874,1096,4,MCLU6,,Long,10,2026-07-29 03:25:41,2026-07-29 04:51:00,30.34,30.97,10.0
5875,1103,4,CLU6,5874,Long,2,2026-07-29 03:25:44,2026-07-29 04:51:29,30.35,30.97,8.0
5876,1108,4,MCLU6,5874,Long,10,2026-07-29 03:25:44,2026-07-29 04:51:15,30.34,30.97,10.0
5877,1109,4,CLU6,5874,Long,2,2026-07-29 03:25:44,2026-07-29 04:51:37,30.34,30.97,8.0
5878,1111,4,MCLU6,5874,Long,10,2026-07-29 03:25:44,2026-07-29 04:51:07,30.35,30.97,10.0
5879,1112,4,MCLU6,5874,Long,10,2026-07-29 03:25:42,2026-07-29 04:51:26,30.34,30.97,10.0
5880,1113,4,MCLU6,5874,Long,10,2026-07-29 03:25:43,2026-07-29 04:51:20,30.35,30.96,10.0
5881,1114,4,MCLU6,5874,Long,10,2026-07-29 03:25:44,2026-07-29 04:51:29,30.35,30.96,10.0
5882,1115,4,MCLU6,5874,Long,10,2026-07-29 03:25:44,2026-07-29 04:51:05,30.34,30.97,10.0
5883,1117,4,MCLU6,5874,Long,10,2026-07-29 03:25:42,2026-07-29 04:51:28,30.35,30.97,10.0
5884,1118,4,MCLU6,5874,Long,10,2026-07-29 03:25:43,2026-07-29 04:51:19,30.34,30.97,10.0
5885,1119,4,MCLU6,5874,Long,10,2026-07-29 03:25:44,2026-07-29 04:51:43,30.34,30.97,10.0
5886,1096,3,MCLU6,,Short,10,2026-07-30 10:39:27,2026-07-30 11:14:47,30.39,29.82,10.0
5887,1103,3,CLU6,5886,Short,2,2026-07-30 10:39:29,2026-07-30 11:15:21,30.39,29.82,8.0
5888,1108,3,MCLU6,5886,Short,10,2026-07-30 10:39:30,2026-07-30 11:15:18,30.38,29.82,10.0
5889,1109,3,CLU6,5886,Short,2,2026-07-30 10:39:30,2026-07-30 11:15:07,30.39,29.82,8.0
5890,1112,3,MCLU6,5886,Short,10,2026-07-30 10:39:28,2026-07-30 11:15:01,30.39,29.82,10.0
5891,1113,3,MCLU6,5886,Short,10,2026-07-30 10:39:27,2026-07-30 11:15:09,30.38,29.82,10.0
5892,1114,3,MCLU6,5886,Short,10,2026-07-30 10:39:30,2026-07-30 11:15:07,30.39,29.82,10.0
5893,1115,3,MCLU6,5886,Short,10,2026-07-30 10:39:28,2026-07-30 11:14:39,30.38,29.83,10.0
5894,1116,3,MCLU6,5886,Short,10,2026-07-30 10:39:28,2026-07-30 11:14:53,30.39,29.82,10.0
5895,1117,3,MCLU6,5886,Short,10,2026-07-30 10:39:30,2026-07-30 11:14:43,30.38,29.83,10.0
5896,1118,3,MCLU6,5886,Short,10,2026-07-30 10:39:30,2026-07-30 11:14:43,30.38,29.82,10.0
5897,1119,3,MCLU6,5886,Short,10,2026-07-30 10:39:29,2026-07-30 11:14:50,30.39,29.82,10.0
5898,1120,3,MCLU6,5886,Short,10,2026-07-30 10:39:27,2026-07-30 11:14:52,30.39,29.82,10.0
5899,1121,3,MCLU6,5886,Short,10,2026-07-30 10:39:29,2026-07-30 11:14:51,30.38,29.83,10.0
5900,1096,4,MCLU6,,Long,10,2026-07-30 03:19:28,2026-07-30 04:54:50,30.35,30.81,10.0
5901,1103,4,CLU6,5900,Long,2,2026-07-30 03:19:31,2026-07-30 04:54:59,30.35,30.81,8.0
5902,1108,4,MCLU6,5900,Long,10,2026-07-30 03:19:29,2026-07-30 04:55:27,30.35,30.81,10.0
5903,1109,4,CLU6,5900,Long,2,2026-07-30 03:19:31,2026-07-30 04:55:09,30.35,30.81,8.0
5904,1112,4,MCLU6,5900,Long,10,2026-07-30 03:19:31,2026-07-30 04:54:53,30.36,30.8,10.0
5905,1114,4,MCLU6,5900,Long,10,2026-07-30 03:19:31,2026-07-30 04:54:45,30.35,30.81,10.0
5906,1115,4,MCLU6,5900,Long,10,2026-07-30 03:19:28,2026-07-30 04:55:05,30.35,30.81,10.0
5907,1116,4,MCLU6,5900,Long,10,2026-07-30 03:19:31,2026-07-30 04:54:46,30.36,30.8,10.0
5908,1117,4,MCLU6,5900,Long,10,2026-07-30 03:19:31,2026-07-30 04:54:53,30.35,30.81,10.0
5909,1119,4,MCLU6,5900,Long,10,2026-07-30 03:19:31,2026-07-30 04:54:50,30.35,30.81,10.0
5910,1120,4,MCLU6,5900,Long,10,2026-07-30 03:19:30,2026-07-30 04:55:22,30.35,30.81,10.0
5911,1121,4,MCLU6,5900,Long,10,2026-07-30 03:19:31,2026-07-30 04:55:15,30.36,30.8,10.0
5912,1096,2,M2KU6,,Long,10,2026-07-31 12:22:57,2026-07-31 12:32:28,1806.2,1812.2,10.0
5913,1103,2,RTYU6,5912,Long,2,2026-07-31 12:22:57,2026-07-31 12:32:22,1806.3,1812.2,8.0
5914,1108,2,M2KU6,5912,Long,10,2026-07-31 12:22:57,2026-07-31 12:32:32,1806.3,1812.1,10.0
5915,1112,2,M2KU6,5912,Long,10,2026-07-31 12:23:00,2026-07-31 12:32:30,1806.2,1812.2,10.0
5916,1113,2,M2KU6,5912,Long,10,2026-07-31 12:22:59,2026-07-31 12:32:07,1806.2,1812.2,10.0
5917,1114,2,M2KU6,5912,Long,10,2026-07-31 12:23:00,2026-07-31 12:32:05,1806.2,1812.2,10.0
5918,1115,2,M2KU6,5912,Long,10,2026-07-31 12:23:00,2026-07-31 12:32:34,1806.3,1812.2,10.0
5919,1116,2,M2KU6,5912,Long,10,2026-07-31 12:22:58,2026-07-31 12:32:38,1806.3,1812.2,10.0
5920,1117,2,M2KU6,5912,Long,10,2026-07-31 12:22:59,2026-07-31 12:32:42,1806.3,1812.1,10.0
5921,1118,2,M2KU6,5912,Long,10,2026-07-31 12:22:58,2026-07-31 12:32:23,1806.2,1812.2,10.0
5922,1119,2,M2KU6,5912,Long,10,2026-07-31 12:22:59,2026-07-31 12:32:33,1806.2,1812.2,10.0
5923,1120,2,M2KU6,5912,Long,10,2026-07-31 12:22:58,2026-07-31 12:32:38,1806.2,1812.2,10.0
5924,1121,2,M2KU6,5912,Long,10,2026-07-31 12:22:59,2026-07-31 12:32:56,1806.2,1812.2,10.0
5925,1122,2,RTYU6,5912,Long,2,2026-07-31 12:22:59,2026-07-31 12:32:08,1806.3,1812.1,8.0
5926,1123,2,M2KU6,5912,Long,10,2026-07-31 12:23:00,2026-07-31 12:32:21,1806.3,1812.2,10.0
5927,1096,3,MCLU6,,Long,10,2026-07-31 10:35:00,2026-07-31 11:42:34,30.62,31.1,10.0
5928,1108,3,MCLU6,5927,Long,10,2026-07-31 10:35:03,2026-07-31 11:42:19,30.63,31.1,10.0
5929,1112,3,MCLU6,5927,Long,10,2026-07-31 10:35:00,2026-07-31 11:42:05,30.62,31.1,10.0
5930,1113,3,MCLU6,5927,Long,10,2026-07-31 10:35:02,2026-07-31 11:42:50,30.62,31.1,10.0
5931,1114,3,MCLU6,5927,Long,10,2026-07-31 10:35:03,2026-07-31 11:42:12,30.63,31.1,10.0
5932,1115,3,MCLU6,5927,Long,10,2026-07-31 10:35:03,2026-07-31 11:42:57,30.63,31.1,10.0
5933,1116,3,MCLU6,5927,Long,10,2026-07-31 10:35:00,2026-07-31 11:42:59,30.62,31.1,10.0
5934,1118,3,MCLU6,5927,Long,10,2026-07-31 10:35:02,2026-07-31 11:42:28,30.63,31.09,10.0
5935,1119,3,MCLU6,5927,Long,10,2026-07-31 10:35:01,2026-07-31 11:42:57,30.63,31.1,10.0
5936,1120,3,MCLU6,5927,Long,10,2026-07-31 10:35:02,2026-07-31 11:42:31,30.63,31.1,10.0
5937,1122,3,CLU6,5927,Long,2,2026-07-31 10:35:02,2026-07-31 11:42:51,30.62,31.1,8.0
5938,1123,3,MCLU6,5927,Long,10,2026-07-31 10:35:03,2026-07-31 11:42:08,30.63,31.1,10.0
5939,1096,4,MCLU6,,Short,10,2026-07-31 03:34:35,2026-07-31 03:44:05,30.67,30.3,10.0
5940,1103,4,CLU6,5939,Short,2,2026-07-31 03:34:37,2026-07-31 03:44:33,30.67,30.3,8.0
5941,1112,4,MCLU6,5939,Short,10,2026-07-31 03:34:36,2026-07-31 03:44:02,30.67,30.3,10.0
5942,1113,4,MCLU6,5939,Short,10,2026-07-31 03:34:35,2026-07-31 03:44:23,30.67,30.3,10.0
5943,1114,4,MCLU6,5939,Short,10,2026-07-31 03:34:38,2026-07-31 03:44:17,30.66,30.3,10.0
5944,1115,4,MCLU6,5939,Short,10,2026-07-31 03:34:36,2026-07-31 03:44:09,30.66,30.31,10.0
5945,1116,4,MCLU6,5939,Short,10,2026-07-31 03:34:38,2026-07-31 03:43:41,30.67,30.3,10.0
5946,1117,4,MCLU6,5939,Short,10,2026-07-31 03:34:36,2026-07-31 03:44:35,30.67,30.3,10.0
5947,1118,4,MCLU6,5939,Short,10,2026-07-31 03:34:35,2026-07-31 03:43:39,30.67,30.3,10.0
5948,1119,4,MCLU6,5939,Short,10,2026-07-31 03:34:38,2026-07-31 03:44:16,30.67,30.3,10.0
5949,1120,4,MCLU6,5939,Short,10,2026-07-31 03:34:35,2026-07-31 03:43:41,30.66,30.3,10.0
5950,1121,4,MCLU6,5939,Short,10,2026-07-31 03:34:35,2026-07-31 03:44:12,30.66,30.31,10.0
5951,1123,4,MCLU6,5939,Short,10,2026-07-31 03:34:35,2026-07-31 03:43:56,30.67,30.3,10.0
5952,1096,1,MNQU6,,Long,6,2026-08-03 09:59:21,2026-08-03 11:31:20,19381.5,19421.75,6.0
5953,1103,1,NQU6,5952,Long,2,2026-08-03 09:59:23,2026-08-03 11:30:41,19381.75,19421.75,8.0
5954,1108,1,MNQU6,5952,Long,6,2026-08-03 09:59:24,2026-08-03 11:30:49,19381.5,19421.75,6.0
5955,1112,1,MNQU6,5952,Long,6,2026-08-03 09:59:21,2026-08-03 11:31:00,19381.75,19421.75,6.0
5956,1113,1,MNQU6,5952,Long,6,2026-08-03 09:59:24,2026-08-03 11:31:01,19381.75,19421.5,6.0
5957,1114,1,MNQU6,5952,Long,6,2026-08-03 09:59:24,2026-08-03 11:30:24,19381.75,19421.75,6.0
5958,1115,1,MNQU6,5952,Long,6,2026-08-03 09:59:24,2026-08-03 11:31:21,19381.5,19421.75,6.0
5959,1116,1,MNQU6,5952,Long,6,2026-08-03 09:59:24,2026-08-03 11:30:31,19381.5,19421.75,6.0
5960,1117,1,MNQU6,5952,Long,6,2026-08-03 09:59:21,2026-08-03 11:30:54,19381.75,19421.5,6.0
5961,1120,1,MNQU6,5952,Long,6,2026-08-03 09:59:23,2026-08-03 11:31:06,19381.75,19421.5,6.0
5962,1121,1,MNQU6,5952,Long,6,2026-08-03 09:59:22,2026-08-03 11:30:49,19381.5,19421.75,6.0
5963,1122,1,NQU6,5952,Long,2,2026-08-03 09:59:21,2026-08-03 11:31:18,19381.75,19421.5,8.0
5964,1123,1,MNQU6,5952,Long,6,2026-08-03 09:59:24,2026-08-03 11:30:31,19381.5,19421.75,6.0
5965,1124,1,MNQU6,5952,Long,6,2026-08-03 09:59:23,2026-08-03 11:30:49,19381.5,19421.75,6.0
5966,1125,1,MNQU6,5952,Long,6,2026-08-03 09:59:21,2026-08-03 11:30:47,19381.5,19421.75,6.0
5967,1096,1,MNQU6,,Short,6,2026-08-04 10:05:08,2026-08-04 10:40:52,19353.75,19377.5,6.0
5968,1103,1,NQU6,5967,Short,2,2026-08-04 10:05:11,2026-08-04 10:40:45,19353.75,19377.5,8.0
5969,1108,1,MNQU6,5967,Short,6,2026-08-04 10:05:09,2026-08-04 10:40:44,19353.5,19377.75,6.0
5970,1112,1,MNQU6,5967,Short,6,2026-08-04 10:05:11,2026-08-04 10:40:38,19353.75,19377.5,6.0
5971,1113,1,MNQU6,5967,Short,6,2026-08-04 10:05:10,2026-08-04 10:41:00,19353.75,19377.5,6.0
5972,1114,1,MNQU6,5967,Short,6,2026-08-04 10:05:10,2026-08-04 10:40:22,19353.75,19377.5,6.0
5973,1115,1,MNQU6,5967,Short,6,2026-08-04 10:05:08,2026-08-04 10:40:21,19353.75,19377.5,6.0
5974,1116,1,MNQU6,5967,Short,6,2026-08-04 10:05:08,2026-08-04 10:40:12,19353.75,19377.5,6.0
5975,1120,1,MNQU6,5967,Short,6,2026-08-04 10:05:08,2026-08-04 10:40:33,19353.5,19377.75,6.0
5976,1121,1,MNQU6,5967,Short,6,2026-08-04 10:05:11,2026-08-04 10:40:16,19353.75,19377.5,6.0
5977,1122,1,NQU6,5967,Short,2,2026-08-04 10:05:10,2026-08-04 10:40:35,19353.5,19377.75,8.0
5978,1123,1,MNQU6,5967,Short,6,2026-08-04 10:05:11,2026-08-04 10:40:57,19353.75,19377.5,6.0
5979,1125,1,MNQU6,5967,Short,6,2026-08-04 10:05:11,2026-08-04 10:40:49,19353.75,19377.5,6.0
5980,1126,1,MNQU6,5967,Short,6,2026-08-04 10:05:11,2026-08-04 10:40:14,19353.75,19377.5,6.0
5981,1096,3,MCLU6,,Short,10,2026-08-04 10:40:58,2026-08-04 11:00:06,31.32,30.72,10.0
5982,1103,3,CLU6,5981,Short,2,2026-08-04 10:40:58,2026-08-04 11:00:03,31.32,30.72,8.0
5983,1108,3,MCLU6,5981,Short,10,2026-08-04 10:40:58,2026-08-04 11:00:12,31.32,30.72,10.0
5984,1112,3,MCLU6,5981,Short,10,2026-08-04 10:41:01,2026-08-04 11:00:26,31.31,30.73,10.0
5985,1113,3,MCLU6,5981,Short,10,2026-08-04 10:41:01,2026-08-04 11:00:53,31.31,30.72,10.0
5986,1114,3,MCLU6,5981,Short,10,2026-08-04 10:40:59,2026-08-04 11:00:20,31.32,30.72,10.0
5987,1115,3,MCLU6,5981,Short,10,2026-08-04 10:41:00,2026-08-04 11:00:59,31.31,30.72,10.0
5988,1116,3,MCLU6,5981,Short,10,2026-08-04 10:40:58,2026-08-04 10:59:58,31.32,30.72,10.0
5989,1120,3,MCLU6,5981,Short,10,2026-08-04 10:40:59,2026-08-04 11:00:34,31.31,30.72,10.0
5990,1121,3,MCLU6,5981,Short,10,2026-08-04 10:40:59,2026-08-04 11:00:43,31.31,30.73,10.0
5991,1122,3,CLU6,5981,Short,2,2026-08-04 10:41:00,2026-08-04 11:00:52,31.32,30.72,8.0
5992,1123,3,MCLU6,5981,Short,10,2026-08-04 10:40:58,2026-08-04 11:00:22,31.32,30.72,10.0
5993,1124,3,MCLU6,5981,Short,10,2026-08-04 10:41:00,2026-08-04 11:00:47,31.32,30.72,10.0
5994,1125,3,MCLU6,5981,Short,10,2026-08-04 10:40:58,2026-08-04 11:00:12,31.31,30.72,10.0
5995,1126,3,MCLU6,5981,Short,10,2026-08-04 10:40:59,2026-08-04 11:00:49,31.32,30.72,10.0
5996,1096,2,M2KU6,,Long,10,2026-08-05 12:30:44,2026-08-05 12:39:37,1777.6,1782.9,10.0
5997,1103,2,RTYU6,5996,Long,2,2026-08-05 12:30:45,2026-08-05 12:39:39,1777.7,1782.9,8.0
5998,1108,2,M2KU6,5996,Long,10,2026-08-05 12:30:46,2026-08-05 12:39:27,1777.7,1782.8,10.0
5999,1112,2,M2KU6,5996,Long,10,2026-08-05 12:30:46,2026-08-05 12:39:06,1777.6,1782.9,10.0
6000,1113,2,M2KU6,5996,Long,10,2026-08-05 12:30:46,2026-08-05 12:39:03,1777.6,1782.9,10.0
6001,1114,2,M2KU6,5996,Long,10,2026-08-05 12:30:47,2026-08-05 12:38:51,1777.6,1782.9,10.0
6002,1115,2,M2KU6,5996,Long,10,2026-08-05 12:30:46,2026-08-05 12:38:51,1777.7,1782.8,10.0
6003,1116,2,M2KU6,5996,Long,10,2026-08-05 12:30:45,2026-08-05 12:39:29,1777.6,1782.9,10.0
6004,1120,2,M2KU6,5996,Long,10,2026-08-05 12:30:44,2026-08-05 12:39:29,1777.6,1782.9,10.0
6005,1121,2,M2KU6,5996,Long,10,2026-08-05 12:30:47,2026-08-05 12:39:33,1777.7,1782.8,10.0
6006,1123,2,M2KU6,5996,Long,10,2026-08-05 12:30:45,2026-08-05 12:39:35,1777.7,1782.8,10.0
6007,1124,2,M2KU6,5996,Long,10,2026-08-05 12:30:47,2026-08-05 12:39:15,1777.6,1782.9,10.0
6008,1125,2,M2KU6,5996,Long,10,2026-08-05 12:30:44,2026-08-05 12:38:59,1777.6,1782.9,10.0
6009,1127,2,M2KU6,5996,Long,10,2026-08-05 12:30:45,2026-08-05 12:39:16,1777.6,1782.9,10.0
6010,1096,3,MNQU6,,Long,6,2026-08-05 10:20:04,2026-08-05 11:35:38,19132.5,19107.0,6.0
6011,1103,3,NQU6,6010,Long,2,2026-08-05 10:20:06,2026-08-05 11:35:32,19132.5,19107.0,8.0
6012,1108,3,MNQU6,6010,Long,6,2026-08-05 10:20:05,2026-08-05 11:35:27,19132.5,19107.0,6.0
6013,1112,3,MNQU6,6010,Long,6,2026-08-05 10:20:05,2026-08-05 11:36:00,19132.5,19107.0,6.0
6014,1113,3,MNQU6,6010,Long,6,2026-08-05 10:20:05,2026-08-05 11:35:46,19132.5,19107.0,6.0
6015,1114,3,MNQU6,6010,Long,6,2026-08-05 10:20:07,2026-08-05 11:35:24,19132.75,19106.75,6.0
6016,1115,3,MNQU6,6010,Long,6,2026-08-05 10:20:06,2026-08-05 11:35:48,19132.5,19107.0,6.0
6017,1116,3,MNQU6,6010,Long,6,2026-08-05 10:20:05,2026-08-05 11:35:51,19132.5,19107.0,6.0
6018,1120,3,MNQU6,6010,Long,6,2026-08-05 10:20:06,2026-08-05 11:35:42,19132.5,19107.0,6.0
6019,1121,3,MNQU6,6010,Long,6,2026-08-05 10:20:05,2026-08-05 11:35:42,19132.5,19107.0,6.0
6020,1122,3,NQU6,6010,Long,2,2026-08-05 10:20:07,2026-08-05 11:36:02,19132.5,19107.0,8.0
6021,1123,3,MNQU6,6010,Long,6,2026-08-05 10:20:06,2026-08-05 11:35:16,19132.5,19107.0,6.0
6022,1124,3,MNQU6,6010,Long,6,2026-08-05 10:20:07,2026-08-05 11:35:44,19132.5,19107.0,6.0
6023,1125,3,MNQU6,6010,Long,6,2026-08-05 10:20:07,2026-08-05 11:35:24,19132.5,19107.0,6.0
6024,1126,3,MNQU6,6010,Long,6,2026-08-05 10:20:05,2026-08-05 11:35:36,19132.75,19107.0,6.0
6025,1127,3,MNQU6,6010,Long,6,2026-08-05 10:20:05,2026-08-05 11:35:59,19132.5,19107.0,6.0
6026,1096,4,MGCV6,,Long,5,2026-08-05 03:26:41,2026-08-05 03:35:04,3638.4,3634.0,5.0
6027,1103,4,GCV6,6026,Long,1,2026-08-05 03:26:43,2026-08-05 03:35:09,3638.5,3634.0,4.0
6028,1108,4,MGCV6,6026,Long,5,2026-08-05 03:26:41,2026-08-05 03:35:22,3638.5,3634.0,5.0
6029,1112,4,MGCV6,6026,Long,5,2026-08-05 03:26:44,2026-08-05 03:35:02,3638.4,3634.0,5.0
6030,1113,4,MGCV6,6026,Long,5,2026-08-05 03:26:42,2026-08-05 03:35:02,3638.4,3634.0,5.0
6031,1114,4,MGCV6,6026,Long,5,2026-08-05 03:26:44,2026-08-05 03:35:28,3638.4,3634.0,5.0
6032,1115,4,MGCV6,6026,Long,5,2026-08-05 03:26:42,2026-08-05 03:35:27,3638.5,3634.0,5.0
6033,1116,4,MGCV6,6026,Long,5,2026-08-05 03:26:44,2026-08-05 03:34:58,3638.4,3634.0,5.0
6034,1120,4,MGCV6,6026,Long,5,2026-08-05 03:26:44,2026-08-05 03:35:03,3638.4,3634.0,5.0
6035,1121,4,MGCV6,6026,Long,5,2026-08-05 03:26:43,2026-08-05 03:34:54,3638.4,3634.0,5.0
6036,1122,4,GCV6,6026,Long,1,2026-08-05 03:26:44,2026-08-05 03:35:42,3638.4,3634.0,4.0
6037,1123,4,MGCV6,6026,Long,5,2026-08-05 03:26:42,2026-08-05 03:34:49,3638.5,3633.9,5.0
6038,1124,4,MGCV6,6026,Long,5,2026-08-05 03:26:43,2026-08-05 03:35:41,3638.5,3634.0,5.0
6039,1125,4,MGCV6,6026,Long,5,2026-08-05 03:26:43,2026-08-05 03:34:44,3638.4,3634.0,5.0
6040,1126,4,MGCV6,6026,Long,5,2026-08-05 03:26:41,2026-08-05 03:35:13,3638.4,3634.0,5.0
6041,1127,4,MGCV6,6026,Long,5,2026-08-05 03:26:41,2026-08-05 03:34:53,3638.4,3634.0,5.0
6042,1096,2,MESU6,,Short,10,2026-08-06 12:25:44,2026-08-06 12:39:24,7833.0,7838.25,10.0
6043,1103,2,ESU6,6042,Short,2,2026-08-06 12:25:46,2026-08-06 12:38:56,7832.75,7838.25,8.0
6044,1108,2,MESU6,6042,Short,10,2026-08-06 12:25:44,2026-08-06 12:39:42,7833.0,7838.25,10.0
6045,1112,2,MESU6,6042,Short,10,2026-08-06 12:25:45,2026-08-06 12:39:21,7833.0,7838.25,10.0
6046,1113,2,MESU6,6042,Short,10,2026-08-06 12:25:47,2026-08-06 12:39:02,7833.0,7838.25,10.0
6047,1114,2,MESU6,6042,Short,10,2026-08-06 12:25:45,2026-08-06 12:39:10,7833.0,7838.25,10.0
6048,1115,2,MESU6,6042,Short,10,2026-08-06 12:25:44,2026-08-06 12:39:20,7833.0,7838.25,10.0
6049,1116,2,MESU6,6042,Short,10,2026-08-06 12:25:46,2026-08-06 12:38:46,7833.0,7838.25,10.0
6050,1120,2,MESU6,6042,Short,10,2026-08-06 12:25:44,2026-08-06 12:39:04,7832.75,7838.5,10.0
6051,1121,2,MESU6,6042,Short,10,2026-08-06 12:25:47,2026-08-06 12:39:15,7833.0,7838.25,10.0
6052,1122,2,ESU6,6042,Short,2,2026-08-06 12:25:47,2026-08-06 12:38:50,7833.0,7838.25,8.0
6053,1123,2,MESU6,6042,Short,10,2026-08-06 12:25:47,2026-08-06 12:38:56,7832.75,7838.5,10.0
6054,1124,2,MESU6,6042,Short,10,2026-08-06 12:25:46,2026-08-06 12:39:19,7832.75,7838.5,10.0
6055,1125,2,MESU6,6042,Short,10,2026-08-06 12:25:45,2026-08-06 12:38:54,7832.75,7838.5,10.0
6056,1126,2,MESU6,6042,Short,10,2026-08-06 12:25:44,2026-08-06 12:39:34,7833.0,7838.25,10.0
6057,1127,2,MESU6,6042,Short,10,2026-08-06 12:25:44,2026-08-06 12:38:58,7833.0,7838.25,10.0
6058,1128,2,MESU6,6042,Short,10,2026-08-06 12:25:47,2026-08-06 12:38:56,7832.75,7838.5,10.0
6059,1096,1,MNQU6,,Short,6,2026-08-07 09:50:50,2026-08-07 11:24:20,18913.5,18943.5,6.0
6060,1103,1,NQU6,6059,Short,2,2026-08-07 09:50:50,2026-08-07 11:24:39,18913.25,18943.5,8.0
6061,1108,1,MNQU6,6059,Short,6,2026-08-07 09:50:52,2026-08-07 11:24:24,18913.25,18943.5,6.0
6062,1112,1,MNQU6,6059,Short,6,2026-08-07 09:50:51,2026-08-07 11:24:26,18913.5,18943.5,6.0
6063,1114,1,MNQU6,6059,Short,6,2026-08-07 09:50:52,2026-08-07 11:24:38,18913.25,18943.75,6.0
6064,1115,1,MNQU6,6059,Short,6,2026-08-07 09:50:52,2026-08-07 11:24:30,18913.5,18943.5,6.0
6065,1116,1,MNQU6,6059,Short,6,2026-08-07 09:50:50,2026-08-07 11:24:00,18913.25,18943.75,6.0
6066,1121,1,MNQU6,6059,Short,6,2026-08-07 09:50:53,2026-08-07 11:24:45,18913.5,18943.5,6.0
6067,1122,1,NQU6,6059,Short,2,2026-08-07 09:50:53,2026-08-07 11:24:30,18913.5,18943.5,8.0
6068,1123,1,MNQU6,6059,Short,6,2026-08-07 09:50:50,2026-08-07 11:24:16,18913.5,18943.5,6.0
6069,1124,1,MNQU6,6059,Short,6,2026-08-07 09:50:51,2026-08-07 11:23:58,18913.25,18943.5,6.0
6070,1125,1,MNQU6,6059,Short,6,2026-08-07 09:50:50,2026-08-07 11:23:57,18913.25,18943.75,6.0
6071,1126,1,MNQU6,6059,Short,6,2026-08-07 09:50:53,2026-08-07 11:24:32,18913.25,18943.75,6.0
6072,1127,1,MNQU6,6059,Short,6,2026-08-07 09:50:52,2026-08-07 11:23:55,18913.5,18943.5,6.0
6073,1128,1,MNQU6,6059,Short,6,2026-08-07 09:50:50,2026-08-07 11:23:58,18913.5,18943.5,6.0
6074,1129,1,MNQU6,6059,Short,6,2026-08-07 09:50:53,2026-08-07 11:24:43,18913.5,18943.5,6.0
6075,1096,2,MESU6,,Long,10,2026-08-07 12:19:44,2026-08-07 12:45:38,7834.75,7838.75,10.0
6076,1103,2,ESU6,6075,Long,2,2026-08-07 12:19:45,2026-08-07 12:45:25,7835.0,7838.5,8.0
6077,1108,2,MESU6,6075,Long,10,2026-08-07 12:19:46,2026-08-07 12:45:42,7835.0,7838.5,10.0
6078,1112,2,MESU6,6075,Long,10,2026-08-07 12:19:45,2026-08-07 12:45:13,7835.0,7838.75,10.0
6079,1113,2,MESU6,6075,Long,10,2026-08-07 12:19:45,2026-08-07 12:45:15,7834.75,7838.75,10.0
6080,1114,2,MESU6,6075,Long,10,2026-08-07 12:19:44,2026-08-07 12:45:27,7835.0,7838.5,10.0
6081,1115,2,MESU6,6075,Long,10,2026-08-07 12:19:44,2026-08-07 12:44:49,7834.75,7838.75,10.0
6082,1116,2,MESU6,6075,Long,10,2026-08-07 12:19:44,2026-08-07 12:45:04,7835.0,7838.75,10.0
6083,1120,2,MESU6,6075,Long,10,2026-08-07 12:19:45,2026-08-07 12:45:19,7835.0,7838.5,10.0
6084,1121,2,MESU6,6075,Long,10,2026-08-07 12:19:45,2026-08-07 12:45:01,7834.75,7838.75,10.0
6085,1122,2,ESU6,6075,Long,2,2026-08-07 12:19:47,2026-08-07 12:44:58,7834.75,7838.75,8.0
6086,1123,2,MESU6,6075,Long,10,2026-08-07 12:19:44,2026-08-07 12:45:25,7834.75,7838.75,10.0
6087,1124,2,MESU6,6075,Long,10,2026-08-07 12:19:45,2026-08-07 12:45:28,7834.75,7838.75,10.0
6088,1125,2,MESU6,6075,Long,10,2026-08-07 12:19:45,2026-08-07 12:45:30,7835.0,7838.5,10.0
6089,1126,2,MESU6,6075,Long,10,2026-08-07 12:19:46,2026-08-07 12:45:10,7835.0,7838.5,10.0
6090,1127,2,MESU6,6075,Long,10,2026-08-07 12:19:45,2026-08-07 12:45:06,7834.75,7838.75,10.0
6091,1128,2,MESU6,6075,Long,10,2026-08-07 12:19:46,2026-08-07 12:45:16,7834.75,7838.75,10.0
6092,1129,2,MESU6,6075,Long,10,2026-08-07 12:19:45,2026-08-07 12:45:19,7834.75,7838.75,10.0
6093,1096,3,MCLU6,,Short,10,2026-08-07 10:25:47,2026-08-07 11:31:24,33.41,32.86,10.0
6094,1103,3,CLU6,6093,Short,2,2026-08-07 10:25:48,2026-08-07 11:31:20,33.4,32.87,8.0
6095,1108,3,MCLU6,6093,Short,10,2026-08-07 10:25:50,2026-08-07 11:31:05,33.41,32.86,10.0
6096,1112,3,MCLU6,6093,Short,10,2026-08-07 10:25:47,2026-08-07 11:31:11,33.4,32.86,10.0
6097,1113,3,MCLU6,6093,Short,10,2026-08-07 10:25:50,2026-08-07 11:30:52,33.41,32.86,10.0
6098,1114,3,MCLU6,6093,Short,10,2026-08-07 10:25:47,2026-08-07 11:31:45,33.41,32.86,10.0
6099,1115,3,MCLU6,6093,Short,10,2026-08-07 10:25:48,2026-08-07 11:31:14,33.4,32.86,10.0
6100,1116,3,MCLU6,6093,Short,10,2026-08-07 10:25:49,2026-08-07 11:31:05,33.4,32.87,10.0
6101,1120,3,MCLU6,6093,Short,10,2026-08-07 10:25:48,2026-08-07 11:31:10,33.4,32.86,10.0
6102,1121,3,MCLU6,6093,Short,10,2026-08-07 10:25:48,2026-08-07 11:31:45,33.4,32.87,10.0
6103,1122,3,CLU6,6093,Short,2,2026-08-07 10:25:47,2026-08-07 11:31:37,33.41,32.86,8.0
6104,1123,3,MCLU6,6093,Short,10,2026-08-07 10:25:49,2026-08-07 11:31:34,33.4,32.87,10.0
6105,1124,3,MCLU6,6093,Short,10,2026-08-07 10:25:50,2026-08-07 11:31:04,33.41,32.86,10.0
6106,1125,3,MCLU6,6093,Short,10,2026-08-07 10:25:49,2026-08-07 11:31:38,33.41,32.86,10.0
6107,1126,3,MCLU6,6093,Short,10,2026-08-07 10:25:47,2026-08-07 11:31:19,33.4,32.86,10.0
6108,1127,3,MCLU6,6093,Short,10,2026-08-07 10:25:48,2026-08-07 11:31:38,33.4,32.87,10.0
6109,1129,3,MCLU6,6093,Short,10,2026-08-07 10:25:50,2026-08-07 11:31:27,33.4,32.87,10.0
6110,1096,5,MESU6,,Long,10,2026-08-07 08:38:31,2026-08-07 08:50:10,7843.0,7837.0,10.0
6111,1103,5,ESU6,6110,Long,2,2026-08-07 08:38:33,2026-08-07 08:49:45,7843.25,7836.75,8.0
6112,1112,5,MESU6,6110,Long,10,2026-08-07 08:38:34,2026-08-07 08:50:09,7843.25,7836.75,10.0
6113,1113,5,MESU6,6110,Long,10,2026-08-07 08:38:31,2026-08-07 08:50:30,7843.25,7837.0,10.0
6114,1114,5,MESU6,6110,Long,10,2026-08-07 08:38:32,2026-08-07 08:50:15,7843.0,7837.0,10.0
6115,1115,5,MESU6,6110,Long,10,2026-08-07 08:38:33,2026-08-07 08:50:26,7843.0,7837.0,10.0
6116,1116,5,MESU6,6110,Long,10,2026-08-07 08:38:31,2026-08-07 08:50:00,7843.0,7837.0,10.0
6117,1121,5,MESU6,6110,Long,10,2026-08-07 08:38:32,2026-08-07 08:50:14,7843.25,7837.0,10.0
6118,1122,5,ESU6,6110,Long,2,2026-08-07 08:38:34,2026-08-07 08:49:47,7843.25,7837.0,8.0
6119,1123,5,MESU6,6110,Long,10,2026-08-07 08:38:34,2026-08-07 08:50:24,7843.25,7837.0,10.0
6120,1124,5,MESU6,6110,Long,10,2026-08-07 08:38:32,2026-08-07 08:49:38,7843.0,7837.0,10.0
6121,1125,5,MESU6,6110,Long,10,2026-08-07 08:38:34,2026-08-07 08:49:56,7843.0,7837.0,10.0
6122,1126,5,MESU6,6110,Long,10,2026-08-07 08:38:34,2026-08-07 08:49:34,7843.25,7837.0,10.0
6123,1127,5,MESU6,6110,Long,10,2026-08-07 08:38:31,2026-08-07 08:50:04,7843.0,7837.0,10.0
6124,1128,5,MESU6,6110,Long,10,2026-08-07 08:38:34,2026-08-07 08:50:03,7843.25,7837.0,10.0
6125,1129,5,MESU6,6110,Long,10,2026-08-07 08:38:34,2026-08-07 08:50:00,7843.0,7837.0,10.0
6126,1096,2,M2KU6,,Long,10,2026-08-10 12:29:59,2026-08-10 12:48:40,1733.4,1727.1,10.0
6127,1103,2,RTYU6,6126,Long,2,2026-08-10 12:30:02,2026-08-10 12:48:34,1733.4,1727.1,8.0
6128,1108,2,M2KU6,6126,Long,10,2026-08-10 12:30:00,2026-08-10 12:48:03,1733.4,1727.1,10.0
6129,1112,2,M2KU6,6126,Long,10,2026-08-10 12:30:02,2026-08-10 12:48:48,1733.4,1727.1,10.0
6130,1113,2,M2KU6,6126,Long,10,2026-08-10 12:30:02,2026-08-10 12:48:06,1733.5,1727.1,10.0
6131,1114,2,M2KU6,6126,Long,10,2026-08-10 12:30:02,2026-08-10 12:48:16,1733.4,1727.1,10.0
6132,1115,2,M2KU6,6126,Long,10,2026-08-10 12:29:59,2026-08-10 12:48:00,1733.5,1727.0,10.0
6133,1116,2,M2KU6,6126,Long,10,2026-08-10 12:30:00,2026-08-10 12:48:12,1733.5,1727.1,10.0
6134,1120,2,M2KU6,6126,Long,10,2026-08-10 12:30:02,2026-08-10 12:48:25,1733.4,1727.1,10.0
6135,1121,2,M2KU6,6126,Long,10,2026-08-10 12:30:01,2026-08-10 12:48:09,1733.4,1727.1,10.0
6136,1122,2,RTYU6,6126,Long,2,2026-08-10 12:29:59,2026-08-10 12:48:08,1733.4,1727.1,8.0
6137,1123,2,M2KU6,6126,Long,10,2026-08-10 12:30:00,2026-08-10 12:48:58,1733.5,1727.1,10.0
6138,1124,2,M2KU6,6126,Long,10,2026-08-10 12:30:00,2026-08-10 12:48:29,1733.4,1727.1,10.0
6139,1125,2,M2KU6,6126,Long,10,2026-08-10 12:30:01,2026-08-10 12:48:04,1733.4,1727.1,10.0
6140,1126,2,M2KU6,6126,Long,10,2026-08-10 12:30:00,2026-08-10 12:48:26,1733.4,1727.1,10.0
6141,1128,2,M2KU6,6126,Long,10,2026-08-10 12:30:02,2026-08-10 12:48:12,1733.5,1727.0,10.0
6142,1129,2,M2KU6,6126,Long,10,2026-08-10 12:30:02,2026-08-10 12:48:18,1733.4,1727.1,10.0
6143,1096,3,MNQU6,,Long,6,2026-08-10 10:35:05,2026-08-10 11:51:29,19034.75,19010.75,6.0
6144,1103,3,NQU6,6143,Long,2,2026-08-10 10:35:05,2026-08-10 11:51:29,19034.75,19010.75,8.0
6145,1108,3,MNQU6,6143,Long,6,2026-08-10 10:35:05,2026-08-10 11:51:07,19035.0,19010.75,6.0
6146,1112,3,MNQU6,6143,Long,6,2026-08-10 10:35:06,2026-08-10 11:52:00,19034.75,19010.75,6.0
6147,1113,3,MNQU6,6143,Long,6,2026-08-10 10:35:06,2026-08-10 11:51:16,19034.75,19010.75,6.0
6148,1114,3,MNQU6,6143,Long,6,2026-08-10 10:35:05,2026-08-10 11:51:10,19034.75,19010.75,6.0
6149,1115,3,MNQU6,6143,Long,6,2026-08-10 10:35:07,2026-08-10 11:52:05,19034.75,19010.75,6.0
6150,1116,3,MNQU6,6143,Long,6,2026-08-10 10:35:08,2026-08-10 11:51:48,19034.75,19010.75,6.0
6151,1120,3,MNQU6,6143,Long,6,2026-08-10 10:35:07,2026-08-10 11:51:30,19034.75,19010.75,6.0
6152,1121,3,MNQU6,6143,Long,6,2026-08-10 10:35:05,2026-08-10 11:51:13,19034.75,19010.75,6.0
6153,1122,3,NQU6,6143,Long,2,2026-08-10 10:35:05,2026-08-10 11:51:46,19035.0,19010.5,8.0
6154,1123,3,MNQU6,6143,Long,6,2026-08-10 10:35:07,2026-08-10 11:51:45,19035.0,19010.5,6.0
6155,1124,3,MNQU6,6143,Long,6,2026-08-10 10:35:08,2026-08-10 11:51:28,19034.75,19010.75,6.0
6156,1125,3,MNQU6,6143,Long,6,2026-08-10 10:35:08,2026-08-10 11:51:49,19034.75,19010.75,6.0
6157,1126,3,MNQU6,6143,Long,6,2026-08-10 10:35:08,2026-08-10 11:51:54,19034.75,19010.75,6.0
6158,1127,3,MNQU6,6143,Long,6,2026-08-10 10:35:07,2026-08-10 11:51:17,19034.75,19010.75,6.0
6159,1096,4,MGCV6,,Long,5,2026-08-10 03:35:53,2026-08-10 04:03:27,3682.8,3677.5,5.0
6160,1103,4,GCV6,6159,Long,1,2026-08-10 03:35:53,2026-08-10 04:03:46,3682.8,3677.5,4.0
6161,1108,4,MGCV6,6159,Long,5,2026-08-10 03:35:56,2026-08-10 04:03:24,3682.9,3677.5,5.0
6162,1112,4,MGCV6,6159,Long,5,2026-08-10 03:35:56,2026-08-10 04:03:50,3682.8,3677.5,5.0
6163,1113,4,MGCV6,6159,Long,5,2026-08-10 03:35:55,2026-08-10 04:03:49,3682.9,3677.5,5.0
6164,1114,4,MGCV6,6159,Long,5,2026-08-10 03:35:54,2026-08-10 04:03:45,3682.9,3677.5,5.0
6165,1115,4,MGCV6,6159,Long,5,2026-08-10 03:35:55,2026-08-10 04:03:50,3682.8,3677.5,5.0
6166,1116,4,MGCV6,6159,Long,5,2026-08-10 03:35:56,2026-08-10 04:03:12,3682.9,3677.5,5.0
6167,1120,4,MGCV6,6159,Long,5,2026-08-10 03:35:53,2026-08-10 04:03:07,3682.8,3677.5,5.0
6168,1121,4,MGCV6,6159,Long,5,2026-08-10 03:35:56,2026-08-10 04:03:04,3682.9,3677.4,5.0
6169,1122,4,GCV6,6159,Long,1,2026-08-10 03:35:54,2026-08-10 04:03:38,3682.8,3677.5,4.0
6170,1123,4,MGCV6,6159,Long,5,2026-08-10 03:35:56,2026-08-10 04:03:38,3682.9,3677.4,5.0
6171,1125,4,MGCV6,6159,Long,5,2026-08-10 03:35:55,2026-08-10 04:03:17,3682.8,3677.5,5.0
6172,1126,4,MGCV6,6159,Long,5,2026-08-10 03:35:56,2026-08-10 04:03:08,3682.8,3677.5,5.0
6173,1127,4,MGCV6,6159,Long,5,2026-08-10 03:35:55,2026-08-10 04:03:28,3682.8,3677.5,5.0
6174,1128,4,MGCV6,6159,Long,5,2026-08-10 03:35:55,2026-08-10 04:02:55,3682.8,3677.5,5.0
6175,1129,4,MGCV6,6159,Long,5,2026-08-10 03:35:55,2026-08-10 04:03:43,3682.8,3677.5,5.0
6176,1096,2,M2KU6,,Short,10,2026-08-11 12:18:12,2026-08-11 12:31:34,1696.4,1701.5,10.0
6177,1108,2,M2KU6,6176,Short,10,2026-08-11 12:18:14,2026-08-11 12:31:58,1696.4,1701.5,10.0
6178,1112,2,M2KU6,6176,Short,10,2026-08-11 12:18:12,2026-08-11 12:32:10,1696.4,1701.5,10.0
6179,1114,2,M2KU6,6176,Short,10,2026-08-11 12:18:15,2026-08-11 12:32:12,1696.3,1701.5,10.0
6180,1120,2,M2KU6,6176,Short,10,2026-08-11 12:18:15,2026-08-11 12:32:05,1696.4,1701.5,10.0
6181,1123,2,M2KU6,6176,Short,10,2026-08-11 12:18:13,2026-08-11 12:31:22,1696.4,1701.5,10.0
6182,1124,2,M2KU6,6176,Short,10,2026-08-11 12:18:14,2026-08-11 12:31:53,1696.4,1701.5,10.0
6183,1125,2,M2KU6,6176,Short,10,2026-08-11 12:18:13,2026-08-11 12:32:05,1696.4,1701.5,10.0
6184,1126,2,M2KU6,6176,Short,10,2026-08-11 12:18:12,2026-08-11 12:31:18,1696.4,1701.5,10.0
6185,1127,2,M2KU6,6176,Short,10,2026-08-11 12:18:15,2026-08-11 12:31:29,1696.4,1701.5,10.0
6186,1128,2,M2KU6,6176,Short,10,2026-08-11 12:18:13,2026-08-11 12:31:41,1696.4,1701.5,10.0
6187,1129,2,M2KU6,6176,Short,10,2026-08-11 12:18:15,2026-08-11 12:31:19,1696.4,1701.5,10.0
6188,1096,3,MCLU6,,Short,10,2026-08-11 10:23:14,2026-08-11 10:40:45,32.1,32.42,10.0
6189,1108,3,MCLU6,6188,Short,10,2026-08-11 10:23:14,2026-08-11 10:41:09,32.09,32.43,10.0
6190,1112,3,MCLU6,6188,Short,10,2026-08-11 10:23:14,2026-08-11 10:40:30,32.09,32.42,10.0
6191,1113,3,MCLU6,6188,Short,10,2026-08-11 10:23:15,2026-08-11 10:40:46,32.1,32.42,10.0
6192,1114,3,MCLU6,6188,Short,10,2026-08-11 10:23:16,2026-08-11 10:40:45,32.09,32.42,10.0
6193,1116,3,MCLU6,6188,Short,10,2026-08-11 10:23:17,2026-08-11 10:40:51,32.1,32.42,10.0
6194,1120,3,MCLU6,6188,Short,10,2026-08-11 10:23:15,2026-08-11 10:41:04,32.1,32.42,10.0
6195,1121,3,MCLU6,6188,Short,10,2026-08-11 10:23:15,2026-08-11 10:40:34,32.09,32.43,10.0
6196,1123,3,MCLU6,6188,Short,10,2026-08-11 10:23:15,2026-08-11 10:40:31,32.09,32.43,10.0
6197,1124,3,MCLU6,6188,Short,10,2026-08-11 10:23:14,2026-08-11 10:41:04,32.1,32.42,10.0
6198,1125,3,MCLU6,6188,Short,10,2026-08-11 10:23:16,2026-08-11 10:40:51,32.1,32.42,10.0
6199,1126,3,MCLU6,6188,Short,10,2026-08-11 10:23:16,2026-08-11 10:40:23,32.1,32.42,10.0
6200,1127,3,MCLU6,6188,Short,10,2026-08-11 10:23:14,2026-08-11 10:40:18,32.1,32.42,10.0
6201,1128,3,MCLU6,6188,Short,10,2026-08-11 10:23:15,2026-08-11 10:40:45,32.09,32.42,10.0
6202,1129,3,MCLU6,6188,Short,10,2026-08-11 10:23:16,2026-08-11 10:41:01,32.1,32.42,10.0
6203,1096,4,MCLU6,,Long,10,2026-08-11 03:19:24,2026-08-11 04:48:27,31.93,31.66,10.0
6204,1108,4,MCLU6,6203,Long,10,2026-08-11 03:19:26,2026-08-11 04:48:42,31.93,31.66,10.0
6205,1112,4,MCLU6,6203,Long,10,2026-08-11 03:19:27,2026-08-11 04:49:18,31.94,31.65,10.0
6206,1113,4,MCLU6,6203,Long,10,2026-08-11 03:19:27,2026-08-11 04:49:26,31.93,31.66,10.0
6207,1114,4,MCLU6,6203,Long,10,2026-08-11 03:19:27,2026-08-11 04:48:30,31.93,31.66,10.0
6208,1116,4,MCLU6,6203,Long,10,2026-08-11 03:19:26,2026-08-11 04:48:55,31.94,31.66,10.0
6209,1120,4,MCLU6,6203,Long,10,2026-08-11 03:19:24,2026-08-11 04:49:12,31.93,31.66,10.0
6210,1121,4,MCLU6,6203,Long,10,2026-08-11 03:19:26,2026-08-11 04:48:44,31.93,31.66,10.0
6211,1123,4,MCLU6,6203,Long,10,2026-08-11 03:19:26,2026-08-11 04:49:23,31.94,31.66,10.0
6212,1124,4,MCLU6,6203,Long,10,2026-08-11 03:19:25,2026-08-11 04:48:43,31.93,31.66,10.0
6213,1125,4,MCLU6,6203,Long,10,2026-08-11 03:19:25,2026-08-11 04:48:29,31.94,31.66,10.0
6214,1128,4,MCLU6,6203,Long,10,2026-08-11 03:19:25,2026-08-11 04:49:05,31.93,31.66,10.0
6215,1129,4,MCLU6,6203,Long,10,2026-08-11 03:19:26,2026-08-11 04:48:41,31.93,31.66,10.0
6216,1108,5,MNQU6,,Short,6,2026-08-11 08:42:12,2026-08-11 08:49:18,19478.75,19501.25,6.0
6217,1112,5,MNQU6,6216,Short,6,2026-08-11 08:42:12,2026-08-11 08:49:20,19478.75,19501.25,6.0
6218,1113,5,MNQU6,6216,Short,6,2026-08-11 08:42:15,2026-08-11 08:49:50,19478.5,19501.5,6.0
6219,1114,5,MNQU6,6216,Short,6,2026-08-11 08:42:15,2026-08-11 08:49:35,19478.75,19501.25,6.0
6220,1116,5,MNQU6,6216,Short,6,2026-08-11 08:42:14,2026-08-11 08:49:31,19478.5,19501.5,6.0
6221,1120,5,MNQU6,6216,Short,6,2026-08-11 08:42:13,2026-08-11 08:49:33,19478.75,19501.25,6.0
6222,1121,5,MNQU6,6216,Short,6,2026-08-11 08:42:13,2026-08-11 08:49:50,19478.75,19501.25,6.0
6223,1123,5,MNQU6,6216,Short,6,2026-08-11 08:42:12,2026-08-11 08:49:32,19478.75,19501.25,6.0
6224,1124,5,MNQU6,6216,Short,6,2026-08-11 08:42:14,2026-08-11 08:49:54,19478.5,19501.5,6.0
6225,1125,5,MNQU6,6216,Short,6,2026-08-11 08:42:15,2026-08-11 08:49:44,19478.5,19501.5,6.0
6226,1126,5,MNQU6,6216,Short,6,2026-08-11 08:42:15,2026-08-11 08:49:38,19478.5,19501.5,6.0
6227,1127,5,MNQU6,6216,Short,6,2026-08-11 08:42:12,2026-08-11 08:49:30,19478.5,19501.25,6.0
6228,1129,5,MNQU6,6216,Short,6,2026-08-11 08:42:14,2026-08-11 08:49:37,19478.75,19501.25,6.0
6229,1123,4,MGCV6,,Long,5,2026-08-12 03:35:38,2026-08-12 04:18:40,3664.0,3659.0,5.0
6230,1127,4,MGCV6,6229,Long,5,2026-08-12 03:35:39,2026-08-12 04:18:40,3664.1,3658.9,5.0
6231,1129,4,MGCV6,6229,Long,5,2026-08-12 03:35:39,2026-08-12 04:18:49,3664.0,3659.0,5.0
6232,1123,2,M2KU6,,Long,10,2026-08-13 12:19:54,2026-08-13 12:43:26,1679.3,1672.0,10.0
6233,1123,4,MCLV6,,Long,10,2026-08-13 03:16:35,2026-08-13 03:52:57,35.12,34.84,10.0
6234,1123,1,MESU6,,Short,10,2026-08-14 10:05:38,2026-08-14 11:31:28,7749.25,7753.75,10.0
6235,1123,3,MNQU6,,Long,6,2026-08-14 10:37:51,2026-08-14 11:48:32,20089.0,20060.75,6.0
6236,1123,2,M2KU6,,Short,10,2026-08-17 12:10:40,2026-08-17 12:31:26,1646.3,1639.8,10.0
6237,1130,2,M2KU6,6236,Short,10,2026-08-17 12:10:40,2026-08-17 12:30:45,1646.3,1639.8,10.0
6238,1130,3,MCLV6,,Long,10,2026-08-17 10:38:54,2026-08-17 11:24:38,34.82,35.5,10.0
6239,1123,4,MCLV6,,Long,10,2026-08-17 03:25:15,2026-08-17 03:46:08,35.04,35.49,10.0
6240,1130,4,MCLV6,6239,Long,10,2026-08-17 03:25:16,2026-08-17 03:45:48,35.05,35.49,10.0
6241,1123,1,MNQU6,,Short,6,2026-08-18 09:56:10,2026-08-18 11:10:58,20601.0,20547.0,6.0
6242,1130,1,MNQU6,6241,Short,6,2026-08-18 09:56:13,2026-08-18 11:10:25,20600.75,20547.0,6.0
6243,1130,2,M2KU6,,Long,10,2026-08-18 12:30:21,2026-08-18 12:46:07,1644.3,1649.7,10.0
6244,1123,3,MCLV6,,Short,10,2026-08-18 10:30:40,2026-08-18 11:10:56,35.15,35.41,10.0
6245,1130,3,MCLV6,6244,Short,10,2026-08-18 10:30:43,2026-08-18 11:11:05,35.14,35.42,10.0
6246,1123,4,MGCV6,,Long,5,2026-08-18 03:19:44,2026-08-18 04:22:37,3614.7,3608.9,5.0
6247,1130,4,MGCV6,6246,Long,5,2026-08-18 03:19:47,2026-08-18 04:22:44,3614.7,3608.9,5.0
6248,1123,1,MYMU6,,Long,10,2026-08-19 09:51:13,2026-08-19 10:51:12,39356.0,39288.0,10.0
6249,1130,1,MYMU6,6248,Long,10,2026-08-19 09:51:15,2026-08-19 10:51:03,39356.0,39288.0,10.0
6250,1131,1,MYMU6,6248,Long,10,2026-08-19 09:51:15,2026-08-19 10:50:52,39356.0,39288.0,10.0
6251,1123,2,M2KU6,,Short,10,2026-08-19 12:12:11,2026-08-19 12:34:30,1658.3,1652.3,10.0
6252,1130,2,M2KU6,6251,Short,10,2026-08-19 12:12:13,2026-08-19 12:34:26,1658.3,1652.3,10.0
6253,1131,2,M2KU6,6251,Short,10,2026-08-19 12:12:14,2026-08-19 12:34:42,1658.3,1652.3,10.0
6254,1123,3,MGCV6,,Short,5,2026-08-19 10:33:45,2026-08-19 11:18:32,3623.8,3630.5,5.0
6255,1130,3,MGCV6,6254,Short,5,2026-08-19 10:33:46,2026-08-19 11:18:21,3623.7,3630.5,5.0
6256,1131,3,MGCV6,6254,Short,5,2026-08-19 10:33:47,2026-08-19 11:18:13,3623.7,3630.5,5.0
6257,1123,4,MCLV6,,Long,10,2026-08-19 03:25:54,2026-08-19 04:57:25,34.66,34.32,10.0
6258,1130,4,MCLV6,6257,Long,10,2026-08-19 03:25:56,2026-08-19 04:57:43,34.66,34.32,10.0
6259,1131,4,MCLV6,6257,Long,10,2026-08-19 03:25:55,2026-08-19 04:57:02,34.66,34.32,10.0
6260,1123,4,MCLV6,,Long,10,2026-08-20 03:18:20,2026-08-20 04:34:09,35.06,35.53,10.0
6261,1130,4,MCLV6,6260,Long,10,2026-08-20 03:18:21,2026-08-20 04:34:05,35.07,35.53,10.0
6262,1132,4,MCLV6,6260,Long,10,2026-08-20 03:18:21,2026-08-20 04:33:57,35.07,35.52,10.0
6263,1123,1,MESU6,,Short,10,2026-08-21 09:46:33,2026-08-21 10:37:41,7673.75,7663.75,10.0
6264,1130,1,MESU6,6263,Short,10,2026-08-21 09:46:35,2026-08-21 10:38:25,7673.75,7663.75,10.0
6265,1131,1,MESU6,6263,Short,10,2026-08-21 09:46:36,2026-08-21 10:38:23,7673.5,7664.0,10.0
6266,1132,1,MESU6,6263,Short,10,2026-08-21 09:46:35,2026-08-21 10:37:43,7673.75,7663.75,10.0
6267,1133,1,MESU6,6263,Short,10,2026-08-21 09:46:35,2026-08-21 10:38:06,7673.5,7664.0,10.0
6268,1123,4,MGCV6,,Long,5,2026-08-21 03:33:58,2026-08-21 05:06:36,3553.9,3559.8,5.0
6269,1130,4,MGCV6,6268,Long,5,2026-08-21 03:34:01,2026-08-21 05:06:19,3553.9,3559.8,5.0
6270,1131,4,MGCV6,6268,Long,5,2026-08-21 03:34:00,2026-08-21 05:06:38,3554.0,3559.78,5.0
6271,1132,4,MGCV6,6268,Long,5,2026-08-21 03:33:59,2026-08-21 05:06:30,3553.9,3559.8,5.0
6272,1133,4,MGCV6,6268,Long,5,2026-08-21 03:33:58,2026-08-21 05:06:49,3553.9,3559.8,5.0
6273,1123,1,MESU6,,Long,10,2026-08-24 09:59:01,2026-08-24 11:30:59,7701.0,7694.5,10.0
6274,1130,1,MESU6,6273,Long,10,2026-08-24 09:59:03,2026-08-24 11:30:25,7701.0,7694.5,10.0
6275,1131,1,MESU6,6273,Long,10,2026-08-24 09:59:02,2026-08-24 11:30:20,7701.25,7694.25,10.0
6276,1132,1,MESU6,6273,Long,10,2026-08-24 09:59:01,2026-08-24 11:30:32,7701.25,7694.5,10.0
6277,1133,1,MESU6,6273,Long,10,2026-08-24 09:59:01,2026-08-24 11:30:45,7701.0,7694.5,10.0
6278,1134,1,MESU6,6273,Long,10,2026-08-24 09:59:03,2026-08-24 11:30:39,7701.0,7694.5,10.0
6279,1123,3,MNQU6,,Long,6,2026-08-25 10:39:16,2026-08-25 11:42:24,20163.0,20141.25,6.0
6280,1130,3,MNQU6,6279,Long,6,2026-08-25 10:39:16,2026-08-25 11:43:12,20163.0,20141.25,6.0
6281,1131,3,MNQU6,6279,Long,6,2026-08-25 10:39:17,2026-08-25 11:43:04,20163.25,20141.25,6.0
6282,1132,3,MNQU6,6279,Long,6,2026-08-25 10:39:19,2026-08-25 11:43:10,20163.0,20141.25,6.0
6283,1133,3,MNQU6,6279,Long,6,2026-08-25 10:39:16,2026-08-25 11:43:11,20163.0,20141.25,6.0
6284,1123,4,MCLV6,,Long,10,2026-08-25 03:30:39,2026-08-25 04:48:34,34.91,34.64,10.0
6285,1130,4,MCLV6,6284,Long,10,2026-08-25 03:30:41,2026-08-25 04:48:40,34.91,34.64,10.0
6286,1131,4,MCLV6,6284,Long,10,2026-08-25 03:30:39,2026-08-25 04:48:01,34.92,34.64,10.0
6287,1132,4,MCLV6,6284,Long,10,2026-08-25 03:30:39,2026-08-25 04:48:05,34.92,34.64,10.0
6288,1133,4,MCLV6,6284,Long,10,2026-08-25 03:30:42,2026-08-25 04:48:34,34.91,34.64,10.0
6289,1134,4,MCLV6,6284,Long,10,2026-08-25 03:30:42,2026-08-25 04:47:52,34.92,34.64,10.0
6290,1123,4,MGCV6,,Short,5,2026-08-26 03:21:48,2026-08-26 04:04:43,3574.1,3578.5,5.0
6291,1130,4,MGCV6,6290,Short,5,2026-08-26 03:21:50,2026-08-26 04:04:33,3574.1,3578.5,5.0
6292,1131,4,MGCV6,6290,Short,5,2026-08-26 03:21:49,2026-08-26 04:04:31,3574.0,3578.5,5.0
6293,1132,4,MGCV6,6290,Short,5,2026-08-26 03:21:48,2026-08-26 04:04:41,3574.1,3578.5,5.0
6294,1133,4,MGCV6,6290,Short,5,2026-08-26 03:21:50,2026-08-26 04:04:14,3574.1,3578.5,5.0
6295,1134,4,MGCV6,6290,Short,5,2026-08-26 03:21:50,2026-08-26 04:04:31,3574.0,3578.6,5.0
6296,1123,1,MNQU6,,Short,6,2026-08-27 10:04:18,2026-08-27 10:46:35,20457.25,20426.5,6.0
6297,1130,1,MNQU6,6296,Short,6,2026-08-27 10:04:19,2026-08-27 10:46:35,20457.0,20426.5,6.0
6298,1131,1,MNQU6,6296,Short,6,2026-08-27 10:04:19,2026-08-27 10:46:37,20457.25,20426.5,6.0
6299,1132,1,MNQU6,6296,Short,6,2026-08-27 10:04:20,2026-08-27 10:46:24,20457.0,20426.5,6.0
6300,1133,1,MNQU6,6296,Short,6,2026-08-27 10:04:20,2026-08-27 10:46:43,20457.25,20426.5,6.0
6301,1134,1,MNQU6,6296,Short,6,2026-08-27 10:04:18,2026-08-27 10:47:11,20457.25,20426.5,6.0
6302,1123,3,MNQU6,,Long,6,2026-08-27 10:40:14,2026-08-27 11:51:02,20548.75,20522.0,6.0
6303,1130,3,MNQU6,6302,Long,6,2026-08-27 10:40:15,2026-08-27 11:51:03,20548.75,20522.0,6.0
6304,1131,3,MNQU6,6302,Long,6,2026-08-27 10:40:15,2026-08-27 11:51:02,20549.0,20521.75,6.0
6305,1132,3,MNQU6,6302,Long,6,2026-08-27 10:40:16,2026-08-27 11:50:59,20548.75,20522.0,6.0
6306,1133,3,MNQU6,6302,Long,6,2026-08-27 10:40:17,2026-08-27 11:50:56,20549.0,20522.0,6.0
6307,1134,3,MNQU6,6302,Long,6,2026-08-27 10:40:17,2026-08-27 11:50:54,20549.0,20521.75,6.0
6308,1130,4,MCLV6,,Long,10,2026-08-27 03:19:24,2026-08-27 03:52:34,34.32,34.66,10.0
6309,1131,4,MCLV6,6308,Long,10,2026-08-27 03:19:25,2026-08-27 03:53:14,34.32,34.66,10.0
6310,1132,4,MCLV6,6308,Long,10,2026-08-27 03:19:26,2026-08-27 03:52:40,34.32,34.66,10.0
6311,1133,4,MCLV6,6308,Long,10,2026-08-27 03:19:27,2026-08-27 03:52:59,34.32,34.66,10.0
6312,1123,2,MESU6,,Short,10,2026-08-31 12:10:47,2026-08-31 12:29:42,7784.75,7791.25,10.0
6313,1130,2,MESU6,6312,Short,10,2026-08-31 12:10:50,2026-08-31 12:29:47,7784.5,7791.25,10.0
6314,1131,2,MESU6,6312,Short,10,2026-08-31 12:10:47,2026-08-31 12:29:45,7784.75,7791.25,10.0
6315,1132,2,MESU6,6312,Short,10,2026-08-31 12:10:50,2026-08-31 12:28:50,7784.5,7791.5,10.0
6316,1133,2,MESU6,6312,Short,10,2026-08-31 12:10:48,2026-08-31 12:29:06,7784.75,7791.25,10.0
6317,1134,2,MESU6,6312,Short,10,2026-08-31 12:10:48,2026-08-31 12:29:12,7784.75,7791.25,10.0
6318,1123,3,MCLV6,,Short,10,2026-08-31 10:22:52,2026-08-31 10:31:19,32.91,32.31,10.0
6319,1131,3,MCLV6,6318,Short,10,2026-08-31 10:22:54,2026-08-31 10:31:41,32.9,32.32,10.0
6320,1132,3,MCLV6,6318,Short,10,2026-08-31 10:22:55,2026-08-31 10:31:11,32.91,32.31,10.0
6321,1133,3,MCLV6,6318,Short,10,2026-08-31 10:22:54,2026-08-31 10:31:33,32.9,32.32,10.0
6322,1134,3,MCLV6,6318,Short,10,2026-08-31 10:22:55,2026-08-31 10:31:54,32.9,32.31,10.0
